company,2015,2016,2017,2018,2019,2020,2021,2022
budweiser,TRUE,FALSE,TRUE,TRUE,TRUE,FALSE,FALSE,TRUE
bud light,TRUE,TRUE,TRUE,TRUE,TRUE,FALSE,TRUE,TRUE
mars,TRUE,TRUE,TRUE,TRUE,TRUE,FALSE,TRUE,FALSE
jeep,TRUE,TRUE,FALSE,TRUE,FALSE,TRUE,TRUE,FALSE
toyota,TRUE,TRUE,FALSE,TRUE,TRUE,TRUE,TRUE,TRUE
doritos,TRUE,TRUE,FALSE,TRUE,TRUE,TRUE,FALSE,TRUE
avocado from mexico,TRUE,TRUE,TRUE,TRUE,TRUE,TRUE,FALSE,TRUE
pringles,FALSE,FALSE,FALSE,TRUE,TRUE,FALSE,FALSE,FALSE
pepsi,TRUE,TRUE,FALSE,TRUE,TRUE,TRUE,FALSE,TRUE
coca-cola,TRUE,TRUE,TRUE,TRUE,TRUE,TRUE,FALSE,FALSE
t-mobile,TRUE,TRUE,TRUE,TRUE,TRUE,FALSE,TRUE,TRUE
sprint,TRUE,FALSE,TRUE,TRUE,FALSE,FALSE,FALSE,FALSE
tide,FALSE,FALSE,TRUE,TRUE,FALSE,TRUE,TRUE,FALSE
weather tech,TRUE,TRUE,FALSE,TRUE,FALSE,FALSE,TRUE,TRUE
turbotax,TRUE,FALSE,TRUE,TRUE,FALSE,FALSE,FALSE,TRUE
wix.com,TRUE,FALSE,TRUE,TRUE,FALSE,FALSE,FALSE,FALSE
squarespace,TRUE,FALSE,TRUE,TRUE,FALSE,FALSE,TRUE,TRUE
amazon alexa,FALSE,FALSE,FALSE,TRUE,TRUE,FALSE,FALSE,FALSE
uber eats,FALSE,FALSE,FALSE,FALSE,FALSE,FALSE,TRUE,TRUE
mountain dew,FALSE,TRUE,FALSE,TRUE,FALSE,TRUE,TRUE,FALSE