url,Datetime,Tweet Id,Text,Retweet Count,Reply Count,Like Count,Username,Display Name,Followers Count,Friends Count,Day,Month,Year
https://twitter.com/RyanClarky98/status/562395062790029314,2015-02-02 23:40:06+00:00,562395062790029314,@DunlopBTCC Adam Morgan in the Wix Racing Mercedes Benz A class. Best looking car on the grid so far by a long way #BTCCSeasonLaunch,2,1,2,RyanClarky98,Ryan Clark,153,633,2,2,2015
https://twitter.com/freshgraffiti99/status/562389584722812928,2015-02-02 23:18:20+00:00,562389584722812928,@WixLounge @NYCodeDesign @Wix I just  finished mine again. Great site builder and the only way to do it right!,1,0,2,freshgraffiti99,FRESHGRAFFITI,370,789,2,2,2015
https://twitter.com/WixPartners/status/562389245810470913,2015-02-02 23:16:59+00:00,562389245810470913,Getting it started @NYCodeDesign teaching everyone how to build their @Wix site and promote their business! http://t.co/znneR1tSpQ,2,1,2,WixPartners,WixPartners,141605,2265,2,2,2015
https://twitter.com/Adweek/status/562385606027018240,2015-02-02 23:02:31+00:00,562385606027018240,.@Wix's Super Bowl spot captured a ton of late-game buzz: http://t.co/JqVEW0SSM5 http://t.co/KjOj6RMCtd,9,1,9,Adweek,Adweek,690384,26538,2,2,2015
https://twitter.com/WriterLad/status/562381150833082368,2015-02-02 22:44:49+00:00,562381150833082368,@wiwibloggs I'm an English songwriter wishing to write for others Eg WALK DON'T RUN;https://t.co/Voj9ZTrAEt Wix website. Would you mind RT?,1,1,0,WriterLad,Andrew Hawcroft,576,274,2,2,2015
https://twitter.com/JordonCade/status/562361520571809792,2015-02-02 21:26:49+00:00,562361520571809792,My very own website! Created by me - made with @Wix http://t.co/kYaKmlBb5h #MyProWebsite #ItsThatEasy,1,0,0,JordonCade,jordon cade,361,1062,2,2,2015
https://twitter.com/MerkleDigital/status/562355354894622721,2015-02-02 21:02:19+00:00,562355354894622721,See how newcomer @Wix schooled some of the big brands in this year's #DigitalBowl. Download our report for rankings: http://t.co/c7Nj1XnLPq,1,0,0,MerkleDigital,Merkle Digital,3343,1274,2,2,2015
https://twitter.com/timkellyonair/status/562353935239749632,2015-02-02 20:56:40+00:00,562353935239749632,Now Playing. Russell Wix. The Invisible Man. @russellwix1 @JudyRuston1 @musicroad69,3,0,3,timkellyonair,Tim Kelly On Air,13082,13890,2,2,2015
https://twitter.com/PlatypusMediaUS/status/562350506660491264,2015-02-02 20:43:03+00:00,562350506660491264,Wix says #ItsThatEasy to build a quality website for your business. @PlatypusAgency says you need experts. #SB49 https://t.co/U2R9Z4Ji00,4,0,0,PlatypusMediaUS,Platypus,2240,876,2,2,2015
https://twitter.com/mp_joemandese/status/562345474682671105,2015-02-02 20:23:03+00:00,562345474682671105,"Second-By-Second Data Shows Wix, Victoria Secret Most Viewed Super Bowl Ads: In a rare second-by-second... http://t.co/Zq0jRWFOme",1,0,0,mp_joemandese,Joe Mandese,790,1,2,2,2015
https://twitter.com/MediaPost/status/562345472803622912,2015-02-02 20:23:03+00:00,562345472803622912,"Second-By-Second Data Shows Wix, Victoria Secret Most Viewed Super Bowl Ads http://t.co/5MoCTOYEiw @mp_joemandese",2,0,1,MediaPost,MediaPost,115941,911,2,2,2015
https://twitter.com/racerval/status/562324021602037761,2015-02-02 18:57:48+00:00,562324021602037761,@CruzPedregon Awesome Bud adding Wix to your car!,1,0,0,racerval,Val Shirley,131,431,2,2,2015
https://twitter.com/AdamLMasser/status/562311414300565504,2015-02-02 18:07:43+00:00,562311414300565504,"Due to weather, Legal Essentials for #Startups has been postponed until Weds 2/4--see you then!  https://t.co/OBqC0sny9L @wix @LawTrades",2,0,0,AdamLMasser,Adam L. Masser,911,612,2,2,2015
https://twitter.com/StrongboxWest/status/562303638240886784,2015-02-02 17:36:49+00:00,562303638240886784,RT @WixLounge: Hey #Atlanta! Join us for @Wix Small Business Stories w/ @strongboxwest @mailchimp RSVP &gt; http://t.co/mYWd2IdNNJ,1,0,2,StrongboxWest,StrongboxWest,4923,4308,2,2,2015
https://twitter.com/raceguitar/status/562287856425902081,2015-02-02 16:34:06+00:00,562287856425902081,Massive Kudos to @CruzPedregon and @WIXFilters for the team up. Great bunch of guys flying your colors WIX. Bring on Pomona,1,0,2,raceguitar,Mike Mayer,1735,1250,2,2,2015
https://twitter.com/dinabass/status/562275065614462976,2015-02-02 15:43:16+00:00,562275065614462976,The Biggest Super Bowl Bet of Them All http://t.co/yEwRJfEOo9  @kbenme &amp; @gablova take a look at Wix's Super Bowl ad,1,0,0,dinabass,Dina Bass,24007,11046,2,2,2015
https://twitter.com/grrrowlguy/status/562273757486923776,2015-02-02 15:38:04+00:00,562273757486923776,Glad to see @WIXFilters sponsoring @CruzPedregon racing! Thank you Wix for sponsoring @NHRA! #buywix #supportsponsors,3,0,1,grrrowlguy,Randy Adams,824,3433,2,2,2015
https://twitter.com/WEDECA/status/562271574523670528,2015-02-02 15:29:24+00:00,562271574523670528,Build yourself a website! @Wix is that easy and hosts our school store ecommerce site. #SBDECA #WEast #KS,1,2,3,WEDECA,Wichita East DECA,576,396,2,2,2015
https://twitter.com/CoryLebson/status/562265655307935744,2015-02-02 15:05:53+00:00,562265655307935744,Excited to be on 2/26 SF #UX Career panel w/@chelseyglasson @steveportigal @kevinsanglee @MandaLaceyS   http://t.co/nBe9WPbngj @aquent @wix,1,0,4,CoryLebson,Cory Lebson,16573,4571,2,2,2015
https://twitter.com/Andrea_RoseJ/status/562258574970085376,2015-02-02 14:37:45+00:00,562258574970085376,@coolandy2000 That would be a pretty cool feature to have! :) @Wix,1,2,0,Andrea_RoseJ,Andrea Rose Johnson,11673,40,2,2,2015
https://twitter.com/jocknjude/status/562254236168495104,2015-02-02 14:20:30+00:00,562254236168495104,My very own website! Created by me - made with @Wix http://t.co/YEyFL0io0w STAT ATTACK NAP N/BEST PLUS 6 FOR FUN,1,0,1,jocknjude,jock,5936,67,2,2,2015
https://twitter.com/vincenzolandino/status/562247200705904641,2015-02-02 13:52:33+00:00,562247200705904641,.@AgePotential my rank: 1. @Budweiser  2. @chevrolet 3. @esurance  4. @doritos   5. @bmw  6. @FIATUSA  7. @Wix 8. @VictoriasSecret,1,2,3,vincenzolandino,Vincenzo Landino,40658,1876,2,2,2015
https://twitter.com/BilalAbuzeid/status/562230234322173952,2015-02-02 12:45:08+00:00,562230234322173952,"Website translated, functional, hosted  @dakwak servers  SEO friendly w/out writing a single line of code. #Wix #weebly #Squarespace #jimdo.",1,0,1,BilalAbuzeid,بلال أبوزيد,1466,1911,2,2,2015
https://twitter.com/BilalAbuzeid/status/562230233147772929,2015-02-02 12:45:07+00:00,562230233147772929,"Reasons to have a multi-#language website now,  http://t.co/qryhZpzGLZ   @dakwak #Wix #weebly #Squarespace #jimdo",1,0,0,BilalAbuzeid,بلال أبوزيد,1466,1911,2,2,2015
https://twitter.com/Tooltester/status/562182300730142722,2015-02-02 09:34:39+00:00,562182300730142722,Even we were able to feel the effect of the #SuperBowl - well done Wix and Squarespace! http://t.co/lInXZPZKA9,1,0,1,Tooltester,Tooltester,1198,440,2,2,2015
https://twitter.com/Tonictomygin/status/562171705788231680,2015-02-02 08:52:33+00:00,562171705788231680,Wix Websites Versus WordPress Website http://t.co/UWtJAhei8Z  #business #comparisons #diywebsites #seo #websitedevelopment #wordpress,2,0,1,Tonictomygin,Babs 🏴󠁧󠁢󠁳󠁣󠁴󠁿🇪🇺🍸📚,1003,127,2,2,2015
https://twitter.com/BilalAbuzeid/status/562157219022516225,2015-02-02 07:55:00+00:00,562157219022516225,Allow people who search in their #native #language to find your #translated #website #Wix #weebly #Squarespace #jimdo @dakwak,1,0,0,BilalAbuzeid,بلال أبوزيد,1466,1911,2,2,2015
https://twitter.com/BilalAbuzeid/status/562154749210796032,2015-02-02 07:45:11+00:00,562154749210796032,How much does it cost to translate a website? Try @dakwak and save a bundle Read: http://t.co/WCFEwg4XN3   #Wix #weebly #Squarespace #jimdo,1,0,0,BilalAbuzeid,بلال أبوزيد,1466,1911,2,2,2015
https://twitter.com/BilalAbuzeid/status/562154749089169410,2015-02-02 07:45:11+00:00,562154749089169410,Allow people who search in their #native #language to find your #translated #website. @dakwak  #Wix #weebly #Squarespace #jimdo.,1,0,0,BilalAbuzeid,بلال أبوزيد,1466,1911,2,2,2015
https://twitter.com/Supamike/status/562146606552592385,2015-02-02 07:12:49+00:00,562146606552592385,"Here are all the commercials that ran during the Super Bowl, in order #Wix #SuperBowl @v_kalifa http://t.co/PYzKjtFoVe",1,0,1,Supamike,M Ruben,870,1314,2,2,2015
https://twitter.com/i4unews/status/562138352800235520,2015-02-02 06:40:01+00:00,562138352800235520,Wix Super Bowl 2015 Commercial Released - I4U News http://t.co/KkA8UqYCQA http://t.co/Eq6IT2Z94g,1,0,0,i4unews,I4U News,12039,4640,2,2,2015
https://twitter.com/mophie/status/562136918045908992,2015-02-02 06:34:19+00:00,562136918045908992,"Oh we have one for our friends at @Wix too, @katiepoche. @EAT24 @LoctiteGlue http://t.co/tYoWbqeKXC",1,0,10,mophie,mophie,81342,1588,2,2,2015
https://twitter.com/Thepipwtf/status/562133990421712897,2015-02-02 06:22:41+00:00,562133990421712897,Use the @Wix and build yourself an awesome website for free check my #Alien #Abduction page out Apps page coming soon http://t.co/mhipy8FfF4,1,0,2,Thepipwtf,The Paranormal Brews,2947,4180,2,2,2015
https://twitter.com/Wix/status/562131086369509377,2015-02-02 06:11:09+00:00,562131086369509377,@MTParty @BretFarve7 Brett's always welcome on Team Wix! But if you're looking 4 someone who shares your sentiment.. https://t.co/v2HZMICCRn,1,0,0,Wix,Wix,418607,3731,2,2,2015
https://twitter.com/AlaPRSAsummit/status/562125970501816321,2015-02-02 05:50:49+00:00,562125970501816321,Congrats! RT @AmeeLDominguez: My very own website! Created by me - made with @Wix http://t.co/n9PqZMFe4u #MyProWebsite #ItsThatEasy,1,0,1,AlaPRSAsummit,Ala. PRSA Summit,474,646,2,2,2015
https://twitter.com/Shari_pw/status/562123600954535936,2015-02-02 05:41:24+00:00,562123600954535936,"Good one! - - &gt; ""@Wix: Our #SB49 ad just aired in front of millions!  https://t.co/TCGhu0jRLM"" #StartupNation #congrats",1,0,0,Shari_pw,Shari Wright Pilo,1478,1057,2,2,2015
https://twitter.com/RexLee_/status/562113210480738304,2015-02-02 05:00:07+00:00,562113210480738304,i'm overwhelmed by the wonderful and loving response to the @Wix #SB49 ad! thank you thank you thank you! #ItsThatEasy,4,5,21,RexLee_,Rex Lee,17784,415,2,2,2015
https://twitter.com/Wix/status/562109141338959872,2015-02-02 04:43:57+00:00,562109141338959872,"@EAT24 Just give us a few hours to sleep, and then we'll get you a site worthy of Snoop &amp; Gilbert #ItsThatEasy",2,2,3,Wix,Wix,418607,3731,2,2,2015
https://twitter.com/WixPartners/status/562105430500184064,2015-02-02 04:29:12+00:00,562105430500184064,Vote here!! Help us get our @Wix ad voted as this year's YouTube AdBlitz favorite! &gt;&gt;&gt; http://t.co/EXH9FJhsRJ,3,1,3,WixPartners,WixPartners,141605,2265,2,2,2015
https://twitter.com/AndiSites/status/562103064837242880,2015-02-02 04:19:48+00:00,562103064837242880,"DIY website builder (Wix, Squarespace, etc.) vs. hiring a #WordPress pro. Which is best for you? http://t.co/ndj1JIYTEc",1,1,3,AndiSites,AndiSites Inc.,172,323,2,2,2015
https://twitter.com/correctdesign/status/562099955062804481,2015-02-02 04:07:27+00:00,562099955062804481,RT correctdesign: So wrong #Wix! Most business owners can't design like that. #ItsNotThatEasy but #ItsThatEasy to have a bad website design…,1,0,0,correctdesign,correctdesign,2010,598,2,2,2015
https://twitter.com/YourVacayMyHome/status/562099160644464640,2015-02-02 04:04:17+00:00,562099160644464640,@Wix @nbc I use http://t.co/U5AXqXzcNU for my website and it is that easy,2,1,0,YourVacayMyHome,YourVacationMyHome,202,463,2,2,2015
https://twitter.com/murksmusings/status/562098098701627392,2015-02-02 04:00:04+00:00,562098098701627392,My very own website! Created by me - made with @Wix http://t.co/cwmucnb6YM,1,0,1,murksmusings,jacqui murk,710,1191,2,2,2015
https://twitter.com/HotchkissWeb/status/562095029695442945,2015-02-02 03:47:52+00:00,562095029695442945,". @jasontucker - @Wix and @Squarespace combine for 0.3% of the Internet, @WordPress has 23.3%... #winning",2,2,4,HotchkissWeb,Sam Hotchkiss,1180,747,2,2,2015
https://twitter.com/theryanmichael/status/562092913329721344,2015-02-02 03:39:28+00:00,562092913329721344,@terrellowens Congrats on having your Wix commercial featured during the #SuperBowl!,1,0,0,theryanmichael,Ryan Michael,4457,402,2,2,2015
https://twitter.com/jasontucker/status/562092435157684225,2015-02-02 03:37:34+00:00,562092435157684225,For the record I posted that there better not be a @wix ad early in the game. I must be a mind reader https://t.co/nqZNVOaOQW #wordpress,3,1,1,jasontucker,Jason Tucker (creating 🪵🪑& 🎙📱content),4754,1024,2,2,2015
https://twitter.com/Wix/status/562092381948743680,2015-02-02 03:37:21+00:00,562092381948743680,That's a wrap! Congrats to all the people who won easy $ with our #SB49 10 Bucks Game. We had a blast! #ItsThatEasy http://t.co/VLo3rp3BbZ,2,1,12,Wix,Wix,418607,3731,2,2,2015
https://twitter.com/correctdesign/status/562091203949522946,2015-02-02 03:32:40+00:00,562091203949522946,So wrong #Wix! Most business owners can't design like that. #ItsNotThatEasy but #ItsThatEasy to have a bad website design. #ux,5,0,13,correctdesign,correctdesign,2010,598,2,2,2015
https://twitter.com/McDonalds/status/562091139143303169,2015-02-02 03:32:25+00:00,562091139143303169,"@Wix Awesome. I think we've got our ""sites"" set on the same thing. ;)",5,2,15,McDonalds,McDonald's,4577100,13666,2,2,2015
https://twitter.com/michaeltswank/status/562088124214284288,2015-02-02 03:20:26+00:00,562088124214284288,@Wix how about some love for former negro league player @TedTolesJr whose website is an @wix website #ItsThatEasy,1,0,0,michaeltswank,Michael Swank,374,985,2,2,2015
https://twitter.com/danielbcoder/status/562087518003539969,2015-02-02 03:18:02+00:00,562087518003539969,"RT @bigshotmkt: ""RT @adage: Ever heard of @wix? This is web developer’s first #SuperBowl commercial. #SuperBowlads""",1,0,2,danielbcoder,Daniel Birch,2147,2840,2,2,2015
https://twitter.com/sableman/status/562087493240356864,2015-02-02 03:17:56+00:00,562087493240356864,@KelloggSchool love what Squarespace did but ultimately I’ll bet Wix got through to more people. It all depends on how they leverage it.,2,0,0,sableman,Scott Ableman,343,346,2,2,2015
https://twitter.com/Wix/status/562087295629524992,2015-02-02 03:17:09+00:00,562087295629524992,@KatLargent @KyleTreasure Glad you liked it! #ItsThatEasy,1,0,1,Wix,Wix,418607,3731,2,2,2015
https://twitter.com/Wix/status/562087257352716290,2015-02-02 03:16:59+00:00,562087257352716290,"@annehebert @WellVersedMom Lucky for us, we had strong women make our ad rock on screen &amp; off screen, check it out: http://t.co/jovYeJI7sp",2,1,1,Wix,Wix,418607,3731,2,2,2015
https://twitter.com/Wix/status/562086871023763456,2015-02-02 03:15:27+00:00,562086871023763456,Congrats @Patriots on an amazing game. Just between us - You almost made that look easy! #ItsThatEasy http://t.co/EuN1bNcjzP,6,0,12,Wix,Wix,418607,3731,2,2,2015
https://twitter.com/NameDotKitchen/status/562086513098649602,2015-02-02 03:14:02+00:00,562086513098649602,DIY #smallbiz gets #SuperBowl props thanks to @Wix @SquareSpace @GoDaddy,1,0,1,NameDotKitchen,Name.Kitchen,3181,459,2,2,2015
https://twitter.com/CarriBugbee/status/562085739416928256,2015-02-02 03:10:57+00:00,562085739416928256,Confirmation of Web 2.0 bubble? RT @johnbattelle Huh wix and squarespace...getting a website is a thing again? #SuperBowlAds,1,1,0,CarriBugbee,Carri Bugbee,13898,10205,2,2,2015
https://twitter.com/kmf116/status/562085534466863104,2015-02-02 03:10:09+00:00,562085534466863104,I miss Brett. Awesome. @FavreandCarve @Wix #superbowlcommercials #SuperBowl #SuperBowlXLIX https://t.co/vnxAuYJ6La,1,0,2,kmf116,Karen Mellott-Foshier,6612,5899,2,2,2015
https://twitter.com/MillChannel/status/562085429714104321,2015-02-02 03:09:44+00:00,562085429714104321,#MillLA head of color Adam Scott worked w/ DP Adam Kimmel to grade 5 different settings in Wix #ItsThatEasy #SB49 ad http://t.co/MTgB7h8chq,2,0,1,MillChannel,The Mill,54253,3664,2,2,2015
https://twitter.com/ninjasforhealth/status/562085400861081600,2015-02-02 03:09:37+00:00,562085400861081600,"#SuperbowlAd Winners: Weight watchers, avocados, Nationwide ads, #likeagirl, abuse pizza order, Amy Purdy, Locktite, Wix, Squarespace.",1,1,3,ninjasforhealth,Ninjas for Health,10714,8633,2,2,2015
https://twitter.com/Wix/status/562084765470183424,2015-02-02 03:07:05+00:00,562084765470183424,@SternerJeanette Never say never! #ItsThatEasy,1,0,1,Wix,Wix,418607,3731,2,2,2015
https://twitter.com/GabeBock/status/562084611983826946,2015-02-02 03:06:29+00:00,562084611983826946,That's a good one! RT “@FavreandCarve: @Guayopp @Wix @packers @GabeBock Glad you get us! #ItsThatEasy”,1,1,2,GabeBock,Gabe Bock,19789,2924,2,2,2015
https://twitter.com/LANDOR_FITCH/status/562084249244041218,2015-02-02 03:05:02+00:00,562084249244041218,Wix ad appeals to football loving audience AND clearly tells us what they do! Nice job. #brandbowl #adbowl,1,0,2,LANDOR_FITCH,Landor & Fitch,41199,5965,2,2,2015
https://twitter.com/Wix/status/562084167354028033,2015-02-02 03:04:43+00:00,562084167354028033,"@TexasAdGrad You know it! If these guys can do it, anyone can - have you built you own Wix website yet?",1,0,2,Wix,Wix,418607,3731,2,2,2015
https://twitter.com/Kaity516/status/562083564997459968,2015-02-02 03:02:19+00:00,562083564997459968,Thank you Wix! #ItsThatEasy @Wix @WixLounge #ThankYouGod http://t.co/qQVbEC5QhG,2,0,2,Kaity516,Kaity Marchesi,40,124,2,2,2015
https://twitter.com/Wix/status/562083496374845440,2015-02-02 03:02:03+00:00,562083496374845440,.@McDonalds 1 premium? We'll give you 100! Just spreading the &lt;3 #ItsThatEasy #SB49,7,3,9,Wix,Wix,418607,3731,2,2,2015
https://twitter.com/rachael_mel/status/562083001484730369,2015-02-02 03:00:05+00:00,562083001484730369,"Wix played to the audience, Squarespace was too out there. Go Daddy is irrelevant #AdBowl #SuperBowlads",1,0,2,rachael_mel,Rachael Meleney,299,193,2,2,2015
https://twitter.com/advertisingweek/status/562082874275672065,2015-02-02 02:59:34+00:00,562082874275672065,Which website builder #SuperBowlAd did you like best? @GoDaddy? @Squarespace? @Wix? #awchat #SB49 http://t.co/b24ssStBJu,1,4,1,advertisingweek,Advertising Week,123894,12858,2,2,2015
https://twitter.com/stoneymark/status/562082622499991552,2015-02-02 02:58:34+00:00,562082622499991552,Who won the battle of the templated websites? Squarespace or Wix? #brandbowl,3,1,1,stoneymark,Mark Stone,1543,1907,2,2,2015
https://twitter.com/Sponsor_Drivers/status/562082552488288257,2015-02-02 02:58:18+00:00,562082552488288257,@Wix We built our website through for site. We'd love for you to Sponsor one our drivers. Market to Millions of Race Fans - Contact us,3,0,2,Sponsor_Drivers,Sponsor Drivers MM,5966,5358,2,2,2015
https://twitter.com/LANDOR_FITCH/status/562082438038298625,2015-02-02 02:57:50+00:00,562082438038298625,Wix does a nice job. Appeals to football-loving audience AND explains what it does. #agilebrands #brandbowl #adbowl,1,1,4,LANDOR_FITCH,Landor & Fitch,41199,5965,2,2,2015
https://twitter.com/KelloggSchool/status/562082407474802688,2015-02-02 02:57:43+00:00,562082407474802688,"In the battle to win website business, did @wix @Squarespace or @GoDaddy deliver the best ad on their brand &amp; benefits? #KelloggSB",1,4,0,KelloggSchool,Kellogg School,224352,2158,2,2,2015
https://twitter.com/LukeNeslerCEO/status/562082316298616832,2015-02-02 02:57:21+00:00,562082316298616832,"You can't build an ""an all pro website"" with WIX. #AdBowl #brandbowl",2,0,2,LukeNeslerCEO,Luke Nesler,2688,816,2,2,2015
https://twitter.com/Katadhin/status/562082216079933441,2015-02-02 02:56:57+00:00,562082216079933441,"Great spot Wix, Simple, clear and to the point. Nice in ad hashtag use too, Well done! #BrandBowl",1,1,1,Katadhin,John Andrews,30375,33364,2,2,2015
https://twitter.com/NikiBlaker/status/562082185566363649,2015-02-02 02:56:50+00:00,562082185566363649,So Squarespace &amp; Wix can afford Super Bowl commercials but designers are still trying to get paid their worth? Something seems wrong here.,7,0,13,NikiBlaker,Evniki Blaker,1820,1266,2,2,2015
https://twitter.com/Fluent_HQ/status/562082151060217856,2015-02-02 02:56:42+00:00,562082151060217856,"In the battle of website hosting ads, @Wix beats @Squarespace with a clear message and funny delivery #SuperBowIXLIX #brandbowl",1,0,0,Fluent_HQ,"Fluent, Inc.",1616,262,2,2,2015
https://twitter.com/CTrappe/status/562082038501494784,2015-02-02 02:56:15+00:00,562082038501494784,Good timing by @McDonalds with this promoted Tweet right after the commercial on TV #SB49SMChat @profpisarski @Wix http://t.co/57CgJq61OB,1,0,2,CTrappe,Christoph Trappe,66264,9167,2,2,2015
https://twitter.com/MTParty/status/562081721764806656,2015-02-02 02:55:00+00:00,562081721764806656,I think @Wix might have the best #superbowlcommercials yet. I'm just glad @BretFarve7 isn't planning ANOTHER comeback. #ItsThatEasy,1,1,7,MTParty,M. T.  Party,55,372,2,2,2015
https://twitter.com/kellyokeefe/status/562081720011595777,2015-02-02 02:54:59+00:00,562081720011595777,"Wix: Don't worry, you can save up another $4.5 million and try again next year.  #VCU_Brandcenter #whartonfoa",2,0,1,kellyokeefe,Kelly O'Keefe,4695,2616,2,2,2015
https://twitter.com/MsVivicaFox/status/562081617057812480,2015-02-02 02:54:35+00:00,562081617057812480,Ok 2nd place goes to my boy #RodneyPeete in the #Wix.commercial y'all did that ; ),3,3,24,MsVivicaFox,Vivica A. Fox,647334,826,2,2,2015
https://twitter.com/TonyPulicella/status/562081607205412865,2015-02-02 02:54:32+00:00,562081607205412865,#wix has themselves a winner. Immaculate Receptions and Favre &amp; Carve = copywriting excellence. Solid 7. #brandbowl,2,0,4,TonyPulicella,Tony Pulicella,2218,643,2,2,2015
https://twitter.com/LisaLGearhart/status/562081557259644929,2015-02-02 02:54:20+00:00,562081557259644929,"#Wix.com gives new meaning to the cliche ""just because you can doesn't mean you should"" #superbowlcommercials",2,0,1,LisaLGearhart,Lisa Gearhart,370,454,2,2,2015
https://twitter.com/itsahappymedium/status/562081532094197761,2015-02-02 02:54:14+00:00,562081532094197761,"You should know, Brett Favre, that Wix websites aren't responsive. All Happy Medium websites are. #JustSayin #HMADSCHAT",6,1,13,itsahappymedium,Happy Medium,3224,3679,2,2,2015
https://twitter.com/johnbattelle/status/562081529258450944,2015-02-02 02:54:14+00:00,562081529258450944,Huh wix and squarespace...getting a website is a thing again? #SuperBowlAds,12,3,16,johnbattelle,John Battelle,251253,3462,2,2,2015
https://twitter.com/CharlieCurve/status/562081524179550208,2015-02-02 02:54:12+00:00,562081524179550208,Love the Wix ad. Excellent use of celebrity pitchmen. #BrandBowl #AdBowl,1,1,1,CharlieCurve,Charlie Wollborg,14392,10169,2,2,2015
https://twitter.com/kelliefornialuv/status/562081519247052800,2015-02-02 02:54:11+00:00,562081519247052800,RT @McDonalds: Lovin’ the celebrity charcuterie tomfoolery @Wix. Win iconic laptop and a premium website for a year https://t.co/h62fk3OkxW,2,0,1,kelliefornialuv,Kellie,7022,7693,2,2,2015
https://twitter.com/ProbablyRachel/status/562081518617497600,2015-02-02 02:54:11+00:00,562081518617497600,Good job to Wix on saying what they do. For years no one knew what GoDaddy did and I had to explain SquareSpace to the room. #brandbowl,8,3,12,ProbablyRachel,"Rachel Kerstetter, APR",1472,1820,2,2,2015
https://twitter.com/kammiekasten/status/562081479828983808,2015-02-02 02:54:02+00:00,562081479828983808,Who gets your business based on ads alone - @Wix or @Squarespace? #SuperBowlAds,1,0,0,kammiekasten,Kammie Avant Kasten,1106,1232,2,2,2015
https://twitter.com/VERISIGN/status/562081441505640448,2015-02-02 02:53:53+00:00,562081441505640448,Tweet your favorite part of the @Wix #SB49 ad http://t.co/Vr81SeuvN1 by 4p.m. EST tomorrow for a chance to win prizes. #ItsThatEasy!,3,0,2,VERISIGN,VERISIGN,46401,73,2,2,2015
https://twitter.com/michaeltswank/status/562081428003753985,2015-02-02 02:53:50+00:00,562081428003753985,@Wix love my site http://t.co/jevbsClLAf #ItsThatEasy,1,1,0,michaeltswank,Michael Swank,374,985,2,2,2015
https://twitter.com/_BeautyIsInside/status/562081394067648512,2015-02-02 02:53:41+00:00,562081394067648512,@Wix Men are business owners &amp; make websites. Women are just eye candy. #NotBuyingIt,1,1,2,_BeautyIsInside,BeautyIsInside.com,475,437,2,2,2015
https://twitter.com/HatStetson/status/562081372618375168,2015-02-02 02:53:36+00:00,562081372618375168,Is http://t.co/FbWtvKmxX3 taken already? @BrettFavre4 @Wix,1,0,0,HatStetson,"Stetson, the Hat",357,312,2,2,2015
https://twitter.com/LaurieGoldberg/status/562081369057009664,2015-02-02 02:53:36+00:00,562081369057009664,"Kudos to #wix.com for a fun ad. How can you go wrong w/ Franco Harris, @EmmittSmith22, Farve and TO. THATS a #SuperBowl ad people",1,1,3,LaurieGoldberg,Laurie Goldberg ☮️,4809,4599,2,2,2015
https://twitter.com/elderofziyon/status/562081364011651072,2015-02-02 02:53:34+00:00,562081364011651072,"Wix SuperBowl ad #BDSfail   But Victoria""s Secret ad followed so I forgot what it was about.",3,2,5,elderofziyon,Elder of Ziyon 🇮🇱,47331,732,2,2,2015
https://twitter.com/danielbyday/status/562081349004058624,2015-02-02 02:53:31+00:00,562081349004058624,If #BrettFarve is doing a startup website with @wix — The obvious url is http://t.co/bI7IQj9Bm8,1,1,1,danielbyday,Daniel,248,665,2,2,2015
https://twitter.com/LisaBarone/status/562081346982805504,2015-02-02 02:53:30+00:00,562081346982805504,"Next yr SEOs should crowdsource a Super Bowl commercial: ""Don't build a Wix site.""",19,1,23,LisaBarone,Lisa Barone,34566,794,2,2,2015
https://twitter.com/ErinCGMartin/status/562081327168495616,2015-02-02 02:53:26+00:00,562081327168495616,"Loving the @Wix, @Squarespace &amp; other tech commercials this #SB49 evening. #softwareiseatingtheworld",1,0,2,ErinCGMartin,Erin Martin,747,1534,2,2,2015
https://twitter.com/bowiesalon/status/562081304574197762,2015-02-02 02:53:20+00:00,562081304574197762,Commercial winners? #Fiatusa #Budwieswer #wix what are your favorites?,1,0,1,bowiesalon,Bowiesalonandspa,245,418,2,2,2015
https://twitter.com/lonestarlahr/status/562081296399491072,2015-02-02 02:53:18+00:00,562081296399491072,.@Wix's ad falls flat. At least @Squarespace was strange enough to pique your curiosity. #adbowl #adworkers #brandbowl,1,0,1,lonestarlahr,Alex Lahr,481,577,2,2,2015
https://twitter.com/SteveKuperberg/status/562081293991968768,2015-02-02 02:53:18+00:00,562081293991968768,Wow. @Wix nails it with Favre and co. And heaven decreed a nail-biter for maximum coverage. #bsheret #superbowl,1,0,1,SteveKuperberg,Steve Kuperberg,1001,610,2,2,2015
https://twitter.com/bheitkem/status/562081291424636929,2015-02-02 02:53:17+00:00,562081291424636929,#ItsThatEasy omg wix is putting us web devs out of jobs ): just kidding #webdesignerproblems,1,0,2,bheitkem,Beth H,130,251,2,2,2015
https://twitter.com/McDonalds/status/562081283073794048,2015-02-02 02:53:15+00:00,562081283073794048,Lovin’ the celebrity charcuterie tomfoolery @Wix. RT to try to win an iconic laptop and a premium website for a year https://t.co/rcXl7phdFj,5275,85,657,McDonalds,McDonald's,4577100,13666,2,2,2015
https://twitter.com/Ace_Metrix/status/562081274622668800,2015-02-02 02:53:13+00:00,562081274622668800,.@Wix's :60 extended teaser earned an Ace Score of 587. Good use of celebrities to make it more relevant! #SuperBowlAds,1,0,0,Ace_Metrix,Ace Metrix | an iSpot company,1322,1314,2,2,2015
https://twitter.com/Hey_Craig/status/562081229852274689,2015-02-02 02:53:02+00:00,562081229852274689,Hope y'all don't think a basic site from wix will cut it... ( cc: @lovekivi) http://t.co/Cs8RP80qnY,1,1,0,Hey_Craig,Craigory,741,686,2,2,2015
https://twitter.com/_useff/status/562081208193265664,2015-02-02 02:52:57+00:00,562081208193265664,"Next Superbowl is dong to be Wix vs Squarespace, aka Brett Favre's whimsy vs Jeff Bridges' soporific mysticism",1,0,2,_useff,trilliam gibson,84,296,2,2,2015
https://twitter.com/MissNickerson/status/562081177045987330,2015-02-02 02:52:50+00:00,562081177045987330,"ANYTIME I see my boy @terrellowens, I'm instantly giddy! The @Wix #ItsThatEasy ad was a win for me. #SuperBowl",1,1,1,MissNickerson,D. Nickerson,633,714,2,2,2015
https://twitter.com/SusieD_NYC/status/562081172180967424,2015-02-02 02:52:49+00:00,562081172180967424,#Itsthateasy to make websites. Not so easy to make them all interesting… #Superbowl #Superbowlads #Adbowl #SB49 @Wix,1,1,0,SusieD_NYC,Susie D.,1604,4282,2,2,2015
https://twitter.com/seankjensen/status/562081171161362432,2015-02-02 02:52:48+00:00,562081171161362432,Ha ha. Terrific commercial by @Favre4Official @terrellowens @EmmittSmith22 for @Wix Nicely done.,1,1,2,seankjensen,Sean Jensen,19177,10868,2,2,2015
https://twitter.com/DanAyer/status/562081161456136192,2015-02-02 02:52:46+00:00,562081161456136192,@advertisingweek @GatesmanDave Franco Harris' Immaculate Receptions will be my wedding planner (in 2047). Great @Wix spot #awchat,3,1,3,DanAyer,Dan Ayer,501,1220,2,2,2015
https://twitter.com/Daph_Luv/status/562081158574657536,2015-02-02 02:52:45+00:00,562081158574657536,@wix male executives women in crop tops way to sell sex #notbuyingit #thumbsdown @LindaMercurio,2,1,1,Daph_Luv,Lola Love,275,226,2,2,2015
https://twitter.com/guillotinefist/status/562081156926300160,2015-02-02 02:52:45+00:00,562081156926300160,"Having used Wix, I must say it's absolute garbage to do anything beyond their limited template",1,0,1,guillotinefist,Dirk Contingency,288,243,2,2,2015
https://twitter.com/alanbush/status/562081148545675266,2015-02-02 02:52:43+00:00,562081148545675266,Literally every single Wix website I've ever seen looks like it was created by my grandmother circa 1998. #ItsNotThatEasy,1,0,2,alanbush,al,1027,896,2,2,2015
https://twitter.com/lemonchops64/status/562081122688172032,2015-02-02 02:52:37+00:00,562081122688172032,@Wix tapping into #influencermarketing and stressing ease to build #website .. Love it #SB49SMChat #superbowlcommercials #Brandbowl,1,0,3,lemonchops64,c,8505,15079,2,2,2015
https://twitter.com/Vandalyzm/status/562081121073000448,2015-02-02 02:52:36+00:00,562081121073000448,RT @THEAlishaNicole: Wix websites are so trash..dont fall for it,1,0,1,Vandalyzm,DJ Herzogenaurach,7898,920,2,2,2015
https://twitter.com/vincenzolandino/status/562081116195389440,2015-02-02 02:52:35+00:00,562081116195389440,Commercial rank: 1. @Budweiser  2. @chevrolet 3. @esurance  4. @doritos   5. @bmw  6. @FIATUSA  7. @Wix 8. @VictoriasSecret  #SB49SMChat,4,1,2,vincenzolandino,Vincenzo Landino,40658,1876,2,2,2015
https://twitter.com/Adweek/status/562081113334902784,2015-02-02 02:52:35+00:00,562081113334902784,"Say what you will about the Wix ad, but Immaculate Receptions is a great business name. #SuperBowl http://t.co/OpdCKDDrx7",71,10,157,Adweek,Adweek,690384,26538,2,2,2015
https://twitter.com/pptsapper/status/562081107756482560,2015-02-02 02:52:33+00:00,562081107756482560,"No, Brett Favre, don't make a website on wix of all places. It would inevitably end in pictures of your penis.",1,0,2,pptsapper,Angry Staff Officer,80137,1434,2,2,2015
https://twitter.com/CraigElimeliah/status/562081100898795520,2015-02-02 02:52:32+00:00,562081100898795520,Is @Wix like the fake @Squarespace #superbowl,1,1,1,CraigElimeliah,Craig Elimeliah,3384,3062,2,2,2015
https://twitter.com/basicallyallama/status/562081100067901440,2015-02-02 02:52:31+00:00,562081100067901440,@Wix - it's also that easy to feature female entrepreneurs... #NotBuyingIt,1,1,1,basicallyallama,Valery,246,1122,2,2,2015
https://twitter.com/mbuckingham/status/562081096658337792,2015-02-02 02:52:31+00:00,562081096658337792,** Wix Funny(ish) commercial but I still beg everyone not to get a Wix site.,1,2,4,mbuckingham,Michael Buckingham,4967,2662,2,2,2015
https://twitter.com/ashleemarketing/status/562081077632974848,2015-02-02 02:52:26+00:00,562081077632974848,"I really liked the @Squarespace ad, but I think @Wix may have just won that battle. #SB49 #LouAdBowl",1,1,0,ashleemarketing,Ashley Lee,450,688,2,2,2015
https://twitter.com/prblog/status/562081066392244224,2015-02-02 02:52:23+00:00,562081066392244224,"Don't look now, but Wix just kicked Squarespace's butt #SuperBowl2015",1,1,0,prblog,Kevin Dugan,21159,17081,2,2,2015
https://twitter.com/adfedlou/status/562081065914101760,2015-02-02 02:52:23+00:00,562081065914101760,"Awww, look at Wix trying to convince businesses that creating a content rich, compelling, unique, &amp; competitive website is easy. #LouAdBowl",2,0,9,adfedlou,AAF-Louisville,1707,644,2,2,2015
https://twitter.com/g3rd80/status/562081053473390593,2015-02-02 02:52:20+00:00,562081053473390593,"Dear world, Never pay for Wix, ever. Love, Chad.",2,0,1,g3rd80,Chad,1213,896,2,2,2015
https://twitter.com/MallieRydzik/status/562081050936229889,2015-02-02 02:52:20+00:00,562081050936229889,Both a Squarespace and a Wix commercial? Let's hear it for online entrepreneurship. #entrepreneur #adbowl,5,0,11,MallieRydzik,Mallie (she/her),8582,330,2,2,2015
https://twitter.com/Fonzy_Archangel/status/562081035404316672,2015-02-02 02:52:16+00:00,562081035404316672,Check out http://t.co/p6r56k7nQq created with #wix.com,1,0,1,Fonzy_Archangel,Michael Fontana,262,207,2,2,2015
https://twitter.com/AdobeVideo/status/562081019986071552,2015-02-02 02:52:12+00:00,562081019986071552,SUPER BOWL | @Wix spots by @committeeLA edited at EXILE with #PremierePro CC: http://t.co/0W7kJmJJnY #ItsThatEasy http://t.co/KnbdYfZ0h9,35,2,30,AdobeVideo,Adobe Video & Motion,304580,1418,2,2,2015
https://twitter.com/happierman/status/562081004454969346,2015-02-02 02:52:09+00:00,562081004454969346,is franco harris making a Free Joe Pa website through Wix? is brett favre posting dick pics on his Wix site?,1,0,7,happierman,jeffrey cranor 🇵🇸,45000,1222,2,2,2015
https://twitter.com/mclanea/status/562080982858100737,2015-02-02 02:52:03+00:00,562080982858100737,"Really like the Brett Favre commercial. Yeah, don't use Wix. Hire a @WordPress developer.",2,0,1,mclanea,Adam McLane,4021,563,2,2,2015
https://twitter.com/THEAlishaNicole/status/562080978752262144,2015-02-02 02:52:02+00:00,562080978752262144,Wix websites are so trash..dont fall for it,3,1,1,THEAlishaNicole,Alisha Robertson,13899,1590,2,2,2015
https://twitter.com/jkrohrs/status/562080974251765760,2015-02-02 02:52:01+00:00,562080974251765760,And @Wix joins @GoDaddy as the only #SB49 advertisers with hashtags onscreen throughout their ads. #ItsThatEasy #BrandBowl,3,1,1,jkrohrs,Jeffrey K. Rohrs,9268,6484,2,2,2015
https://twitter.com/caff/status/562080969445093376,2015-02-02 02:52:00+00:00,562080969445093376,Thanks Wix...why hire a professional #sbads #SuperBowlAds #brandbowl,2,0,1,caff,🌻✨ J A N E ✨🌻,2832,1281,2,2,2015
https://twitter.com/IAmAndreaBrown/status/562080962935136256,2015-02-02 02:51:59+00:00,562080962935136256,Whatever you do... Don't build your site on wix,1,0,0,IAmAndreaBrown,Andrea Brown,4813,991,2,2,2015
https://twitter.com/davidpaull/status/562080957079891969,2015-02-02 02:51:57+00:00,562080957079891969,.@Wix #SuperBowlAd. Love it? Hate it? Check it: http://t.co/KxIRpvYds3,1,0,0,davidpaull,David Paull,1229,1028,2,2,2015
https://twitter.com/Eat24/status/562080955142139904,2015-02-02 02:51:57+00:00,562080955142139904,With @Wix you can create your own website. Snoop and Gilbert’s Eggroll Emporium anyone? #ItsThatEasy,4,3,8,Eat24,Eat24,53921,5498,2,2,2015
https://twitter.com/NameDotKitchen/status/562080939552296960,2015-02-02 02:51:53+00:00,562080939552296960,.@Wix awesome #SuperBowl ad! You're a .GURU when it comes to helping #smallbusiness build websites #itsthateasy,4,1,2,NameDotKitchen,Name.Kitchen,3181,459,2,2,2015
https://twitter.com/mikejgr/status/562080898854977537,2015-02-02 02:51:43+00:00,562080898854977537,#Israel at the Super Bowl! #wix,1,0,3,mikejgr,Michael Granoff,4719,5022,2,2,2015
https://twitter.com/Wix/status/562080890155991041,2015-02-02 02:51:41+00:00,562080890155991041,AHHHHH! Our #SB49 ad just aired in front of millions! RT if you think @nbc should give us an encore #ItsThatEasy https://t.co/gPGdE63qD6,82,7,79,Wix,Wix,418607,3731,2,2,2015
https://twitter.com/FrankCatalano/status/562080881452408832,2015-02-02 02:51:39+00:00,562080881452408832,The @Wix #SuperBowl ad cameos make no sense to millions of non-sports fans who watch this one game. But Wix does build websites. For sport.,2,0,1,FrankCatalano,Frank Catalano,7029,405,2,2,2015
https://twitter.com/adage/status/562080873357803520,2015-02-02 02:51:37+00:00,562080873357803520,Ever heard of @wix? This is web developer’s first #SuperBowl commercial. #SuperBowlads,24,11,37,adage,Ad Age,1001873,73143,2,2,2015
https://twitter.com/txadpr/status/562080832483897346,2015-02-02 02:51:28+00:00,562080832483897346,NFL star power shows off the easy-to-use website templates on @wix.com #itsthateasy #AdGradBowl,1,1,0,txadpr,TXADPR,3769,1512,2,2,2015
https://twitter.com/Wix/status/562080124318019584,2015-02-02 02:48:39+00:00,562080124318019584,@ConnorPlaysHD coming up!!! Keep your eyes &amp; ears peeled.,1,0,1,Wix,Wix,418607,3731,2,2,2015
https://twitter.com/PublicRep/status/562078964957872129,2015-02-02 02:44:02+00:00,562078964957872129,@Wix  #ItsThatEasy - go Team Wix!!,1,1,6,PublicRep,Public Reputation,5041,569,2,2,2015
https://twitter.com/Wix/status/562077896349847554,2015-02-02 02:39:48+00:00,562077896349847554,Our #SB49 ad airs soon! $10 game BIG bonus round: hear #ItsThatEasy? Go to http://t.co/DYu0oheqA5 &amp; you could WIN! http://t.co/LakMgvgeoI,11,0,23,Wix,Wix,418607,3731,2,2,2015
https://twitter.com/Wix/status/562075469135503360,2015-02-02 02:30:09+00:00,562075469135503360,#SB49 Local time @Wix: 4:29 AM. @budlight we're always #UpForWhatever but we've been #Up4Ever. #ItsThatEasy [not] http://t.co/VPEU2Mc1Pt,3,3,6,Wix,Wix,418607,3731,2,2,2015
https://twitter.com/martechismktg/status/562073495627382784,2015-02-02 02:22:18+00:00,562073495627382784,Warm fuzzy (sticky?) feelings :) &lt;3 RT @Wix: @LoctiteGlue You guys glued it. You glued it good. Loved your #SB49 spot! #BrandBFF,3,3,8,martechismktg,MarTech,206304,1006,2,2,2015
https://twitter.com/Wix/status/562073146384457728,2015-02-02 02:20:55+00:00,562073146384457728,@LoctiteGlue You guys glued it. You glued it good. Loved your #SB49 spot! #BrandBFF,1,0,0,Wix,Wix,418607,3731,2,2,2015
https://twitter.com/vectra_digital/status/562072891269738496,2015-02-02 02:19:54+00:00,562072891269738496,Why is my new Wix site not ranking? What's #SEO #ItsThatEasy or #ItsNotThatEasy http://t.co/UgeRHYA8qr,2,2,2,vectra_digital,Vectra Digital,780,1046,2,2,2015
https://twitter.com/celestin/status/562072177940647936,2015-02-02 02:17:04+00:00,562072177940647936,My winner from @Wix' ad is obviously Larry Allen All-Pro Towing towing the RV by himself #ItsThatEasy http://t.co/tXxGChUEXP via @YouTube,1,0,1,celestin,Kim C (willowbard),1382,3975,2,2,2015
https://twitter.com/timschulz/status/562070142222204929,2015-02-02 02:08:59+00:00,562070142222204929,Congrats to the entire @Wix HQ team for bringing the promise of online commerce to millions more tonight. So proud of you guys. #ItsThatEasy,3,1,18,timschulz,Tim Schulz,3031,1214,2,2,2015
https://twitter.com/Wix/status/562067320919846912,2015-02-02 01:57:46+00:00,562067320919846912,.@adage #SB49 @Wix #WarRoom 3:57AM local time (we're in the future! #ItsThatEasy) https://t.co/mpsR7sH2mJ,9,1,14,Wix,Wix,418607,3731,2,2,2015
https://twitter.com/Wix/status/562059151581659136,2015-02-02 01:25:18+00:00,562059151581659136,"It's only #Halftime, plenty of time to win Easy $$$! Go to http://t.co/AdQjiVUr1k &amp; play already #ItsThatEasy http://t.co/T2tFPPLCt5",3,0,4,Wix,Wix,418607,3731,2,2,2015
https://twitter.com/govols111/status/562055837569413120,2015-02-02 01:12:08+00:00,562055837569413120,Whoa! Hear ‘easy’ during #SB49? Win $ from @Wix! Get ready to click http://t.co/Y3eXUMXS9P #ItsThatEasy,1,0,0,govols111,Paula,2088,4990,2,2,2015
https://twitter.com/AdamDeanWozney/status/562055359641047040,2015-02-02 01:10:14+00:00,562055359641047040,Not gunna lie. @wix can throw it down. #wixevents #SB49 http://t.co/yTBZKJsXTR,1,1,5,AdamDeanWozney,🇦​ 🇩​ 🇦​ 🇲​ 🇼​ 🇴​ 🇿​ 🇳​ 🇪​ 🇾,2100,1939,2,2,2015
https://twitter.com/Wix/status/562054597108592641,2015-02-02 01:07:13+00:00,562054597108592641,Can't wait to hear @katyperry ROAR. Bring it girl! #ItsThatEasy #SB49 #PepsiSBHalftime,6,0,4,Wix,Wix,418607,3731,2,2,2015
https://twitter.com/Wix/status/562053188233478144,2015-02-02 01:01:37+00:00,562053188233478144,@chickswhomarket that's what we like to hear! Keep those ears open for more 'easy' mentions! #ItsThatEasy,1,1,2,Wix,Wix,418607,3731,2,2,2015
https://twitter.com/corey_whatever/status/562052856623026176,2015-02-02 01:00:18+00:00,562052856623026176,@Mr_Wix favorite tweets of the game,1,0,2,corey_whatever,WHATEVER,183,194,2,2,2015
https://twitter.com/520Promotion/status/562051449375322112,2015-02-02 00:54:42+00:00,562051449375322112,Whoa! Hear ‘easy’ during #SB49? Win $ from @Wix! Get ready to click http://t.co/w09G8TFCWi #ItsThatEasy,53,0,0,520Promotion,520 PROMOTIONS LLC,190334,25127,2,2,2015
https://twitter.com/Wix/status/562051141895462913,2015-02-02 00:53:29+00:00,562051141895462913,"350 more people just won $ from @wix! Get ready for the next ""Easy"" &amp; win too → http://t.co/80Kq8fjpmX #ItsThatEasy http://t.co/jG0gaFPu3s",8,4,12,Wix,Wix,418607,3731,2,2,2015
https://twitter.com/dimensionmedia/status/562051034781339648,2015-02-02 00:53:03+00:00,562051034781339648,"WordPress folks, if you thought Drupal and Jommla are threat competitors - they’re not. The real ones are @Squarespace @Wix @weebly.",6,4,7,dimensionmedia,David Bisset,18844,1098,2,2,2015
https://twitter.com/Wix/status/562050862512885762,2015-02-02 00:52:22+00:00,562050862512885762,"690 people just won $ from @wix! Get ready for the next ""Easy"" &amp; win too → http://t.co/80Kq8fjpmX #ItsThatEasy http://t.co/tuhUHRprHs",6,0,8,Wix,Wix,418607,3731,2,2,2015
https://twitter.com/FindSpark/status/562048883774468096,2015-02-02 00:44:30+00:00,562048883774468096,"Our sponsor @wix, the best way to build a free website, is in the #Super Bowl! http://t.co/5Fb53dfN3n #ItsThateasy http://t.co/i8ZrsUea1v",3,0,8,FindSpark,FindSpark 🎓💼🔑🤝,17482,15115,2,2,2015
https://twitter.com/Wix/status/562048537291395072,2015-02-02 00:43:08+00:00,562048537291395072,@bizzleornaw yeah you did!!! Keep your ears open for the next one to win again #ItsThatEasy,1,0,0,Wix,Wix,418607,3731,2,2,2015
https://twitter.com/BobGarrett/status/562048299122036736,2015-02-02 00:42:11+00:00,562048299122036736,I just won $10 from @Wix! Wanna win during #SB49 too? Get all the info here → http://t.co/2SaCldso5c  #ItsThatEasy,1,0,0,BobGarrett,Bob Garrett,70022,56,2,2,2015
https://twitter.com/Daroff/status/562048274061074432,2015-02-02 00:42:05+00:00,562048274061074432,It's over. Israel's @Wix has won the #SuperBowl ad war! http://t.co/kXI6rvJHxI (@jdforward) #SuperBowlXLIX,6,2,10,Daroff,William Daroff,45902,14035,2,2,2015
https://twitter.com/Wix/status/562048176224731138,2015-02-02 00:41:42+00:00,562048176224731138,"480 people just won $ from @wix! Get ready for the next ""Easy"" &amp; win too → http://t.co/80Kq8fjpmX #ItsThatEasy http://t.co/iHfFgEskIz",9,2,14,Wix,Wix,418607,3731,2,2,2015
https://twitter.com/Wix/status/562046539376656384,2015-02-02 00:35:11+00:00,562046539376656384,@Doritos Thanks! Now how about you guys tell us how you get the orange off fingers? #ItsThatEasy http://t.co/SbL08J3CBc,1,0,1,Wix,Wix,418607,3731,2,2,2015
https://twitter.com/BRANDed/status/562046534230212608,2015-02-02 00:35:10+00:00,562046534230212608,What's @terrellowens up to? Staying ripped and starring in a @SuperBowl commercial tonight with @WIX!  #SB49 #SportsBiz,1,1,4,BRANDed,BRANDed,10705,4644,2,2,2015
https://twitter.com/jdforward/status/562045295148941313,2015-02-02 00:30:15+00:00,562045295148941313,It's over. Israel's @Wix has won the #SuperBowl ad war! http://t.co/PYzfA4t6z4,3,1,3,jdforward,The Forward,68114,1242,2,2,2015
https://twitter.com/mondaydotcom/status/562045255395315712,2015-02-02 00:30:05+00:00,562045255395315712,How Did Wix Go From 5 People Startup To Super Bowl Commercial http://t.co/YpfgvrO29y #ItsThatEasy http://t.co/mDYitBan5w,1,0,5,mondaydotcom,monday.com,16632,3061,2,2,2015
https://twitter.com/RoyalWJohnson/status/562045196301389825,2015-02-02 00:29:51+00:00,562045196301389825,"Super Bowl advertisers 'are on trial': For companies like T-Mobile, TurboTax, Esurance and Wix.c... http://t.co/loNj4vGwc5",1,0,0,RoyalWJohnson,Royal W Johnson,67504,77183,2,2,2015
https://twitter.com/jmalone22/status/562043681902190592,2015-02-02 00:23:50+00:00,562043681902190592,I just won $10 from @Wix! Wanna win during #SB49 too? Get all the info here → http://t.co/2OnO1O5Agl #ItsThatEasy,1,1,4,jmalone22,John Malone,46,112,2,2,2015
https://twitter.com/Wix/status/562043087258935296,2015-02-02 00:21:28+00:00,562043087258935296,"244 people just won $ from @wix! Get ready for the next ""Easy"" &amp; win too → http://t.co/80Kq8fjpmX #ItsThatEasy http://t.co/13uxl9JqQd",3,1,3,Wix,Wix,418607,3731,2,2,2015
https://twitter.com/Wix/status/562042009788354560,2015-02-02 00:17:12+00:00,562042009788354560,Watching the @DoveMenCare spot.@Kleenex hope you appreciate the business. #RealStrength #ItsThatEasy http://t.co/8IDypC41XO,2,1,11,Wix,Wix,418607,3731,2,2,2015
https://twitter.com/Doritos/status/562040471657013248,2015-02-02 00:11:05+00:00,562040471657013248,"Wow. #respect RT @Wix: @Doritos Tycoon: you asked, you got it: http://t.co/KNHBN9agnj Now go get 'em! #ItsThatEasy",22,2,27,Doritos,Doritos,834469,242,2,2,2015
https://twitter.com/AshleyGallman/status/562040332041609216,2015-02-02 00:10:32+00:00,562040332041609216,I'm just a little excited about the @Wix Super Bowl ad :) http://t.co/c2PRCuhRPn,4,0,7,AshleyGallman,Ashley G Williams,1033,891,2,2,2015
https://twitter.com/Wix/status/562040115678433280,2015-02-02 00:09:40+00:00,562040115678433280,"@Doritos Tycoon: you asked, you got it: http://t.co/Nkc6UFpdsu Now go get 'em! #ItsThatEasy",3,1,7,Wix,Wix,418607,3731,2,2,2015
https://twitter.com/sao0991/status/562039383441022977,2015-02-02 00:06:45+00:00,562039383441022977,@Wix has me so in-tune to everything being said on this game... #SB49 #ItsThatEasy,3,1,6,sao0991,"Stephanie W, NBCT",114,205,2,2,2015
https://twitter.com/Wix/status/562039136857915392,2015-02-02 00:05:47+00:00,562039136857915392,.@Nationwide Tried @mindykaling's invisible stunts. Response: not great. Went back to making websites #ItsThatEasy http://t.co/romNkN6frB,5,1,15,Wix,Wix,418607,3731,2,2,2015
https://twitter.com/Wix/status/562038929705410560,2015-02-02 00:04:57+00:00,562038929705410560,.@budweiser are you casting for next year? Here are the @Wix #BestBuds #ItsThatEasy http://t.co/hy6nBkoGNN,12,1,28,Wix,Wix,418607,3731,2,2,2015
https://twitter.com/Wix/status/562038083940777984,2015-02-02 00:01:36+00:00,562038083940777984,".@TMobile You had us at ""data."" #ItsThatEasy #KimsDataStash http://t.co/CI1D91Ggg4",4,1,7,Wix,Wix,418607,3731,2,2,2015
https://twitter.com/Dixon24/status/562035078721585152,2015-02-01 23:49:39+00:00,562035078721585152,"""@CyrusWebb: Make sure you look out for @TerrellOwen's @tohumblepies @Wix commercial during the #Superbowl http://t.co/Ve0TtxZ0Ic""",1,0,0,Dixon24,Herschel R. Dixon,767,3186,1,2,2015
https://twitter.com/CyrusWebb/status/562034908374106112,2015-02-01 23:48:58+00:00,562034908374106112,Make sure you look out for @TerrellOwen's @tohumblepies @Wix commercial during the #Superbowl http://t.co/ejMbGm7oz0,2,1,0,CyrusWebb,Cyrus Webb,11398,12523,1,2,2015
https://twitter.com/committeeLA/status/562034127499571200,2015-02-01 23:45:52+00:00,562034127499571200,#SB49 is underway! Don't miss our @Wix spot during the 4th quarter! #committeeLA #wix #ItsThatEasy,2,0,2,committeeLA,committeeLA,833,1243,1,2,2015
https://twitter.com/Wix/status/562033696669437952,2015-02-01 23:44:10+00:00,562033696669437952,.@BMW We'll give you a website if you give us a car. #ItsThatEasy btw it's for our head of PR http://t.co/AjXtvWcdTF,8,2,14,Wix,Wix,418607,3731,1,2,2015
https://twitter.com/lauren_wood3/status/562031755960811520,2015-02-01 23:36:27+00:00,562031755960811520,@ajrespess I second that about @GoDaddy! I'm also excited to see what @Wix does. #GCAdCats,1,0,1,lauren_wood3,Lauren Wood,193,380,1,2,2015
https://twitter.com/StandWithUs/status/562031593569517568,2015-02-01 23:35:48+00:00,562031593569517568,Best #superbowl commercial so far? Chevy! Tweet us what your favorite is! Still waiting for Israeli company @Wix commercial!,4,1,5,StandWithUs,StandWithUs,171670,637,1,2,2015
https://twitter.com/BlingYourBrand/status/562031524715839489,2015-02-01 23:35:32+00:00,562031524715839489,“@Wix: #SB49 is kicking off! Ready to WIN easy $$$ from @Wix? Hear 'Easy' Go to http://t.co/UOiZo9r4zf #ItsThatEasy http://t.co/UGdvER5DBG”,1,0,0,BlingYourBrand,#BlingIsTheNewBlack,84682,2552,1,2,2015
https://twitter.com/fjdiazgweb/status/562031317806641153,2015-02-01 23:34:42+00:00,562031317806641153,@Wix @WaveHQ Excellent team !,1,0,2,fjdiazgweb,Francisco J. Diaz,277,658,1,2,2015
https://twitter.com/linearSG/status/562030778217811969,2015-02-01 23:32:34+00:00,562030778217811969,don't be fooled by @Wix 's Super Bowl ad!  Ur company needs a well planned and well designed website and not out of a box! #wix #wixsucks,1,1,0,linearSG,SG,218,522,1,2,2015
https://twitter.com/Wix/status/562030415079550977,2015-02-01 23:31:07+00:00,562030415079550977,#SB49 is kicking off! Ready to WIN easy $$$ from @Wix? Hear 'Easy' Go to http://t.co/AdQjiVUr1k #ItsThatEasy http://t.co/BoGzXECCzQ,12,1,13,Wix,Wix,418607,3731,1,2,2015
https://twitter.com/ubershosh/status/562030145733926913,2015-02-01 23:30:03+00:00,562030145733926913,"It's happening right now! Go to Wix, when you hear ""easy"" during #SB49 you can win $10!  RT &amp; Share - #ItsThatEasy. http://t.co/Wpxmz8DVYg",1,0,0,ubershosh,Shoshanna Silberman,20,26,1,2,2015
https://twitter.com/wsvn/status/562028103762210816,2015-02-01 23:21:56+00:00,562028103762210816,".@Wix, @CocaCola among companies unveiling #SuperBowl ads More: http://t.co/M3FSqMXNc8 Mobile: http://t.co/hCKNeqhPbr http://t.co/3BnLhZznoR",1,1,1,wsvn,WSVN 7 News,434778,1024,1,2,2015
https://twitter.com/Wix/status/562027904671162368,2015-02-01 23:21:09+00:00,562027904671162368,RT if @idinamenzel gave you chills #ItsThatEasy #SB49,7,0,2,Wix,Wix,418607,3731,1,2,2015
https://twitter.com/WixPartners/status/562027034697039872,2015-02-01 23:17:41+00:00,562027034697039872,The Super Bowl at the SF @Wix Lounge #wixevents http://t.co/w3eUHEchwb,2,1,6,WixPartners,WixPartners,141605,2265,1,2,2015
https://twitter.com/atchrisk/status/562025954399514624,2015-02-01 23:13:24+00:00,562025954399514624,"My early SB Commercial Fav: ""Wix’s #ItsThatEasy Big Game Campaign: http://t.co/XTfKUrxcqE via @YouTube""",1,0,2,atchrisk,Chris Keogh,265,1471,1,2,2015
https://twitter.com/Wix/status/562025487950942209,2015-02-01 23:11:32+00:00,562025487950942209,@Doritos On it. #ItsThatEasy,1,0,4,Wix,Wix,418607,3731,1,2,2015
https://twitter.com/benjudah/status/562024732128587776,2015-02-01 23:08:32+00:00,562024732128587776,"#SuperBowlXLIX with @ardenrubens - home made wings, salsa and guacamole. #ItsThatEasy @Wix #SB49 #GoPats",1,1,0,benjudah,Ben Judah,1137,1408,1,2,2015
https://twitter.com/Doritos/status/562024467598016512,2015-02-01 23:07:29+00:00,562024467598016512,.@Wix Pretty sure we have a #Doritos tycoon on our hands. Can you get her site set up if she wants one? http://t.co/TdukJemvLh,12,2,18,Doritos,Doritos,834469,242,1,2,2015
https://twitter.com/haimvat/status/562023964973613056,2015-02-01 23:05:29+00:00,562023964973613056,With the @committeeLA @misterfs @jeffreed1 @jahuggins @Yaniv_D team at the @Wix #sb49 party! #ItsThatEasy http://t.co/0DXnJhlNoz,1,0,7,haimvat,Haim Vaturi,2372,1216,1,2,2015
https://twitter.com/ShawnHooper/status/562022588616957952,2015-02-01 23:00:01+00:00,562022588616957952,@angiemeeker Agreed Wix and Squarespace are all about marketing. But how to you counter that being OSS? @rob_neu @carlhancock @peterhadorn,1,1,0,ShawnHooper,Shawn Hooper,4210,2487,1,2,2015
https://twitter.com/Wix/status/562018990273593344,2015-02-01 22:45:43+00:00,562018990273593344,@Skittles don't break the internet just yet. We put a pot of gold at the end of your rainbow for #SB49 #ItsThatEasy http://t.co/MWczkgkcbO,4,0,12,Wix,Wix,418607,3731,1,2,2015
https://twitter.com/MarketCurrents/status/562010654685417472,2015-02-01 22:12:36+00:00,562010654685417472,Wix makes $10M bet on Super Bowl ad http://t.co/zlRKorp3me $WIX,1,1,0,MarketCurrents,Breaking News,83525,1,1,2,2015
https://twitter.com/aviranm/status/562008519994380288,2015-02-01 22:04:07+00:00,562008519994380288,Super Bowl war room @Wix @WixEng http://t.co/NcnkI5NgM0,3,0,2,aviranm,Aviran Mordo 🇺🇦,1823,426,1,2,2015
https://twitter.com/perezbox/status/562005364653056000,2015-02-01 21:51:35+00:00,562005364653056000,@carlhancock @rob_neu everyday doesn't care if it's #wordpress #joomla #wix #squarespace etc.. they just want an online presence,1,0,2,perezbox,Tony Perez,6316,615,1,2,2015
https://twitter.com/midilauro/status/562003961616801792,2015-02-01 21:46:00+00:00,562003961616801792,Only thing #packers fans have to look for in #SuperBowl is #BrettFavre in @Wix commercial #XLIX,1,1,4,midilauro,Michael DiLauro,1209,319,1,2,2015
https://twitter.com/madebycha/status/562001735044980736,2015-02-01 21:37:09+00:00,562001735044980736,"I don't know who the @Seahawks or the @Patriots are, but the real winner of the #Superbowl has got to be @Wix.",2,0,5,madebycha,Christine Cha,2150,387,1,2,2015
https://twitter.com/ubuzznow/status/562000794506231808,2015-02-01 21:33:25+00:00,562000794506231808,@Wix's #SB49 #advertising #spot encourages former NFL players to build websites because #ItsThatEasy. http://t.co/sHbZKNT9vw,1,1,0,ubuzznow,ubuzz,31,178,1,2,2015
https://twitter.com/perezbox/status/562000328002777088,2015-02-01 21:31:34+00:00,562000328002777088,"Damn, @wix spends $10 million on auspice for #superbowl2015 http://t.co/VyOZtTp385 hope it pays off..",1,0,0,perezbox,Tony Perez,6316,615,1,2,2015
https://twitter.com/LiatKarpel/status/561990995626430465,2015-02-01 20:54:29+00:00,561990995626430465,Now this is a Super Bowl war room! @Wix #SB49 #ItsThatEasy http://t.co/CJvucOFckw,1,0,1,LiatKarpel,Liat Karpel Gurwicz,3533,1490,1,2,2015
https://twitter.com/SDoesntMatter/status/561983628721549314,2015-02-01 20:25:12+00:00,561983628721549314,Have you built a site on #Wix yet? Watch their #SuperBowl #ad to see just how easy it is: http://t.co/BhdUGEnwN5 #ItsThatEasy #SuperBowlXLIX,1,0,1,SDoesntMatter,Size Doesn't Matter,1741,1436,1,2,2015
https://twitter.com/CStahl/status/561978578007785472,2015-02-01 20:05:08+00:00,561978578007785472,Intresting discussion about build pro handcrafted #webdesign with quality or go cheep by tempates (wix n godaddy) - http://t.co/MDiS5Gvx3m,1,1,6,CStahl,Christian Ståhl,1293,464,1,2,2015
https://twitter.com/Eat24/status/561974473973178369,2015-02-01 19:48:50+00:00,561974473973178369,"@LoctiteGlue look @Wix, you made their logo all red ;)",1,1,3,Eat24,Eat24,53921,5498,1,2,2015
https://twitter.com/Kloudless/status/561974251083681792,2015-02-01 19:47:57+00:00,561974251083681792,Join VP Engineering @vinodchandru for a talk at @Wix @WixLounge about how our architecture scales globally https://t.co/Gp5AH6hQ3y,1,0,1,Kloudless,"Kloudless, a Netskope company",616,116,1,2,2015
https://twitter.com/LoctiteGlue/status/561971681703788544,2015-02-01 19:37:44+00:00,561971681703788544,"@Wix @EAT24 GUYS! You know how to make a glue company blush. #WinAtWebsites, #WinAtGlue, #WINATLIFE",1,2,5,LoctiteGlue,Loctite Glue,4063,2475,1,2,2015
https://twitter.com/aviranm/status/561965044980674560,2015-02-01 19:11:22+00:00,561965044980674560,Last minute QA before launching the @Wix  Super Bowl win $10 application.  See it on our homepage during #SB49 http://t.co/GA31sAfHLU,3,0,4,aviranm,Aviran Mordo 🇺🇦,1823,426,1,2,2015
https://twitter.com/CNNBusiness/status/561960948525576192,2015-02-01 18:55:05+00:00,561960948525576192,Will this Super Bowl finally be 'the moment' for @wix? http://t.co/hMXviAbStI @EmmittSmith22 @nfl http://t.co/ULcqmZs10J,34,2,33,CNNBusiness,CNN Business,1865799,950,1,2,2015
https://twitter.com/BilalAbuzeid/status/561943350563983360,2015-02-01 17:45:09+00:00,561943350563983360,"Translated, fully functional, hosted on @dakwak servers  SEO friendly w/out writing a single line of code. @Wix @weebly @Squarespace @jimdo.",2,0,0,BilalAbuzeid,بلال أبوزيد,1466,1911,1,2,2015
https://twitter.com/JustJared/status/561936220339830786,2015-02-01 17:16:49+00:00,561936220339830786,Former pro @Favre4Official considers a new career in the @Wix #SuperBowl commercial. WATCH: http://t.co/mDWDDlEEVl http://t.co/xP1W8VuJrq,7,2,11,JustJared,JustJared.com,734415,2925,1,2,2015
https://twitter.com/gemmakbrown/status/561926846531792896,2015-02-01 16:39:34+00:00,561926846531792896,Loving the joys of @Wix that's my Sunday afternoon thoroughly entertained.,3,1,1,gemmakbrown,Gemma Brown,301,149,1,2,2015
https://twitter.com/MonacoSophiaBiz/status/561915899310252032,2015-02-01 15:56:04+00:00,561915899310252032,http://t.co/dZWQMKaj7w Big Game Commercial | Wix’s #ItsThatEasy Big Game Campaign http://t.co/rGjnLJOCPf,1,0,1,MonacoSophiaBiz,MONACO CABusinessHUB,2667,3228,1,2,2015
https://twitter.com/ColinDotClub/status/561910668832808960,2015-02-01 15:35:17+00:00,561910668832808960,http://t.co/jirYdmrHTz Big Commercial. A play on Entourage. Congrats from .CLUB #ItsThatEasy http://t.co/9Z0eGIBheS @getdotclub @wix,1,0,0,ColinDotClub,Colin C. Campbell,2460,652,1,2,2015
https://twitter.com/shotscreative/status/561906604661293056,2015-02-01 15:19:08+00:00,561906604661293056,Former #NFL greats front this @Wix #superbowl spot as they embrace life after the game: http://t.co/2H4Hukkph8 &lt;reg&gt; http://t.co/WqO7nwRdHu,1,0,0,shotscreative,shots.net,22200,3082,1,2,2015
https://twitter.com/hanverstraete/status/561904674702241792,2015-02-01 15:11:28+00:00,561904674702241792,"@Wix praise for your customer support: swift, hands-on, listening and resolving. Keep up the good work!",2,1,2,hanverstraete,Han,222,115,1,2,2015
https://twitter.com/Wix/status/561899096345436160,2015-02-01 14:49:18+00:00,561899096345436160,@LoctiteGlue @EAT24 #BrandBFFs Glued together through #SB49. Here's your Wix site #ItsThatEasy http://t.co/3OnI8AZcsy http://t.co/VI3nuee4JT,2,1,8,Wix,Wix,418607,3731,1,2,2015
https://twitter.com/VERISIGN/status/561894372594442241,2015-02-01 14:30:32+00:00,561894372594442241,Tweet your favorite part of the @Wix #SuperBowl ad http://t.co/Vr81SeuvN1 by 4p.m. EST tomorrow for a chance to win  prizes. #ItsThatEasy!,3,0,0,VERISIGN,VERISIGN,46401,73,1,2,2015
https://twitter.com/TomFlorian1/status/561884034028957696,2015-02-01 13:49:27+00:00,561884034028957696,"Lloyd as @Favre4Official's agent? Well done, @Wix. Looking forward to what else. You have tonight. #ItsThatEasy #Funny",2,1,3,TomFlorian1,Tom Florian 🐶🏀🚴🏼‍♂️☕️,968,2200,1,2,2015
https://twitter.com/vlogpr/status/561877265739698176,2015-02-01 13:22:33+00:00,561877265739698176,http://t.co/Z0PJXGh2Vj Super Bowl XLIX 2015 Big Game Commercial | Brett Favre | Wix’s #ItsThatEasy TV Spot Ad http://t.co/3xmXQ7ol6J,1,0,0,vlogpr,Vlog PR,92,127,1,2,2015
https://twitter.com/HeadlineMediaPR/status/561872624238620672,2015-02-01 13:04:07+00:00,561872624238620672,.@Wix makes the biggest #SuperBowl bet of them all: http://t.co/nIYZHBuZo1 via @business,1,0,1,HeadlineMediaPR,Headline Media,2027,1350,1,2,2015
https://twitter.com/jocknjude/status/561833583107923968,2015-02-01 10:28:59+00:00,561833583107923968,My very own website! Created by me - made with @Wix http://t.co/YEyFL0io0w STAT ATTACK - NAP N/BEST PLUS 6 FOR FUN,2,0,2,jocknjude,jock,5936,67,1,2,2015
https://twitter.com/kbenme/status/561828343280975872,2015-02-01 10:08:09+00:00,561828343280975872,The biggest #SuperBowl Bet of Them All #wix #ItsThatEasy http://t.co/9hyz2t7mLL,1,0,1,kbenme,Koby Benmeleh,614,434,1,2,2015
https://twitter.com/GlamTempt/status/561826743183761409,2015-02-01 10:01:48+00:00,561826743183761409,#CallofDuty #Borderlands #GrandTheftAuto My very own website! @Wix http://t.co/4kLTAOrVeF #MyProWebsite #ItsThatEasy,1,0,0,GlamTempt,ღ Glam Tempt ღ,1080,21,1,2,2015
https://twitter.com/Kamaria/status/561792059565424640,2015-02-01 07:43:59+00:00,561792059565424640,My very own website! Created by me - made with @Wix http://t.co/a2C8AWhQ6w #MyProWebsite #ItsThatEasy,1,0,0,Kamaria,Kamaria Richmond Media,1605,2186,1,2,2015
https://twitter.com/StandWithUs/status/561788178890498048,2015-02-01 07:28:34+00:00,561788178890498048,The BEST super bowl ad? Israeli company @Wix! https://t.co/E5RYFCdf7L,6,1,5,StandWithUs,StandWithUs,171670,637,1,2,2015
https://twitter.com/BilalAbuzeid/status/561779207361925120,2015-02-01 06:52:55+00:00,561779207361925120,Convert yr website language. #engage #international #clients @Wix @weebly @Squarespace @jimdo. Test drive @dakwak and decide.,1,0,0,BilalAbuzeid,بلال أبوزيد,1466,1911,1,2,2015
https://twitter.com/russellwix1/status/561758904515039232,2015-02-01 05:32:14+00:00,561758904515039232,@Karebear19777 YALL tune in..GREAT MUSIC..Station believes GREAT SONGS NEVER DIE..THEY R OUR IV 4 OUR EARS :) r n j wix n FAMILY,1,0,1,russellwix1,russell wix,227,41,1,2,2015
https://twitter.com/russellwix1/status/561758120649957376,2015-02-01 05:29:07+00:00,561758120649957376,@MsConstantinaL @nyjohns @KetchingupTom I NEEDED 2 HEAR THAT MYSELF..THANK U :) r n j wix n FAMILY,1,1,1,russellwix1,russell wix,227,41,1,2,2015
https://twitter.com/LvahJ/status/561750808384274432,2015-02-01 05:00:04+00:00,561750808384274432,My very own website! Created by me - made with @Wix http://t.co/J5gRVGaSUg #MyProWebsite #ItsThatEasy,1,0,1,LvahJ,† v r r a💎,3045,381,1,2,2015
https://twitter.com/CampaignLiveUS/status/561736976484040704,2015-02-01 04:05:06+00:00,561736976484040704,".@DDBNewYork's Joe Cianciotto picks his top 3 Super Bowl ads so far: Newcastle, Wix and Budweiser http://t.co/5LAhPjZyM0 #campaignsuperbowl",9,0,2,CampaignLiveUS,Campaign US,16598,1974,1,2,2015
https://twitter.com/FastCoCreative/status/561699249269014528,2015-02-01 01:35:11+00:00,561699249269014528,.@Favre4Official's next gig? @FavreandCarve. See the other careers of retired NFL stars with @Wix's #SuperBowl spot: http://t.co/Kt2mEh5syG,1,0,1,FastCoCreative,Fast Co. Creativity,153212,99,1,2,2015
https://twitter.com/LoctiteGlue/status/561683481156407296,2015-02-01 00:32:32+00:00,561683481156407296,@Wix @EAT24 We’d never back down from a promise. http://t.co/OuAj7oH7aY,4,1,6,LoctiteGlue,Loctite Glue,4063,2475,1,2,2015
https://twitter.com/netizenships/status/561679188143271936,2015-02-01 00:15:28+00:00,561679188143271936,How To Migrate Websites From Wix To WordPress Hosting? http://t.co/7flaUxffyQ #WebServices #WordPress,1,0,0,netizenships,Netizenships,176,0,1,2,2015
