url,Datetime,Tweet Id,Text,Retweet Count,Reply Count,Like Count,Username,Display Name,Followers Count,Friends Count,Day,Month,Year
https://twitter.com/Tech_Journalism/status/562391296279863296,2015-02-02 23:25:08+00:00,562391296279863296,"Bad Day for Uptime: Weather KOs Fujitsu #DataCenter in Australia, Ghana Facility Down After Fire  http://t.co/aLvs7M9yMF",1,0,0,Tech_Journalism,Rich Miller,5665,1364,2,2,2015
https://twitter.com/abtech_cc/status/562388861167222784,2015-02-02 23:15:27+00:00,562388861167222784,"Due to inclement weather, A-B Tech will delay opening until 10 am on Tuesday, February 3. report to your normal 10 am location.",2,0,1,abtech_cc,A-B Tech,3837,691,2,2,2015
https://twitter.com/WeatherTech/status/562347235816398848,2015-02-02 20:30:03+00:00,562347235816398848,Give a shout out to Scout the #GoldenRetriever for his awesome #BigGame commercial debut! http://t.co/dPPjzKIn13,3,5,3,WeatherTech,WeatherTech,9739,1778,2,2,2015
https://twitter.com/jeremyscarroll/status/562305147137974272,2015-02-02 17:42:48+00:00,562305147137974272,"Yes, that was plastic thermoforming you saw during WeatherTech's Super Bowl commercial: http://t.co/YC5IjG9H8R",3,0,0,jeremyscarroll,Jeremy Carroll,1503,366,2,2,2015
https://twitter.com/MillarMatthews/status/562270501255380992,2015-02-02 15:25:08+00:00,562270501255380992,The best weather apps for iPhone and iPad - http://t.co/RRfDcIC1MZ - #USA #tech #news http://t.co/lpVNj3e3hn,1,0,0,MillarMatthews,Millar Matthews,6717,7362,2,2,2015
https://twitter.com/MarkAAMphilly/status/562225376945246208,2015-02-02 12:25:50+00:00,562225376945246208,WeatherTech: You Can't Do That™ Big Game Commercial: http://t.co/LlXkpVMm6k via @YouTube great Super Bowl Commercial about making it in USA,1,0,0,MarkAAMphilly,Mark Musho,292,435,2,2,2015
https://twitter.com/CCCNewsroom/status/562214499697319936,2015-02-02 11:42:36+00:00,562214499697319936,Lighthouse charter school and Cape Tech also off today due to weather.,2,0,1,CCCNewsroom,Cape Cod Chronicle,12394,96,2,2,2015
https://twitter.com/NYStartupLab/status/562205237977415680,2015-02-02 11:05:48+00:00,562205237977415680,Four short links: 2 February 2015: Global Forecast System — National Weather Service open so... http://t.co/WwkUo6CVUR #tech #technology,1,0,1,NYStartupLab,New York Startup Lab,7437,936,2,2,2015
https://twitter.com/bubble_cocain/status/562110778992766977,2015-02-02 04:50:27+00:00,562110778992766977,The way the weather set up.... A bitch might not be at Central Tech Tmrw 😭,2,0,0,bubble_cocain,💋 lul dev 💋,2146,1933,2,2,2015
https://twitter.com/Cedi_x3/status/562099823332311040,2015-02-02 04:06:55+00:00,562099823332311040,“@Miskath97: YESSSSSS TECH CLOSED DUE TO INCLEMENT WEATHER!!! #PCTI  http://t.co/GUO3Xc80Nq” You just made me so mad😂😩😩😤😭👊👊👊,1,1,1,Cedi_x3,cedi ♎️🇵🇷,1121,906,2,2,2015
https://twitter.com/Miskath97/status/562099161857007618,2015-02-02 04:04:18+00:00,562099161857007618,YESSSSSS TECH CLOSED DUE TO INCLEMENT WEATHER!!! #PCTI  http://t.co/lZ4SNyT2S4,8,6,6,Miskath97,Miskath,1128,1310,2,2,2015
https://twitter.com/storage_agent/status/562082492178776064,2015-02-02 02:58:03+00:00,562082492178776064,The Super Bowl Sophomore: 5 Questions with WeatherTech CEO David MacNeil #branding http://t.co/NKpEiqVwKc,1,0,1,storage_agent,Storage agent,979,1636,2,2,2015
https://twitter.com/NewTechZB/status/562082388214566917,2015-02-02 02:57:38+00:00,562082388214566917,New Tech will be closed tomorrow Feb. 2 due to weather.  Keep watching http://t.co/PkSFnD4gyt for more info.,2,0,1,NewTechZB,NT@ZB,183,35,2,2,2015
https://twitter.com/OaklandSchools/status/562079236627107841,2015-02-02 02:45:07+00:00,562079236627107841,"All Oakland Schools Buildings (including 4 Tech Campuses) will be CLOSED on Monday, Feb. 2, due to snowy weather.",1,0,2,OaklandSchools,Oakland Schools,11384,4560,2,2,2015
https://twitter.com/IvyTechCC/status/562066485842305024,2015-02-02 01:54:27+00:00,562066485842305024,Ivy Tech Northeast will be closed February 2 due to inclement weather.  Check our Facebook page for the complete list of closings.,1,2,2,IvyTechCC,Ivy Tech,9102,332,2,2,2015
https://twitter.com/mfgmikem/status/562060951810482178,2015-02-02 01:32:28+00:00,562060951810482178,Thanks #WeatherTech for a #MADEINUSA commercial featuring #mfg.,2,1,1,mfgmikem,Mike Monnier,242,250,2,2,2015
https://twitter.com/HonoYoRu_/status/562053095128330241,2015-02-02 01:01:14+00:00,562053095128330241,I liked a @YouTube video from @realtruck http://t.co/EjxNBQfQbS WeatherTech Super Bowl Commercial,1,0,1,HonoYoRu_,🏳️‍🌈HonoYoRu🎲🌿🪐💀🔱(blm)🏳️‍🌈,252,246,2,2,2015
https://twitter.com/PostVideo/status/562051015672078336,2015-02-02 00:52:59+00:00,562051015672078336,WeatherTech is the smallest company running an ad during the Super Bowl http://t.co/iSTCBzV6tr,22,4,20,PostVideo,Washington Post Video,45587,378,2,2,2015
https://twitter.com/CBinsights/status/562049905481752576,2015-02-02 00:48:34+00:00,562049905481752576,So far Weathertech &amp; GoDaddy are the only private cos who've had Super Bowl ads. Both had ads last year as well - http://t.co/00033RBBex,1,1,0,CBinsights,CB Insights,103419,0,2,2,2015
https://twitter.com/pepboysauto/status/562047604058779648,2015-02-02 00:39:25+00:00,562047604058779648,Kudos to @WeatherTech for a great #SB49 commercial. #MadeInAmerica #brandbowl http://t.co/Yez7DE6xhF,4,0,4,pepboysauto,Pep Boys Auto Service & Tires,21662,2447,2,2,2015
https://twitter.com/shanefd/status/562047264756363265,2015-02-02 00:38:04+00:00,562047264756363265,@WeatherTech Love mine...especially in this winter weather. Awesome products...awesome company! #americanmade,2,0,2,shanefd,Shane Ayers,77,173,2,2,2015
https://twitter.com/Denali99/status/562047217306189824,2015-02-02 00:37:53+00:00,562047217306189824,I have to say the Weather Tech mats are great. Just received mine just in time before all the snow came. #weathertech,2,0,1,Denali99,C. Nelson,1193,1036,2,2,2015
https://twitter.com/MSUComArtSci/status/562047036493926400,2015-02-02 00:37:10+00:00,562047036493926400,BMW still tops at the #MSUperbowl. Last place is a tie for Terminator and Weather Tech,4,0,1,MSUComArtSci,MSU ComArtSci,6890,1566,2,2,2015
https://twitter.com/WeatherTech/status/562046659115626496,2015-02-02 00:35:40+00:00,562046659115626496,Scout here! Take a look at our outtakes from filming the #WeatherTech #BigGame commercial: http://t.co/ojrNlv0X5B http://t.co/UzDQ5f36CT,11,1,9,WeatherTech,WeatherTech,9739,1778,2,2,2015
https://twitter.com/subWOW/status/562046446548291585,2015-02-02 00:34:49+00:00,562046446548291585,Amazed weather tech purchased a spot ($4million?) How much are they making selling floor mats?! #SB49SMChat,1,0,1,subWOW,Call me Lin. 🌻🇺🇦,1532,1015,2,2,2015
https://twitter.com/DanConwayRacing/status/562045880417918976,2015-02-02 00:32:34+00:00,562045880417918976,@Sponsor_Drivers @WeatherTech they've been a major sponsor in racing for many many years,1,0,1,DanConwayRacing,Dan Conway,256,742,2,2,2015
https://twitter.com/wsjCMO/status/562045782107652096,2015-02-02 00:32:11+00:00,562045782107652096,.@cpbgroup's Ralph Watson on Weathertech ad: 'Kind of a brochure brought to life in 30 secs of products &amp; services' http://t.co/ZltY84YbdS,1,0,0,wsjCMO,CMO Today,62374,37,2,2,2015
https://twitter.com/McDonalds/status/562045545326198785,2015-02-02 00:31:14+00:00,562045545326198785,".@WeatherTech As American as baseball, apple pie &amp; Big Macs. Lovin’ it. RT to try to win these USA-made floor liners https://t.co/W7vhugvm2k",3824,130,431,McDonalds,McDonald's,4577100,13666,2,2,2015
https://twitter.com/AdamRitz/status/562045540314005504,2015-02-02 00:31:13+00:00,562045540314005504,I like the weather tech spot better than the Im A Dead Kid spot from Nationwide. #SuperBowl,3,0,4,AdamRitz,Adam Ritz,33577,6176,2,2,2015
https://twitter.com/jennmaffeo/status/562045454322769920,2015-02-02 00:30:53+00:00,562045454322769920,Great audience targeting @WeatherTech #SoundofAmerica #USA #SuperBowl,1,0,0,jennmaffeo,Jenn Maffeo,3299,3109,2,2,2015
https://twitter.com/helenpremium/status/562045374224146432,2015-02-02 00:30:34+00:00,562045374224146432,Weathertech (regional?) spot. Women as workers and engineers in factory without it seeming abnormal. Now I want new floor mats. #3percentsb,2,1,3,helenpremium,Helen Keighron,1116,967,2,2,2015
https://twitter.com/KyleRohde/status/562045334658887680,2015-02-02 00:30:24+00:00,562045334658887680,Refreshing 2 see somebody just trying to sell something instead of showing over-reaching brand message-nice job @WeatherTech. #sbads #aafkc,2,0,1,KyleRohde,Kyle Rohde,2162,2094,2,2,2015
https://twitter.com/Adweek/status/562045316720259074,2015-02-02 00:30:20+00:00,562045316720259074,WEATHERTECH - Bland creative just feels so out of place on this stage. #SuperBowl http://t.co/qQoKIUybj6,22,17,51,Adweek,Adweek,690384,26538,2,2,2015
https://twitter.com/marobella/status/562045287729229824,2015-02-02 00:30:13+00:00,562045287729229824,@havashelia_NA @WeatherTech Illinois company - direct response approach. I bought them this year.,1,1,0,marobella,Paul Marobella,5099,3701,2,2,2015
https://twitter.com/jkrohrs/status/562045280523411456,2015-02-02 00:30:11+00:00,562045280523411456,Kudos to @WeatherTech for having honest-to-goodness calls-to-action in their $4.5M #SB49 ad. A URL &amp; a phone number. #BrandBowl,3,2,4,jkrohrs,Jeffrey K. Rohrs,9268,6484,2,2,2015
https://twitter.com/ChartSwingTrade/status/562045168959107072,2015-02-02 00:29:45+00:00,562045168959107072,I think that weather tech commercial was best so far. I could tell what product was without thinking for an hour &amp; wasnt depressed afterward,2,1,0,ChartSwingTrade,Chart Swing Trader,11039,48,2,2,2015
https://twitter.com/robsine/status/562044999198846976,2015-02-02 00:29:04+00:00,562044999198846976,@WeatherTechPrez @WeatherTech congratulations you did it again #youcandothat,1,0,1,robsine,Rob Sine,169,541,2,2,2015
https://twitter.com/AnneRipley/status/562044998984531970,2015-02-02 00:29:04+00:00,562044998984531970,“@adage: Fun fact: The Golden Retriever in @weathertech commercial belongs to the founder and CEO of the company. #SuperBowlads”,1,0,0,AnneRipley,Anne Buehner,1806,2044,2,2,2015
https://twitter.com/ethridgem/status/562044998330232832,2015-02-02 00:29:04+00:00,562044998330232832,@WeatherTech that's two years in a row that your commercial has shown a 48-star American Flag. #falseflag #getitfixed #proudtobeanamerican,1,0,0,ethridgem,Michael G Ethridge,400,1436,2,2,2015
https://twitter.com/djtfernandez/status/562044991208312833,2015-02-02 00:29:02+00:00,562044991208312833,Weather tech commercial didn't realize that Super Bowl commercials are supposed to be entertaining,3,1,4,djtfernandez,D-Fern,647,473,2,2,2015
https://twitter.com/ajrespess/status/562044950599458817,2015-02-02 00:28:53+00:00,562044950599458817,"Generally horrified reactions to the @Nationwide spot from the #GCAdCats. And that Weather Tech spot was an odd choice, yes? #SB49",1,0,2,ajrespess,Amanda Respess,788,830,2,2,2015
https://twitter.com/OrganizerCmw/status/562044939690065920,2015-02-02 00:28:50+00:00,562044939690065920,You wouldn't be impressed by weathertech if you talked to their poorly treated temps as much as I,1,0,0,OrganizerCmw,Chris White,1461,4996,2,2,2015
https://twitter.com/RepresentPledge/status/562044935331799040,2015-02-02 00:28:49+00:00,562044935331799040,@WeatherTech features a lady engineer! cc: @EmWatson #MediaWeLike #3percentSB,10,1,20,RepresentPledge,The Rep Project,88577,2702,2,2,2015
https://twitter.com/Kwal0103/status/562044906420830208,2015-02-02 00:28:42+00:00,562044906420830208,"@jeanniemarie14 AMERICA, FUCK YEAH! @WeatherTech",1,0,1,Kwal0103,Mike Kowalski,315,325,2,2,2015
https://twitter.com/Bianca_JustB/status/562044862384459776,2015-02-02 00:28:32+00:00,562044862384459776,Made in America does matter @WeatherTech @USMadeMatters #madeinamerica #SuperBowl,1,0,3,Bianca_JustB,Bianca,519,463,2,2,2015
https://twitter.com/maryheston/status/562044847230435329,2015-02-02 00:28:28+00:00,562044847230435329,Great #superbowlcommercial @WeatherTech Totally got the msg in 30 seconds #kudos cc @shebuyscars,1,0,1,maryheston,Mary Heston,30426,29168,2,2,2015
https://twitter.com/PalmerWenzel/status/562044819858407427,2015-02-02 00:28:21+00:00,562044819858407427,*at school tomorrow* Dude did you see that Weather Tech commercial???,1,0,6,PalmerWenzel,Palmer,1482,1126,2,2,2015
https://twitter.com/Bobosphere/status/562044815748374529,2015-02-02 00:28:21+00:00,562044815748374529,weathertech. no jokes. no celebs. no puppies. just a couple of soolid reasons to buytheir car stuff. weird. #whartonfoa,1,2,4,Bobosphere,Bob Garfield,25308,2254,2,2,2015
https://twitter.com/MarcWSam/status/562044809368444928,2015-02-02 00:28:19+00:00,562044809368444928,WeatherTech from Bolingbrook with a Super Bowl commercial.,5,0,2,MarcWSam,Marc,291,916,2,2,2015
https://twitter.com/AdvertGirl/status/562044807565312000,2015-02-02 00:28:19+00:00,562044807565312000,WeatherTech ad was made in America. #brandbowl,1,0,0,AdvertGirl,Denise Blasevick (she/her/hers),3860,926,2,2,2015
https://twitter.com/Macoule30/status/562044803748085760,2015-02-02 00:28:18+00:00,562044803748085760,There were no dads in that Weather Tech commercial. What gives?,3,0,3,Macoule30,Will McLaughlin,2422,2753,2,2,2015
https://twitter.com/chucknicecomic/status/562044802146242561,2015-02-02 00:28:17+00:00,562044802146242561,"I'm buying Weather Tech for my car, because if they can afford a commercial that boring during the #SuperBowl, they must be really good!",17,2,37,chucknicecomic,Chuck Nice,47601,497,2,2,2015
https://twitter.com/willkinton247/status/562044786971267072,2015-02-02 00:28:14+00:00,562044786971267072,Wow! @WeatherTech has moved from the the middle third of Autoweek to the Super Bowl!,1,0,1,willkinton247,Will Kinton,510,578,2,2,2015
https://twitter.com/zeitchikWaPo/status/562044776732971008,2015-02-02 00:28:11+00:00,562044776732971008,"At Weather Tech, we just like saying America. America, America, America",1,0,1,zeitchikWaPo,Steven Zeitchik,14767,1636,2,2,2015
https://twitter.com/AllynPaul/status/562044773846884353,2015-02-02 00:28:11+00:00,562044773846884353,beautiful this year guys @WeatherTech #MADEinUSA #adbowl,2,0,2,AllynPaul,Allyn Hane,8926,3261,2,2,2015
https://twitter.com/AutoweekUSA/status/562044768755384320,2015-02-02 00:28:09+00:00,562044768755384320,Here's @Weathertech hitting the Super Bowl http://t.co/NJWcxHlYZ5 #SuperBowl #SuperBowl commercials http://t.co/8N9ydSD3EH,6,1,12,AutoweekUSA,Autoweek,176341,560,2,2,2015
https://twitter.com/Cali4niaSunsets/status/562044762434576385,2015-02-02 00:28:08+00:00,562044762434576385,Looks like Mama Kim has her own SuperBowl commercial #WeatherTech @megan_gulick,1,1,4,Cali4niaSunsets,Alex H.,160,644,2,2,2015
https://twitter.com/BitterOldPunk/status/562044760324444163,2015-02-02 00:28:07+00:00,562044760324444163,Thank you WeatherTech for running a straightforward advertisement encouraging me to buy your products because of their perceived quality,1,0,2,BitterOldPunk,BitterOldPunk,5541,1989,2,2,2015
https://twitter.com/jdemuesy/status/562044757023936512,2015-02-02 00:28:07+00:00,562044757023936512,WeatherTech got a commercial before halftime? Is this game two of the WNBA Eastern Conference Finals?,3,0,1,jdemuesy,Jedward,1131,1560,2,2,2015
https://twitter.com/Szczepanik/status/562044736287281152,2015-02-02 00:28:02+00:00,562044736287281152,Weathertech makes great floormats and terrible ads. #BrandBowl,1,0,1,Szczepanik,Mark Szczepanik,3026,4269,2,2,2015
https://twitter.com/tadfriend/status/562044726455848961,2015-02-02 00:27:59+00:00,562044726455848961,WeatherTech didn't get the memo and actually promoted its product.,9,2,24,tadfriend,tad friend,19744,531,2,2,2015
https://twitter.com/tomcummings/status/562044719556231168,2015-02-02 00:27:58+00:00,562044719556231168,Made in America. High quality.Great fit. America needs more companies like #weathertech. I'll be ordering a set for my jeep. #sb49ads #sbads,1,0,0,tomcummings,Tom Cummings,2678,3111,2,2,2015
https://twitter.com/KeepitMadeinUSA/status/562044716720459776,2015-02-02 00:27:57+00:00,562044716720459776,WeatherTech! #MadeinAmerica #SuperBowI,2,0,2,KeepitMadeinUSA,AAM,13901,2142,2,2,2015
https://twitter.com/Sponsor_Drivers/status/562044699960037377,2015-02-02 00:27:53+00:00,562044699960037377,Hey @WeatherTech Racing Could Use a Sponsor Like You!,6,2,4,Sponsor_Drivers,Sponsor Drivers MM,5966,5358,2,2,2015
https://twitter.com/XDrewsipherX/status/562044693949997057,2015-02-02 00:27:51+00:00,562044693949997057,@lindhartsen those weathertech flootmats are actually super awesome...,1,0,0,XDrewsipherX,Drewsipher,1010,1851,2,2,2015
https://twitter.com/JesseSwinger/status/562044688803172352,2015-02-02 00:27:50+00:00,562044688803172352,Weather tech floor liners... like spanks for your car.,2,0,2,JesseSwinger,Jesse Swinger 🎧,3125,4585,2,2,2015
https://twitter.com/AndreaVahl/status/562044688388345857,2015-02-02 00:27:50+00:00,562044688388345857,Boring Weathertech commercial #brandbowl,1,0,2,AndreaVahl,AndreaVahl,28657,16815,2,2,2015
https://twitter.com/DonQuintero/status/562044667928518656,2015-02-02 00:27:45+00:00,562044667928518656,"And know you know, @WeatherTech is made in America #AdGradBowl",1,0,1,DonQuintero,Chris Quintero,231,602,2,2,2015
https://twitter.com/itsahappymedium/status/562044658826870784,2015-02-02 00:27:43+00:00,562044658826870784,"One day late, WeatherTech. One day late. #HMADSCHAT",1,0,3,itsahappymedium,Happy Medium,3224,3679,2,2,2015
https://twitter.com/JeremyShermak/status/562044654783574016,2015-02-02 00:27:42+00:00,562044654783574016,"Well, I have the @WeatherTech ad as the leader in the #superbowlcommercials clubhouse.",1,0,1,JeremyShermak,Jeremy Shermak,1239,2768,2,2,2015
https://twitter.com/richksu/status/562044647904509952,2015-02-02 00:27:41+00:00,562044647904509952,I’m convinced #WeatherTech is a money laundering scheme for the Colombian drug cartel.,1,0,0,richksu,RK,421,876,2,2,2015
https://twitter.com/katherinemiller/status/562044647208673281,2015-02-02 00:27:40+00:00,562044647208673281,"""WeatherTech floor liners, proudly made in America. Also ghost children and the wistful passage of time.""",3,0,3,katherinemiller,Katherine Miller,57291,1755,2,2,2015
https://twitter.com/ndc624/status/562044644800729088,2015-02-02 00:27:40+00:00,562044644800729088,WeatherTech has the best commercial so far hands down,1,0,3,ndc624,Noah Ceremony,316,390,2,2,2015
https://twitter.com/aamberica/status/562044643236265988,2015-02-02 00:27:39+00:00,562044643236265988,Niggas will get weather tech for their car but won't use a condom 😂😂💀,1,0,4,aamberica,amber,1451,938,2,2,2015
https://twitter.com/NARAL/status/562044630834094080,2015-02-02 00:27:36+00:00,562044630834094080,#MediaWeLike: @WeatherTech ad featuring female engineers! #SuperBowlXLIX #SuperBowl #SB49,9,0,15,NARAL,NARAL,225200,6611,2,2,2015
https://twitter.com/JoannWayman/status/562044624483528705,2015-02-02 00:27:35+00:00,562044624483528705,Good news  Made in USA by #weathertech #SuperBowl,1,0,2,JoannWayman,Dr. Joann Wayman,1293,1396,2,2,2015
https://twitter.com/AuntieAnnes/status/562044605181739008,2015-02-02 00:27:30+00:00,562044605181739008,"Oh man, it's been a rough winter. We could use some @WeatherTech car mats! #SuperBowlSunday",2,0,3,AuntieAnnes,Auntie Anne's 🐉,66186,31738,2,2,2015
https://twitter.com/AdamDavis/status/562044602841313281,2015-02-02 00:27:30+00:00,562044602841313281,"That weather tech commercial just broke both rules. what the hell, who allowed that?",3,1,2,AdamDavis,Adam,4750,1319,2,2,2015
https://twitter.com/tonydizinno/status/562044598789627906,2015-02-02 00:27:29+00:00,562044598789627906,And now @WeatherTech too - sup @CooperMacNeil #SuperBowl,1,2,5,tonydizinno,Tony DiZinno,9365,1301,2,2,2015
https://twitter.com/jamespoyser/status/562044592103510017,2015-02-02 00:27:27+00:00,562044592103510017,How bout Weathertech just had the happiest commercial in this break??,5,2,18,jamespoyser,James Poyser,25585,1366,2,2,2015
https://twitter.com/spipasucci/status/562044585820839937,2015-02-02 00:27:26+00:00,562044585820839937,Sorry #weathertech - Quality car liners is not SAD enough…,1,0,1,spipasucci,Dean Bianchi,183,1070,2,2,2015
https://twitter.com/adrants/status/562044579328061440,2015-02-02 00:27:24+00:00,562044579328061440,Weathertech. Most boring yet most informative commercial of the night.,3,1,4,adrants,Adrants,41137,573,2,2,2015
https://twitter.com/Jubilance1922/status/562044560814383104,2015-02-02 00:27:20+00:00,562044560814383104,"Real talk, I want some Weather Tech liners for my car...but my NEXT car, cause my current car already fucked up.",1,0,1,Jubilance1922,SCOTUS says I'm OfWilliam Now,1941,418,2,2,2015
https://twitter.com/swedenthompson/status/562044546939637763,2015-02-02 00:27:16+00:00,562044546939637763,"Wait, are #WeatherTech floor liners are made in America? Not what a Super Bowl ad should be. Waste of $4.5 million @20tonideas",1,1,0,swedenthompson,Ephemeral Lagasse,307,882,2,2,2015
https://twitter.com/thisdjchill/status/562044539351736321,2015-02-02 00:27:15+00:00,562044539351736321,I’m getting me some weather tech mats for my truck…….  USA baby!!!!,1,0,2,thisdjchill,Chill Will,1617,702,2,2,2015
https://twitter.com/adage/status/562044533228437505,2015-02-02 00:27:13+00:00,562044533228437505,Fun fact: The Golden Retriever in @weathertech commercial belongs to the founder and CEO of the company. #SuperBowlads,32,3,43,adage,Ad Age,1001873,73143,2,2,2015
https://twitter.com/iFrenchy_/status/562044527788453889,2015-02-02 00:27:12+00:00,562044527788453889,That WeatherTech chick was kinda bad.,1,1,0,iFrenchy_,court..,3105,142,2,2,2015
https://twitter.com/brian_mccoy11/status/562044456392982529,2015-02-02 00:26:55+00:00,562044456392982529,YESSS WEATHER TECH COMMERCIAL,3,0,1,brian_mccoy11,Brian McCoy,239,231,2,2,2015
https://twitter.com/OaklandSchools/status/562025516870676480,2015-02-01 23:11:39+00:00,562025516870676480,"All Oakland Schools Buildings (including 4 Tech Campuses) will be CLOSED on Mon., Feb. 2, due to weather. http://t.co/qEqd8H8klR",4,0,10,OaklandSchools,Oakland Schools,11384,4560,1,2,2015
https://twitter.com/MakersRow/status/562019576896958464,2015-02-01 22:48:03+00:00,562019576896958464,Rooting for the American Worker at the Super Bowl: @ABC on @WeatherTech's new #SuperBowl ad supporting #MadeinAmerica http://t.co/XLDyFiGQfQ,3,0,2,MakersRow,Maker's Row,11034,355,1,2,2015
https://twitter.com/ayeh3m/status/562014247790837762,2015-02-01 22:26:53+00:00,562014247790837762,"SEN1OR5💯“@bourgeois_roger: Greater Lowell Tech will be closed on Monday February 2, 2015 due to inclement weather. #StaySafe”",1,0,0,ayeh3m,A,357,240,1,2,2015
https://twitter.com/martechismktg/status/562007861497446401,2015-02-01 22:01:30+00:00,562007861497446401,"Good Q… Commercials get my vote. How about you? MT @WeatherTech: Are you more excited for the game, commercials or Halftime Show? #SB49",3,0,0,martechismktg,MarTech,206304,1006,1,2,2015
https://twitter.com/bourgeois_roger/status/562005105604833280,2015-02-01 21:50:33+00:00,562005105604833280,"Greater Lowell Tech will be closed on Monday February 2, 2015 due to inclement weather. #StaySafe",66,12,18,bourgeois_roger,Roger Bourgeois,497,403,1,2,2015
https://twitter.com/WeatherTech/status/561992391549153280,2015-02-01 21:00:02+00:00,561992391549153280,"Tonight, the #SoundOfAmerica is football. Tomorrow morning, it is the sound of the American worker. http://t.co/apJP58cKlf",7,4,17,WeatherTech,WeatherTech,9739,1778,1,2,2015
https://twitter.com/TeamJEGS/status/561946287399268353,2015-02-01 17:56:50+00:00,561946287399268353,Checkout the @WeatherTech commercial in the 2nd quarter of #SuperBowlXLIX. JEGS has you covered with FREE shipping http://t.co/b6l9Ge4kBD,1,0,3,TeamJEGS,Team JEGS,33847,137,1,2,2015
https://twitter.com/Vibhoo/status/561940376014295040,2015-02-01 17:33:20+00:00,561940376014295040,Share all #tech related tuts on http://t.co/5mdIJJGA71 weather it's #php #rails #python #java #bigdata or any other,1,0,3,Vibhoo,Vibhoo Mishra,230,592,1,2,2015
https://twitter.com/SEMAMembers/status/561939237872758784,2015-02-01 17:28:49+00:00,561939237872758784,Look for SEMA member @WeatherTech during today's #Superbowl. They are representing the auto aftermarket with a commercial during the game!,4,0,3,SEMAMembers,SEMA News,3856,313,1,2,2015
https://twitter.com/BoylanTheater/status/561912193802072064,2015-02-01 15:41:21+00:00,561912193802072064,All of our Tech sessions are cancelled today due to weather. Please let students without FB/Twitter know of this update. Stay warm and safe!,1,0,0,BoylanTheater,The Boylan Players,141,32,1,2,2015
https://twitter.com/MillarMatthews/status/561811200241967104,2015-02-01 09:00:02+00:00,561811200241967104,A New Global Swarm of Weather-Sensing Satellites - http://t.co/RRfDcIC1MZ - #USA #tech #news http://t.co/aWcpR2TCze,1,0,1,MillarMatthews,Millar Matthews,6717,7362,1,2,2015
https://twitter.com/GroupMIndia/status/561800031548616704,2015-02-01 08:15:39+00:00,561800031548616704,"Jaipur weather about to change:56% digital, 33% creativity, 31% tech, 18% startups &amp;100% fun forecasted #streamindia @WPPStream @robnorman",2,0,9,GroupMIndia,GroupMIndia,2884,23,1,2,2015
https://twitter.com/Ashima_Chetan/status/561797196358500352,2015-02-01 08:04:23+00:00,561797196358500352,"RT ""@tushvyas: Jaipur weather about to change:56% digital, 33% creativity, 31% tech, 18% startups &amp;100% fun forecasted #streamindia""",1,0,1,Ashima_Chetan,Ashima,591,310,1,2,2015
https://twitter.com/tushvyas/status/561769772564504576,2015-02-01 06:15:25+00:00,561769772564504576,"Jaipur weather about to change:56% digital, 33% creativity, 31% tech, 18% startups &amp;100% fun forecasted #streamindia @WPPStream @robnorman",5,0,7,tushvyas,Tushar Vyas,1269,102,1,2,2015
