url,Datetime,Tweet Id,Text,Retweet Count,Reply Count,Like Count,Username,Display Name,Followers Count,Friends Count,Day,Month,Year
https://twitter.com/nadiepetah/status/562395451584819200,2015-02-02 23:41:39+00:00,562395451584819200,So you #GotCovered. But now it's time to do your taxes. Join #TaxHealth Feb. 3 at 2 ET/11 PT to learn more! .@GetCoveredUS TurboTax,1,0,1,nadiepetah,Barry Sensa,13280,13288,2,2,2015
https://twitter.com/nadiepetah/status/562395269455568896,2015-02-02 23:40:55+00:00,562395269455568896,Join @GetCoveredUS &amp; @TurboTax Feb. 3 at 2 ET to learn about how your health insurance could impact your taxes. Tweet Qs using #TaxHealth,4,0,2,nadiepetah,Barry Sensa,13280,13288,2,2,2015
https://twitter.com/turbotax/status/562389460294189056,2015-02-02 23:17:50+00:00,562389460294189056,@Melissaborbax3 We think you're pretty cool too.  Have a great rest of the year.  See you in 2016.,1,0,2,turbotax,Intuit TurboTax,64669,927,2,2,2015
https://twitter.com/mattkrantz/status/562382544231223296,2015-02-02 22:50:21+00:00,562382544231223296,TurboTax sets date for free upgrade (Photo: USA TODAY): http://t.co/NHecnwSPnU $intu http://t.co/2w8MjSqdJR,3,0,2,mattkrantz,Matt Krantz,14063,1696,2,2,2015
https://twitter.com/i4unews/status/562377448671956993,2015-02-02 22:30:06+00:00,562377448671956993,TurboTax #SuperBowl 2015 Ad Boston Tea Party Released - I4U News http://t.co/BBq2rIhW3y http://t.co/IIOIbF1Fug,2,0,0,i4unews,I4U News,12039,4640,2,2,2015
https://twitter.com/miller_dz/status/562364601023881217,2015-02-02 21:39:03+00:00,562364601023881217,"Looking forward to working with @Greanlight for #TaxSeason. Met some great people already, and all online! Ditching #TurboTax this time",1,0,0,miller_dz,Derrick Miller,136,201,2,2,2015
https://twitter.com/CrosscutVC/status/562360514148188160,2015-02-02 21:22:49+00:00,562360514148188160,The team @measurabl is bringing TurboTax simplicity to corporate water/energy reporting http://t.co/hpvPiymTd7 …,2,0,0,CrosscutVC,Crosscut,3950,355,2,2,2015
https://twitter.com/Christy41970/status/562359901180424192,2015-02-02 21:20:23+00:00,562359901180424192,Get your taxes (1040/EZ) done for FREE! Absolutely NO hidden costs with TurboTax! #ad http://t.co/TOXYEeNhcF,5,0,0,Christy41970,Christy Maurer,17758,4831,2,2,2015
https://twitter.com/turbotax/status/562354845781217280,2015-02-02 21:00:17+00:00,562354845781217280,Happy #GroundhogDay! Brave the rest of winter with these #savings tips: http://t.co/dp1nJWKFP3,2,0,0,turbotax,Intuit TurboTax,64669,927,2,2,2015
https://twitter.com/Allshops2020/status/562352571222728705,2015-02-02 20:51:15+00:00,562352571222728705,Shop Amazon - TurboTax - Get 10% more on Top of Your Federal Refund  http://t.co/te3JBfDzhA,81,0,0,Allshops2020,John  wilson,1684,2487,2,2,2015
https://twitter.com/ArmstrongHelton/status/562347140031459328,2015-02-02 20:29:40+00:00,562347140031459328,Join @GetCoveredUS &amp; @TurboTax Feb. 3 at 2 ET to learn about how your health insurance could impact your taxes. Tweet Qs using #TaxHealth,3,0,2,ArmstrongHelton,Stephanie Helton,980,2438,2,2,2015
https://twitter.com/drsforamerica/status/562346105724469248,2015-02-02 20:25:34+00:00,562346105724469248,Questions about how your health insurance might affect your taxes? Join @GetCoveredUS &amp; @TurboTax's #TaxHealth chat Feb. 3 at 2 ET,6,0,1,drsforamerica,Doctors for America,21131,4990,2,2,2015
https://twitter.com/HHSRegion4/status/562345539241381888,2015-02-02 20:23:19+00:00,562345539241381888,Join @GetCoveredUS &amp; @TurboTax Feb. 3 at 2 ET to learn about how your health insurance could impact your taxes. Tweet Qs using #TaxHealth,1,0,0,HHSRegion4,HHS Region IV,2151,658,2,2,2015
https://twitter.com/BusyInFlorida/status/562343674927804416,2015-02-02 20:15:54+00:00,562343674927804416,File your taxes confidently with @turbotax! Read my financial organizing tips: http://t.co/YS6534FF7G #Absolute0 #cg http://t.co/BhswzcPusb,73,1,5,BusyInFlorida,Krystal 👩🏻‍💻,18601,10706,2,2,2015
https://twitter.com/Clever_Network/status/562330932632629248,2015-02-02 19:25:16+00:00,562330932632629248,"The best things in life are free, including #taxes! Get tax tips at the @turbotax Twitter Party 2/5 12pmPT #Absolute0 http://t.co/RqshjHrZqt",4,0,4,Clever_Network,CLEVER Network,13582,6964,2,2,2015
https://twitter.com/DealNews/status/562324678266458114,2015-02-02 19:00:25+00:00,562324678266458114,Select #TurboTax customers will get a free upgrade to their #tax software. Are you eligible? http://t.co/kh3oBwbbUL,1,0,0,DealNews,DealNews,43362,965,2,2,2015
https://twitter.com/turbotax/status/562324625342746625,2015-02-02 19:00:12+00:00,562324625342746625,Here’s why you should start your #taxes even earlier this year: http://t.co/FU8G6rv3l2 via @HuffingtonPost cc: @TTaxLisa,1,1,1,turbotax,Intuit TurboTax,64669,927,2,2,2015
https://twitter.com/turbotax/status/562320987685810179,2015-02-02 18:45:45+00:00,562320987685810179,@RoylinEP That's what we like to hear!  Happy Monday and happy 2015 to you.,1,0,0,turbotax,Intuit TurboTax,64669,927,2,2,2015
https://twitter.com/KenShepherd/status/562315501368770560,2015-02-02 18:23:57+00:00,562315501368770560,"To my fellow conservatives: if you're ""offended"" by the TurboTax Tea Party ad, kindly pull the stick out of your butt.",1,1,0,KenShepherd,Ken Shepherd,4800,5275,2,2,2015
https://twitter.com/GoodUXBadUX/status/562315176116895744,2015-02-02 18:22:39+00:00,562315176116895744,[GoodUX] RT @DesignUXUI: @turbotax take a complicated government service &amp; makes it simple to use and understand. #UX http://t.co/dSJKzhqHtM,1,0,6,GoodUXBadUX,Good UX / Bad UX,1123,105,2,2,2015
https://twitter.com/ednerd/status/562311998445072384,2015-02-02 18:10:02+00:00,562311998445072384,@turbotax Nice job opting me in to your TurboTax Premium Service and hiding the opting out. I even paid with a CC. Very shady dark pattern.,2,1,1,ednerd,Ed Nepomuceno,222,122,2,2,2015
https://twitter.com/DesignUXUI/status/562310649535922176,2015-02-02 18:04:40+00:00,562310649535922176,#goodux Turbotax take a super complicated government service and makes it simple to use and understand #UX http://t.co/epY2w1SvnG,6,0,9,DesignUXUI,Jonathan Shariat,18861,2952,2,2,2015
https://twitter.com/AdobeVideo/status/562302449487073280,2015-02-02 17:32:05+00:00,562302449487073280,SUPER BOWL | @turbotax ad by @WiedenKennedy edited by Kirk Baxter at EXILE: http://t.co/lIoAksoWrL #PremierePro http://t.co/69CDRAJGLk,8,0,11,AdobeVideo,Adobe Video & Motion,304580,1418,2,2,2015
https://twitter.com/njantiques/status/562273069155512320,2015-02-02 15:35:20+00:00,562273069155512320,What if Washington didn't finish crossing the #DelawareRiver? Take a look at this funny commercial for TurboTax... http://t.co/8lCo33GfMZ,1,0,2,njantiques,The History Girl,1641,629,2,2,2015
https://twitter.com/canadianliving/status/562272237416218624,2015-02-02 15:32:02+00:00,562272237416218624,"You could win 1 of 10 TurboTax prizes, plus get @gailvazoxlade 's best advice! Join us Feb 3: http://t.co/YPOqOogAe3 http://t.co/O7s9pAegtM",5,2,6,canadianliving,Canadian Living,61841,1825,2,2,2015
https://twitter.com/alexblack8888/status/562264516293951489,2015-02-02 15:01:21+00:00,562264516293951489,So cool. It turns out we stumbled on the @turbotax Boston tea party ad set. #SuperBowl #WhoKnew http://t.co/GKHPa5i5Hi,1,0,1,alexblack8888,Alexandra Black,261,438,2,2,2015
https://twitter.com/WashXingPark/status/562263729522622465,2015-02-02 14:58:14+00:00,562263729522622465,Did you see the @Turbotax #Superbowl commercial yesterday with General Washington crossing the Delaware? Photo from @VisitBucksPA,2,1,1,WashXingPark,Washington Crossing Historic Park,2305,428,2,2,2015
https://twitter.com/escottamemoir/status/562263074288050178,2015-02-02 14:55:37+00:00,562263074288050178,"An idea for our @MOJOAd Almond Breeze campaign was almost identical to Turbotax's Super Bowl spot, except it was milk instead of tea #peak",1,0,1,escottamemoir,Emilie Scott,670,1386,2,2,2015
https://twitter.com/awkwrdgrlbeauty/status/562253330114936832,2015-02-02 14:16:54+00:00,562253330114936832,Shoutout to @turbotax for sending my fed refund within 4 business days 😍,1,0,2,awkwrdgrlbeauty,Haley M. 💄,805,727,2,2,2015
https://twitter.com/DMR_MI/status/562192685457764352,2015-02-02 10:15:55+00:00,562192685457764352,"1 TurboTax may be only entity cheered by Nationwide ad 2 Nationwide had 7 notes, 1 football player &amp; 1 job 3 Insurance doesn't prevent death",1,1,0,DMR_MI,Donna,1154,1215,2,2,2015
https://twitter.com/BurnaDaHittMane/status/562174029285437440,2015-02-02 09:01:47+00:00,562174029285437440,@turbotax #ChoppaGangNation🚁- Day One (Official Music Video) 🎥 Ft @Only1JHazel http://t.co/ix2yssNSQ4 #RT♻️,1,0,1,BurnaDaHittMane,True$pill LiLSeaDawg,1368,1103,2,2,2015
https://twitter.com/chrisd107/status/562129497441705984,2015-02-02 06:04:50+00:00,562129497441705984,9 Things You Didn't Know Were Tax Deductions - TurboTax Tax Tips &amp; Videos https://t.co/YUhsgW0NOL,1,0,0,chrisd107,CHRIS,280,1058,2,2,2015
https://twitter.com/TrendsCleveland/status/562115046017224704,2015-02-02 05:07:25+00:00,562115046017224704,"TurboTax, @turbotax is now trending in #Cleveland http://t.co/zTNOancf6p",1,0,0,TrendsCleveland,Trendsmap Cleveland,1970,555,2,2,2015
https://twitter.com/turbotax/status/562098127998439424,2015-02-02 04:00:11+00:00,562098127998439424,16.5% of gamblers lost wagers on last year’s #BigGame. How did you fare this time around? http://t.co/HyVbgd8JZV #SB49,2,0,2,turbotax,Intuit TurboTax,64669,927,2,2,2015
https://twitter.com/WeightedDreidel/status/562095463235481600,2015-02-02 03:49:36+00:00,562095463235481600,"Still not over just how unAmerican that @turbotax commercial was. @Nationwide can kill as many kids as they want, but I'll never love taxes.",1,0,0,WeightedDreidel,Ben,312,311,2,2,2015
https://twitter.com/turbotax/status/562085126482325504,2015-02-02 03:08:31+00:00,562085126482325504,#PatriotsWIN. So can you. File for free today: http://t.co/TX3kuEu2if #SB49 #Absolute0,8,1,6,turbotax,Intuit TurboTax,64669,927,2,2,2015
https://twitter.com/Computerworld/status/562079716652232705,2015-02-02 02:47:02+00:00,562079716652232705,RT @gkeizer: Intuit backpedals from TurboTax changes after upgrade uproar. http://t.co/YodpwTYE0B,3,0,3,Computerworld,Computerworld,250172,2464,2,2,2015
https://twitter.com/FastCompany/status/562079168197058562,2015-02-02 02:44:51+00:00,562079168197058562,.@TurboTax reimagines the Boston Tea Party for the #SuperBowl: http://t.co/MENQY1a5rg by @jeffcbeer #SB49 http://t.co/MtVUFnRjLL,28,2,29,FastCompany,Fast Company,2346394,4243,2,2,2015
https://twitter.com/FastCoCreative/status/562079164594147328,2015-02-02 02:44:50+00:00,562079164594147328,.@TurboTax reimagines the Boston Tea Party for the #SuperBowl: http://t.co/WOxfhqM3iV by @jeffcbeer #SB49 http://t.co/GlAd33LxjT,4,0,4,FastCoCreative,Fast Co. Creativity,153212,99,2,2,2015
https://twitter.com/jeffcbeer/status/562077269884420096,2015-02-02 02:37:18+00:00,562077269884420096,.@TurboTax re-imagines The Boston Tea Party for the Super Bowl http://t.co/44o4o7wiz7,4,1,6,jeffcbeer,Jeff Beer,8698,2262,2,2,2015
https://twitter.com/Redfin/status/562071627186204672,2015-02-02 02:14:53+00:00,562071627186204672,.@turbotax Nice eye! We heard @pampers was scouting her for Super Bowl 50.,4,1,6,Redfin,Redfin,70234,1261,2,2,2015
https://twitter.com/EchelonInsights/status/562071594106114048,2015-02-02 02:14:45+00:00,562071594106114048,#SB49 ads getting the LEAST play on Twitter: Pierce Brosnan/Kia TurboTax Toyota Jeff Bridges,3,0,2,EchelonInsights,Echelon Insights,10133,1499,2,2,2015
https://twitter.com/turbotax/status/562068875806642176,2015-02-02 02:03:57+00:00,562068875806642176,".@RedFin congrats to the actress in your commercial! Last year she got married, this year a house?! #taxdeductions http://t.co/FsNANUhfIE",4,2,7,turbotax,Intuit TurboTax,64669,927,2,2,2015
https://twitter.com/turbotax/status/562067964304699392,2015-02-02 02:00:20+00:00,562067964304699392,.@tbrady14 = MVP of #touchdowns. You = MVP of your #taxes. Get started: http://t.co/ff5MT5D5On #Patriots #SB49,3,0,2,turbotax,Intuit TurboTax,64669,927,2,2,2015
https://twitter.com/amiabIecamila/status/562066382959812608,2015-02-02 01:54:03+00:00,562066382959812608,i can't wait to listen to reflection without nissan/wells fargo/turbotax/itunes commercials,1,0,0,amiabIecamila,💛,1751,60,2,2,2015
https://twitter.com/Rubytusdae/status/562064909857722368,2015-02-02 01:48:11+00:00,562064909857722368,Take control of your #taxes! Tune in for tips at the @turbotax Twitter Party 2/5 12pmPT http://t.co/2h0LS1HcWJ #Absolute0,2,0,0,Rubytusdae,Rachel Fuller,2862,3541,2,2,2015
https://twitter.com/thowave/status/562062882800934913,2015-02-02 01:40:08+00:00,562062882800934913,"Clever strategy-mention other commercials and dominate Twitter. @turbotax ad, but @McDonalds influences. See @Scraawl http://t.co/HIJrZXrBeA",1,0,0,thowave,Tom Wavering,1153,998,2,2,2015
https://twitter.com/turbotax/status/562062094107815937,2015-02-02 01:37:00+00:00,562062094107815937,".@KimKardashian you know you can use that data to file w/the #TurboTax App, right? http://t.co/RyA9tVpQuE #KimsDataStash cc @TMobile #SB49",1,1,2,turbotax,Intuit TurboTax,64669,927,2,2,2015
https://twitter.com/turbotax/status/562057320654327808,2015-02-02 01:18:02+00:00,562057320654327808,#DYK you can deduct work clothes if they’re unsuitable for everyday wear? @KatyPerry’s fire dress = DEFINITELY tax-deductible. #HalftimeShow,5,0,5,turbotax,Intuit TurboTax,64669,927,2,2,2015
https://twitter.com/turbotax/status/562056442337693696,2015-02-02 01:14:33+00:00,562056442337693696,Did you get your #TaxesDone already? Time to let loose and ROAR! http://t.co/K2H9YzP0t5 cc: @KatyPerry #HalftimeShow #SB49 #Absolute0,3,1,1,turbotax,Intuit TurboTax,64669,927,2,2,2015
https://twitter.com/turbotax/status/562054669371842560,2015-02-02 01:07:30+00:00,562054669371842560,Which is easier to understand? Your taxes or @NFL rules? Spoiler alert: it’s #taxes. File for #Absolute0! http://t.co/pKrYXhKtL6 #SB49,2,1,2,turbotax,Intuit TurboTax,64669,927,2,2,2015
https://twitter.com/hannnahhunter/status/562054009033220096,2015-02-02 01:04:52+00:00,562054009033220096,. @McDonalds @turbotax I'll accept like $17?,1,0,1,hannnahhunter,hannah,191,194,2,2,2015
https://twitter.com/turbotax/status/562052867884711936,2015-02-02 01:00:20+00:00,562052867884711936,"@ToddBarulich Hey, nice work!  #AlrightThen",1,0,1,turbotax,Intuit TurboTax,64669,927,2,2,2015
https://twitter.com/CBranum/status/562052245718446081,2015-02-02 00:57:52+00:00,562052245718446081,What's up with #TurboTax ?  Icon spinning all day.,2,0,13,CBranum,C Branum,13,183,2,2,2015
https://twitter.com/jaredskolnick/status/562051686643269632,2015-02-02 00:55:39+00:00,562051686643269632,"If it keeps at the current pace, the next ad will just be the truck scene from Pet Sematary followed by the TurboTax logo",1,1,3,jaredskolnick,Jared Skolnick,803,1075,2,2,2015
https://twitter.com/turbotax/status/562051614643875841,2015-02-02 00:55:22+00:00,562051614643875841,@julianneleague Awww shucks! Makes us happy too! #turbotax,1,0,4,turbotax,Intuit TurboTax,64669,927,2,2,2015
https://twitter.com/turbotax/status/562050060137926656,2015-02-02 00:49:11+00:00,562050060137926656,@VSteeleTweet @budweiser @katyperry Sounds like a good night to us!  #AlrightThen #SB49,1,2,1,turbotax,Intuit TurboTax,64669,927,2,2,2015
https://twitter.com/ksteven37/status/562048536536416257,2015-02-02 00:43:08+00:00,562048536536416257,Reviewing TurboTax’s ‘Boston Tea Party’ ad: ‘DEPORT TURBOTAX FOR TREASON’ (Sent from CNR) https://t.co/PJtICXGasX,1,0,1,ksteven37,steven kratz,37298,34833,2,2,2015
https://twitter.com/5sauceglobal/status/562046696742727681,2015-02-02 00:35:49+00:00,562046696742727681,"“@CapitolRecords: .@turbotax oh, the party is on! #5SOS #SB49 http://t.co/1NHfVFbchS”",3,0,5,5sauceglobal,5SOS Updates ❀,14070,146,2,2,2015
https://twitter.com/capitolmusic/status/562046418194800641,2015-02-02 00:34:43+00:00,562046418194800641,".@turbotax oh, the party is on! #5SOS #SB49 http://t.co/kPwf5B3pug",33,8,70,capitolmusic,Capitol Music,455759,616,2,2,2015
https://twitter.com/turbotax/status/562046302037372930,2015-02-02 00:34:15+00:00,562046302037372930,@ecantrell2302 Glad you liked it! Thank you.,1,0,1,turbotax,Intuit TurboTax,64669,927,2,2,2015
https://twitter.com/turbotax/status/562045807931584512,2015-02-02 00:32:17+00:00,562045807931584512,".@CapitolRecords you bring the tea, we'll bring the party #TurboTax",3,2,7,turbotax,Intuit TurboTax,64669,927,2,2,2015
https://twitter.com/tonythecase/status/562045273581445120,2015-02-02 00:30:10+00:00,562045273581445120,"HATED: @turbotax @Skittles @Lexus @Nissan — HARRY CHAPIN WTF?? (and how long was that, 2 hours?) #SB49 #superbowlcommercials",1,0,1,tonythecase,tonythecase,2666,203,2,2,2015
https://twitter.com/RoyalWJohnson/status/562045196301389825,2015-02-02 00:29:51+00:00,562045196301389825,"Super Bowl advertisers 'are on trial': For companies like T-Mobile, TurboTax, Esurance and Wix.c... http://t.co/loNj4vGwc5",1,0,0,RoyalWJohnson,Royal W Johnson,67504,77183,2,2,2015
https://twitter.com/RyanBrownLive/status/562044726086754304,2015-02-02 00:27:59+00:00,562044726086754304,My takeaway from Super Bowl commercials: TurboTax wants us under British rule. And... Nationwide and Nissan want you to feel like crap.,7,2,13,RyanBrownLive,Ryan Brown,27719,570,2,2,2015
https://twitter.com/EchelonInsights/status/562044363740839937,2015-02-02 00:26:33+00:00,562044363740839937,Ads we've analyzed so far sorted by positive sentiment:  Budweiser 90 Toyota 85 BMW 83 Doritos 82 Dove 76 Nationwide 58 TurboTax 48,8,0,3,EchelonInsights,Echelon Insights,10133,1499,2,2,2015
https://twitter.com/turbotax/status/562043456294780929,2015-02-02 00:22:56+00:00,562043456294780929,"@meganNBC  Yes, thanks! It was filmed in San Diego &amp; Los Angeles. You'd be surprised how hard it is to find 18th Century Boston in 2015!",1,1,1,turbotax,Intuit TurboTax,64669,927,2,2,2015
https://twitter.com/TIMoneybags/status/562043006568914945,2015-02-02 00:21:09+00:00,562043006568914945,Ok the #skittles #TurboTax and #AvocadosFromMexico #commercials were funny #SB49,1,0,1,TIMoneybags,TimeI$Money,214,280,2,2,2015
https://twitter.com/MrRolwes/status/562041958525186049,2015-02-02 00:16:59+00:00,562041958525186049,Turbotax commercial was not historically accurate!,5,0,7,MrRolwes,mr.rolwes,1002,4988,2,2,2015
https://twitter.com/jandralee/status/562041479527665664,2015-02-02 00:15:05+00:00,562041479527665664,@vincenzolandino @Budweiser @SNICKERS @bmw @turbotax @Skittles But it's an avocado!,1,0,1,jandralee,Jandra Sutton,4648,1726,2,2,2015
https://twitter.com/turbotax/status/562040628985737216,2015-02-02 00:11:42+00:00,562040628985737216,"@mcdonalds Consider yourselves tipped. ;) We’re lovin' $0 fed, $0 state, $0 to file. #Absolute0",3,2,0,turbotax,Intuit TurboTax,64669,927,2,2,2015
https://twitter.com/UltClassicRock/status/562040480918417409,2015-02-02 00:11:07+00:00,562040480918417409,Did you catch the @bobdylan song in TurboTax's Super Bowl commercial? Check it out: http://t.co/NVrDzbtGRr http://t.co/MoFyeEo6rH,7,0,8,UltClassicRock,UltimateClassicRock,320117,86,2,2,2015
https://twitter.com/DaMainThangg/status/562040275925606400,2015-02-02 00:10:18+00:00,562040275925606400,“@_ShesSuchADoll: ; who files their taxes with turbotax ? do you like them ?”yesss,1,0,0,DaMainThangg,11.25,1237,1015,2,2,2015
https://twitter.com/sweetnspicy66/status/562039757027295233,2015-02-02 00:08:14+00:00,562039757027295233,"No. Just. NO. #Offensive ""@TwitchyTeam: Reviewing TurboTax's 'Boston Tea Party' ad: 'DEPORT TURBOTAX FOR TREASON' http://t.co/COggALagM4""",1,0,0,sweetnspicy66,CountryGirl (Kat),2494,3219,2,2,2015
https://twitter.com/turbotax/status/562039673712041985,2015-02-02 00:07:55+00:00,562039673712041985,@kvinparkr Why thank you!  We very much appreciate that! #Absolute0,1,0,1,turbotax,Intuit TurboTax,64669,927,2,2,2015
https://twitter.com/empiredecline/status/562039580468051968,2015-02-02 00:07:32+00:00,562039580468051968,TurboTax's #SB49 commercial is a dig at the Tea Party. TurboTax benefits from an oppressive &amp; convoluted tax code. http://t.co/ATyRcKIxkO,4,1,2,empiredecline,Empire Decline,21564,10269,2,2,2015
https://twitter.com/Chris_1791/status/562039349005811712,2015-02-02 00:06:37+00:00,562039349005811712,Reviewing TurboTax's 'Boston Tea Party' ad: 'DEPORT TURBOTAX FOR TREASON' http://t.co/FGyYQqw9YI,1,0,1,Chris_1791,Chris 🇺🇸,64025,24159,2,2,2015
https://twitter.com/turbotax/status/562039331796557825,2015-02-02 00:06:33+00:00,562039331796557825,@johntheutahman Very happy to have made you smile! #Absolute0,1,0,0,turbotax,Intuit TurboTax,64669,927,2,2,2015
https://twitter.com/vincenzolandino/status/562039027587485696,2015-02-02 00:05:21+00:00,562039027587485696,Current commercial ranking: 1. @Budweiser  2. @SNICKERS 3. @bmw 4. @turbotax 5. @Skittles #SB49SMChat,2,0,2,vincenzolandino,Vincenzo Landino,40658,1876,2,2,2015
https://twitter.com/DadHuggs/status/562039013553348608,2015-02-02 00:05:17+00:00,562039013553348608,@McDonalds Well tip us over!Free tax filing from @TurboTax. RT to win $1000 towards a boatload of what you’re lovin’ https://t.co/P8PCbtWRgv,1,0,0,DadHuggs,Stevie,582,3124,2,2,2015
https://twitter.com/turbotax/status/562038094359437313,2015-02-02 00:01:38+00:00,562038094359437313,@0marAhmed Glad you liked it and got a good laugh! #Absolute0,1,0,1,turbotax,Intuit TurboTax,64669,927,2,2,2015
https://twitter.com/vincenzolandino/status/562037987165224961,2015-02-02 00:01:12+00:00,562037987165224961,Current commercial ranking: 1. @SNICKERS 2. @bmw 3. @turbotax 4. @Skittles #SB49SMChat,1,0,2,vincenzolandino,Vincenzo Landino,40658,1876,2,2,2015
https://twitter.com/CBMilez/status/562037909940097025,2015-02-02 00:00:54+00:00,562037909940097025,I'm still pissed about that TurboTax commercial. I don't even know why.,1,1,0,CBMilez,Chris Miles,2406,1634,2,2,2015
https://twitter.com/GovtsTheProblem/status/562037908706570241,2015-02-02 00:00:54+00:00,562037908706570241,Turbo Tax wants us to pay Taxation without Representation as long as we use @turbotax to file our taxes? Better fire your marketing team.,1,1,1,GovtsTheProblem,Mr T 2,18228,17128,2,2,2015
https://twitter.com/SalDGuerrero/status/562037744273063936,2015-02-02 00:00:15+00:00,562037744273063936,So far we have un-American #TurboTax and confusing JFK Carnival,1,0,1,SalDGuerrero,Sal Guerrero,1339,1905,2,2,2015
https://twitter.com/MileyBanks_/status/562037719992250368,2015-02-02 00:00:09+00:00,562037719992250368,“@_ShesSuchADoll: ; who files their taxes with turbotax ? do you like them ?” Yes,1,0,0,MileyBanks_,NeeNee 💕,680,384,2,2,2015
https://twitter.com/turbotax/status/562037574026674176,2015-02-01 23:59:34+00:00,562037574026674176,@JimStengel Why thank you! So glad you enjoyed it! #Absolute0,1,0,1,turbotax,Intuit TurboTax,64669,927,1,2,2015
https://twitter.com/MSUComArtSci/status/562037423816052736,2015-02-01 23:58:58+00:00,562037423816052736,JUST IN from #MSUperbowl: @michiganstateu profs say early winners (so far) are  #1 Katie and Bryant #BMW  #2 #TurboTax #3 #ToyotaCamry,16,3,12,MSUComArtSci,MSU ComArtSci,6890,1566,1,2,2015
https://twitter.com/VigilantLiberty/status/562037371722412034,2015-02-01 23:58:46+00:00,562037371722412034,Reviewing TurboTax’s ‘Boston Tea Party’ ad: ‘DEPORT TURBOTAX FOR TREASON’: Is the first controversial ad of Su... http://t.co/Ph14GBkj8a,1,0,0,VigilantLiberty,Ex-Vigilant Liberty,407,217,1,2,2015
https://twitter.com/TwitchyTeam/status/562037334405681153,2015-02-01 23:58:37+00:00,562037334405681153,Reviewing TurboTax's 'Boston Tea Party' ad: 'DEPORT TURBOTAX FOR TREASON' http://t.co/YbJN9rO5sG,21,17,19,TwitchyTeam,Twitchy Team,224824,2919,1,2,2015
https://twitter.com/lvincent/status/562037279678414848,2015-02-01 23:58:24+00:00,562037279678414848,"@DNAtv @Beejer Yeah. I love history, but not so much with the corny TurboTax plug",1,0,1,lvincent,Larry Vincent,1451,699,1,2,2015
https://twitter.com/AaronWorthing/status/562036976875237376,2015-02-01 23:57:12+00:00,562036976875237376,Gmta https://t.co/LOXuTWQoeG RT @charlescwcooke: TurboTax needs tarring and feathering.,1,0,0,AaronWorthing,(((Aaron Walker))),9198,2448,1,2,2015
https://twitter.com/GovtsTheProblem/status/562036955387408385,2015-02-01 23:57:06+00:00,562036955387408385,So Turbo Tax wants us to pay higher taxes as long as it's free to file those taxes? How bout @turbotax can go to hell?,5,3,8,GovtsTheProblem,Mr T 2,18228,17128,1,2,2015
https://twitter.com/JRoAZ/status/562036638352556032,2015-02-01 23:55:51+00:00,562036638352556032,".@bayareahausfrau @turbotax I'm ticked off too, but realized we're just calling attention to it.",1,1,1,JRoAZ,JRoAZ,1042,1439,1,2,2015
https://twitter.com/JustJared/status/562036575022755840,2015-02-01 23:55:36+00:00,562036575022755840,Watch the hilarious @turbotax #SuperBowl commercial based on the Boston Tea Party here: http://t.co/q1vJaNLSH0 http://t.co/SreUI9eVv6,11,0,25,JustJared,JustJared.com,734415,2925,1,2,2015
https://twitter.com/TobieStanger/status/562036291320422400,2015-02-01 23:54:28+00:00,562036291320422400,Revolutionary? #TurboTax absolutely free only if you file IRS Forms 1040A or 1040EZ. #SuperBowlAds @TobieStanger @ConsumerReports,3,1,3,TobieStanger,Tobie Stanger,1744,545,1,2,2015
https://twitter.com/nwjerseyliz/status/562036216598896641,2015-02-01 23:54:10+00:00,562036216598896641,"TurboTax 2015 ""Boston Tea Party"" (Official :60) - TurboTax Big Game Comm...: http://t.co/AVP5lzZ2lQ via @YouTube",1,0,0,nwjerseyliz,Liz,11818,14336,1,2,2015
https://twitter.com/RonD1954/status/562036099774951425,2015-02-01 23:53:42+00:00,562036099774951425,"@bayareahausfrau @thomassfl @PaulKinkel @turbotax It was mildly humorous in a painful, embarrassing kinda way. Bet sales plummet though.",1,1,1,RonD1954,WHO DEY1954 - #IWillNotComply,1942,2484,1,2,2015
https://twitter.com/McDonalds/status/562035300206010368,2015-02-01 23:50:32+00:00,562035300206010368,Well tip us over! Free tax filing from @TurboTax. RT to try &amp; win $1000 towards a boatload of whatever you’re lovin’ https://t.co/TLhyxExQxV,4909,79,454,McDonalds,McDonald's,4577100,13666,1,2,2015
https://twitter.com/GWMensLax/status/562034972459278336,2015-02-01 23:49:14+00:00,562034972459278336,Anyone see that shot of GW in the @turbotax commercial? Same image graced our 2013/2014 helmets. #SuperBowl http://t.co/FcFvV6cmkr,4,0,13,GWMensLax,GW Men's Lacrosse,1060,235,1,2,2015
https://twitter.com/MeetBryanAkers/status/562034869371682817,2015-02-01 23:48:49+00:00,562034869371682817,@sandikrakowski @iamtamiko @turbotax Yes that was a cool commercial!,1,0,2,MeetBryanAkers,Bryan Akers,965,670,1,2,2015
https://twitter.com/Rmmmsy/status/562034816565395456,2015-02-01 23:48:37+00:00,562034816565395456,This made me lol. #Superbowl #Turbotax @nbcsports http://t.co/zYOlnsdzdV,1,0,0,Rmmmsy,demogorgon feeding wetly,1365,945,1,2,2015
https://twitter.com/ascheink/status/562034810710142977,2015-02-01 23:48:35+00:00,562034810710142977,turbotax http://t.co/gwP1CYchlV,1,0,2,ascheink,Andrei Scheinkman,5738,477,1,2,2015
https://twitter.com/turbotax/status/562034765084520450,2015-02-01 23:48:24+00:00,562034765084520450,@one_five_  Thank you!  We appreciate that! #Absolute0,1,0,2,turbotax,Intuit TurboTax,64669,927,1,2,2015
https://twitter.com/KyleRohde/status/562034575686135808,2015-02-01 23:47:39+00:00,562034575686135808,"Wonder if @turbotax made Tea Party ad knowing #SonsOfLiberty would be airing, or happy coincidence?https://t.co/6WtpL6RrKy #aafkc #sbads",1,0,0,KyleRohde,Kyle Rohde,2162,2094,1,2,2015
https://twitter.com/stemsports/status/562034549463736320,2015-02-01 23:47:33+00:00,562034549463736320,Twitter is going to blow up tonight. So far the best commercial goes to @turbotax #Free to bad I already filed with @HRBlock,1,1,0,stemsports,James Stem,840,2619,1,2,2015
https://twitter.com/tcpeter/status/562034371939811328,2015-02-01 23:46:51+00:00,562034371939811328,That's about right. RT @coleytruman: So far I want an #I3 and I vow to never use #turbotax. #brandbowl #AdBowl,2,1,5,tcpeter,Tim Peter,5939,4172,1,2,2015
https://twitter.com/mchastain81/status/562034369213116417,2015-02-01 23:46:50+00:00,562034369213116417,Wait. People are outraged over the TurboTax ad? WHY ALL THE OUTRAGE?! You guys read way too much into shit. Seriously.,1,2,5,mchastain81,⚾️ Mary #FlyTheW 🐻,27841,7716,1,2,2015
https://twitter.com/GovtsTheProblem/status/562034361537540096,2015-02-01 23:46:48+00:00,562034361537540096,"Hey @turbotax, I'll never use any of your products again after that #SuperBowl commercial which I think was anti-American.",4,3,4,GovtsTheProblem,Mr T 2,18228,17128,1,2,2015
https://twitter.com/VisitBucksPA/status/562034340067303424,2015-02-01 23:46:43+00:00,562034340067303424,Did u see Washington crossing the Delaware during @turbotax commercial? #SuperBowl #BucksCounty love! @FriendsofWCP http://t.co/y7PZjrrX9H,8,0,8,VisitBucksPA,Visit Bucks County,34622,2554,1,2,2015
https://twitter.com/MrsHutchPISD/status/562034243123961856,2015-02-01 23:46:20+00:00,562034243123961856,"Students, did you see the Boston Tea Party SB commercial? Hopefully you caught what the colonist was saying! #TurboTax",1,0,0,MrsHutchPISD,Andrea Hutchison,609,1117,1,2,2015
https://twitter.com/lauriemccabe/status/562034172207071232,2015-02-01 23:46:03+00:00,562034172207071232,"TurboTax® Super Bowl Commercial, TurboTax Big Game TV Ad &lt; great comeback ;-) https://t.co/n4ht7AAgtf",1,0,2,lauriemccabe,lauriemccabe,17219,16976,1,2,2015
https://twitter.com/nycsouthpaw/status/562034041395085313,2015-02-01 23:45:32+00:00,562034041395085313,First TurboTax opposes the revolution. Then all our newscasters turn out to be shills for German manufacturers. Rude awakening for America.,12,0,8,nycsouthpaw,southpaw,253219,6706,1,2,2015
https://twitter.com/thekytikat/status/562034038593310720,2015-02-01 23:45:31+00:00,562034038593310720,@tonykatz The program is one of the best for filing taxes tho...  but yea.  That commercial.... Sigh. Stupid move @turbotax. Stupid move.,1,0,0,thekytikat,Lorraine Yuriar,437,84,1,2,2015
https://twitter.com/turbotax/status/562033963976634368,2015-02-01 23:45:13+00:00,562033963976634368,@Adweek it may not be 100% historically accurate but it IS true you can file for free with @turbotax,2,1,0,turbotax,Intuit TurboTax,64669,927,1,2,2015
https://twitter.com/davenportlee/status/562033921240858624,2015-02-01 23:45:03+00:00,562033921240858624,.#TurboTax giving away #taxes in a #SuperBowl ad? Use @MyFreeTaxes for a #Free tax return and filing with earnings under $60k. NO STRINGS!,1,0,0,davenportlee,Lee Davenport,545,640,1,2,2015
https://twitter.com/DCRadioDan/status/562033747969585152,2015-02-01 23:44:22+00:00,562033747969585152,For half a second i thought the #Turbotax spot was for DC Statehood. That would have been epic. Maybe the opening line was on purpose.,2,0,0,DCRadioDan,Dan,1753,1360,1,2,2015
https://twitter.com/michaelfoust/status/562033717607030784,2015-02-01 23:44:15+00:00,562033717607030784,The Turbotax Boston Tea Party commercial is the best commercial yet. Love it. Watch it: https://t.co/BKClVqJM2R @turbotax #SuperBowl,1,0,0,michaelfoust,Michael Foust,733,798,1,2,2015
https://twitter.com/sdvinay/status/562033656794189825,2015-02-01 23:44:00+00:00,562033656794189825,The #TurboTax war room moments before the commercial aired http://t.co/yrJHOF3WlV,1,0,3,sdvinay,sdvinay,117,214,1,2,2015
https://twitter.com/sbauerAP/status/562033648162328576,2015-02-01 23:43:58+00:00,562033648162328576,"#bobdylan song ""The Man in Me"" played during TurboTax commercial early in #Super Bowl; song also appeared in The Big Lebowski",3,2,5,sbauerAP,Scott Bauer,29035,4947,1,2,2015
https://twitter.com/danamweber/status/562033593250492416,2015-02-01 23:43:45+00:00,562033593250492416,Well done @turbotax #SuperBowlAds,1,0,0,danamweber,Dana | Weber,353,343,1,2,2015
https://twitter.com/turbotax/status/562033591241023490,2015-02-01 23:43:44+00:00,562033591241023490,Alright then! Free filing on #TurboTax. Just as our forefathers (probably) intended. http://t.co/DYAreSdZLo #Absolute0 #SB49,11,2,9,turbotax,Intuit TurboTax,64669,927,1,2,2015
https://twitter.com/dshaddick/status/562033564267859968,2015-02-01 23:43:38+00:00,562033564267859968,Toyota missed the boat. Turbotax nailed it.  #KelloggSB,2,0,2,dshaddick,Dave Shaddick,142,302,1,2,2015
https://twitter.com/brents47/status/562033446101348352,2015-02-01 23:43:10+00:00,562033446101348352,@bekiweki @turbotax I couldn't resist. :). #sb49smchat,1,0,2,brents47,Brent Summers,4846,5142,1,2,2015
https://twitter.com/OhReg/status/562033437595275264,2015-02-01 23:43:08+00:00,562033437595275264,The predictable/boring narrator killed the ending of the potentially epic #TurboTax ad. Coulda been funnier. #SuperBowlAds #SuperBowl,1,0,1,OhReg,Regina Castañeda,1102,615,1,2,2015
https://twitter.com/turbotax/status/562033433674010624,2015-02-01 23:43:07+00:00,562033433674010624,@jkelling14 Glad you like it! #Absolute0,1,0,1,turbotax,Intuit TurboTax,64669,927,1,2,2015
https://twitter.com/PittCabe/status/562033428317892608,2015-02-01 23:43:06+00:00,562033428317892608,"Bob Dylan let TurboTax use ""Man in Me,"" thus proving that everyone eventually sells out and moves to the suburbs.",1,1,2,PittCabe,PittCabe,2726,726,1,2,2015
https://twitter.com/turbotax/status/562033401356898305,2015-02-01 23:42:59+00:00,562033401356898305,@emmyrossum Yes it is William H Macy on the @turbotax #SB49 ad,2,0,4,turbotax,Intuit TurboTax,64669,927,1,2,2015
https://twitter.com/lordsutch/status/562033392460787712,2015-02-01 23:42:57+00:00,562033392460787712,Nice to see TurboTax casually dismissing the English Bill of Rights and centuries of English constitutional convention. Funny though.,1,0,0,lordsutch,Chris Lawrence,977,1347,1,2,2015
https://twitter.com/edmpirg/status/562033384156037120,2015-02-01 23:42:55+00:00,562033384156037120,Free file=scam. Govt should not partner w tax preparers like @turbotax that charge other fees  #SuperBowl2015 @ConsumerFed @NCLC4consumers,5,0,2,edmpirg,"Ed Mierzwinski, #ProtectConsumers, Get Vaxxed.",4095,4802,1,2,2015
https://twitter.com/DMR_MI/status/562033383115857920,2015-02-01 23:42:55+00:00,562033383115857920,"I guess oppressive taxation is fine as long as TurboTax can provide free filing - yeah...tax collectors were ""free"" #eejits #BadAd",1,0,0,DMR_MI,Donna,1154,1215,1,2,2015
https://twitter.com/sandikrakowski/status/562033363997822976,2015-02-01 23:42:50+00:00,562033363997822976,@iamtamiko @turbotax YES!!! thumbs up!!! #SuperBowl,1,1,1,sandikrakowski,Sandi Krakowski,259752,245061,1,2,2015
https://twitter.com/MillChannel/status/562033361271926785,2015-02-01 23:42:50+00:00,562033361271926785,"Our #VFX team dressed the dock &amp; painted in 17th century Boston for #TurboTax ""Boston Tea Party"" #SB49 http://t.co/ZKVf82v0ud",2,2,9,MillChannel,The Mill,54253,3664,1,2,2015
https://twitter.com/slooker/status/562033353646305280,2015-02-01 23:42:48+00:00,562033353646305280,#TurboTax commercial on #SuperBowl should show the revolution when users find out features were removed they are supposed to pay extra,1,0,0,slooker,slooker,48,73,1,2,2015
https://twitter.com/AdGroupFSU/status/562033352887504896,2015-02-01 23:42:48+00:00,562033352887504896,@turbotax made me look at the revolution a whole new way. #SuperBowl Bowl,1,0,0,AdGroupFSU,AdGroup of AAF,97,40,1,2,2015
https://twitter.com/GravityStelena/status/562033324768886785,2015-02-01 23:42:41+00:00,562033324768886785,So far I've loved the turbotax commercial best,1,0,0,GravityStelena,Gretchen,307,886,1,2,2015
https://twitter.com/JenWesthoven/status/562033302585229314,2015-02-01 23:42:36+00:00,562033302585229314,Turbotax -- So we should have ditched this entire glorious experiment of democracy for that? No way! ⬇️,3,2,7,JenWesthoven,Jennifer Westhoven,38474,2495,1,2,2015
https://twitter.com/lauraefordham/status/562033243201892352,2015-02-01 23:42:21+00:00,562033243201892352,Good use of humor and relevant history in the #SuperBowl ad from @TurboTax. Nicely timed with the upcoming tax season. #BrandBowl,1,0,0,lauraefordham,Laura Fordham,10,74,1,2,2015
https://twitter.com/TruthinAd/status/562033241126096896,2015-02-01 23:42:21+00:00,562033241126096896,"Turbotax ad - ""Free"" is on our list of top meaningless ad terms: http://t.co/4k0L4FYckg #brandbowl #superbowlcommercials",1,0,3,TruthinAd,Truth in Advertising,11360,587,1,2,2015
https://twitter.com/piersmorgan/status/562033205373435905,2015-02-01 23:42:12+00:00,562033205373435905,I was too expensive &gt; RT jonathanwald: The only thing that would've saved that TurboTax ad would've been a cameo from @piersmorgan.,9,5,32,piersmorgan,Piers Morgan,7953914,2056,1,2,2015
https://twitter.com/DevraP/status/562033179599859712,2015-02-01 23:42:06+00:00,562033179599859712,#Unrulyemoji if an ad makes you laugh out loud! #SB49 http://t.co/hL3vbaIC4S  Liked @turbotax,1,0,0,DevraP,Devra Prywes,147,121,1,2,2015
https://twitter.com/PRNewser/status/562033179260100608,2015-02-01 23:42:06+00:00,562033179260100608,Did TurboTax just endorse the Tea Party? #SB49,4,1,1,PRNewser,PRNewser,43332,1109,1,2,2015
https://twitter.com/IAmRedSky/status/562033177573605376,2015-02-01 23:42:06+00:00,562033177573605376,I would be shocked if that TurboTax ad doesn't get backlash like the Coke ad did last year. #SB49,1,1,0,IAmRedSky,Brandon Stephens,194,625,1,2,2015
https://twitter.com/MsB_History/status/562033158770921472,2015-02-01 23:42:01+00:00,562033158770921472,Ok @turbotax you butchered the history part of that commercial but you included a woman soldier using a bayonet so I'm #NotMad,1,0,4,MsB_History,MsB History,1174,2948,1,2,2015
https://twitter.com/abbybottenfield/status/562033155192782848,2015-02-01 23:42:00+00:00,562033155192782848,"@Trilix TurboTax gets my vote, although Toyota was pretty moving.",1,0,2,abbybottenfield,Abby Bottenfield,71,263,1,2,2015
https://twitter.com/RCJudge/status/562033143943663617,2015-02-01 23:41:58+00:00,562033143943663617,Did anyone see Nic Cage's ancestor in the @turbotax commercial looking for the declaration of independence? #SB49,1,0,0,RCJudge,Rick Kupselaitis,547,1364,1,2,2015
https://twitter.com/jocelyn9000/status/562033129699815425,2015-02-01 23:41:54+00:00,562033129699815425,"Great song choice @turbotax Little Bob Dylan never hurt anyone. 🎶""The man in me will do"". 🎶",1,0,1,jocelyn9000,Jocelyn Durand,1757,677,1,2,2015
https://twitter.com/wdprescott/status/562033126663520257,2015-02-01 23:41:54+00:00,562033126663520257,Perverse curiosity had me check out the #SuperBowlAds for one break. That Turbotax ad is all I need to go back to horror movies,1,0,0,wdprescott,W. D. Prescott,599,129,1,2,2015
https://twitter.com/kellyokeefe/status/562033122381148160,2015-02-01 23:41:53+00:00,562033122381148160,"TurboTax shows up with a big production, but much ado about nothing in the end.  #whartonfoa #vcu_brandcenter",1,0,1,kellyokeefe,Kelly O'Keefe,4695,2616,1,2,2015
https://twitter.com/Smithdk4/status/562033098062188544,2015-02-01 23:41:47+00:00,562033098062188544,@turbotax Your #SuperBowlXLIX commercial was terrible. Just awful. I'll be using @TaxSlayer this year.,1,0,1,Smithdk4,We've all been playing Calvinball for a while now,188,205,1,2,2015
https://twitter.com/RealKyleDawson/status/562033080731725824,2015-02-01 23:41:43+00:00,562033080731725824,Did TurboTax just undo the American Revolution?,1,1,0,RealKyleDawson,Kyle Dawson,1525,866,1,2,2015
https://twitter.com/mattbunk/status/562033067188301824,2015-02-01 23:41:39+00:00,562033067188301824,"Oh, I get it. They were Patriots. #TurboTax #SuperBowl #BrandBowl",2,0,0,mattbunk,Matt Bunk,592,332,1,2,2015
https://twitter.com/jkrohrs/status/562033064688496640,2015-02-01 23:41:39+00:00,562033064688496640,Toyota ad - hashtag on screen for &lt;2 seconds. TurboTax - no call-to-action at all. Not a good start for #BrandBowl engagement. #SB49,5,2,2,jkrohrs,Jeffrey K. Rohrs,9268,6484,1,2,2015
https://twitter.com/ben_bridges25/status/562033024490274816,2015-02-01 23:41:29+00:00,562033024490274816,Great use of allusion from TurboTax. Showing how the use of their product can resolve problems and stress of taxes. #SEGL102 #SuperBowlXLIX,1,0,2,ben_bridges25,Ben Bridges,200,194,1,2,2015
https://twitter.com/KerryPicket/status/562033016726642688,2015-02-01 23:41:27+00:00,562033016726642688,RT @johntabin: That TurboTax ad is roughly as historically accurate as Sons of Liberty | Geithner felt similarly abt the company’s quality,1,0,0,KerryPicket,Kerry Picket,37363,5270,1,2,2015
https://twitter.com/BrianStewartOH/status/562033016089104386,2015-02-01 23:41:27+00:00,562033016089104386,#TurboTax perpetuates the simplistic canard that the American Revolution was merely a tax dispute. That was an expensive looking dud.,1,0,0,BrianStewartOH,Brian Stewart,4588,1873,1,2,2015
https://twitter.com/njswanson/status/562033012523945985,2015-02-01 23:41:26+00:00,562033012523945985,Terrible #TurboTax ad. Trivializes reasons for the American Revolution.,1,0,1,njswanson,Nate Swanson,1612,2252,1,2,2015
https://twitter.com/mindy_welch/status/562032995834425344,2015-02-01 23:41:22+00:00,562032995834425344,@turbotax - pretty funny! Great job! #SB49,1,0,0,mindy_welch,Mindy Welch,508,445,1,2,2015
https://twitter.com/AaronWorthing/status/562032991648899072,2015-02-01 23:41:21+00:00,562032991648899072,I am actually offended a little by @turbotax's commercial. The issue was representation #SuperBowl,4,1,0,AaronWorthing,(((Aaron Walker))),9198,2448,1,2,2015
https://twitter.com/Saunderswsj/status/562032970929029120,2015-02-01 23:41:16+00:00,562032970929029120,TurboTax's Super Bowl ad redo of the Boston Tea Party doesn't mention the recent revolt by its customers: http://t.co/awR6ObJC0C,13,0,8,Saunderswsj,Laura Saunders,5390,1150,1,2,2015
https://twitter.com/rabartlett/status/562032962771107840,2015-02-01 23:41:15+00:00,562032962771107840,"Turbotax, you'll travel through time to stop the American Revolution but not kill Hitler? Tsk tsk so selfish.",1,0,1,rabartlett,R.A. Bartlett,730,402,1,2,2015
https://twitter.com/BinPiehl/status/562032950959554560,2015-02-01 23:41:12+00:00,562032950959554560,Just so everyone knows the Boston Tea Party had nothing to do with income tax #SuperbowlCommercials #TurboTax,1,0,1,BinPiehl,Chill STL Sports Fan Ryan,545,1614,1,2,2015
https://twitter.com/verytari/status/562032945683107840,2015-02-01 23:41:10+00:00,562032945683107840,"#SuperBowl ad analysis: TurboTax, Americans are stupider than Brits. Pavlov's dog salivary response when hearing the word ""free.""",6,1,2,verytari,verytari,6502,7006,1,2,2015
https://twitter.com/Adweek/status/562032935180963841,2015-02-01 23:41:08+00:00,562032935180963841,Did TurboTax just make the Brits the heroes of the Revolution during AMERICA's ultimate night? #SuperBowl,66,24,69,Adweek,Adweek,690384,26538,1,2,2015
https://twitter.com/JimJosephExp/status/562032934883184640,2015-02-01 23:41:08+00:00,562032934883184640,"too forced RT @AmyVernon: I hafta admit, as a history nerd, I didn't much like the TurboTax commercial :) #SuperBowlExp",1,0,0,JimJosephExp,Jim Joseph,8827,4235,1,2,2015
https://twitter.com/allanfriedman/status/562032931796172801,2015-02-01 23:41:07+00:00,562032931796172801,Hey @turbotax - you led the lobbying to *prevent* free electronic filing for everyone. Not very honest of you to falsely claim it in SB ad.,1,1,2,allanfriedman,Allan Friedman @ FIRST.org annual conf,6745,1908,1,2,2015
https://twitter.com/evangie/status/562032919858802688,2015-02-01 23:41:04+00:00,562032919858802688,"So, the Founders would have bent over for a freebie from the Crown?  #Dumbass commercial. @turbotax  #Fail",5,1,6,evangie,Adult Human Female,5857,6423,1,2,2015
https://twitter.com/e2pilot/status/562032918663815168,2015-02-01 23:41:04+00:00,562032918663815168,Hey @turbotax ...you had ONE job with that commercial...don't piss off the people watching it...#fail #SuperBowlXLIX,2,0,1,e2pilot,Hammy ✈🇺🇲,6916,3645,1,2,2015
https://twitter.com/RepresentPledge/status/562032901932343296,2015-02-01 23:41:00+00:00,562032901932343296,".@turbotax we liked the female revolutionary. Next time, can we see more? #MediaWeLike",16,3,45,RepresentPledge,The Rep Project,88577,2702,1,2,2015
https://twitter.com/JohnGregoryJr/status/562032896689467393,2015-02-01 23:40:59+00:00,562032896689467393,They actually dressed like Indians for the Boston Tea Party so fuck you Turbotax,1,0,2,JohnGregoryJr,Testimony Respecter,939,1928,1,2,2015
https://twitter.com/Harrell107/status/562032894340644866,2015-02-01 23:40:58+00:00,562032894340644866,Turbotax Super Bowl ad w/ Boston Tea Party instant fav for history teachers #newshnt1 #Super Bowl @historythoughts,2,1,2,Harrell107,Ryan Harrell,242,110,1,2,2015
https://twitter.com/markwschaefer/status/562032882894766080,2015-02-01 23:40:56+00:00,562032882894766080,Oh love the @TurboTax tea party commercial.  Laugh out loud funny and drives the message home #superbowl,2,2,8,markwschaefer,Mark Schaefer,172017,27620,1,2,2015
https://twitter.com/heymiller/status/562032879891271680,2015-02-01 23:40:55+00:00,562032879891271680,"Remember, Turbotax *likes* taxes",1,0,0,heymiller,John J. Miller,6132,1569,1,2,2015
https://twitter.com/ChrisDobbertean/status/562032878695890945,2015-02-01 23:40:55+00:00,562032878695890945,Put TurboTax and its ad agency in the stocks.,1,0,2,ChrisDobbertean,Chris Dobbertean 🇺🇦 🌻,3510,3513,1,2,2015
https://twitter.com/RantLifestyle/status/562032874904223745,2015-02-01 23:40:54+00:00,562032874904223745,Did @turbotax just end the American Revolution? Are we British citizens now? #SB49 http://t.co/42g04N8oXy,4,1,3,RantLifestyle,RantLifestyle,2141,1184,1,2,2015
https://twitter.com/bayareahausfrau/status/562032870064013312,2015-02-01 23:40:52+00:00,562032870064013312,@turbotax It is astounding how absolutely tone deaf you showed yourself to be with your SuperBowl commercial!,5,2,2,bayareahausfrau,BayAreaFrau,11837,6023,1,2,2015
https://twitter.com/katgordon/status/562032859834486784,2015-02-01 23:40:50+00:00,562032859834486784,".@WiedenKennedy banking on history knowledge of Super Bowl viewers with @turbotax spot. Our crowd got it, and liked it. #3percentsb",4,2,5,katgordon,Katherine M. Gordon,14664,955,1,2,2015
https://twitter.com/JRAM/status/562032857703800832,2015-02-01 23:40:49+00:00,562032857703800832,No wonder it put us to sleep. RT @SteinmetzNBA: Quietly that was Bob Dylan music on that TurboTax commercial.,1,1,1,JRAM,Jordan Ramirez,15226,1000,1,2,2015
https://twitter.com/smithnoah/status/562032854096674817,2015-02-01 23:40:49+00:00,562032854096674817,"Am I enough of an asshole to point out that the Boston Tea Partiers in the TurboTax ad should have been dressed as Indians? Yeah, kinda ...",1,0,2,smithnoah,Noah Smith,510,1880,1,2,2015
https://twitter.com/brents47/status/562032852288540672,2015-02-01 23:40:48+00:00,562032852288540672,"#BostonTeaParty A taxing event, but @turbotax makes it easy! #SB49SMChat",1,1,0,brents47,Brent Summers,4846,5142,1,2,2015
https://twitter.com/BlackGirlsGolf/status/562032845389328384,2015-02-01 23:40:47+00:00,562032845389328384,Great @turbotax commercial. Too bad 1/2 of the people watching would fail a US history class. LOL #SuperBowlXLIX,1,0,3,BlackGirlsGolf,Black Girls Golf®,6185,3895,1,2,2015
https://twitter.com/mattmendo/status/562032844923748352,2015-02-01 23:40:46+00:00,562032844923748352,Meh. The wedding @turbotax spot that aired during #PuppyBowl2015 was way better than the revolutionary one in the #SuperBowl. #SuperBowlAds,1,0,1,mattmendo,Matt Mendolera-Schamann,1221,2263,1,2,2015
https://twitter.com/HarleyKeiner/status/562032839672086528,2015-02-01 23:40:45+00:00,562032839672086528,Understanding that TurboTax commercial was harder than crossing the Delaware. #DaltonBowl,1,0,3,HarleyKeiner,Jack DeYoung,2104,3565,1,2,2015
https://twitter.com/__awo/status/562032835179999232,2015-02-01 23:40:44+00:00,562032835179999232,Makes sense for the @turbotax commercial. They should do the more often- it is tax season #PRSSABowl,1,0,1,__awo,awo eni,561,1295,1,2,2015
https://twitter.com/EsotericCD/status/562032833234214912,2015-02-01 23:40:44+00:00,562032833234214912,"Can we point out that TurboTax pulled an outrageous ripoff bait-and-switch on its customers this filing season? Yeah, fuck those guys.",1,0,2,EsotericCD,Jeff B. is *BOX OFFICE POISON*,61919,413,1,2,2015
https://twitter.com/parshalltalk/status/562032832059817984,2015-02-01 23:40:43+00:00,562032832059817984,Best #SuperBowl ad so far. #TurboTax spot that takes us into the Revolutionary war. Hard not to see that as a tipped hat to the Tea Party!,1,1,8,parshalltalk,Janet Parshall,16520,120,1,2,2015
https://twitter.com/mandacurrell/status/562032829354082304,2015-02-01 23:40:43+00:00,562032829354082304,Well that was a waste of money by TurboTax. Instantly forgettable #SuperBowlAds,1,0,1,mandacurrell,Manda Currell,292,1102,1,2,2015
https://twitter.com/OKMagazine/status/562032823997980672,2015-02-01 23:40:41+00:00,562032823997980672,These commercials are hysterical! #SuperBowlXLIX Did you see the #TurboTax one?!?!?! LOL,5,4,18,OKMagazine,OK! Magazine USA,455494,4130,1,2,2015
https://twitter.com/gregkyte/status/562032815944904704,2015-02-01 23:40:40+00:00,562032815944904704,"Apparently if TurboTax were around in 1776, we would still be a British colony. #superbowlcommercials",7,0,3,gregkyte,"Greg Kyte, CPA",11638,1380,1,2,2015
https://twitter.com/DavidCornDC/status/562032807380529152,2015-02-01 23:40:38+00:00,562032807380529152,Why does TurboTax hate America? #SuperBowl,11,9,16,DavidCornDC,David Corn,965355,2017,1,2,2015
https://twitter.com/craig_s_bell/status/562032798555328512,2015-02-01 23:40:35+00:00,562032798555328512,"Dear TurboTax, I know you don't care; but there wasn't an individual income tax until 1913. Let's all pretend it's inevitable, then. #SB49",1,0,1,craig_s_bell,Craig S. Bell,478,657,1,2,2015
https://twitter.com/MillerTimePod/status/562032797489967104,2015-02-01 23:40:35+00:00,562032797489967104,TurboTax wished America was never formed.,1,0,1,MillerTimePod,Dave Searle,6580,3948,1,2,2015
https://twitter.com/BenRosehart/status/562032790410391552,2015-02-01 23:40:33+00:00,562032790410391552,The 1st #SuperBowl commercial that I really enjoyed is... (drumroll please)... the #TurboTax Boston Tea Party! @kwqcnews #PatriotsVsSeaHawks,1,1,2,BenRosehart,Ben Rosehart,1866,2455,1,2,2015
https://twitter.com/DanODonnellShow/status/562032790020317184,2015-02-01 23:40:33+00:00,562032790020317184,"So @GoDaddy can't air that puppy commercial, but @TurboTax can air a woman stabbing a British soldier to death?",3,1,5,DanODonnellShow,Dan O'Donnell,31763,1079,1,2,2015
https://twitter.com/mmrothenberg/status/562032784790020097,2015-02-01 23:40:32+00:00,562032784790020097,Woo-hoo! @turbotax makes the first play with George Washington. #CampaignSuperBowl,1,0,2,mmrothenberg,Matthew Rothenberg,738,1150,1,2,2015
https://twitter.com/awolk/status/562032766519619584,2015-02-01 23:40:28+00:00,562032766519619584,So if TurboTax had been around we would still be a British colony? #SB49,1,0,4,awolk,Alan Wolk,6762,459,1,2,2015
https://twitter.com/PrincetonPacket/status/562032764162420737,2015-02-01 23:40:27+00:00,562032764162420737,"Turbotax. All right, then. Cute.The Amy Purdy Camry spot, we didn't know what it was selling until the end. Eh. #SuperBowlads",1,0,0,PrincetonPacket,The Princeton Packet,7874,850,1,2,2015
https://twitter.com/GetKraven/status/562032760290672640,2015-02-01 23:40:26+00:00,562032760290672640,#TurboTax advert was pathetic. Does ISIS run #TurboTax?,1,0,2,GetKraven,Daemien Kravinov,774,445,1,2,2015
https://twitter.com/dfbarron/status/562032758424231936,2015-02-01 23:40:26+00:00,562032758424231936,Not wild about TurboTax ad. Too much exposition.,1,1,0,dfbarron,David Barron,10123,1073,1,2,2015
https://twitter.com/willcollier/status/562032749075525634,2015-02-01 23:40:24+00:00,562032749075525634,Even happier I took TurboTax back for a refund after seeing that.,1,0,0,willcollier,Will Collier,4350,748,1,2,2015
https://twitter.com/sdearth/status/562032748169539584,2015-02-01 23:40:23+00:00,562032748169539584,"TurboTax, I enjoyed that. Good ad.",1,0,0,sdearth,Sonny Dearth 🙂,2529,3101,1,2,2015
https://twitter.com/PaulEtienne/status/562032747808432128,2015-02-01 23:40:23+00:00,562032747808432128,So TurboTax paid $4.5 Mil for a commercial spot for a free software? Yeah right.. It ain't free,1,2,1,PaulEtienne,"DR. PAUL ETIENNE, DBA",25949,18249,1,2,2015
https://twitter.com/LisenStromberg/status/562032746361401344,2015-02-01 23:40:23+00:00,562032746361401344,#Turbotax Tea party ad for the Boston Patriots - good planning or just plain luck? #SuperBowlAds #3percentsb,4,0,5,LisenStromberg,Lisen Stromberg,3742,1494,1,2,2015
https://twitter.com/ZackFord/status/562032739655106561,2015-02-01 23:40:21+00:00,562032739655106561,"How does @turbotax afford a #SuperBowl commercial to advertise a free service? A bit fishy, no?",3,5,8,ZackFord,Zack Ford,17682,1358,1,2,2015
https://twitter.com/nycsouthpaw/status/562032738535239680,2015-02-01 23:40:21+00:00,562032738535239680,Benedict Arnold founded TurboTax shortly before his death. Little known fact.,12,2,21,nycsouthpaw,southpaw,253219,6706,1,2,2015
https://twitter.com/Brit_Lynn_S/status/562032733321715712,2015-02-01 23:40:20+00:00,562032733321715712,okay @turbotax that was stupid.,1,0,1,Brit_Lynn_S,Brittany Lynn,138,113,1,2,2015
https://twitter.com/abbybottenfield/status/562032729617752064,2015-02-01 23:40:19+00:00,562032729617752064,"Nicely done, TurboTax. #TrilixSuperSpots",1,0,1,abbybottenfield,Abby Bottenfield,71,263,1,2,2015
https://twitter.com/Brawny/status/562032724618534912,2015-02-01 23:40:18+00:00,562032724618534912,.@TurboTax Because there’s no taxation without perspiration #BrawnyInnovations http://t.co/Meg9aON4VR,1,0,8,Brawny,Brawny®,14205,264,1,2,2015
https://twitter.com/thomassfl/status/562032717593083905,2015-02-01 23:40:16+00:00,562032717593083905,"#TurboTax cute, but no. #Wewon the revolutionary war for something greater...",2,0,3,thomassfl,🇺🇸Thomas-S Fla🇺🇸,11376,8893,1,2,2015
https://twitter.com/heyitsmurdock/status/562032717421109248,2015-02-01 23:40:16+00:00,562032717421109248,Great Dylan song.  Lame @TurboTax commercial.  #LouAdBowl #SB49,1,0,3,heyitsmurdock,Murdock,672,450,1,2,2015
https://twitter.com/EdHochulisGuns/status/562032717265911809,2015-02-01 23:40:16+00:00,562032717265911809,Improper portrayal of history @turbotax  5 yards. Still 2nd down.,3,0,6,EdHochulisGuns,Ed Hochuli's Guns,2049,2285,1,2,2015
https://twitter.com/sbrownehr/status/562032715051331585,2015-02-01 23:40:15+00:00,562032715051331585,The TurboTax commercial was brilliant !! #SuperBowlXLIX,2,0,4,sbrownehr,Steve Browne,47559,33751,1,2,2015
https://twitter.com/JodiOkun/status/562032706041946112,2015-02-01 23:40:13+00:00,562032706041946112,"agree RT @susanbeebe ""#HashtagBowl @TurboTax - love it!""",1,0,1,JodiOkun,Jodi Okun,63408,66998,1,2,2015
https://twitter.com/t_j_thompson/status/562032704045072385,2015-02-01 23:40:13+00:00,562032704045072385,"Boo! The @turbotax ad seems unpatriotic. We're Americans, damnit! #DaltonBowl",1,0,2,t_j_thompson,Thomas J Thompson,6056,24,1,2,2015
https://twitter.com/mwurst/status/562032697678528514,2015-02-01 23:40:11+00:00,562032697678528514,"Grossly inaccurate @turbotax commercial. The kind of taxes that we protested were tariffs and taxes on goods, no income taxes. #SB49",8,1,13,mwurst,Matt Wurst,2741,985,1,2,2015
https://twitter.com/WilsonsWorld/status/562032696269209602,2015-02-01 23:40:11+00:00,562032696269209602,Might just be the Englishman in me.. that @turbotax ad was pretty funny... #SB49,2,0,1,WilsonsWorld,Wilson,18030,3528,1,2,2015
https://twitter.com/NataliaGives/status/562032695354474496,2015-02-01 23:40:11+00:00,562032695354474496,Not surprised Turbotax omitted the part where the colonists dressed as Indians at the Boston Tea Party.,1,1,2,NataliaGives,Natalia M Griffin,589,569,1,2,2015
https://twitter.com/tbrunelle/status/562032690954641408,2015-02-01 23:40:10+00:00,562032690954641408,Funny. @turbotax #SuperBowl #lebowski #AdBowl,1,0,0,tbrunelle,Tim Brunelle,4501,4782,1,2,2015
https://twitter.com/barrystrauss/status/562032686060306433,2015-02-01 23:40:09+00:00,562032686060306433,Great counterfactual history in Turbotax commercial,1,0,2,barrystrauss,Barry Strauss,4198,906,1,2,2015
https://twitter.com/Brainzooming/status/562032685053644803,2015-02-01 23:40:08+00:00,562032685053644803,Changing history with TurboTax? That could happen. #SuperBowlEXP #SuperBowlAds,3,0,1,Brainzooming,Brainzooming Group,18294,8618,1,2,2015
https://twitter.com/jamesjunior21/status/562032682809708546,2015-02-01 23:40:08+00:00,562032682809708546,Best #superbowlcommercials so far is @turbotax #SuperBowlXLIX,3,0,1,jamesjunior21,James Blackburn,2778,630,1,2,2015
https://twitter.com/AVDawn/status/562032678262677504,2015-02-01 23:40:07+00:00,562032678262677504,"LoLs at @TurboTax #superbowlads  ""Well alright then...""  #AlternativeHistory",1,0,0,AVDawn,Dawn Meade,4310,1858,1,2,2015
https://twitter.com/Jess_Chambers/status/562032674446249984,2015-02-01 23:40:06+00:00,562032674446249984,C- for TurboTax. Please don't mess with American history. Stop. Just stop. #SuperBowlAds #sbads #superbowlcommercials,1,0,1,Jess_Chambers,Jess Chambers,343,1053,1,2,2015
https://twitter.com/jamesdubinsky/status/562032657518067712,2015-02-01 23:40:02+00:00,562032657518067712,@turbotax awesome commercial @emutb2015 #tweetbowl @EMUHomie,1,0,1,jamesdubinsky,James Dubinsky Jr,49,206,1,2,2015
https://twitter.com/sweetdee310/status/562032657199280128,2015-02-01 23:40:02+00:00,562032657199280128,#Toyota as the first commercial followed by #turbotax?! Where you at bud?! #brandbowl,1,0,0,sweetdee310,DeAnna,201,360,1,2,2015
https://twitter.com/howardfineman/status/562032656079400962,2015-02-01 23:40:01+00:00,562032656079400962,Great #TurboTax ad,2,4,13,howardfineman,howardfineman,254456,3435,1,2,2015
https://twitter.com/AllisonRebeccaP/status/562032656012300289,2015-02-01 23:40:01+00:00,562032656012300289,Laughing at the original New England Patriots in the @turbotax commercial. #SB49 #SuperBowlXLIX #SuperBowlAds,1,0,0,AllisonRebeccaP,Allison Rebecca Penn,369,774,1,2,2015
https://twitter.com/EricAsimov/status/562032655009857536,2015-02-01 23:40:01+00:00,562032655009857536,"Wow, Bob Dylan song on turbotax commercial?",1,1,5,EricAsimov,Eric Asimov,81729,858,1,2,2015
https://twitter.com/ZeRoyalViking/status/562032651540770816,2015-02-01 23:40:00+00:00,562032651540770816,The TurboTax commercial tho,11,2,128,ZeRoyalViking,ZeRoyalViking,266733,952,1,2,2015
https://twitter.com/OSCboston/status/562032646646034432,2015-02-01 23:39:59+00:00,562032646646034432,Catch any Old South members in that @turbotax #SuperBowI commercial featuring the Boston Tea Party? 😂,2,0,2,OSCboston,Old South Church BOS,1566,1001,1,2,2015
https://twitter.com/jbernoff/status/562032644838653952,2015-02-01 23:39:59+00:00,562032644838653952,My son the history buff loved the TurboTax ad #SuperBowlXLIX #SuperBowlAds,1,0,3,jbernoff,Josh Bernoff,23120,1845,1,2,2015
https://twitter.com/BlakeMcIver/status/562032641298284544,2015-02-01 23:39:58+00:00,562032641298284544,"TurboTax Boston Tea Party. That's all. Really, that's all I've got. #SuperBowl",7,0,12,BlakeMcIver,Blake McIver,21390,915,1,2,2015
https://twitter.com/Mark26pt2/status/562032635955126273,2015-02-01 23:39:57+00:00,562032635955126273,First two commercials #Toyota and #TurboTax =&gt; #notimpressed,1,0,0,Mark26pt2,Mark Kramer,285,470,1,2,2015
https://twitter.com/TVTye/status/562032634210312193,2015-02-01 23:39:56+00:00,562032634210312193,1st &amp; 2nd In Game spots: Ali speech for #Toyota ad.  TurboTax uses a founding fathers mood.,1,2,0,TVTye,Chris Tye,8309,2477,1,2,2015
https://twitter.com/Bryan_Kluger/status/562032632729321472,2015-02-01 23:39:56+00:00,562032632729321472,Turbo tax commercial needed a big lebowski cameo with that Bob Dylan song. #SuperBowl #turbotax #BoomstickComics #BobDylan,1,0,0,Bryan_Kluger,Bryan Kluger,751,260,1,2,2015
https://twitter.com/AKHockeyBear/status/562032631668158465,2015-02-01 23:39:56+00:00,562032631668158465,So America's freedom depends on the non-existence of TurboTax.,1,0,1,AKHockeyBear,H. Bear,606,444,1,2,2015
https://twitter.com/spenceee21/status/562032618976587776,2015-02-01 23:39:53+00:00,562032618976587776,Laughed way too hard at that turbotax commercial,1,0,0,spenceee21,spenny,102,644,1,2,2015
https://twitter.com/mikememoli/status/562032618011889664,2015-02-01 23:39:52+00:00,562032618011889664,"""TurboTax: Wouldn't It Be Cool If We Were Still Part of England?""",1,1,3,mikememoli,Mike Memoli,75397,2013,1,2,2015
https://twitter.com/OwlsAsylum/status/562032609677819905,2015-02-01 23:39:50+00:00,562032609677819905,Turbotax said phukkk it...everybody bootlegging they shyt anyway...,1,0,0,OwlsAsylum,Black WOMEN FAN ACCOUNT,20319,16720,1,2,2015
https://twitter.com/ClaytonJCollier/status/562032609547804672,2015-02-01 23:39:50+00:00,562032609547804672,TurboTax has just set the bar for Super Bowl commercials for tonight,1,0,1,ClaytonJCollier,Clayton Collier,2958,1363,1,2,2015
https://twitter.com/the_dp/status/562032605290586113,2015-02-01 23:39:49+00:00,562032605290586113,Thought that TurboTax commercial was the Lebowski for a second.,1,0,1,the_dp,David P 🌈🦄✨💅🏿,1438,2664,1,2,2015
https://twitter.com/yesjenny/status/562032603705126913,2015-02-01 23:39:49+00:00,562032603705126913,Woman Revolutionary War soldier! Points! #3percentsb @turbotax,1,0,4,yesjenny,Jenny Bergman,484,423,1,2,2015
https://twitter.com/aaronesilvers/status/562032603352813570,2015-02-01 23:39:49+00:00,562032603352813570,First penalty goes to intuit for that turbotax commercial.,1,0,4,aaronesilvers,aaron the jawn exotic,4182,405,1,2,2015
https://twitter.com/improvhistory/status/562032602757214208,2015-02-01 23:39:49+00:00,562032602757214208,"Okay @turbotax, we approve. #superbowl1776 #SuperBowl",1,0,2,improvhistory,Improvised History,423,182,1,2,2015
https://twitter.com/caff/status/562032600022523904,2015-02-01 23:39:48+00:00,562032600022523904,Nice production value on @turbotax #sbads but guarantee most won't remember who it was for. #SuperBowlAds,2,0,1,caff,🌻✨ J A N E ✨🌻,2832,1281,1,2,2015
https://twitter.com/_TC_/status/562032597404905473,2015-02-01 23:39:47+00:00,562032597404905473,‘@turbotax why do you hate America,1,0,0,_TC_,TC,351,465,1,2,2015
https://twitter.com/ZachMartina/status/562032597132259328,2015-02-01 23:39:47+00:00,562032597132259328,"So that's the secret to world peace; Free tax filing? Thanks @turbotax , you've saved so much bloodshed. #SuperBowlXLIX #commercials",2,0,0,ZachMartina,Zach Martina,1458,645,1,2,2015
https://twitter.com/USATODAY/status/562032593252929536,2015-02-01 23:39:46+00:00,562032593252929536,Does the voiceover on the #sb49 @turbotax ad sound familiar? It’s @WilliamHMacy. More big game facts at http://t.co/awqkk8JuKD  #admeter,29,2,20,USATODAY,USA TODAY,4791383,923,1,2,2015
https://twitter.com/HeathMayo/status/562032592237502465,2015-02-01 23:39:46+00:00,562032592237502465,+1 for TurboTax on the Tea Party commercial. #SB49,1,0,4,HeathMayo,Heath Mayo,56405,790,1,2,2015
https://twitter.com/SimonMaloy/status/562032589771669504,2015-02-01 23:39:46+00:00,562032589771669504,So many dumb people are mad at TurboTax right now,4,1,4,SimonMaloy,Simon Maloy,50803,1054,1,2,2015
https://twitter.com/asherhuey/status/562032589419327489,2015-02-01 23:39:46+00:00,562032589419327489,So TurboTax just prevented the Revolution?  God save the Queen.  #asherdoessports,1,1,0,asherhuey,Asher Huey,6884,4318,1,2,2015
https://twitter.com/SmittyBarstool/status/562032588416880640,2015-02-01 23:39:45+00:00,562032588416880640,That TurboTax commercial was 1000000x more historically accurate than Sons Of Liberty.,4,1,18,SmittyBarstool,GENERAL SPANK,187966,1446,1,2,2015
https://twitter.com/KevDGrussing/status/562032587678711809,2015-02-01 23:39:45+00:00,562032587678711809,"So, if we had Turbotax in 1770s we'd still be Britain? RIGHT THEN! #SuperBowlAd",1,0,0,KevDGrussing,Kevin D. Grüssing (Pronounced Grew-Sing),3951,5000,1,2,2015
https://twitter.com/FelixDerDritte/status/562032585019498496,2015-02-01 23:39:44+00:00,562032585019498496,TurboTax apparently hates America.,1,0,0,FelixDerDritte,Brett,0,0,1,2,2015
https://twitter.com/BrianWCollins/status/562032581575598081,2015-02-01 23:39:44+00:00,562032581575598081,TurboTax with the rare Super Bowl ad featuring people being stabbed to death.,2,0,4,BrianWCollins,Brian W. Collins,15960,660,1,2,2015
https://twitter.com/thomasmckenzie/status/562032580821024768,2015-02-01 23:39:43+00:00,562032580821024768,"So, TurboTax is anti-American Revolution? #SuperBowl",2,1,3,thomasmckenzie,Thomas McKenzie,5536,471,1,2,2015
https://twitter.com/nut_MEG_an/status/562032580003135489,2015-02-01 23:39:43+00:00,562032580003135489,I enjoyed turbotax's commercial,1,0,1,nut_MEG_an,MC Gowan,265,473,1,2,2015
https://twitter.com/EgyptoKnuckles/status/562032577314172928,2015-02-01 23:39:43+00:00,562032577314172928,*patiently waiting for the Tea Party to express excitement and disdain over the TurboTax commercial* #SuperBowl,1,1,0,EgyptoKnuckles,Ali Elabbady aka Foodie Tang (he/him/his),2870,2843,1,2,2015
https://twitter.com/simply_Kii/status/562032575141535744,2015-02-01 23:39:42+00:00,562032575141535744,TurboTax boooooooo,1,0,0,simply_Kii,cher,1333,675,1,2,2015
https://twitter.com/lauramfooks/status/562032573757394944,2015-02-01 23:39:42+00:00,562032573757394944,"What's more American than the Boston Tea Party?! Good call, TurboTax. #PRSSABowl",1,0,3,lauramfooks,Laura Fooks,1225,717,1,2,2015
https://twitter.com/DMR_MI/status/562032572847624193,2015-02-01 23:39:42+00:00,562032572847624193,#BadAd Turbotax,1,0,0,DMR_MI,Donna,1154,1215,1,2,2015
https://twitter.com/4cchild/status/562032572109037568,2015-02-01 23:39:41+00:00,562032572109037568,Turbotax ad shows how far we've fallen since the Founding Fathers.,7,1,7,4cchild,Chris,24214,1324,1,2,2015
https://twitter.com/EsotericCD/status/562032571555786752,2015-02-01 23:39:41+00:00,562032571555786752,"Wait, how did TurboTax work from the Boston Tea Party to...Bob Dylan's ""The Man In Me?""",1,0,0,EsotericCD,Jeff B. is *BOX OFFICE POISON*,61919,413,1,2,2015
https://twitter.com/nbamark/status/562032566182490112,2015-02-01 23:39:40+00:00,562032566182490112,Turbotax a good one!,1,0,4,nbamark,Mark Champion,6629,281,1,2,2015
https://twitter.com/charlieisaacs/status/562032563959500800,2015-02-01 23:39:39+00:00,562032563959500800,That last ad from @turbotax  was quite taxing #SB49,1,0,2,charlieisaacs,Charlie Isaacs,42481,35258,1,2,2015
https://twitter.com/mnengle/status/562032562747367425,2015-02-01 23:39:39+00:00,562032562747367425,#TurboTax won the first round of super bowl ads,1,0,0,mnengle,Michael Engle,12366,2184,1,2,2015
https://twitter.com/jimgeraghty/status/562032562055684096,2015-02-01 23:39:39+00:00,562032562055684096,"TurboTax: Without raging about high taxes,  we wouldn't be America.",11,2,14,jimgeraghty,Jim Geraghty,105603,1197,1,2,2015
https://twitter.com/irauhlin/status/562032560394354688,2015-02-01 23:39:39+00:00,562032560394354688,That's a really funny TurboTax commercial. 😂,2,0,2,irauhlin,h,10007,94,1,2,2015
https://twitter.com/KaitReese/status/562032553779929088,2015-02-01 23:39:37+00:00,562032553779929088,Ahh!! I love this Revolutionary War commercial! Great job @turbotax! #VTIMC #historynerd,1,0,1,KaitReese,Kaitlin Reese,928,803,1,2,2015
https://twitter.com/ChrisLaurenti/status/562032553067282433,2015-02-01 23:39:37+00:00,562032553067282433,Big Lebowski music on TurboTax commercial!!!!,1,0,2,ChrisLaurenti,Chris Laurenti,734,1130,1,2,2015
https://twitter.com/janewells/status/562032551158489088,2015-02-01 23:39:36+00:00,562032551158489088,Toyota ad but doesn't sell Camrys. TurboTax ad better. Back to you.,2,3,5,janewells,janewells,115699,1453,1,2,2015
https://twitter.com/CarolinaHuddle/status/562032547031703553,2015-02-01 23:39:35+00:00,562032547031703553,That turbotax commercial just went over the heads of 75% of Americans.,1,0,8,CarolinaHuddle,Jeremy Igo,21698,366,1,2,2015
https://twitter.com/BryceWalts/status/562032545253326848,2015-02-01 23:39:35+00:00,562032545253326848,TurboTax with the W in the first commercial break,1,0,0,BryceWalts,bryce,661,838,1,2,2015
https://twitter.com/Ace_Metrix/status/562032539800698881,2015-02-01 23:39:34+00:00,562032539800698881,"Super job, .@turbotax! Great play on the American Revolution. #SuperBowlAds Can't wait to score that ad.",1,0,1,Ace_Metrix,Ace Metrix | an iSpot company,1322,1314,1,2,2015
https://twitter.com/letmeknightyou1/status/562032538915708929,2015-02-01 23:39:33+00:00,562032538915708929,That was a good one @turbotax,1,0,0,letmeknightyou1,Ben Knight,291,140,1,2,2015
https://twitter.com/adtothebone/status/562032538592346112,2015-02-01 23:39:33+00:00,562032538592346112,TurboTax bonus points for using a Big Lebowski song.  #sbads #sb49 #sbXLIX #superbowlads,1,1,1,adtothebone,Clayton Hove,5584,5725,1,2,2015
https://twitter.com/seanemorris/status/562032537023696896,2015-02-01 23:39:33+00:00,562032537023696896,So #TurboTax is ok with taxation without representation??,1,0,2,seanemorris,Sean Morris,186,972,1,2,2015
https://twitter.com/SteveStaeger/status/562032535795142656,2015-02-01 23:39:33+00:00,562032535795142656,I enjoyed the #TurboTax commercial. Clever.... #SuperBowl,1,0,0,SteveStaeger,Steve Staeger,25009,4259,1,2,2015
https://twitter.com/ActuallyEmerson/status/562032535085932544,2015-02-01 23:39:33+00:00,562032535085932544,Some community theatre production of 1776 went dark for a night to make this TurboTax commercial.,7,2,15,ActuallyEmerson,Emerson Collins,24495,1289,1,2,2015
https://twitter.com/billybarrs/status/562032533034897409,2015-02-01 23:39:32+00:00,562032533034897409,The turbotax commercial was pretty good,1,0,0,billybarrs,Bill,461,153,1,2,2015
https://twitter.com/_AaronRyan/status/562032529059090434,2015-02-01 23:39:31+00:00,562032529059090434,"So if TurboTax existed back in the day, America never would have been founded?",1,1,3,_AaronRyan,Aaron,3377,3283,1,2,2015
https://twitter.com/MMCR21/status/562032528761311232,2015-02-01 23:39:31+00:00,562032528761311232,Thumbs up! 👍 #TurboTax #AdBowl,1,1,0,MMCR21,MCR ★,80,129,1,2,2015
https://twitter.com/fordm/status/562032527834357761,2015-02-01 23:39:31+00:00,562032527834357761,This TurboTax ad emboldens our enemies and weakens our resolve.,6,0,12,fordm,Matt Ford,50097,4656,1,2,2015
https://twitter.com/snowed_in/status/562032524965064706,2015-02-01 23:39:30+00:00,562032524965064706,"Just think:  if only we'd had Turbotax in 1773, we'd still be British subjects. What?  #SuperBowl",1,0,1,snowed_in,"This claim about being ""snowed in"" is disputed",1248,1789,1,2,2015
https://twitter.com/nicktrone/status/562032521710678016,2015-02-01 23:39:29+00:00,562032521710678016,Is turbotax trying to tell me I'm still British or something,1,0,1,nicktrone,Nick Trone,234,338,1,2,2015
https://twitter.com/MadMike4883/status/562032521450250241,2015-02-01 23:39:29+00:00,562032521450250241,Why does TurboTax want the British Monarchy to return?,1,1,1,MadMike4883,"Fully Vaxxed, Let's Have Snacks",748,818,1,2,2015
https://twitter.com/EbenezerMudget/status/562032518879510529,2015-02-01 23:39:29+00:00,562032518879510529,Fuck you @turbotax,1,0,1,EbenezerMudget,Ebenezer Mudgett,284,2173,1,2,2015
https://twitter.com/DirectorAF1/status/562032517012672512,2015-02-01 23:39:28+00:00,562032517012672512,Commercial @turbotax spent some tax money,1,1,1,DirectorAF1,Blue_,89422,90206,1,2,2015
https://twitter.com/TheWhippetGuy/status/562032512919040000,2015-02-01 23:39:27+00:00,562032512919040000,Really not liking the historical inaccuracies in that TurboTax commercial y'all,2,0,0,TheWhippetGuy,David Hill,556,995,1,2,2015
https://twitter.com/DanJKroll/status/562032512059572224,2015-02-01 23:39:27+00:00,562032512059572224,The TurboTax commercial was funny. Nice job. #SuperBowl,1,0,2,DanJKroll,Dan J Kroll,7932,781,1,2,2015
https://twitter.com/mtuohy/status/562032511627190275,2015-02-01 23:39:27+00:00,562032511627190275,This just out- whole Boston Tea Party could have been avoided if we had @TurboTax #SB49SMchat #brandbowl #superbowlads,3,0,0,mtuohy,Maura Di Muro (she/her),1515,1871,1,2,2015
https://twitter.com/bristei/status/562032509484269568,2015-02-01 23:39:26+00:00,562032509484269568,"TurboTax: Meh, but what do you think?",1,9,0,bristei,Brian Steinberg,16353,2045,1,2,2015
https://twitter.com/alexaizenberg/status/562032508293111809,2015-02-01 23:39:26+00:00,562032508293111809,"Um, this turboTax commercial is anti-American. #SB49",1,0,2,alexaizenberg,Alex Aizenberg,1869,2052,1,2,2015
https://twitter.com/bradleyfields/status/562032504647860225,2015-02-01 23:39:25+00:00,562032504647860225,This #turbotax taxation without representation commercial probably isn't hitting in DC. #SuperBowlAds,1,0,2,bradleyfields,bradley fields,605,342,1,2,2015
https://twitter.com/iamchrishass/status/562032504400801793,2015-02-01 23:39:25+00:00,562032504400801793,I see you TurboTax,1,0,2,iamchrishass,Chris Hass ⓮,718,321,1,2,2015
https://twitter.com/ColemanESPN/status/562032501817110529,2015-02-01 23:39:25+00:00,562032501817110529,1st bad SB ad...the winner is TurboTax.,8,4,16,ColemanESPN,Freddie Coleman,47278,3944,1,2,2015
https://twitter.com/Wu_Tang_Finance/status/562032497081327616,2015-02-01 23:39:24+00:00,562032497081327616,REDCOATS DESERVE NO RESPECT YO @TURBOTAX,65,3,85,Wu_Tang_Finance,Wu-Tang Financial 🥑,181136,2154,1,2,2015
https://twitter.com/bama_nurse/status/562032496603566081,2015-02-01 23:39:23+00:00,562032496603566081,Lol at the turbotax commercial,1,0,5,bama_nurse,Kasey Barton,14440,1500,1,2,2015
https://twitter.com/NinjaMomAllie/status/562032491901767681,2015-02-01 23:39:22+00:00,562032491901767681,"Somewhere a lot of right wingers are getting super, super offended. #TurboTax #SB49",1,0,0,NinjaMomAllie,Alicia S.,3126,4766,1,2,2015
https://twitter.com/DJBeeLaSole/status/562032486935326720,2015-02-01 23:39:21+00:00,562032486935326720,TurboTax need they ass whooped for that commercial,1,1,1,DJBeeLaSole,💜💛8/24,510,685,1,2,2015
https://twitter.com/TheCandaceLowry/status/562032485588938752,2015-02-01 23:39:21+00:00,562032485588938752,This budget for a TurboTax commercial #SuperBowl,1,0,2,TheCandaceLowry,Candace Lowry,22949,954,1,2,2015
https://twitter.com/KBoopaloo/status/562032484087758849,2015-02-01 23:39:20+00:00,562032484087758849,That TurboTax ad was more accurate than #sonsofliberty. And funnier.,2,0,2,KBoopaloo,Karen,379,315,1,2,2015
https://twitter.com/jenmama07/status/562032483546312704,2015-02-01 23:39:20+00:00,562032483546312704,History lesson time: Boston Tea Party!! #SB49 #TurboTax #AllRightThen,1,0,0,jenmama07,Jennifer (she/they),509,1348,1,2,2015
https://twitter.com/JFergusonAU/status/562032483131461634,2015-02-01 23:39:20+00:00,562032483131461634,DEPORT TURBOTAX FOR TREASON,6,0,5,JFergusonAU,Justin Ferguson,21167,664,1,2,2015
https://twitter.com/Adweek/status/562032482393268224,2015-02-01 23:39:20+00:00,562032482393268224,"TurboTax - Just silly enough to work, even if wasn't as fun as ""Sean"" on last year's game. #SB49 http://t.co/fjNqLEjaek",50,10,89,Adweek,Adweek,690384,26538,1,2,2015
https://twitter.com/TheBeerNerd/status/562032482011193345,2015-02-01 23:39:20+00:00,562032482011193345,turbotax hates america,1,0,0,TheBeerNerd,Commish of hangin',1037,249,1,2,2015
https://twitter.com/RealMattyDubbs/status/562032477792116737,2015-02-01 23:39:19+00:00,562032477792116737,Turbotax...no. Just no.,1,0,1,RealMattyDubbs,Matthias Underwood,1965,529,1,2,2015
https://twitter.com/capitolmusic/status/562032475606884352,2015-02-01 23:39:18+00:00,562032475606884352,Tea anyone? @turbotax  #SB49 http://t.co/92EkjgM1g7,50,10,81,capitolmusic,Capitol Music,455759,616,1,2,2015
https://twitter.com/pptsapper/status/562032475225206784,2015-02-01 23:39:18+00:00,562032475225206784,"Turbotax, I approve.",1,0,3,pptsapper,Angry Staff Officer,80137,1434,1,2,2015
https://twitter.com/FauxSportsOhio/status/562032471521628160,2015-02-01 23:39:17+00:00,562032471521628160,"Dumb af, TurboTax...",1,0,0,FauxSportsOhio,Faux Sports Ohio,1442,351,1,2,2015
https://twitter.com/pakaspari/status/562032460121530368,2015-02-01 23:39:15+00:00,562032460121530368,"Yeah, because that's totally how the Boston Tea Party ended. #TurboTax #SB49",1,0,1,pakaspari,Peter Kaspari,520,1624,1,2,2015
https://twitter.com/USATODAYmoney/status/562032456984195073,2015-02-01 23:39:14+00:00,562032456984195073,Does the voiceover on the #sb49 @turbotax ad sound familiar??  It’s @WilliamHMacy  More big game facts at http://t.co/IPY6VLct1P  #admeter,5,1,4,USATODAYmoney,USA TODAY Money,437623,1505,1,2,2015
https://twitter.com/johntabin/status/562032453012176896,2015-02-01 23:39:13+00:00,562032453012176896,That TurboTax ad is roughly as historically accurate as Sons of Liberty,1,0,1,johntabin,John Tabin,4090,1085,1,2,2015
https://twitter.com/ThrowballBrit/status/562032442710564864,2015-02-01 23:39:11+00:00,562032442710564864,All that wasted tea. Thanks for the reminder. #SuperBowlCupFinal #turbotax,18,1,22,ThrowballBrit,Throwball for Brits,1812,141,1,2,2015
https://twitter.com/JoBroBeetus18/status/562032440265699328,2015-02-01 23:39:10+00:00,562032440265699328,Can't wait to file my taxes now #brilliant #TurboTax,1,0,1,JoBroBeetus18,Jordan Allan,159,141,1,2,2015
https://twitter.com/troyglidden/status/562032434099654656,2015-02-01 23:39:09+00:00,562032434099654656,"Nice one, @turbotax! #SuperBowlXLIX",1,0,0,troyglidden,Troy Glidden,1527,3090,1,2,2015
https://twitter.com/Eat24/status/562032419113406465,2015-02-01 23:39:05+00:00,562032419113406465,Wish the @TurboTax ad had talked about whether you can claim chicken wings as a dependent.,3,0,12,Eat24,Eat24,53921,5498,1,2,2015
https://twitter.com/cfdonahue/status/562029330042073088,2015-02-01 23:26:48+00:00,562029330042073088,Is it a coincidence that the Patriots are playing during the Boston Tea Party? #absolutezero @turbotax #SuperBowlAds,2,0,1,cfdonahue,caroline donahue,2178,1086,1,2,2015
https://twitter.com/cfdonahue/status/562027734080040960,2015-02-01 23:20:28+00:00,562027734080040960,Our @intuit @turbotax ad will play in the first set of ads during the first quarter of the super bowl #absolutezero,3,2,3,cfdonahue,caroline donahue,2178,1086,1,2,2015
https://twitter.com/turbotax/status/562026403843960832,2015-02-01 23:15:11+00:00,562026403843960832,Are you ready to go #BeastMode on your taxes? Start now for free: http://t.co/B8QLxFOSDD #BigGame #Seahawks #SB49 #Absolute0,1,0,0,turbotax,Intuit TurboTax,64669,927,1,2,2015
https://twitter.com/beinSCOOTERBUIE/status/562024598959841280,2015-02-01 23:08:00+00:00,562024598959841280,We'll be watching for your #SuperBowl  #TurboTax commercial...@C_Buie1,1,0,1,beinSCOOTERBUIE,daroad-LES-traveled,209,1046,1,2,2015
https://twitter.com/turbotax/status/562022637053157376,2015-02-01 23:00:13+00:00,562022637053157376,"While your furry friend isn't in the #PuppyBowl, he could get you a tax #deduction! Learn how: http://t.co/JiZUtk3nCZ http://t.co/bZKivNwz2q",5,2,2,turbotax,Intuit TurboTax,64669,927,1,2,2015
https://twitter.com/vinceyue666/status/562018477998096386,2015-02-01 22:43:41+00:00,562018477998096386,Fix: What is TurboTax actually doing ... - http://t.co/1JKP8GgIZf #appstore #androiddev #gameart #windows #bigdata #project #freelancer,1,0,0,vinceyue666,TRIFORCE STUDIO,286,97,1,2,2015
https://twitter.com/Christy41970/status/561997508206137344,2015-02-01 21:20:22+00:00,561997508206137344,Get your taxes (1040/EZ) done for FREE! Absolutely NO hidden costs with TurboTax! #ad http://t.co/TOXYEeNhcF,3,0,0,Christy41970,Christy Maurer,17758,4831,1,2,2015
https://twitter.com/yoyoel/status/561991278771331072,2015-02-01 20:55:36+00:00,561991278771331072,Pretty much the only thing more convoluted than the US tax code is the TurboTax pricing model.,2,0,2,yoyoel,Yoel Roth,41880,741,1,2,2015
https://twitter.com/Clever_Network/status/561953430483513344,2015-02-01 18:25:13+00:00,561953430483513344,Learn how to keep more of your #money this #tax season at the @turbotax Twitter Party 2/5 12pmPT #Absolute0 http://t.co/RqshjHrZqt,9,0,1,Clever_Network,CLEVER Network,13582,6964,1,2,2015
https://twitter.com/lisasamples/status/561948420785831936,2015-02-01 18:05:18+00:00,561948420785831936,"The best things in life are free, including #taxes! Get tax tips at the @turbotax Twitter Party 2/5 12pmPT #Absolute0 http://t.co/JZbTZu5anE",3,0,1,lisasamples,Lisa Samples,49412,26806,1,2,2015
https://twitter.com/_EchelonStatuz/status/561942685909409793,2015-02-01 17:42:31+00:00,561942685909409793,"""@ceesmith22: @_EchelonStatuz *shmoney dances* lmao http://t.co/9tDw063094"" @turbotax damn yall fast like that 😳😌👌",1,1,0,_EchelonStatuz,Wudgie,601,283,1,2,2015
https://twitter.com/MEClosets/status/561941544526028800,2015-02-01 17:37:59+00:00,561941544526028800,.@LorettaNorton Turbotax just one more example of large corps more concerned about profit than the data security of their customers.,1,1,1,MEClosets,"Stay Safe, Help Your Neighbors",4437,4091,1,2,2015
https://twitter.com/yetitwo/status/561918301987540992,2015-02-01 16:05:37+00:00,561918301987540992,"@turbotax: Second, when you ask whether a student has an ESA, you should clarify that an ESA is not a 529.",1,0,0,yetitwo,Tanner Stirrat,6,3,1,2,2015
https://twitter.com/yetitwo/status/561918104897208320,2015-02-01 16:04:50+00:00,561918104897208320,"@turbotax: First, I can't figure out how to contact you and raise issues with your software. It's not in Turbotax and it's not on your site.",1,1,0,yetitwo,Tanner Stirrat,6,3,1,2,2015
https://twitter.com/FreeFurFun/status/561905368398569473,2015-02-01 15:14:14+00:00,561905368398569473,"Get the MAXIMUM refund, guaranteed, when you file your taxes FREE with TurboTax!! ➨ http://t.co/GwrOM81jqb http://t.co/bfLtjVeuLt",1,0,0,FreeFurFun,"Freebies, Furbabies, Fun",23223,16175,1,2,2015
https://twitter.com/Shay_the_Skunk/status/561770367119683585,2015-02-01 06:17:47+00:00,561770367119683585,ProTip: TurboTax free eFile has the information in their databases if you need to claim a cost exemption for medical insurance in 2014.,1,1,1,Shay_the_Skunk,Shay Says Rage Against Capitalist Dystopia,329,374,1,2,2015
https://twitter.com/KateKendall/status/561734260885696512,2015-02-01 03:54:18+00:00,561734260885696512,Smart Instagram advertising from @turbotax: http://t.co/vtsnad91K2,3,1,4,KateKendall,Kate Kendall,47474,1169,1,2,2015
https://twitter.com/PNWPackMom/status/561726913517858816,2015-02-01 03:25:07+00:00,561726913517858816,Applying to the 2015 tax year. Fatten Your Paycheck and Still Get a Tax Refund - TurboTax Tax Tips &amp; Videos https://t.co/arCNYsKrJl,1,0,0,PNWPackMom,Their Mothers Wife,410,745,1,2,2015
https://twitter.com/lgstrick/status/561705502414213121,2015-02-01 02:00:02+00:00,561705502414213121,"@KimHNorris I hate how TurboTax like updates the info as you're going along. HUGE RETURN! WAIT, NO...YOU OWE ALLLL OF THE TAXES",1,0,0,lgstrick,горе луковое,165,395,1,2,2015
https://twitter.com/turbotaxfraud/status/561692870022012928,2015-02-01 01:09:50+00:00,561692870022012928,@BrockJHolmes at least the people at @myvanillacard are helpful. I can't say that for @turbotax,1,0,0,turbotaxfraud,turbo taxfraud,13,15,1,2,2015
https://twitter.com/OMNIceezee/status/561692238728945664,2015-02-01 01:07:20+00:00,561692238728945664,@jenkyea @turbotaxfraud   - @turbotax &amp; @myvanillacard a #taxfraud match made in heaven. No security / no verification!,1,1,1,OMNIceezee,OMNI CZ,8456,634,1,2,2015
https://twitter.com/goldieharrison/status/561690402177048577,2015-02-01 01:00:02+00:00,561690402177048577,TurboTax you don't need an Instagram,2,1,10,goldieharrison,TaylorAileenHarrison,980,302,1,2,2015
https://twitter.com/Dave214_/status/561685550143270912,2015-02-01 00:40:45+00:00,561685550143270912,@SwaggyIndi lol I just called her and gave her my turbotax stuff . I need my 💰,1,0,1,Dave214_,.,10875,1992,1,2,2015
