url,Datetime,Tweet Id,Text,Retweet Count,Reply Count,Like Count,Username,Display Name,Followers Count,Friends Count,Day,Month,Year
https://twitter.com/CampaignLiveUS/status/828745590397923329,2017-02-06 23:22:00+00:00,828745590397923329,"Squarespace, Budweiser and Audi top Campaign's global creative council picks for #SuperBowl LI https://t.co/A9YlfElGm3",1,0,2,CampaignLiveUS,Campaign US,16598,1974,6,2,2017
https://twitter.com/bleustudioart/status/828742725264670720,2017-02-06 23:10:37+00:00,828742725264670720,A step-by-step guide on how to have a Tweet This box on Squarespace https://t.co/Awe77PiZ77 via @banannamari #squarespace #blogging,1,1,2,bleustudioart,Lauren Eich,300,275,6,2,2017
https://twitter.com/John7Istheman/status/828739168788480005,2017-02-06 22:56:29+00:00,828739168788480005,Push it too far and you will lose my business @squarespace. I spend money with you NOT for your politics. #uspoli you too #audi,1,1,0,John7Istheman,john7istheman,1371,4986,6,2,2017
https://twitter.com/squarespace/status/828737835574235136,2017-02-06 22:51:11+00:00,828737835574235136,Squarespace is proud to join a coalition of tech companies challenging the immigration executive order. https://t.co/l3fvITa0Pm,13,2,67,squarespace,Squarespace,146181,6,6,2,2017
https://twitter.com/bayofayemi/status/828727094330941441,2017-02-06 22:08:30+00:00,828727094330941441,"just launched a new website, go check out https://t.co/V23jMwf5nG #jazzgig #jazzcomposer #squarespace #NYC #supportlivemusic",1,0,0,bayofayemi,Adebayo Fayemi,133,263,6,2,2017
https://twitter.com/jennaclarek/status/828721065123790849,2017-02-06 21:44:33+00:00,828721065123790849,Fun fact: if you have a student email you can get your first year of Squarespace for 50% off WHY DIDN'T SOMEONE TELL ME THIS SOONER,1,1,26,jennaclarek,jenna ☽,6158,483,6,2,2017
https://twitter.com/Inc/status/828718819799601156,2017-02-06 21:35:38+00:00,828718819799601156,10 Super Bowl Spots You Need to See Again @squarespace @drinkbai https://t.co/4sO0bpraF3,3,0,12,Inc,Inc.,2806500,1704,6,2,2017
https://twitter.com/CampaignLiveUS/status/828716642351906816,2017-02-06 21:26:59+00:00,828716642351906816,"Squarespace, Budweiser and Audi top Campaign's global creative council picks for the #SuperBowl https://t.co/fLTx8fJaq9 https://t.co/E7VXYSCJas",20,0,38,CampaignLiveUS,Campaign US,16598,1974,6,2,2017
https://twitter.com/CampaignLiveUS/status/828706982932668416,2017-02-06 20:48:36+00:00,828706982932668416,"Squarespace, Budweiser and Audi top Campaign's global creative council picks for the #SuperBowl https://t.co/fLTx8fJaq9 https://t.co/b2pvFpErHp",19,0,35,CampaignLiveUS,Campaign US,16598,1974,6,2,2017
https://twitter.com/DeloitteDigital/status/828693840991289345,2017-02-06 19:56:22+00:00,828693840991289345,A6 - @johnmalkovich's @squarespace ad was a big hit at our #SuperBowl party. #AdweekChat @Adweek https://t.co/2iioLVUGaH,6,0,16,DeloitteDigital,Deloitte Digital,45993,878,6,2,2017
https://twitter.com/katgordon/status/828692169204510722,2017-02-06 19:49:44+00:00,828692169204510722,#A5 @Adweek Smarter: strategy play into others' territory like @squarespace realizing URL grab 1st step b4 site design. @godaddy #adweekchat,1,0,6,katgordon,Katherine M. Gordon,14664,955,6,2,2017
https://twitter.com/kerstin_martin/status/828688525553852418,2017-02-06 19:35:15+00:00,828688525553852418,Great news! You can now transfer domain name registrations TO Squarespace. Click on “ALREADY HAVE A DOMAIN” https://t.co/1o4y56rEvW https://t.co/YKA24t8FUo,1,1,1,kerstin_martin,Kerstin Martin,93,47,6,2,2017
https://twitter.com/startup_wonders/status/828686500145545222,2017-02-06 19:27:12+00:00,828686500145545222,11 Super Bowl Spots You Need to See Again squarespace drinkbai https://t.co/Iwl7swkkYS,1,0,0,startup_wonders,Startup Wonders,1873,849,6,2,2017
https://twitter.com/ProGrowthHacker/status/828684843085086720,2017-02-06 19:20:37+00:00,828684843085086720,Posted by : @ Inc #Startup #Business #Digital 11 Super Bowl Spots You Need to See Again squarespace drinkbai https://t.co/eK6je8y0k5,1,0,0,ProGrowthHacker,Ad Media Global,2688,3694,6,2,2017
https://twitter.com/Inc/status/828684617653821440,2017-02-06 19:19:43+00:00,828684617653821440,11 Super Bowl Spots You Need to See Again @squarespace @drinkbai https://t.co/Ddf1LRMjc5,8,0,13,Inc,Inc.,2806500,1704,6,2,2017
https://twitter.com/JessOB1kenobi/status/828683197789696000,2017-02-06 19:14:05+00:00,828683197789696000,A1. @johnmalkovich for @squarespace. Obsessed. Love the mini-movie feel. #AdweekChat https://t.co/RNPw4KaZJY,1,1,2,JessOB1kenobi,Jess O'Brien🤘🏼🐙🤘🏼,2031,1814,6,2,2017
https://twitter.com/artsatlorg/status/828670813024972801,2017-02-06 18:24:52+00:00,828670813024972801,"Squarespace for Creatives, 7PM at @eyedrum #ArtsATLartdesign https://t.co/w6tlaHW3k2",1,0,1,artsatlorg,ArtsATL,8417,1313,6,2,2017
https://twitter.com/LAUNCH/status/828668354122575872,2017-02-06 18:15:06+00:00,828668354122575872,.@SamHarrisOrg on good possible outcome w/AI &amp; employment; need to redistribute wealth to better part of humanity-w/@jason-THX @squarespace https://t.co/RD79gSlhTH,2,1,4,LAUNCH,LAUNCH,29588,5197,6,2,2017
https://twitter.com/BourseetTrading/status/828664150582784000,2017-02-06 17:58:23+00:00,828664150582784000,👍Scoring big: we dug into the biggest #startup ads last night: ⏩https://t.co/fspj8Sb2QC  @airbnb @SoFi @GoDaddy @drinkbai @squarespace @Wix https://t.co/HKrEl1BQpo,3,0,4,BourseetTrading,Anthony Schmitt Financial Services | Trader,14327,589,6,2,2017
https://twitter.com/CBinsights/status/828663669965860864,2017-02-06 17:56:29+00:00,828663669965860864,Scoring big: we dug into the biggest startup ads last night: https://t.co/7R03CMh1kK @airbnb @SoFi @GoDaddy @drinkbai @squarespace @Wix https://t.co/HfJUGdbWJJ,3,0,7,CBinsights,CB Insights,103419,0,6,2,2017
https://twitter.com/Inc/status/828642927853334531,2017-02-06 16:34:04+00:00,828642927853334531,10 Super Bowl Spots You Need to See Again @squarespace @drinkbai https://t.co/iir2LUKeAl,13,2,17,Inc,Inc.,2806500,1704,6,2,2017
https://twitter.com/erinolan/status/828640455055253511,2017-02-06 16:24:14+00:00,828640455055253511,Super impressed by Dropbox Paper—It's like google docs meets squarespace meets slack... great job @DropboxDesign https://t.co/3jkGjKpmqd,5,2,28,erinolan,Erin Nolan,2680,574,6,2,2017
https://twitter.com/SLRLounge/status/828629080417374216,2017-02-06 15:39:02+00:00,828629080417374216,Pros and Cons of Squarespace for Photographers https://t.co/FvfsAGtCDS #wordpress #photographer #webmarketing https://t.co/yFySViNymx,1,0,5,SLRLounge,SLR Lounge,48615,773,6,2,2017
https://twitter.com/KarolZielinski/status/828626872082763776,2017-02-06 15:30:16+00:00,828626872082763776,My favourite #SuperBowl ad this year: https://t.co/6QqDzP9yTp Great job @squarespace and @johnmalkovich,1,0,1,KarolZielinski,Karol Zielinski,5032,102,6,2,2017
https://twitter.com/TKStaar/status/828619452057079808,2017-02-06 15:00:47+00:00,828619452057079808,@usidoretheblue @MagicTavern @squarespace Naturally had to check. Was not disappointed. https://t.co/g0NTxFOT5u,5,1,49,TKStaar,TK Staar 🌙💀🔪 Moving Home Arc,857,435,6,2,2017
https://twitter.com/LANDS_Ja/status/828600384541204482,2017-02-06 13:45:00+00:00,828600384541204482,"With fees deducted, the crowdfunding service will give us 506.52 USD This covers Squarespace for 2 years and a part of the 3rd year.",1,1,3,LANDS_Ja,🇯🇲 Jamaica LANDS 🇯🇲,3434,74,6,2,2017
https://twitter.com/ericwhatsnext/status/828600115808055296,2017-02-06 13:43:56+00:00,828600115808055296,#SuperBowl 5 Questions With #Squarespace #CCO David Lee https://t.co/J140lTHhLL #brand #strategy #marketing #product #innovation,1,0,0,ericwhatsnext,Eric Stempinski,386,443,6,2,2017
https://twitter.com/ManageMyWebsite/status/828562793213329408,2017-02-06 11:15:38+00:00,828562793213329408,How to build your own website with Squarespace | Allie Astell https://t.co/LlN4cKYLGl,1,0,1,ManageMyWebsite,Manage My Website,1764,2375,6,2,2017
https://twitter.com/fydnow/status/828558724201488385,2017-02-06 10:59:28+00:00,828558724201488385,https://t.co/nTN8TADCLp is for sale at https://t.co/OBhF0G7s9O #domain #domains #namescon #domaining #domainnames #squarespace #brand,1,0,1,fydnow,Prateek (Fydnow Domains),908,673,6,2,2017
https://twitter.com/ManageMyWebsite/status/828545754264371200,2017-02-06 10:07:56+00:00,828545754264371200,We're delighted to launch our latest @squarespace website for @SQUINSPIRATION - an online curated gallery for #artists to exhibit their work https://t.co/a30DMCJ8eg,1,1,1,ManageMyWebsite,Manage My Website,1764,2375,6,2,2017
https://twitter.com/meetthehappyi/status/828521449002381312,2017-02-06 08:31:21+00:00,828521449002381312,"84 Lumber, Squarespace, Skittles, Kia, Honda, Wix, Turbotax, Buick, Nintendo! #Superbowl makes me feel like a kid in a candy store again! https://t.co/xrQmKI9AwZ",1,0,1,meetthehappyi,Meet Kaur,233,300,6,2,2017
https://twitter.com/DontHostHate/status/828471886287876096,2017-02-06 05:14:24+00:00,828471886287876096,Please join us in asking @Squarespace to do the right thing and stop hosting sites that promote hate. #DontHostHate,1,0,1,DontHostHate,#DontHostHate,15,5,6,2,2017
https://twitter.com/Inc/status/828464452328685568,2017-02-06 04:44:52+00:00,828464452328685568,10 Super Bowl Spots You Need to See Again @squarespace @drinkbai https://t.co/lS0y4R1tYn,28,0,43,Inc,Inc.,2806500,1704,6,2,2017
https://twitter.com/ItsTheBrandi/status/828462193951776768,2017-02-06 04:35:53+00:00,828462193951776768,Whew. Someone tell them about Squarespace. https://t.co/2lfYUIoXWW,1,1,2,ItsTheBrandi,Brandi Thinks Babar is a Dictator 😾,19723,4408,6,2,2017
https://twitter.com/jenny_rooney/status/828458680060411904,2017-02-06 04:21:56+00:00,828458680060411904,I'll be on @BizRadio111 Wed 5-7 p ET talking #SuperBowl ads w #CMOs from @intel @squarespace @Fritolay +@catharinehays Tune in! @WhartonFoA,5,0,8,jenny_rooney,Jenny Rooney,11835,2002,6,2,2017
https://twitter.com/chaselepard/status/828448290312040450,2017-02-06 03:40:38+00:00,828448290312040450,Saw @Wix @GoDaddy &amp; @squarespace all with Superbowl ads. Looks like @garyvee is inspiring a generation of entrepreneurs! #SB51,1,0,2,chaselepard,Chase Lepard 👖,2845,1490,6,2,2017
https://twitter.com/squarespace/status/828439444466266113,2017-02-06 03:05:29+00:00,828439444466266113,When your friends come back from the bathroom and the other team made a touchdown — https://t.co/6efWsXBzNX https://t.co/1a0xdAY7y1 #SB51,3,0,10,squarespace,Squarespace,146181,6,6,2,2017
https://twitter.com/squarespace/status/828436233697124352,2017-02-06 02:52:44+00:00,828436233697124352,Shout out to the cool cats who created https://t.co/kOzgvch2j2 on Squarespace. To us you are purr-fect. @davenelson37 https://t.co/yYNgZKVoit,10,0,52,squarespace,Squarespace,146181,6,6,2,2017
https://twitter.com/mattmcgee/status/828436036476821508,2017-02-06 02:51:57+00:00,828436036476821508,15-yard penalty on the Squarespace social team. https://t.co/8pPGzxQZ7b,1,2,2,mattmcgee,Matt McGee,34250,25,6,2,2017
https://twitter.com/squarespace/status/828435237197668353,2017-02-06 02:48:46+00:00,828435237197668353,He made that https://t.co/JaFmzXVEI4 https://t.co/VU1T4EQJuy https://t.co/O5kdKx78RV,7,1,27,squarespace,Squarespace,146181,6,6,2,2017
https://twitter.com/squarespace/status/828431733062144001,2017-02-06 02:34:51+00:00,828431733062144001,.@Wix Looks like Chef Felix might need to change his domain from https://t.co/sD4qcDZuiG to https://t.co/c7R5xxMg7o. https://t.co/Mvp5dKOOZe,2,0,23,squarespace,Squarespace,146181,6,6,2,2017
https://twitter.com/squarespace/status/828430214002855937,2017-02-06 02:28:49+00:00,828430214002855937,"Even if your team is down, https://t.co/tw52S5RNIv can get you feeling like a champ. https://t.co/7PxIiTGzfa https://t.co/GHiiqsJqCC",1,0,11,squarespace,Squarespace,146181,6,6,2,2017
https://twitter.com/squarespace/status/828424918043811840,2017-02-06 02:07:46+00:00,828424918043811840,Did your team just score? Did you catch yourself mid-dab? https://t.co/8jPEG1BPEb is up for grabs! https://t.co/X3Gxoirn18,2,0,9,squarespace,Squarespace,146181,6,6,2,2017
https://twitter.com/squarespace/status/828424288193556481,2017-02-06 02:05:16+00:00,828424288193556481,"For those that believe it should be https://t.co/aLtZumpOZl, show your conviction and buy the domain. https://t.co/7UIERovrmz https://t.co/2PE6dSbhAh",2,2,44,squarespace,Squarespace,146181,6,6,2,2017
https://twitter.com/squarespace/status/828421401686052864,2017-02-06 01:53:48+00:00,828421401686052864,Dab yourself into a new domain: https://t.co/qTPBpgrzZq is currently available. https://t.co/7brbrcdQhP https://t.co/t2a7DIowkH,2,1,19,squarespace,Squarespace,146181,6,6,2,2017
https://twitter.com/squarespace/status/828420725627252736,2017-02-06 01:51:06+00:00,828420725627252736,"Hey @Budweiser, looks like those Clydesdales are just https://t.co/D6wIJ1AEXq. https://t.co/q6ktYJRK40",1,0,22,squarespace,Squarespace,146181,6,6,2,2017
https://twitter.com/jigokumimi/status/828416253245022208,2017-02-06 01:33:20+00:00,828416253245022208,Super Bowl Ad: John Malkovich for Squarespace https://t.co/jJHcOCoVLj,1,0,5,jigokumimi,ako,2269,608,6,2,2017
https://twitter.com/FinTechNames/status/828415760884170752,2017-02-06 01:31:23+00:00,828415760884170752,Great @squarespace commercial featuring https://t.co/d67O0TJQMO so far during the #SuperBowl #domains #marketing #branding #johnmalkovich,1,0,0,FinTechNames,Mike Sallese,2682,1710,6,2,2017
https://twitter.com/squarespace/status/828415290421702657,2017-02-06 01:29:31+00:00,828415290421702657,@ChrissydSexton Thanks for the love.,1,0,1,squarespace,Squarespace,146181,6,6,2,2017
https://twitter.com/squarespace/status/828414075444932608,2017-02-06 01:24:41+00:00,828414075444932608,Loving what you're seeing? Us too. This https://t.co/6a04A2EIN6 https://t.co/Ujzw1GqNU8 #PepsiHalftime #SB51 https://t.co/I07ROJFLwQ,23,5,231,squarespace,Squarespace,146181,6,6,2,2017
https://twitter.com/FIGorout/status/828413719445114880,2017-02-06 01:23:16+00:00,828413719445114880,So @Squarespace's #SuperBowl ad is a story of John Malkovich setting up a fashion label https://t.co/bfnAnOAwD5 #advertising @BI_Advertising,1,0,1,FIGorout,FIG or out,954,605,6,2,2017
https://twitter.com/AggressiveComix/status/828412911580217344,2017-02-06 01:20:03+00:00,828412911580217344,Squarespace's BRILLIANT John Malkovich comericals: https://t.co/IH68tgaHoH,1,0,1,AggressiveComix,Aggressive Comix,3175,176,6,2,2017
https://twitter.com/squarespace/status/828412658852446211,2017-02-06 01:19:03+00:00,828412658852446211,Big @LadyGaga fan? Show the love with https://t.co/R5Fii7cOB5 https://t.co/XNBaTJtqyb #PepsiHalftime #SB51 https://t.co/7zhV11Ihiz,13,0,94,squarespace,Squarespace,146181,6,6,2,2017
https://twitter.com/TimNekritz/status/828412446142558208,2017-02-06 01:18:12+00:00,828412446142558208,Maybe @squarespace can turn this into an ad for next year's Super Bowl. #brandbowl https://t.co/qbQ8N8IkL8,1,0,3,TimNekritz,TimNekritz,3271,1283,6,2,2017
https://twitter.com/RyanTCrown/status/828410962059390982,2017-02-06 01:12:19+00:00,828410962059390982,Loving #Squarespace's advert for #SuperBowl #adbowl https://t.co/qRgIBvJlVS,1,0,0,RyanTCrown,ryantcrown,1923,1642,6,2,2017
https://twitter.com/K1x777/status/828410548983300096,2017-02-06 01:10:40+00:00,828410548983300096,"Designer friends: Squarespace or Behance? I need to quickly build a portfolio, and coding my own from scratch is will be too time consuming.",1,5,1,K1x777,K1,880,576,6,2,2017
https://twitter.com/DomainSherpa/status/828409499367018496,2017-02-06 01:06:30+00:00,828409499367018496,"""https://t.co/MXrzmQYmYU has a temper."" Best commercial so far. #SuperBowl by @squarespace",2,0,4,DomainSherpa,DomainSherpa,17239,1344,6,2,2017
https://twitter.com/heydanschenker/status/828408948747288577,2017-02-06 01:04:19+00:00,828408948747288577,Congrats to @squarespace on another great spot! #SuperBowlCommercials https://t.co/8ZQwfIDDtf,1,2,4,heydanschenker,Dan Schenker,1642,1197,6,2,2017
https://twitter.com/CBinsights/status/828408927738007552,2017-02-06 01:04:14+00:00,828408927738007552,6/ An angry @johnmalkovich needed @squarespace (investors incl @IndexVentures @Accel @generalatlantic) https://t.co/kBAzmjDg75 https://t.co/c5LuSNdEV4,2,1,2,CBinsights,CB Insights,103419,0,6,2,2017
https://twitter.com/NicholasLFuller/status/828408648951005184,2017-02-06 01:03:07+00:00,828408648951005184,Is @johnmalkovich's particular blend of humor mainstream enough? Watching @Squarespace's #SuperBowlAd: https://t.co/JcSsFV26i7 https://t.co/iNsaXf82Ew,1,0,0,NicholasLFuller,💭Nick Fuller,2456,5001,6,2,2017
https://twitter.com/usatodaysports/status/828408616617140224,2017-02-06 01:02:59+00:00,828408616617140224,John Malkovich wants his name back! Vote for @squarespace  or your favorite #SuperBowl ad before 12:55 a.m. ET. https://t.co/PtkQnJ3bIO https://t.co/nkLI5sbtgc,16,1,39,usatodaysports,USA TODAY Sports,256098,1075,6,2,2017
https://twitter.com/squarespace/status/828408388312653825,2017-02-06 01:02:05+00:00,828408388312653825,"Psst, guess what: https://t.co/VhCha4dnHk is available. Grab it before the #halftimeshow even starts. https://t.co/fOYkvuSK9x #SB51 https://t.co/rekbNgYrIX",2,2,32,squarespace,Squarespace,146181,6,6,2,2017
https://twitter.com/NYCPol/status/828408316011364353,2017-02-06 01:01:48+00:00,828408316011364353,"@rwang0 Even with @verizonfios audio issues, I loved the @squarespace @johnmalkovich commercial #SB51 #SuperBowl",1,0,3,NYCPol,Ruth J Morrison,387,738,6,2,2017
https://twitter.com/PitchBook/status/828408119810101248,2017-02-06 01:01:01+00:00,828408119810101248,"Adding another #VC-backed company to the mix, @squarespace wants to make sure you register your domains. #SB51 https://t.co/xvzKE89Vgn",1,0,2,PitchBook,PitchBook Data,41161,427,6,2,2017
https://twitter.com/MSUComArtSci/status/828407956161064960,2017-02-06 01:00:22+00:00,828407956161064960,"Between @SquareSpace and @Wendy’s, the #MSUperbowl party liked John Malkovich the best #ComArtSci - https://t.co/Fq6utGU6i8",2,0,4,MSUComArtSci,MSU ComArtSci,6890,1566,6,2,2017
https://twitter.com/squarespace/status/828407866075721729,2017-02-06 01:00:01+00:00,828407866075721729,"If Humpty can do his taxes on a wall, you can buy a domain during the Big Game. Why? https://t.co/xvX7xJFjAP https://t.co/KJiYjk2wD6",3,2,19,squarespace,Squarespace,146181,6,6,2,2017
https://twitter.com/russhmeyer/status/828407805853986817,2017-02-06 00:59:46+00:00,828407805853986817,Go to https://t.co/T1Ztwdg8Rs - SquareSpace did it right. #omnichannel #SB51,1,0,1,russhmeyer,Russ Meyer 🇺🇸🌻🏳️‍🌈🌻🇺🇦,2672,3828,6,2,2017
https://twitter.com/caitlinmarie89/status/828407755102896129,2017-02-06 00:59:34+00:00,828407755102896129,Also--I'd love to see the stats from https://t.co/2nWs3NNVtc after tonight. Kudos to @squarespace with the subtle/intriguing CTA. #brandbowl,1,0,2,caitlinmarie89,Caitlin Kinser,653,452,6,2,2017
https://twitter.com/devonzdatny/status/828407480879296512,2017-02-06 00:58:29+00:00,828407480879296512,Very interesting that @GoDaddy focused on building sites and @squarespace focused on buying domains #adbowl #brandbowl,7,0,10,devonzdatny,Devon Zdatny,1558,703,6,2,2017
https://twitter.com/armano/status/828407409945227264,2017-02-06 00:58:12+00:00,828407409945227264,That John Malkovich ad for #Squarespace really resonated with Mason. #brandbowl #adbowl #superbowl https://t.co/0eGBCll4V2,1,0,2,armano,David,74940,10000,6,2,2017
https://twitter.com/prblog/status/828407402034761728,2017-02-06 00:58:10+00:00,828407402034761728,Wendy's sends us to https://t.co/05vEQeCOJ3 - hyphenated URL tells me they were like Malkovich in the Squarespace ads at some point?! https://t.co/SElaafQFBP,1,1,4,prblog,Kevin Dugan,21159,17081,6,2,2017
https://twitter.com/JustJared/status/828407345222856704,2017-02-06 00:57:56+00:00,828407345222856704,Art meets life meets John Malkovich in @squarespace's 2017 #SuperBowl commerical. https://t.co/tLs8o5eOEe,3,0,20,JustJared,JustJared.com,734415,2925,6,2,2017
https://twitter.com/peterminnium/status/828407312566120449,2017-02-06 00:57:49+00:00,828407312566120449,#hashtagbowl #squarespace providing great fun with https://t.co/R0ZPvPhvgR Are they getting credit for it with consumers?,1,1,1,peterminnium,Peter Minnium,1173,254,6,2,2017
https://twitter.com/EllenFreeman92/status/828407302470434817,2017-02-06 00:57:46+00:00,828407302470434817,Omg. Squarespace has an accompanying https://t.co/aOaBJNZMn4 to go with their ad. And THAT'S how you do #AdBowl,2,1,1,EllenFreeman92,Ellen Freeman,976,2688,6,2,2017
https://twitter.com/EllyDeutchMoody/status/828407242319941632,2017-02-06 00:57:32+00:00,828407242319941632,"On point @squarespace, on point. #adbowl #JohnMalkovich #givethemanhisdomain https://t.co/7NglCHQLhf",3,0,4,EllyDeutchMoody,Elly Deutch Moody,5701,2523,6,2,2017
https://twitter.com/armondhammer/status/828407169389305856,2017-02-06 00:57:14+00:00,828407169389305856,So squarespace is promoting domains and GoDaddy is pushing site building.  2017 is really backwards.  #SB51,1,0,6,armondhammer,Steve Hammer,4891,725,6,2,2017
https://twitter.com/askemilysmith/status/828407139093901313,2017-02-06 00:57:07+00:00,828407139093901313,"I use @squarespace -- it's a good choice for responsive, high end websites. #beautiful #JohnMalkovich",1,1,1,askemilysmith,Emily Claire Smith,899,1021,6,2,2017
https://twitter.com/GaperLand/status/828407090439938048,2017-02-06 00:56:56+00:00,828407090439938048,Why is @johnmalkovich talking into his phone? He's got his headphones connected... with the mic on the headphones #techsavy #squarespace,1,0,2,GaperLand,NonFungibleTeddy.ETH,638,938,6,2,2017
https://twitter.com/FCBglobal/status/828407065798385664,2017-02-06 00:56:50+00:00,828407065798385664,.@johnmalkovich's facial hair is fierce in that @squarespace ad! #SuperBowlAds,2,0,6,FCBglobal,FCB Global,52965,5286,6,2,2017
https://twitter.com/Realdaveblack/status/828407064435232768,2017-02-06 00:56:49+00:00,828407064435232768,I wouldn't fuck with John Malkovich. Squarespace. He scares me. 2. #SuperBowl,1,1,1,Realdaveblack,Dave the Black Guy,1577,891,6,2,2017
https://twitter.com/george__dub/status/828407035481948163,2017-02-06 00:56:42+00:00,828407035481948163,These @squarespace ads with @johnmalkovich are absolutely wonderful. Thank you.,1,0,1,george__dub,George Dub,52,306,6,2,2017
https://twitter.com/NoahMallin/status/828407005928898561,2017-02-06 00:56:35+00:00,828407005928898561,Both Malkovitch Squarespace ad and Wendy's frozen based on real feedback from customers. Smart.,1,0,2,NoahMallin,Noah “bodily autonomy” Mallin,4297,4082,6,2,2017
https://twitter.com/eolsencreative/status/828406969710977024,2017-02-06 00:56:27+00:00,828406969710977024,Ha! The prestitial on https://t.co/LooseJLzdf nice job @squarespace https://t.co/5xGBwvvSxt,1,0,2,eolsencreative,Eric Olsen,1494,2163,6,2,2017
https://twitter.com/HotepJesus/status/828406915998875651,2017-02-06 00:56:14+00:00,828406915998875651,That commercial was soft. @squarespace https://t.co/VKWk5BjDHu,2,1,6,HotepJesus,Hotep Jesus,240968,1216,6,2,2017
https://twitter.com/MediaMindstream/status/828406888568066048,2017-02-06 00:56:07+00:00,828406888568066048,"Squarespace commercial does bring up a good point - in digital marketing, if your customer can't find you, you don't exist #domainname #sb51",1,0,4,MediaMindstream,Mindstream Media Group,373,693,6,2,2017
https://twitter.com/Khoros/status/828406823011115009,2017-02-06 00:55:52+00:00,828406823011115009,TFW 18 years later #BeingJohnMalkovich is still a complicated undertaking https://t.co/PtVYzZwqmG @SquareSpace #SB51 https://t.co/2a9nF4z4KD,2,0,6,Khoros,Khoros®,31946,9357,6,2,2017
https://twitter.com/brandingclinic/status/828406792984068096,2017-02-06 00:55:45+00:00,828406792984068096,#JohnMalcovich in #Squarespace ad with highjacked eponymous website address is great #SuperBowlCommercials,1,0,0,brandingclinic,Kathleen Carroll,284,797,6,2,2017
https://twitter.com/adage/status/828406767923126272,2017-02-06 00:55:39+00:00,828406767923126272,"""https://t.co/wzJ98rNxic has a temper"": 4 stars for Squarespace https://t.co/qh0OYpWDQb",20,6,81,adage,Ad Age,1001873,73143,6,2,2017
https://twitter.com/rwang0/status/828406759119216640,2017-02-06 00:55:37+00:00,828406759119216640,MyPOV: @squarespace does a good job w/ @johnmalkovich https://t.co/en783qv024 7/10 #SB51ads #sb51,1,1,5,rwang0,R.NFT R “Ray” Wang 王瑞光 #1A #Metaverse #SVLife,139393,102025,6,2,2017
https://twitter.com/DeCample/status/828406757970046978,2017-02-06 00:55:36+00:00,828406757970046978,One Squarespace ad just outdid a decade's worth of GoDaddy ads. #SuperBowl,1,0,2,DeCample,Matt DeCample,2304,926,6,2,2017
https://twitter.com/cynthiamurnane/status/828406752160870405,2017-02-06 00:55:35+00:00,828406752160870405,@squarespace nice and funny #3percentsb and I love malkovich,1,0,2,cynthiamurnane,Cynthia Murnane,186,447,6,2,2017
https://twitter.com/JaceFrederick/status/828406729327116288,2017-02-06 00:55:29+00:00,828406729327116288,That Squarespace commercial applies far more to Twitter handles than website URLs..,1,1,0,JaceFrederick,Jace frederick,12796,1512,6,2,2017
https://twitter.com/FLWilliamsBiz/status/828406704496898048,2017-02-06 00:55:24+00:00,828406704496898048,@squarespace ad with @johnmalkovich was pretty good. Used his on-screen persona well; reminded me of his character in Red. #SuperBowl,1,0,1,FLWilliamsBiz,Frank L. Williams,992,1679,6,2,2017
https://twitter.com/mpardo916/status/828406688520695808,2017-02-06 00:55:20+00:00,828406688520695808,give @johnmalkovich his URL bitches!!! #notnice #freeJohnMalkovich.com @squarespace  #nutbowl2017 #brandbowl #adbowl,1,0,1,mpardo916,Melissa Pardo,1407,835,6,2,2017
https://twitter.com/LisenStromberg/status/828406633759846400,2017-02-06 00:55:07+00:00,828406633759846400,.@Godaddy @squarespace just stole your ad. #SuperBowlAds @3percentsb,2,1,4,LisenStromberg,Lisen Stromberg,3742,1494,6,2,2017
https://twitter.com/HelloFlynn/status/828406606987681792,2017-02-06 00:55:00+00:00,828406606987681792,"If @johnmalkovich wants his domain name back, you give him his domain name back! Well done, @squarespace! #SB51",1,0,3,HelloFlynn,Flynn,1884,866,6,2,2017
https://twitter.com/BigIndianGyasi/status/828406606459084801,2017-02-06 00:55:00+00:00,828406606459084801,#SuperBowl Commercial Update: LOVE John Malkovich. Great start commercial. @SquareSpace for da win! Foreigner-good choice in music @Wendys,3,0,5,BigIndianGyasi,Gyasi Ross,33607,2604,6,2,2017
https://twitter.com/PatFlynn/status/828406605154705408,2017-02-06 00:55:00+00:00,828406605154705408,That @squarespace commercial...haha! I can 100% relate when I bought PatFlynn dot com a few years ago. It took 2.5 years of followup!,3,2,23,PatFlynn,Pat Flynn,165359,16841,6,2,2017
https://twitter.com/mtlb/status/828406584212496385,2017-02-06 00:54:55+00:00,828406584212496385,"Squarespace. John Malkovich. Perfect spot. GoDaddy, take note for next year. (Or actually, anytime.) #SuperBowlAds",1,0,4,mtlb,Bill Green,4373,3063,6,2,2017
https://twitter.com/katgordon/status/828406484337725440,2017-02-06 00:54:31+00:00,828406484337725440,Nice insight from @squarespace: URL grab before site design. Look out @GoDaddy. #3percentsb,1,0,7,katgordon,Katherine M. Gordon,14664,955,6,2,2017
https://twitter.com/AdvertGirl/status/828406445888700419,2017-02-06 00:54:22+00:00,828406445888700419,Squarespace guarantees brand buzz with John Malkovich! #SuperBowlAds,3,0,1,AdvertGirl,Denise Blasevick (she/her/hers),3860,926,6,2,2017
https://twitter.com/USATODAY/status/828406442587729920,2017-02-06 00:54:21+00:00,828406442587729920,Actor John Malkovich improvised the entire phone call he makes in the @Squarespace ad. #AdMeter #SB51 https://t.co/OaRgSMQzFY,128,13,350,USATODAY,USA TODAY,4791385,923,6,2,2017
https://twitter.com/whit_thompson/status/828406419309346817,2017-02-06 00:54:16+00:00,828406419309346817,The Squarespace spot w/ John Malkovich is how you use a celebrity. #adbowl #SuperBowlAds,2,0,4,whit_thompson,Whit Thompson,952,999,6,2,2017
https://twitter.com/apdolan/status/828406391148785664,2017-02-06 00:54:09+00:00,828406391148785664,Hah! SquareSpace taking on the infamous URL squatters. Insidery but real. #adbowl #brandbowl,1,0,2,apdolan,Amanda P Dolan,2673,1903,6,2,2017
https://twitter.com/creativitymag/status/828406387944329217,2017-02-06 00:54:08+00:00,828406387944329217,.@JohnMalkovich wants his domain name back in @Squarespace #SuperBowl spot https://t.co/bB9XOBjTsz https://t.co/KLvw0kKFb9,5,0,17,creativitymag,Ad Age Creativity,158145,870,6,2,2017
https://twitter.com/adage/status/828406371422961664,2017-02-06 00:54:04+00:00,828406371422961664,.@johnmalkovich really is a fashion designer and partnered with @squarespace to launch his next collection. #SuperBowl,26,1,59,adage,Ad Age,1001873,73143,6,2,2017
https://twitter.com/EntInsider/status/828406369543938049,2017-02-06 00:54:04+00:00,828406369543938049,Squarespace's John Malkovich Super Bowl ad was based on a true story https://t.co/2srAji3ekS https://t.co/FlZoYdWQHc,4,2,3,EntInsider,Entertainment Insider,51321,192,6,2,2017
https://twitter.com/AdsInsider/status/828406363810324480,2017-02-06 00:54:02+00:00,828406363810324480,Squarespace's John Malkovich Super Bowl ad was based on a true story https://t.co/V2ht5HS9as https://t.co/UWKDHOynKd,7,0,3,AdsInsider,Advertising Insider,25836,188,6,2,2017
https://twitter.com/BusinessInsider/status/828406357133029378,2017-02-06 00:54:01+00:00,828406357133029378,Squarespace's John Malkovich Super Bowl ad was based on a true story https://t.co/b2YlDESqbX https://t.co/Kp7SIwDenP,18,2,56,BusinessInsider,Business Insider,3764991,413,6,2,2017
https://twitter.com/amyatingle/status/828406343455305728,2017-02-06 00:53:57+00:00,828406343455305728,"LOVE this ad from Squarespace, very relatable and funny!  Short and sweet! #AdGradBowl",1,0,7,amyatingle,Amy Tingle,242,405,6,2,2017
https://twitter.com/Adweek/status/828406336522158081,2017-02-06 00:53:56+00:00,828406336522158081,SQUARESPACE - Malkovich! The actor's latest self-referential project is fun. And Squarespace did help him with https://t.co/RINug5EW2F. https://t.co/Hz2wKX6y91,32,2,106,Adweek,Adweek,690384,26538,6,2,2017
https://twitter.com/squarespace/status/828406278435241985,2017-02-06 00:53:42+00:00,828406278435241985,All @johnmalkovich wants is https://t.co/mFrfe8bqmD. Find out if he got it: https://t.co/lgKduwdA4G https://t.co/DE5YmYZGDT,65,13,374,squarespace,Squarespace,146181,6,6,2,2017
https://twitter.com/squarespace/status/828405242706300928,2017-02-06 00:49:35+00:00,828405242706300928,"He couldn't hang onto the ball, but you can hang onto https://t.co/rQIP6mPc2P https://t.co/CIWE9Kt2HI",1,0,13,squarespace,Squarespace,146181,6,6,2,2017
https://twitter.com/cghastin/status/828402932819300352,2017-02-06 00:40:24+00:00,828402932819300352,#aprsuperbowl great pre-game spot from @squarespace https://t.co/hCtpTdVYo1,1,0,3,cghastin,Chad Ghastin,277,1065,6,2,2017
https://twitter.com/danscharch/status/828402588404023297,2017-02-06 00:39:02+00:00,828402588404023297,Enough about #JohnMalkovich - Duncan Trussell destroys this @squarespace ad: https://t.co/XJBtsXMDGv https://t.co/mDfJ1kRuHZ,1,0,2,danscharch,Dan Scharch,255,192,6,2,2017
https://twitter.com/squarespace/status/828402421709885440,2017-02-06 00:38:22+00:00,828402421709885440,Not into sports? Tell your friends you're just https://t.co/1gh3eqvIxa https://t.co/GqmbZvHBmM #SB51 https://t.co/EXGdX4lIjR,4,1,33,squarespace,Squarespace,146181,6,6,2,2017
https://twitter.com/squarespace/status/828401572371537920,2017-02-06 00:35:00+00:00,828401572371537920,.@Febreze_Fresh Everyone here's been doing the https://t.co/kFpdIW9vEO since the end of the first quarter. https://t.co/7tRP3bFIn1,2,0,17,squarespace,Squarespace,146181,6,6,2,2017
https://twitter.com/ColinDotClub/status/828400952222822401,2017-02-06 00:32:32+00:00,828400952222822401,"Very cool. 3 #superbowlads point to 3 great companies #Godaddy, #squarespace, #wix that all support .CLUB in top 10 https://t.co/bRPbyyTRsR",1,0,4,ColinDotClub,Colin C. Campbell,2460,652,6,2,2017
https://twitter.com/squarespace/status/828400495895015426,2017-02-06 00:30:43+00:00,828400495895015426,Is your team living the https://t.co/i7MCxEvA42? Snag this domain and start blogging all about it. https://t.co/FZyzJUgnf8,1,1,11,squarespace,Squarespace,146181,6,6,2,2017
https://twitter.com/squarespace/status/828398755741200386,2017-02-06 00:23:48+00:00,828398755741200386,Take a break from cheering. Watch our game day ad with @johnmalkovich instead. https://t.co/xqedroPDEG https://t.co/FJg6AEFP62,11,6,121,squarespace,Squarespace,146181,6,6,2,2017
https://twitter.com/ETCanada/status/828396173962670081,2017-02-06 00:13:33+00:00,828396173962670081,Video: Watch Squarespace's 2017 #SuperBowl commercial with John Malkovich https://t.co/Ga5gJEDYOB,1,0,4,ETCanada,ET Canada,388379,12452,6,2,2017
https://twitter.com/squarespace/status/828395958224318464,2017-02-06 00:12:41+00:00,828395958224318464,.@Buick might be onto something. We think it's time to start our own https://t.co/l6lbcWvN1D https://t.co/URLTOqxzGT,2,1,18,squarespace,Squarespace,146181,6,6,2,2017
https://twitter.com/squarespace/status/828392789666729984,2017-02-06 00:00:06+00:00,828392789666729984,Ever wonder how QBs stay so calm under pressure? We hear it may have something to do with https://t.co/qFThYyGC5K https://t.co/5nHDO3TSCg https://t.co/91eBbzMOwM,6,1,48,squarespace,Squarespace,146181,6,6,2,2017
https://twitter.com/squarespace/status/828392176404951044,2017-02-05 23:57:40+00:00,828392176404951044,.@Skittles This isn't the first time this guy showed up at https://t.co/tV3jqfGfgG https://t.co/iDtVrPvpCi,2,2,26,squarespace,Squarespace,146181,6,5,2,2017
https://twitter.com/AvosFromMexico/status/828390650622177280,2017-02-05 23:51:36+00:00,828390650622177280,Love your idea. @squarespace  ✔✔ https://t.co/XqVBPoyXaG is Live!  #AvoSecrets,9,1,16,AvosFromMexico,Avocados From Mexico,54563,2984,5,2,2017
https://twitter.com/squarespace/status/828389000314445824,2017-02-05 23:45:03+00:00,828389000314445824,Don't want to share? Grab https://t.co/gTUP78pWfq to send the message loud and clear. https://t.co/OFAiqJKsgp,1,2,11,squarespace,Squarespace,146181,6,5,2,2017
https://twitter.com/squarespace/status/828387356356927489,2017-02-05 23:38:31+00:00,828387356356927489,"Stop what you're doing. It's time to grab your very own domain. Oh, and it's https://t.co/AZsd205PKB https://t.co/vRpznrNUBK #SB51 https://t.co/ddL4NjQOpJ",7,0,52,squarespace,Squarespace,146181,6,5,2,2017
https://twitter.com/squarespace/status/828385518819831808,2017-02-05 23:31:13+00:00,828385518819831808,".@AvosfromMexico That https://t.co/xBu90awqqy domain is available, just in case you were avoc-urious https://t.co/Y8jID1C4Ps",2,0,26,squarespace,Squarespace,146181,6,5,2,2017
https://twitter.com/squarespace/status/828384072636305412,2017-02-05 23:25:28+00:00,828384072636305412,https://t.co/h5DZ55VJ3R this domain could be all yours? https://t.co/eBBw4PTB2o https://t.co/Bd4wVGeJHh,8,4,109,squarespace,Squarespace,146181,6,5,2,2017
https://twitter.com/squarespace/status/828378927961763840,2017-02-05 23:05:01+00:00,828378927961763840,cleareyesfullheartcanso.me one tell us where #CoachTaylor is? https://t.co/YLGbuch49e,3,1,28,squarespace,Squarespace,146181,6,5,2,2017
https://twitter.com/squarespace/status/828374630117240832,2017-02-05 22:47:56+00:00,828374630117240832,The big game is on. It’s time to grab your new domain - https://t.co/Ro6mANr5uI - and blog all about it. https://t.co/FrvplrBLs6 https://t.co/egcQ9rC0CW,8,0,62,squarespace,Squarespace,146181,6,5,2,2017
https://twitter.com/squarespace/status/828373702555295748,2017-02-05 22:44:15+00:00,828373702555295748,S/O to those pups living that https://t.co/sI7HAIEIW1 during the #PuppyBowl. Get that domain before it's doggone. https://t.co/5dR52CAAoJ,4,0,19,squarespace,Squarespace,146181,6,5,2,2017
https://twitter.com/squarespace/status/828371770713444352,2017-02-05 22:36:35+00:00,828371770713444352,"""How is it that https://t.co/mFrfe8bqmD is taken?"" @johnmalkovich needs to know. Watch now: https://t.co/dvnLT2zCwJ https://t.co/OBdV58JD1I",15,2,67,squarespace,Squarespace,146181,6,5,2,2017
https://twitter.com/ThatJordanBrady/status/828368494492160000,2017-02-05 22:23:34+00:00,828368494492160000,"In a #Superbowl commercial, I find using jumpcuts lazy execution and lazy creative. Not naming names. @squarespace",1,0,4,ThatJordanBrady,ThatJordanBrady,7210,4634,5,2,2017
https://twitter.com/RafranzDavis/status/828368166619324416,2017-02-05 22:22:15+00:00,828368166619324416,Super Bowl Ad: John Malkovich  (own your name but you don't have to do squarespace)  https://t.co/u5PRfwIZ12,1,0,0,RafranzDavis,Rafranz ⁷,59830,18984,5,2,2017
https://twitter.com/MichaelBeatrice/status/828368114484064256,2017-02-05 22:22:03+00:00,828368114484064256,I don't care what else we see today; the John Malkovich ad wins.  #JohnMalkovich @squarespace #Superbowl,1,0,2,MichaelBeatrice,Michael Beatrice,2363,2341,5,2,2017
https://twitter.com/MatthewStefanTV/status/828367872409767937,2017-02-05 22:21:05+00:00,828367872409767937,Squarespace 2017 Super Bowl commercial features John Malkovich wanting to own his own name https://t.co/TewnbzvMLP #SuperBowl,3,0,6,MatthewStefanTV,Matthew Stefan,15015,4489,5,2,2017
https://twitter.com/squarespace/status/828362570910162945,2017-02-05 22:00:01+00:00,828362570910162945,Snacks? Check. Beer? Check. Couch? Check. Domain? Double check here. https://t.co/UeT4MwNGOz,4,1,22,squarespace,Squarespace,146181,6,5,2,2017
https://twitter.com/adage/status/828361080820875264,2017-02-05 21:54:06+00:00,828361080820875264,Watch @johnmalkovich try to reclaim his (domain) name in @squarespace's #SuperBowl ad https://t.co/4qFSLnDw3U https://t.co/BWZHvFRh6D,9,1,16,adage,Ad Age,1001873,73143,5,2,2017
https://twitter.com/PowPhotography/status/828349713783123968,2017-02-05 21:08:56+00:00,828349713783123968,https://t.co/srwo07JnRj is now LIVE on @squarespace! Thanks @johnmalkovich!,6,0,12,PowPhotography,Pow Photography,497,231,5,2,2017
https://twitter.com/TheStreet/status/828347240414470144,2017-02-05 20:59:06+00:00,828347240414470144,".@JohnMalkovich decides he is going to call the ""inferior"" John Malkovich in Squarespace's Super Bowl ad: https://t.co/sxutxPDwda https://t.co/qOtqtc3xL7",2,0,2,TheStreet,TheStreet,839715,1358,5,2,2017
https://twitter.com/yunamusic/status/828338792763252736,2017-02-05 20:25:32+00:00,828338792763252736,"Wow @squarespace.. I love you. Website for @lovelifestival is finally done, will announce it in a couple of hours when Malaysia wakes up!",20,10,104,yunamusic,YUNA,2462371,1723,5,2,2017
https://twitter.com/catcolt/status/828317891346972672,2017-02-05 19:02:29+00:00,828317891346972672,Can't get enough of this: director's cut John Malkovich for Squarespace pre-game Superbowl ad. https://t.co/QFhPj6ybPx 😂,2,0,0,catcolt,Catherine T. Colton,59,241,5,2,2017
https://twitter.com/SunVideo/status/828311730585481216,2017-02-05 18:38:00+00:00,828311730585481216,John Malkovich stars in Squarespace’s Super Bowl LI big game ad https://t.co/6Asgi6XWbf,1,0,0,SunVideo,Sun Video,4044,1305,5,2,2017
https://twitter.com/CampaignLiveUS/status/828305186338770945,2017-02-05 18:12:00+00:00,828305186338770945,John Malkovich plays hardball with himself in Squarespace #SuperBowl spot https://t.co/fEG08nVKWX,1,0,0,CampaignLiveUS,Campaign US,16598,1974,5,2,2017
https://twitter.com/meggagnard/status/828304366138449921,2017-02-05 18:08:44+00:00,828304366138449921,"Loling while watching the @Squarespace Super Bowl ad ""Who Is https://t.co/eubzBdfIyV?"" https://t.co/u00isFS35S",1,0,0,meggagnard,Meg G.,1046,827,5,2,2017
https://twitter.com/Ideenwandler/status/828291158698766336,2017-02-05 17:16:15+00:00,828291158698766336,Awesome #Cinemagraph by #Flixel. #contentmarketing #SuperBowlAds #squarespace https://t.co/d6fLF4WxiS,2,0,3,Ideenwandler,jens.nuehlen,276,819,5,2,2017
https://twitter.com/Andresqm18/status/828289508739133441,2017-02-05 17:09:42+00:00,828289508739133441,WATCH: John Malkovich Super Bowl Commercial for Squarespace https://t.co/3gzsZMeaHF https://t.co/e9RLsiVfkb,1,0,1,Andresqm18,Andres Quiroz,371,659,5,2,2017
https://twitter.com/DandADNewBlood/status/828244365822791680,2017-02-05 14:10:19+00:00,828244365822791680,Working on the @squarespace brief? @cheyneyisms warns against painting inside the lines: https://t.co/9BeswPZhxu #NewBloodAwards https://t.co/5moEIqf558,1,0,1,DandADNewBlood,@dandadnewblood,46677,2272,5,2,2017
https://twitter.com/JimmycBcn/status/828198995960987648,2017-02-05 11:10:02+00:00,828198995960987648,.@Shopify @squarespace @magento @WooCommerce Four Awesome #eCommerce Apps for #SmallBusiness https://t.co/OBYdxGOkqc https://t.co/A7LMAUMsDl,1,0,6,JimmycBcn,James Clifton,454,450,5,2,2017
https://twitter.com/Squarespace_Pro/status/828178528663244800,2017-02-05 09:48:42+00:00,828178528663244800,Check it out! webdivine will design hubspot landing page for $5 on #Fiverr https://t.co/jA0eDOj0ph,1,0,0,Squarespace_Pro,Abdullah Al Mamun,555,1342,5,2,2017
https://twitter.com/Squarespace_Pro/status/828178387877244928,2017-02-05 09:48:09+00:00,828178387877244928,Check it out! webdivine will psd to html design for $5 on #Fiverr https://t.co/6tLr6LGd3Z,1,0,0,Squarespace_Pro,Abdullah Al Mamun,555,1342,5,2,2017
https://twitter.com/_smritianand/status/828163517069066241,2017-02-05 08:49:03+00:00,828163517069066241,Any recommendations on best e-commerce website shopping builder available online? Need a monthly plan. Checked @Shopify @Wix @squarespace,1,1,1,_smritianand,Smriti Anand,5139,3699,5,2,2017
https://twitter.com/CarolSOtt/status/828080896095969280,2017-02-05 03:20:45+00:00,828080896095969280,.@squarespace Please stop advertising on Breitbart. You're supporting hate. .@slpng_giants https://t.co/DZj6o75cSi,1,0,2,CarolSOtt,Carol Ott 🏚️,10123,1894,5,2,2017
https://twitter.com/fabric_media/status/828041716947099648,2017-02-05 00:45:04+00:00,828041716947099648,15 ads you won’t want to miss during #SuperBowl @squarespace @sprint @Budweiser @kia @GoDaddy @Audi https://t.co/P3QTkv2tes -- @nudd @Adweek https://t.co/TXeC02Vd74,1,0,0,fabric_media,Fabric Media,749,645,5,2,2017
