url,Datetime,Tweet Id,Text,Retweet Count,Reply Count,Like Count,Username,Display Name,Followers Count,Friends Count,Day,Month,Year
https://twitter.com/lonesomedoveesu/status/828748796356079616,2017-02-06 23:34:45+00:00,828748796356079616,"SOFT TACOS, NACHOS &amp; BADASS MARGARITAS!! 2NITE. Let's throw in $1.50 Budlight Draws!  Lonesome Dove Saloon is the place to be!!!",2,1,2,lonesomedoveesu,Lonesome Dove Saloon,472,717,6,2,2017
https://twitter.com/budlight/status/828747026217189376,2017-02-06 23:27:43+00:00,828747026217189376,You try coming back into the game after 30 years and tell me you wouldn’t face plant a couple times. https://t.co/SnpjwHRmnD,16,1,41,budlight,Bud Light,265047,254,6,2,2017
https://twitter.com/budlight/status/828745926302797824,2017-02-06 23:23:20+00:00,828745926302797824,"@RJay773 I'm back, Richard! I spent so long talking about parties, I forgot to talk about the great friends I made on the way.",1,0,3,budlight,Bud Light,265047,254,6,2,2017
https://twitter.com/lowerd_lyfe/status/828740979180048384,2017-02-06 23:03:41+00:00,828740979180048384,Ready for that cold budlight on the beach,1,0,2,lowerd_lyfe,bailey spillers,372,337,6,2,2017
https://twitter.com/budlight/status/828739689121091584,2017-02-06 22:58:33+00:00,828739689121091584,@Matt_Chalfant You're saying you still have me around? That's why we're friends.,1,0,7,budlight,Bud Light,265047,254,6,2,2017
https://twitter.com/DallasStars/status/828726799551041538,2017-02-06 22:07:20+00:00,828726799551041538,Devin Shore's celly in the #Stars 6-3 win over the Maple Leafs was last week's @budlight Frozen Moment! https://t.co/rH4GZqcfsh,35,3,182,DallasStars,Dallas Stars,1111308,629,6,2,2017
https://twitter.com/drloyham/status/828712499180662785,2017-02-06 21:10:31+00:00,828712499180662785,"Dude on the train: "" I'm only drinking #Budlight since #Budweiser doesn't respect the President."" 😳 I have no words. 😂#boycottbudwiser",1,0,1,drloyham,Chayanne Ortiz,38,116,6,2,2017
https://twitter.com/ezmarquez1970/status/828700100532637696,2017-02-06 20:21:15+00:00,828700100532637696,DRINK MORE BUDLIGHT BEER  MID-AMERCIA !! HA,1,0,1,ezmarquez1970,eustacio c. marquez,247,300,6,2,2017
https://twitter.com/DallasStars/status/828694129131520000,2017-02-06 19:57:31+00:00,828694129131520000,"The #Stars will be holding @budlight Watching Parties at @moxies_dallas for both games this week, Tues &amp; Thurs.  📺 https://t.co/WZ6vi48UJX https://t.co/yTEpVgokzL",12,3,81,DallasStars,Dallas Stars,1111308,629,6,2,2017
https://twitter.com/drvmos/status/828692712144658432,2017-02-06 19:51:53+00:00,828692712144658432,Not sure why the @budlight blimp had some 480i video stream of Houston last night. I could've done better. 😉 #HD #SuperBowl #SB51 #drone,1,0,2,drvmos,drvmos (drāmos),18,6,6,2,2017
https://twitter.com/budlight/status/828685423601856513,2017-02-06 19:22:55+00:00,828685423601856513,@kyle_blazer I’m back! I’d say the biggest change is that I can float. Turns out face-to-face friend time is better than face to knee.,1,0,4,budlight,Bud Light,265047,254,6,2,2017
https://twitter.com/RaiderLifePOD/status/828677051561410560,2017-02-06 18:49:39+00:00,828677051561410560,#RaiderNation YOWZAAS @budlight put out a SUPER BOX w every @NFL team!! Check it out!! 🍻 🏴 https://t.co/Q0V5xikDKZ 🏴 https://t.co/CK8KCUWBmP,2,0,4,RaiderLifePOD,Raider Life Podcast,1567,950,6,2,2017
https://twitter.com/BroncosBudLight/status/828663436716421120,2017-02-06 17:55:33+00:00,828663436716421120,Do you want to be #FamousAmongFriends in 2017? Follow us all year and enter to win some awesome once-in-a-lifetime #BudLight experiences. https://t.co/1ngQsWa6Ou,2,1,7,BroncosBudLight,Broncos Bud Light,2523,66,6,2,2017
https://twitter.com/dcb5208/status/828663157811970048,2017-02-06 17:54:27+00:00,828663157811970048,@katybuohl @NHLFlyers hey @budlight cash us ousside the WFC howbahdah,1,0,1,dcb5208,Deanna Baker,309,381,6,2,2017
https://twitter.com/NBCUStudio/status/828660958423818243,2017-02-06 17:45:42+00:00,828660958423818243,"If you love a good #bromance, then you'll love @budlight's toast to friendships in their new spot ""Between Friends."" https://t.co/9XD3zG3U7F",1,0,1,NBCUStudio,NBCU Content Studio,169,34,6,2,2017
https://twitter.com/NHLFlyers/status/828658697970786308,2017-02-06 17:36:43+00:00,828658697970786308,"We found two fans drinking @budlight and gave them a Beyond the Boards experience, see what happened next → https://t.co/WUFJIp38lu",8,1,35,NHLFlyers,Philadelphia Flyers,1586658,359,6,2,2017
https://twitter.com/margaretsfolly/status/828657879313948672,2017-02-06 17:33:28+00:00,828657879313948672,@amsmadwoman @Budweiser @budlight beer bread! Look online 4cheddar cheese beer bread recipe. But must use Budwiser cuz Budweiser won't work!,1,1,2,margaretsfolly,MAKE SURE YOUR SIGNATURES MATCH ON YOUR BALLOT,1906,4877,6,2,2017
https://twitter.com/budlight/status/828651554580332546,2017-02-06 17:08:20+00:00,828651554580332546,@thekendoll_ You must have been grabbing another Bud Light from the fridge during the 4th quarter. Check me out: https://t.co/h7LTcwm0vO,1,0,3,budlight,Bud Light,265047,254,6,2,2017
https://twitter.com/FrequentInhaler/status/828646818649083905,2017-02-06 16:49:31+00:00,828646818649083905,On my way to tell these dumbasses that budwiser isn't how you spell budlight. https://t.co/isYDHCQFxq,2,0,1,FrequentInhaler,Cold Cheese,3336,1224,6,2,2017
https://twitter.com/WeightingChi/status/828645737852461056,2017-02-06 16:45:14+00:00,828645737852461056,Had a great time skyping w/ @WCIU_YouAndMe about my Super Bowl experience. TY @budlight @MichelobULTRA @Flywheel! https://t.co/LGe6n2canO,1,0,0,WeightingChi,WeightingAroundChi,105,281,6,2,2017
https://twitter.com/amsmadwoman/status/828639413693476864,2017-02-06 16:20:06+00:00,828639413693476864,I suppose I can make bread using @Budweiser wonder if @budlight will work. Will buy both to test  it out. https://t.co/gtU2dKZEye,1,1,2,amsmadwoman,Ms Madwoman,2905,471,6,2,2017
https://twitter.com/dremmelqueen/status/828598142400622592,2017-02-06 13:36:06+00:00,828598142400622592,"Following my leader, Scotty! Trading in my Coors for BudLight! https://t.co/G1s03Ud1B3",1,0,1,dremmelqueen,helen nash,17405,16300,6,2,2017
https://twitter.com/KeefWhiteJR/status/828574768219713536,2017-02-06 12:03:13+00:00,828574768219713536,Everyone is tweeting #notmysuperbowlchamps but why isn't anyone talking about the unexpected and awesome return of #spudsmckenzie? @budlight https://t.co/wmGffJu6v5,2,0,8,KeefWhiteJR,Keith White Jr.,48243,22468,6,2,2017
https://twitter.com/Villarruel117/status/828498469115588613,2017-02-06 07:00:02+00:00,828498469115588613,"@Claudia_R25 @Ricky4ch Drinking Budlight is worse😴. Shit so bad its in the bible ""Shall will not drink weak shit""",1,0,2,Villarruel117,Saul,773,787,6,2,2017
https://twitter.com/schoolgirlkai/status/828489533763096576,2017-02-06 06:24:32+00:00,828489533763096576,75. IF U DRINK BUDLIGHT AND TALK SHIT ABOUT RITAS THEN U DUMB AS FUCK GO DRINK UR 0.002% ALCOHOL U OLD MAN FWM,9,1,6,schoolgirlkai,Åpakai’,1181,505,6,2,2017
https://twitter.com/theonsidekick18/status/828488877136449539,2017-02-06 06:21:55+00:00,828488877136449539,@fanno36 @robbiegray_9 @budlight thanks for the day gricky! https://t.co/681tYbUEsE,1,0,3,theonsidekick18,UPW,35,308,6,2,2017
https://twitter.com/mikeselinker/status/828486219931619328,2017-02-06 06:11:22+00:00,828486219931619328,"Nice attention to detail at the end of the @budlight commercial: the house number was 1989, the year Spuds McKenzie was retired. https://t.co/PhVYE9A2xe",1,0,6,mikeselinker,Mike Selinker,8389,480,6,2,2017
https://twitter.com/Kcchief5886/status/828486089178378240,2017-02-06 06:10:50+00:00,828486089178378240,Good bye Budlight... will never drink you again...  should have stayed non political... fuck you!!! Good bye,3,2,9,Kcchief5886,KC MIKE,2801,1864,6,2,2017
https://twitter.com/RobertCox/status/828480442215104514,2017-02-06 05:48:24+00:00,828480442215104514,Zeke excited to finally see a Super Bowl commercial that interests him #spuds @budlight  https://t.co/RGZBYcMzq4 https://t.co/3a65kDy6r2,1,0,0,RobertCox,Robert Cox,941,28,6,2,2017
https://twitter.com/budlight/status/828470188047814656,2017-02-06 05:07:39+00:00,828470188047814656,"@ScottHoekzema Still as handsome as ever, am I right, Scott?",1,0,4,budlight,Bud Light,265047,254,6,2,2017
https://twitter.com/FLWilliamsBiz/status/828466192851550208,2017-02-06 04:51:47+00:00,828466192851550208,#SuperBowl #Jedi dog? h/t @brad_broyles. #StarWars #SuperBowlCommercials @budlight @starwars @DepressedDarth https://t.co/YQst8uCb1O,1,0,2,FLWilliamsBiz,Frank L. Williams,992,1679,6,2,2017
https://twitter.com/budlight/status/828465910126096385,2017-02-06 04:50:39+00:00,828465910126096385,@b_vega15 That's what friends do. 🍻,1,0,2,budlight,Bud Light,265047,254,6,2,2017
https://twitter.com/Brian_Hjelle/status/828462088179707904,2017-02-06 04:35:28+00:00,828462088179707904,I am NOT bringing BudLight to the local frat. I HAVE MY LIMITS https://t.co/Ofgu4Akrp2,2,0,1,Brian_Hjelle,Brian Hjelle🇵🇷🇳🇴🇺🇸🇬🇧,5326,6576,6,2,2017
https://twitter.com/budlight/status/828461287067811840,2017-02-06 04:32:17+00:00,828461287067811840,"@iauzenne Cheers to that, Ian! 🍻 https://t.co/3IoedFV0Ol",1,0,2,budlight,Bud Light,265047,254,6,2,2017
https://twitter.com/budlight/status/828460681359933442,2017-02-06 04:29:53+00:00,828460681359933442,"@kronn Oh yes, I remember now. When are we going to get those Bud Lights? 🍻",1,0,2,budlight,Bud Light,265047,254,6,2,2017
https://twitter.com/budlight/status/828458353860939777,2017-02-06 04:20:38+00:00,828458353860939777,"@mrbeercrusher Sounds like we need to grab a beer. After all, it's not about the parties, but the friendships made along the way. 🍻",1,0,3,budlight,Bud Light,265047,254,6,2,2017
https://twitter.com/amy2pt0/status/828456944797114368,2017-02-06 04:15:02+00:00,828456944797114368,RT @whartonfoa: RT @TopherPerkins: Crazy but @budlight might have just run the worst spot of the #superbowl #3percentSB #WhartonFoA,1,0,0,amy2pt0,Gender Fair Founder,3458,2574,6,2,2017
https://twitter.com/DariaRoche/status/828456695923867648,2017-02-06 04:14:02+00:00,828456695923867648,With Spuds Mackenzie @budlight goes all Charles Dickens: Ghost of Binges Past  #superbowlhaiku,1,0,1,DariaRoche,DMR,123,313,6,2,2017
https://twitter.com/budlight/status/828454260429975552,2017-02-06 04:04:22+00:00,828454260429975552,@castingkimberly Friendship goals. 💯,1,0,4,budlight,Bud Light,265047,254,6,2,2017
https://twitter.com/thatkimlady/status/828453633784049664,2017-02-06 04:01:52+00:00,828453633784049664,We made it a @budlight! https://t.co/m1M45wLD1v,2,2,3,thatkimlady,Kim,2325,827,6,2,2017
https://twitter.com/budlight/status/828452928419721218,2017-02-06 03:59:04+00:00,828452928419721218,@frankyarriola I was gone. Now I'm back. We don't need to go into specifics. We need to go drink some Bud Lights.,3,0,5,budlight,Bud Light,265047,254,6,2,2017
https://twitter.com/Brian_Hjelle/status/828452183616036864,2017-02-06 03:56:07+00:00,828452183616036864,"Please. I beg you. ANYONE.😣😝😢 If there is ANY theory that can spare me from having to ""drink"" ""BudLight"" in protest I will pay you REAL $!",1,6,9,Brian_Hjelle,Brian Hjelle🇵🇷🇳🇴🇺🇸🇬🇧,5326,6576,6,2,2017
https://twitter.com/budlight/status/828451862722539521,2017-02-06 03:54:50+00:00,828451862722539521,"@drewtoxx Wow. You went all in on the ""dead"" thing, huh? Not cool, dude. Why can't we just be friends?",1,1,2,budlight,Bud Light,265047,254,6,2,2017
https://twitter.com/budlight/status/828450915795378176,2017-02-06 03:51:04+00:00,828450915795378176,@gen_gingersnaps I'm back! And I'm picking up right where I left off: With good friends and Bud Light.,1,0,2,budlight,Bud Light,265047,254,6,2,2017
https://twitter.com/budlight/status/828449670435332096,2017-02-06 03:46:07+00:00,828449670435332096,@Coroner_4 Grab your friends and let's celebrate an epic win! 🍻#SuperBowl #Patriots,1,0,1,budlight,Bud Light,265047,254,6,2,2017
https://twitter.com/budlight/status/828449670250819586,2017-02-06 03:46:07+00:00,828449670250819586,@Whoreheeyy Grab your friends and let's celebrate an epic win! 🍻#SuperBowl #Patriots,1,0,1,budlight,Bud Light,265047,254,6,2,2017
https://twitter.com/BudLight_Papi94/status/828448209194344449,2017-02-06 03:40:19+00:00,828448209194344449,I'm salty. This may affect my outlook for this year,1,0,4,BudLight_Papi94,aaron,301,322,6,2,2017
https://twitter.com/budlight/status/828446095311269889,2017-02-06 03:31:55+00:00,828446095311269889,"@creechsm I just couldn't let Brian skip out on his friends anymore. Or wear that fedora, either.",1,0,3,budlight,Bud Light,265047,254,6,2,2017
https://twitter.com/turbotax/status/828445985604988930,2017-02-06 03:31:29+00:00,828445985604988930,".@budlight we were thinking a slightly scrambled egg, but enjoyed over 🍺s amongst friends would make it even better.",3,0,8,turbotax,Intuit TurboTax,64669,927,6,2,2017
https://twitter.com/dvonal/status/828445053219540993,2017-02-06 03:27:47+00:00,828445053219540993,Love my #Budweiser #budlight even more tonight! #boycottbudweiser NOT! https://t.co/AOSrsija2i,2,0,3,dvonal,NaturGurl☮️,214,1286,6,2,2017
https://twitter.com/budlight/status/828444136923594754,2017-02-06 03:24:08+00:00,828444136923594754,"@marissalynnn_ You sure, Marissa? https://t.co/9qEf5od9Sx",1,0,1,budlight,Bud Light,265047,254,6,2,2017
https://twitter.com/budlight/status/828443404405186561,2017-02-06 03:21:14+00:00,828443404405186561,@VincentGrippi More like... Best friends forever!,1,0,0,budlight,Bud Light,265047,254,6,2,2017
https://twitter.com/budlight/status/828441722363445249,2017-02-06 03:14:32+00:00,828441722363445249,Whoa! Extra time to hang with friends the same year I come back. Coincidence? #SuperBowl https://t.co/5MTKkPWKuP,45,5,98,budlight,Bud Light,265047,254,6,2,2017
https://twitter.com/budlight/status/828440913831718915,2017-02-06 03:11:20+00:00,828440913831718915,.@JustJared It’s like I never left. Except for this whole Internet thing. And emojis.,1,0,13,budlight,Bud Light,265047,254,6,2,2017
https://twitter.com/budlight/status/828440512088649728,2017-02-06 03:09:44+00:00,828440512088649728,@Tanner_AZ That's an Alternative Fact. I'm friends with the @Target dog. He's part of my wolf pack.,1,1,0,budlight,Bud Light,265047,254,6,2,2017
https://twitter.com/budlight/status/828440413073768450,2017-02-06 03:09:20+00:00,828440413073768450,.@USATODAY @USATODAYsports Did someone say Triumph? He's my dog!,3,0,12,budlight,Bud Light,265047,254,6,2,2017
https://twitter.com/budlight/status/828440284258299904,2017-02-06 03:08:50+00:00,828440284258299904,@ZacConnor99 I mean... I think I am the real winner here.,1,0,3,budlight,Bud Light,265047,254,6,2,2017
https://twitter.com/ProfessorGary/status/828439735995621376,2017-02-06 03:06:39+00:00,828439735995621376,"Bad ads TMobile, BudLight, KFC #whartonfoa",2,0,1,ProfessorGary,Gary Schirr,62971,38105,6,2,2017
https://twitter.com/budlight/status/828439689816395777,2017-02-06 03:06:28+00:00,828439689816395777,This game is too intense. I’m almost as nervous as I was for my Bud Light executive interview. #SuperBowl https://t.co/6QIhT0ZfSK,32,1,82,budlight,Bud Light,265047,254,6,2,2017
https://twitter.com/budlight/status/828439488791732224,2017-02-06 03:05:40+00:00,828439488791732224,@Sim0nLim0n That's what best friends are for.,1,0,1,budlight,Bud Light,265047,254,6,2,2017
https://twitter.com/budlight/status/828439078295261184,2017-02-06 03:04:02+00:00,828439078295261184,"@shawnrdean I'm back! Let's hang, Shawn!",1,0,1,budlight,Bud Light,265047,254,6,2,2017
https://twitter.com/budlight/status/828438773734207488,2017-02-06 03:02:49+00:00,828438773734207488,@Meow_Cait I see we're on a first-name basis. We must be pretty good friends!,1,0,0,budlight,Bud Light,265047,254,6,2,2017
https://twitter.com/budlight/status/828438749503684609,2017-02-06 03:02:44+00:00,828438749503684609,"@AdamEck_Mini S/O to my main man, Adam. Now that I gave you a shoutout, you owe me a Bud Light. 🍺",1,0,3,budlight,Bud Light,265047,254,6,2,2017
https://twitter.com/budlight/status/828438020571398144,2017-02-06 02:59:50+00:00,828438020571398144,"@justinryan9393 Yes, bro, the Bud Light you requested. https://t.co/9oai3AmOIf",1,2,2,budlight,Bud Light,265047,254,6,2,2017
https://twitter.com/budlight/status/828437737283915777,2017-02-06 02:58:42+00:00,828437737283915777,"@NicoleDupras But it's not, Nicole, it's great to be back! And we should hang! Hit me up on my pager. Those are still a thing...right?",2,0,1,budlight,Bud Light,265047,254,6,2,2017
https://twitter.com/budlight/status/828437642307997696,2017-02-06 02:58:20+00:00,828437642307997696,"@KenMac55 I’m back as a ghost dog, but mostly a friend dog who is also a ghost…you know what? Let’s not label it, let’s grab Bud Lights!",1,0,1,budlight,Bud Light,265047,254,6,2,2017
https://twitter.com/JustJared/status/828437231237005313,2017-02-06 02:56:42+00:00,828437231237005313,Spuds MacKenzie makes his return to @budlight for the #SuperBowl! Watch the commercial: https://t.co/T1ovWudOxj,3,1,17,JustJared,JustJared.com,734413,2925,6,2,2017
https://twitter.com/budlight/status/828436826834739200,2017-02-06 02:55:05+00:00,828436826834739200,"@BigBaileyBoy You hear that, everyone? Tyler thinks I should be the MVP! I'm already the MVP of friends and beer, why not the Super Bowl?",1,0,1,budlight,Bud Light,265047,254,6,2,2017
https://twitter.com/SouthsideAdguy/status/828436697792860160,2017-02-06 02:54:35+00:00,828436697792860160,Bwhahahahahaha  @AARLisa  @budlight Spuds should have stayed buried. #whartonfoa,1,0,3,SouthsideAdguy,Professor Anthony Kalamut,7159,5351,6,2,2017
https://twitter.com/budlight/status/828436089874632704,2017-02-06 02:52:10+00:00,828436089874632704,@Philoliverholz I still have mine.,1,0,1,budlight,Bud Light,265047,254,6,2,2017
https://twitter.com/BrianTagueJr/status/828436080244424706,2017-02-06 02:52:07+00:00,828436080244424706,#spudsmackenzie is one with the Force. #Budlight #Starwars #SuperBowl #SB51 https://t.co/xzTP1ng9o0,4,0,12,BrianTagueJr,Brian Tague 🐢,181,1943,6,2,2017
https://twitter.com/budlight/status/828436043036753920,2017-02-06 02:51:58+00:00,828436043036753920,".@TheStreet Well technically I've always been around. Just in the afterlife, hanging with friends &amp; Bud Light.",2,1,14,budlight,Bud Light,265047,254,6,2,2017
https://twitter.com/budlight/status/828435805597233152,2017-02-06 02:51:02+00:00,828435805597233152,.@turbotax Friends? Bud Light? Fedoras? Should I keep guessing?,2,1,14,budlight,Bud Light,265047,254,6,2,2017
https://twitter.com/gadway/status/828435513350696960,2017-02-06 02:49:52+00:00,828435513350696960,@KelloggSchool love dogs but this one went totally over my head! @budlight,1,0,1,gadway,Jeff Gadway,4036,1633,6,2,2017
https://twitter.com/KelloggSchool/status/828435245896761344,2017-02-06 02:48:48+00:00,828435245896761344,Did @budlight over-emphasize nostalgia in their #SB51 ad? Do you remember Spuds? #kelloggsb https://t.co/mKB1c4NXXp,1,1,2,KelloggSchool,Kellogg School,224352,2158,6,2,2017
https://twitter.com/mzsadie/status/828434630344859649,2017-02-06 02:46:22+00:00,828434630344859649,Who loved the Half Time Hot Tub White Tee show!??? Retweet @Doritos @Budweiser @budlight @SamanthaRakell @rachellle__ @LillyRiles #boom https://t.co/A4dXPeMrtT,2,0,6,mzsadie,Sadie-Sha ARISHA,19428,5005,6,2,2017
https://twitter.com/RobRe62/status/828434536828641280,2017-02-06 02:45:59+00:00,828434536828641280,"I must admit, the @budlight ghost of #SpudsMacKenzie was really funny #KelloggSB #SuperBowlAds https://t.co/WcsisPoMA7 Via @MarshaCollier",4,0,2,RobRe62,Roberto Re   🇮🇹  🇪🇺,13778,4046,6,2,2017
https://twitter.com/Carter15__/status/828434065070108675,2017-02-06 02:44:07+00:00,828434065070108675,Soooooo where are the Budlight and Doritos commercials this year?,1,0,0,Carter15__,TRAPMONEY CADILLAC,1332,722,6,2,2017
https://twitter.com/nickscarpino/status/828434019469709312,2017-02-06 02:43:56+00:00,828434019469709312,"With a tradition including the Wassup ads and the Bud Bowl, I'm sad for @budlight today. That Spuds MacKenzie ad was awful.",1,2,1,nickscarpino,Nick Scarpino,890,1129,6,2,2017
https://twitter.com/pathealy22/status/828433562693156864,2017-02-06 02:42:07+00:00,828433562693156864,"Pour one out for Spuds, he died for your right to party #Budlight #SpudsMacKenzie #GhostSpuds https://t.co/ugzKpzP5zQ",1,0,8,pathealy22,Patrick Healy,8,18,6,2,2017
https://twitter.com/prweekdiana/status/828433538492035072,2017-02-06 02:42:01+00:00,828433538492035072,. @PRWeekUS @Washkuch: Is @budlight's dead dog commercial the new dead kid commercial? Discuss. #SuperBowl,3,0,3,prweekdiana,Diana Bradley,2717,3029,6,2,2017
https://twitter.com/BitchPuddin30/status/828433206047305728,2017-02-06 02:40:42+00:00,828433206047305728,Won Me a #BudLight shirt! Go #Falcons! https://t.co/ODxtBZnt8Z,1,0,7,BitchPuddin30,MistressMiaDarque⛓️June 30th B-Day⛓️,9814,3484,6,2,2017
https://twitter.com/fox28columbus/status/828433091760885760,2017-02-06 02:40:15+00:00,828433091760885760,Best in the commercials last break:  #BudLight Spuds McKenzie 😀 T-Mobile😀 Legend of Zelda 👌 https://t.co/NkQIwloZz5,1,1,1,fox28columbus,FOX 28 Columbus,58017,4617,6,2,2017
https://twitter.com/JerryRice_IE/status/828433058713915393,2017-02-06 02:40:07+00:00,828433058713915393,.@budlight ... Just because fx makes it possible to do a ghost #SpudsMacKenzie doesn't mean you should. #creepy #SuperBowl https://t.co/aO2e64oYPc,1,0,3,JerryRice_IE,Jerry Rice,3922,1945,6,2,2017
https://twitter.com/BostonAttitude/status/828433040368140290,2017-02-06 02:40:03+00:00,828433040368140290,It might take the ghost of 80's icon Spuds Mackenzie to get back in this game. (@budlight) #SB51 https://t.co/5tr4iYGnv4,1,0,3,BostonAttitude,BostonAttitude,28633,3880,6,2,2017
https://twitter.com/budlight/status/828433025750990848,2017-02-06 02:39:59+00:00,828433025750990848,"@rogerpkp Good, because I need a friend like you, Roger.",1,0,5,budlight,Bud Light,265047,254,6,2,2017
https://twitter.com/JimStengel/status/828432836793352194,2017-02-06 02:39:14+00:00,828432836793352194,My thoughts on @budlight #SuperBowl ad with Spuds. https://t.co/DfqkmA00Q1,1,0,2,JimStengel,Jim Stengel,13818,1067,6,2,2017
https://twitter.com/jeb283/status/828432609814384642,2017-02-06 02:38:20+00:00,828432609814384642,@peggyjliu #budlight ad: the dog bringing out the belongingness level of Maslow's by showing the man what he's missing#consumerbehavior,3,0,3,jeb283,Jaci bauman,8,21,6,2,2017
https://twitter.com/budlight/status/828432475517046784,2017-02-06 02:37:48+00:00,828432475517046784,"@blackgirlinCLE Heck yeah, dog (that’s what us executives call our friends). I wouldn’t come back for anything so you know this is important",1,1,3,budlight,Bud Light,265047,254,6,2,2017
https://twitter.com/get_BOLD/status/828432407758041090,2017-02-06 02:37:32+00:00,828432407758041090,Weirdly interesting #budlight #sb51,1,0,2,get_BOLD,BOLD,483,339,6,2,2017
https://twitter.com/marvinador/status/828432394621480960,2017-02-06 02:37:29+00:00,828432394621480960,Did Spuds Mackenzie just make you feel old too? Ghost Spuds | @budlight Super Bowl Commercial #SB51  https://t.co/EAbcm2hz2G,1,0,2,marvinador,Marvin Abrinica,8404,8048,6,2,2017
https://twitter.com/okkymom/status/828432368805502976,2017-02-06 02:37:22+00:00,828432368805502976,PILLOWPANTS #SuperBowl #Budlight #clerks #pillowpants https://t.co/DRT0BsxkKO,1,0,1,okkymom,LaurenB.,407,764,6,2,2017
https://twitter.com/Luka_Erceg/status/828432356688195590,2017-02-06 02:37:20+00:00,828432356688195590,Everyone at my party &lt;35 years old or new to USA doesn't know Spuds McKenzie @budlight #adbowl  #kelloggsb,1,1,1,Luka_Erceg,Luka Erceg,261,303,6,2,2017
https://twitter.com/budlight/status/828432319887396864,2017-02-06 02:37:11+00:00,828432319887396864,"@MidwestGolfBum That's why we're best friends, Evan. Want to grab a Bud Light? https://t.co/TZ4mne9IfZ",1,1,5,budlight,Bud Light,265047,254,6,2,2017
https://twitter.com/lstilesss/status/828432288908181504,2017-02-06 02:37:03+00:00,828432288908181504,Now I get it ... kinda @budlight @adage #SuperBowl #budlight #adbowl https://t.co/LyuTYdUA4w,1,0,0,lstilesss,Laura,181,176,6,2,2017
https://twitter.com/MikeEWinfield/status/828432237653680128,2017-02-06 02:36:51+00:00,828432237653680128,Who even knew that Spuds Mackenzie died. The rumor is he was drinking and driving and Bud Light never reported it. #BudLight,3,1,22,MikeEWinfield,Mike E. Winfield telling jokes on AGT,72139,53572,6,2,2017
https://twitter.com/katsterevin/status/828432226866049029,2017-02-06 02:36:49+00:00,828432226866049029,"I dunno @budlight -- 'celebrate with us, oh and the ghost of Spuds'. Kinda puts a damper on the fun. #SuperBowl #SB51",1,0,1,katsterevin,Delphinium Kattius,360,1092,6,2,2017
https://twitter.com/MarshaCollier/status/828432208494891008,2017-02-06 02:36:44+00:00,828432208494891008,"I must admit, the @budlight ghost of #SpudsMacKenzie was really funny #KelloggSB #SuperBowlAds https://t.co/mNpOlkXBx8",11,0,26,MarshaCollier,Marsha Collier,234949,72165,6,2,2017
https://twitter.com/audreykearns/status/828432174135201792,2017-02-06 02:36:36+00:00,828432174135201792,So Spuds MacKenzie a force ghost now? #Superbowl #Budweiser #budlight,1,0,5,audreykearns,Audrey Kearns,4709,628,6,2,2017
https://twitter.com/itseriknagel/status/828432160143134720,2017-02-06 02:36:33+00:00,828432160143134720,A 20-something guy wouldn't know Spuds MacKenzie? Who was that ad appealing to? And they obviously had no ending #Budlight #SuperBowl,1,4,15,itseriknagel,💥Erik Nagel💥,54214,1435,6,2,2017
https://twitter.com/bearsaremean/status/828432142707286016,2017-02-06 02:36:29+00:00,828432142707286016,"clever how the house in the Spuds MacKenzie ad had the address of 1989, the last year he did ads #SB51 #Budlight https://t.co/toGP43eriu",6,1,11,bearsaremean,name but also a little joke,26391,1166,6,2,2017
https://twitter.com/mymoviehaikus/status/828432140786233347,2017-02-06 02:36:28+00:00,828432140786233347,#BudLight #SpudsMacKenzie? Best. Ad. Ever. But I am biased... #SuperBowl https://t.co/8kJeqhH66F,2,0,5,mymoviehaikus,Ellen Cook,47,37,6,2,2017
https://twitter.com/johndshabe/status/828432043038167040,2017-02-06 02:36:05+00:00,828432043038167040,13-year-old: Who is Spuds McKenzie? #SuperBowl #Budlight https://t.co/cJkQVfFbdt,1,0,4,johndshabe,John ⬅️6️⃣➡️ Shabe,1316,1169,6,2,2017
https://twitter.com/azmadame_x/status/828432034901041152,2017-02-06 02:36:03+00:00,828432034901041152,"Really?  Spuds McKenzie is all you've got, @budlight ?  The commercials have been an epic disappointment all night... #SB51",1,0,0,azmadame_x,Sue H,1212,1017,6,2,2017
https://twitter.com/NerdRushTV/status/828432030543204352,2017-02-06 02:36:02+00:00,828432030543204352,Oh yea! #SpudsMacKenzie is back y'all. @budlight #SuperBowl #SB51 https://t.co/gK7Y4raacy,4,0,7,NerdRushTV,Nerd Rush,123,228,6,2,2017
https://twitter.com/catherinemaino/status/828431936163049481,2017-02-06 02:35:39+00:00,828431936163049481,#budlight. Lame. #marketingsolutions.,1,0,1,catherinemaino,Catherine Maino,1203,1671,6,2,2017
https://twitter.com/KMetz40/status/828431928000921601,2017-02-06 02:35:37+00:00,828431928000921601,"So Spuds McKenzie can't open a beer cuz he has no thumbs, but he can hold onto it once it's opened? 🤔 #SuperBowl #BudLight",1,0,3,KMetz40,Kirk,249,220,6,2,2017
https://twitter.com/SethPeders/status/828431916424687616,2017-02-06 02:35:35+00:00,828431916424687616,Strong late contender #BudLight. Points for focus on emotional benefit rather than product attributes. #adbowl #brandbowl #SuperBowl,5,0,4,SethPeders,Seth Pederson,2968,2719,6,2,2017
https://twitter.com/turbotax/status/828431891707600896,2017-02-06 02:35:29+00:00,828431891707600896,@budlight you know what goes great with spuds? 🍳,1,1,5,turbotax,Intuit TurboTax,64669,927,6,2,2017
https://twitter.com/DarealisGod/status/828431858878791680,2017-02-06 02:35:21+00:00,828431858878791680,That @budlight Comercial was the worst lol most stupid thing ihave ever seen if u guys lacking imagination #hmu #SuperBowl,1,0,0,DarealisGod,Da Realest,46,306,6,2,2017
https://twitter.com/KatrinaGibson13/status/828431849647112193,2017-02-06 02:35:19+00:00,828431849647112193,"All the millennials are like ""who the fuck is Spuds Mackenzie"" #Budlight",2,0,11,KatrinaGibson13,🦩The Warden🦩,3270,3299,6,2,2017
https://twitter.com/budlight/status/828431848871170048,2017-02-06 02:35:18+00:00,828431848871170048,@YeaItsJ_mar And you are the best friend! 🍻,1,1,1,budlight,Bud Light,265047,254,6,2,2017
https://twitter.com/TomBecka/status/828431839698247684,2017-02-06 02:35:16+00:00,828431839698247684,Spuds McKenzie is back. America is great again. #SuperBowl #Budlight #MAGA,2,0,4,TomBecka,TomBecka,3903,1096,6,2,2017
https://twitter.com/budlight/status/828431833511632896,2017-02-06 02:35:15+00:00,828431833511632896,.@Adweek What's a snapchat?,27,3,130,budlight,Bud Light,265047,254,6,2,2017
https://twitter.com/CharlieCurve/status/828431820798697472,2017-02-06 02:35:12+00:00,828431820798697472,"I loved the concept for the ghost of Spuds MacKenzie ad, but the voice talent was all wrong, @BudLight. #GoodIdeaBadExecution #BrandBowl",1,0,1,CharlieCurve,Charlie Wollborg,14392,10169,6,2,2017
https://twitter.com/Gary_Jerry/status/828431814066831361,2017-02-06 02:35:10+00:00,828431814066831361,Spuds McKenzie back as a Star Wars-type hologram for a #SuperBowl ad was pretty awesome. #HesBetterThanTheTargetDogAnytime #Budlight,1,1,2,Gary_Jerry,Gary Buchanan,7306,139,6,2,2017
https://twitter.com/MeganMWagner/status/828431810262605825,2017-02-06 02:35:09+00:00,828431810262605825,"#SpudsMackenzie! Yaaass. 80’s Nostalgia, FTW!  Well played, @budlight. #SuperBowlAds #SuperBowl https://t.co/zfujY85XIO",1,0,1,MeganMWagner,Megan Wagner,517,444,6,2,2017
https://twitter.com/JRRestaino/status/828431786191503360,2017-02-06 02:35:04+00:00,828431786191503360,"YES!!!! The best commercial of the night is #BudLight's #SpudsMacKenzie commercial!!! I love Spuds, can't believe his ghost is back",1,0,7,JRRestaino,Robin Restaino 🏒⚾️🏈🏀🇮🇹🇺🇸,2873,3384,6,2,2017
https://twitter.com/seancarp/status/828431783502950400,2017-02-06 02:35:03+00:00,828431783502950400,Dear @budlight - Digging up Spuds McKenzie for a Pet Semetery/It's a Wonderful Life hybrid was as weak as the fluid you call beer,1,2,5,seancarp,Sean Carpenter,11585,7620,6,2,2017
https://twitter.com/dustinpari/status/828431777186316288,2017-02-06 02:35:01+00:00,828431777186316288,Yes! I'd love to investigate the ghost of Spuds! @budlight #OriginalPartyAnimal #SuperBowl,5,2,50,dustinpari,Dustin Pari,91271,713,6,2,2017
https://twitter.com/ElieNYC/status/828431735100694528,2017-02-06 02:34:51+00:00,828431735100694528,Spuds McKenzie reminds you to give into peer pressure if you want people to like you. #SuperBowl #Budlight,2,0,8,ElieNYC,Elie Mystal,455486,4972,6,2,2017
https://twitter.com/WoodysWorldTV/status/828431719921512450,2017-02-06 02:34:48+00:00,828431719921512450,"Yeesh, hey @budlight, piece of advice to your ad company.... #SBLI https://t.co/faCLzqRp9o",1,0,1,WoodysWorldTV,Woody Wachmann,1868,531,6,2,2017
https://twitter.com/AndyCarriganRRS/status/828431700871016449,2017-02-06 02:34:43+00:00,828431700871016449,"Shout out to @budlight for calling them ""BL""s",1,0,1,AndyCarriganRRS,Andy Carrigan,442,916,6,2,2017
https://twitter.com/Staci4AU/status/828431689986797573,2017-02-06 02:34:41+00:00,828431689986797573,That is not the voice I imagined #spudsmackenzie would have back in the 80s @budlight #SuperBowl https://t.co/EGZJAGS6VY,1,0,3,Staci4AU,Staci,481,1203,6,2,2017
https://twitter.com/GamerHaze/status/828431689797885952,2017-02-06 02:34:41+00:00,828431689797885952,We'll played @budlight  #Friends #SuperBowl #commercial  https://t.co/00jOC07LPO,1,0,3,GamerHaze,Haze84,396,445,6,2,2017
https://twitter.com/fanexpodenver/status/828431661855547393,2017-02-06 02:34:34+00:00,828431661855547393,That #Budlight commercial made me miss the #Budweiser frogs #throwbacksuperbowl,1,0,7,fanexpodenver,FAN EXPO Denver,16034,902,6,2,2017
https://twitter.com/katadams68/status/828431643622903808,2017-02-06 02:34:30+00:00,828431643622903808,Welcome back #spud #budlight🍻,1,1,6,katadams68,Katrina Adams 🦋,8670,809,6,2,2017
https://twitter.com/SoSofieFatale/status/828431641370562560,2017-02-06 02:34:29+00:00,828431641370562560,The Ghost of Spuds Mackenzie. He died bravely in the Bowling Green Massacre. #SuperBowl @budlight,7,1,27,SoSofieFatale,Michelle,26404,28323,6,2,2017
https://twitter.com/BJLaflin/status/828431638597996544,2017-02-06 02:34:28+00:00,828431638597996544,I didn't realize Spud McKenzie died 😫 #BudLight,1,1,5,BJLaflin,Bonnie-Jill Laflin,53732,2992,6,2,2017
https://twitter.com/TopherPerkins/status/828431636387790848,2017-02-06 02:34:28+00:00,828431636387790848,Crazy but @budlight might have just run the worst spot of the #superbowl #3percentSB #WhartonFoA,1,1,5,TopherPerkins,Chris Perkins,1938,1385,6,2,2017
https://twitter.com/brandacity/status/828431635314012160,2017-02-06 02:34:28+00:00,828431635314012160,I would love for #SpudsMcKenzie to be back -- but not like that #fail #whartonfoa #brandbowl @budlight,1,0,5,brandacity,Brandacity,2521,1768,6,2,2017
https://twitter.com/DNitkiewicz/status/828431607363100672,2017-02-06 02:34:21+00:00,828431607363100672,That was the worst ad I've ever seen @budlight #shame #APRSuperbowl,1,0,2,DNitkiewicz,Dave Nitkiewicz,384,525,6,2,2017
https://twitter.com/TheRealZatarain/status/828431607316885504,2017-02-06 02:34:21+00:00,828431607316885504,That @budlight commercial 🔥🔥🔥 #SuperBowl,2,0,8,TheRealZatarain,Alex Zatarain,17301,2302,6,2,2017
https://twitter.com/AJWensloff/status/828431596374077441,2017-02-06 02:34:18+00:00,828431596374077441,Well... that was an interesting @budlight commercial... #SB51 #SuperBowl #NEvsATL,1,0,1,AJWensloff,Austin Wensloff,184,363,6,2,2017
https://twitter.com/markanthony523/status/828431588258148352,2017-02-06 02:34:16+00:00,828431588258148352,Big ups to Spuds McKinsey #Budlight,1,0,3,markanthony523,Caleb,387,464,6,2,2017
https://twitter.com/theshoegazer/status/828431579416502273,2017-02-06 02:34:14+00:00,828431579416502273,The @Patriots are losing and I get reminded that #SpudsMckenzie is dead? Thanks a lot @budlight,1,0,2,theshoegazer,david duncan virr,1225,815,6,2,2017
https://twitter.com/xmas__carroll/status/828431578716073984,2017-02-06 02:34:14+00:00,828431578716073984,the @budlight dog is @Jack_Attack006's spirit animal.,1,0,0,xmas__carroll,stephanie,146,122,6,2,2017
https://twitter.com/AARLisa/status/828431575834587140,2017-02-06 02:34:13+00:00,828431575834587140,BudLight. Spuds should have stayed buried. #whartonfoa,2,0,5,AARLisa,Lisa,970,516,6,2,2017
https://twitter.com/ramos_kale/status/828431569513742336,2017-02-06 02:34:12+00:00,828431569513742336,This budlight commercial with the dog was the best thing ive ever seen,2,0,13,ramos_kale,Kale Ramos,1895,1448,6,2,2017
https://twitter.com/SarajDayley/status/828431566707752960,2017-02-06 02:34:11+00:00,828431566707752960,Yes!! Just had a #spudsmackenzie sighting!! @budlight #whereyoubeen #superbowl51commercials,1,2,18,SarajDayley,Sara Dayley,10380,1277,6,2,2017
https://twitter.com/Bohsco/status/828431559296442368,2017-02-06 02:34:09+00:00,828431559296442368,If a friend brought me @budlight to a party they would no longer be my friend. #PissWater,1,0,1,Bohsco,Bosco,9489,3848,6,2,2017
https://twitter.com/unluckynumber11/status/828431553151848449,2017-02-06 02:34:08+00:00,828431553151848449,They brought him back! #SuperBowl #Budlight https://t.co/zvpt6KLv5Z,1,0,2,unluckynumber11,Jeff's Feed and Seed,943,965,6,2,2017
https://twitter.com/BigHowdyEnergy/status/828431549926404098,2017-02-06 02:34:07+00:00,828431549926404098,@budlight SPUDS MCKENZIE SPOT WAS AMAZING #SuperBowlAd,1,0,0,BigHowdyEnergy,Boom Howdy,599,367,6,2,2017
https://twitter.com/MBoomba7/status/828431535305064449,2017-02-06 02:34:04+00:00,828431535305064449,@budlight why do you have dead ghost dogs drinking beer maybe that's y he died ! #savedogs,5,0,3,MBoomba7,Boomba7,14,17,6,2,2017
https://twitter.com/FLWilliamsBiz/status/828431517609291777,2017-02-06 02:33:59+00:00,828431517609291777,"@budlight ad with the ghost of Spuds McKenzie was bizarre, to say the least. #Fail #SuperBowl #SuperBowlCommercials",1,0,0,FLWilliamsBiz,Frank L. Williams,992,1679,6,2,2017
https://twitter.com/Chris_Hawkey/status/828431502799167488,2017-02-06 02:33:56+00:00,828431502799167488,That @budlight Spuds spot was clever!,2,10,41,Chris_Hawkey,Chris Hawkey,99722,3088,6,2,2017
https://twitter.com/SludgeCentral/status/828431486831493122,2017-02-06 02:33:52+00:00,828431486831493122,I enjoyed the @budlight Spuds commercial,1,4,9,SludgeCentral,Jay,11228,2826,6,2,2017
https://twitter.com/casualcandi/status/828431480644890624,2017-02-06 02:33:51+00:00,828431480644890624,That budlight commercial got me lost,2,0,32,casualcandi,¨̮,128787,94324,6,2,2017
https://twitter.com/budlight/status/828431456082997254,2017-02-06 02:33:45+00:00,828431456082997254,"My commercial was my favorite, if I do say so myself. https://t.co/ovXU6TR9nF",140,24,352,budlight,Bud Light,265047,254,6,2,2017
https://twitter.com/garybwilcox/status/828431450794029058,2017-02-06 02:33:44+00:00,828431450794029058,@TexasAdGrad  #adgradbowl Spuds has come back!! @budlight,1,0,2,garybwilcox,Gary B. Wilcox,335,52,6,2,2017
https://twitter.com/Maverik_Wilson/status/828431450630287360,2017-02-06 02:33:43+00:00,828431450630287360,Fedoras are always a bad idea. @budlight,2,0,3,Maverik_Wilson,Maverik Wilson,208,270,6,2,2017
https://twitter.com/samjfranco/status/828431427926708225,2017-02-06 02:33:38+00:00,828431427926708225,#BudLight just won the #SuperBowl commercial game. #RiseUp,1,0,2,samjfranco,Sam Franco,2507,2162,6,2,2017
https://twitter.com/adage/status/828431425716224001,2017-02-06 02:33:38+00:00,828431425716224001,"Spuds MacKenzie’s return is a one-time event designed only for @Budlight’s #SuperBowl ad, which will not be put into regular rotation",13,3,18,adage,Ad Age,1001873,73145,6,2,2017
https://twitter.com/creativitymag/status/828431396414824448,2017-02-06 02:33:31+00:00,828431396414824448,.@BudLight resurrected Spuds Mackenzie for #SuperBowl spot -- but he's a ghost. https://t.co/8Wo4s0VpxN https://t.co/SCqTIsSBgW,2,0,5,creativitymag,Ad Age Creativity,158143,870,6,2,2017
https://twitter.com/TrivWorks/status/828431376286298112,2017-02-06 02:33:26+00:00,828431376286298112,When they bring back the ghost of Spuds MacKenzie: #Budweiser #SuperBowl #Budlight https://t.co/M3vc35Gl4a,16,1,29,TrivWorks,TrivWorks,19374,9653,6,2,2017
https://twitter.com/coralsfinest/status/828431371559383040,2017-02-06 02:33:25+00:00,828431371559383040,@JCapitosti should be the actor in this @budlight commercial,2,1,2,coralsfinest,Evan Bertig,446,383,6,2,2017
https://twitter.com/KRoushMktg/status/828431370640818177,2017-02-06 02:33:24+00:00,828431370640818177,"New tagline for @budlight. #famousamongfriends. What do you think, marketers? #GCMSBP #SB51",1,1,1,KRoushMktg,Kimberly Roush,387,322,6,2,2017
https://twitter.com/PattiMurin/status/828431363846070273,2017-02-06 02:33:23+00:00,828431363846070273,Maybe this guy's friends drink a little too much? #BudLight #SuperBowl,1,1,13,PattiMurin,Patti Murin,49734,785,6,2,2017
https://twitter.com/TWISTtweets/status/828431344413851649,2017-02-06 02:33:18+00:00,828431344413851649,The return of Spuds Mackenzie...a little nostalgia from @budlight. #welovethe90s #adbowl #brandbowl,1,0,1,TWISTtweets,TWIST Creative,1536,857,6,2,2017
https://twitter.com/mackmckelvey/status/828431332518813696,2017-02-06 02:33:15+00:00,828431332518813696,"Didn't love the ad, but thrilled #spuds is back @budlight #SB51 #SuperBowl",1,0,1,mackmckelvey,Mack,2938,2455,6,2,2017
https://twitter.com/daveleifer/status/828431323274543105,2017-02-06 02:33:13+00:00,828431323274543105,What a disgusting commercial by Bud Light @budlight,1,0,1,daveleifer,David Leifer 🇺🇸,1883,45,6,2,2017
https://twitter.com/adage/status/828431298993745922,2017-02-06 02:33:07+00:00,828431298993745922,Here's the original 1987 Spuds ad https://t.co/NLlEh0v8K3 #SuperBowl @budlight,26,1,28,adage,Ad Age,1001873,73145,6,2,2017
https://twitter.com/JohnDigles/status/828431221550104576,2017-02-06 02:32:49+00:00,828431221550104576,.@budlight first intro'd #SpudsMacKenzie 30 yrs ago in this 1987 #SuperBowl ad narrated by Robin Leach https://t.co/M6J1fIjBnB #brandbowl,1,0,2,JohnDigles,John Digles,11418,9404,6,2,2017
https://twitter.com/Em_Bers/status/828431202969329669,2017-02-06 02:32:44+00:00,828431202969329669,HAWAIIAN ROLLS JUST RIPPED OFF THE BUDLIGHT MAGIC FRIDGE COMMERCIAL IS NOTHING SACRED,1,1,4,Em_Bers,emma,2382,940,6,2,2017
https://twitter.com/USATODAY/status/828431190440996864,2017-02-06 02:32:41+00:00,828431190440996864,"Thirty years after making his debut in #SuperBowl XXI, @BudLight mascot Spuds MacKenzie is back in the big game. #AdMeter",44,17,202,USATODAY,USA TODAY,4791354,923,6,2,2017
https://twitter.com/stuartenyt/status/828431132463087616,2017-02-06 02:32:28+00:00,828431132463087616,Indeed. very much like a @BudLight spot from like 10 years ago https://t.co/doe3NgEcag,1,2,8,stuartenyt,Stuart Elliott,41240,45099,6,2,2017
https://twitter.com/sbwolfie/status/828431129686458369,2017-02-06 02:32:27+00:00,828431129686458369,BudLight targets millennials w/spokesdog retired in ‘87 voiced by actor who debuted in Rocky I. #brandbowl #adbowl #SuperBowl #SuperBowlAds,2,0,2,sbwolfie,Steve Wolfberg,104,15,6,2,2017
https://twitter.com/cortezbrothers/status/828431123545886720,2017-02-06 02:32:26+00:00,828431123545886720,That's an @AnheuserBusch @Budlight ad from @WiedenKennedy by #USA director Bryan Buckley #3percentsb #SB51 #SuperBowl #BrandBowl #AdBowl https://t.co/mLrsFltLUF,1,0,0,cortezbrothers,Cortez Brothers,1217,1951,6,2,2017
https://twitter.com/sbwolfie/status/828430676575789056,2017-02-06 02:30:39+00:00,828430676575789056,King’s Hawaiian: BudLight did it better 10 years ago. https://t.co/xgMfF2PgSO #brandbowl #adbowl  #SuperBowl #SuperBowlAds,1,0,0,sbwolfie,Steve Wolfberg,104,15,6,2,2017
https://twitter.com/ellelljaytoo/status/828429482205790209,2017-02-06 02:25:54+00:00,828429482205790209,@calsquared Truckin' @Budweiser @budlight like a boss. Creep &amp; I WILL bite you!!!! @viewfrommyoffic https://t.co/uYA1WDJUY2,2,0,4,ellelljaytoo,🐾Beware of Dogma🐾,3059,404,6,2,2017
https://twitter.com/budlight/status/828428916088008704,2017-02-06 02:23:39+00:00,828428916088008704,"@shortbusradio They're really earning that case of Bud Light for after the game, too. 🍺",1,1,1,budlight,Bud Light,265047,254,6,2,2017
https://twitter.com/mkt4ed/status/828428501900488705,2017-02-06 02:22:00+00:00,828428501900488705,Missing #doritos and #Budlight #SuperBowlCommercials seem to be missing something this year!#brandbowl Few if any call to action.,1,0,2,mkt4ed,Kirk Helferich,355,1282,6,2,2017
https://twitter.com/budlight/status/828428270634991617,2017-02-06 02:21:05+00:00,828428270634991617,"Phones down for the next break! It’s been 210 dog years since I’ve been on TV, and ghosts always have important things to say. #SuperBowl",47,5,104,budlight,Bud Light,265047,254,6,2,2017
https://twitter.com/Gamin_DoA/status/828428104901222401,2017-02-06 02:20:26+00:00,828428104901222401,I'm watching #SuperBowl and drinking a @budlight. Can't get any better can it?🍺😎,1,0,3,Gamin_DoA,Death on Arrival Gaming,178,253,6,2,2017
https://twitter.com/budlight/status/828426323215392768,2017-02-06 02:13:21+00:00,828426323215392768,@YaBroSunny Keep an eye out for me in the 4th quarter. It'll be worth the wait.,1,0,0,budlight,Bud Light,265047,254,6,2,2017
https://twitter.com/budlight/status/828425958562476033,2017-02-06 02:11:54+00:00,828425958562476033,"@mulvey55 Catch me in the 4th quarter, bro! Make sure you have a cold one ready for yourself and a friend.",1,1,1,budlight,Bud Light,265047,254,6,2,2017
https://twitter.com/budlight/status/828425898999283713,2017-02-06 02:11:40+00:00,828425898999283713,"@Willt_3 4th quarter, Will! You have time to round up friends and grab a cold Bud Light. It's going to be awesome.",2,1,1,budlight,Bud Light,265047,254,6,2,2017
https://twitter.com/lovingmymarla/status/828425729666842625,2017-02-06 02:11:00+00:00,828425729666842625,@budlight  I have this it might not be a emoji but my love #Spuds. https://t.co/HlndQBlyuZ,5,2,5,lovingmymarla,Marla Jones,2420,4965,6,2,2017
https://twitter.com/Riley_Gates/status/828425224500674561,2017-02-06 02:08:59+00:00,828425224500674561,"Hey, @budlight. You gonna do a commercial tonight or...? #SB51 https://t.co/q7NMChzrpF",3,2,6,Riley_Gates,Riley Gates,6464,744,6,2,2017
https://twitter.com/maudegarrett/status/828422290584981504,2017-02-06 01:57:20+00:00,828422290584981504,With #SuperBowl it's ads &gt; actual game. The #Budweiser commercial was BRILLIANT. Catch the @Budlight spot? https://t.co/VoGOK6V7wN #Partner,1,2,76,maudegarrett,Maude Garrett,89135,989,6,2,2017
https://twitter.com/RebeccaRSheehan/status/828421370342162433,2017-02-06 01:53:40+00:00,828421370342162433,A very St. Louis Super Bowl... all we need is @imospizza &amp; @TedDrewes!#gooeybuttercake #toastedravioli #budlight #diettomorrow #stl https://t.co/uWyz3bvW0C,3,0,9,RebeccaRSheehan,Rebecca Sheehan,5328,769,6,2,2017
https://twitter.com/gaberutledge/status/828419617009725441,2017-02-06 01:46:42+00:00,828419617009725441,4 out of 5 lapsed Muslims drink #BudLight #SB51,1,0,1,gaberutledge,Gabriel Rutledge,2625,401,6,2,2017
https://twitter.com/budlight/status/828419154424143872,2017-02-06 01:44:52+00:00,828419154424143872,@Atomic_MOMb I like to think I'm funny. Tune in for more of my jokes during the 4th quarter!,1,0,1,budlight,Bud Light,265047,254,6,2,2017
https://twitter.com/budlight/status/828418736516239361,2017-02-06 01:43:12+00:00,828418736516239361,"@SillySheep Quick, grab a cold Bud Light. I'm up during the 4th quarter!",1,1,1,budlight,Bud Light,265047,254,6,2,2017
https://twitter.com/WesternUSC/status/828416240326676482,2017-02-06 01:33:17+00:00,828416240326676482,Congrats to @mitchthom for winning the dabbing contest at the Wave 🌊 and winning a #BudLight speaker! #SuperBowl https://t.co/KvFJKBmpnn,1,0,8,WesternUSC,Western USC,13740,302,6,2,2017
https://twitter.com/budlight/status/828415500711448576,2017-02-06 01:30:21+00:00,828415500711448576,"@RAULIZM I’m back! I wish we had emojis back in the day, would’ve been helpful with the whole facial expression thing.",1,0,3,budlight,Bud Light,265047,254,6,2,2017
https://twitter.com/Momary2/status/828414994677108736,2017-02-06 01:28:20+00:00,828414994677108736,Hell yeah America! Give it to him! #Twitler #TheResistance #fire_the_fool #Indivisible Thank you @budlight @Airbnb https://t.co/sTbfud2a05,40,0,112,Momary2,MLCR,2033,4841,6,2,2017
https://twitter.com/WisLyon/status/828414775919001601,2017-02-06 01:27:28+00:00,828414775919001601,@budlight Time to pick up some Budweiser! #BoycottBudweiser thank you for speaking out! We are all immigrants!,2,0,2,WisLyon,BLyon,6,16,6,2,2017
https://twitter.com/budlight/status/828414625276375042,2017-02-06 01:26:52+00:00,828414625276375042,Gaga totally upstaged my whole floating thing. https://t.co/Xe8gkjEMpi,80,8,209,budlight,Bud Light,265047,254,6,2,2017
https://twitter.com/budlight/status/828412123541757954,2017-02-06 01:16:56+00:00,828412123541757954,@Will_Esteves_13 Luna! That's my dog. 😎,3,0,3,budlight,Bud Light,265047,254,6,2,2017
https://twitter.com/Trent20149/status/828411189126365184,2017-02-06 01:13:13+00:00,828411189126365184,These commercials have been garbage. Where are the funny ones? Where are you @Doritos @budlight?,2,0,1,Trent20149,Trent Woodward,1740,3281,6,2,2017
https://twitter.com/budlight/status/828407410830237696,2017-02-06 00:58:12+00:00,828407410830237696,@Brittbakee22 I recorded the ad on a VHS tape. Where did the VCRs go?,2,1,5,budlight,Bud Light,265047,254,6,2,2017
https://twitter.com/bschweisthal/status/828405923634937860,2017-02-06 00:52:17+00:00,828405923634937860,@budlight me too.,2,1,1,bschweisthal,Bruce  Schweisthal,47,123,6,2,2017
https://twitter.com/jackiefell/status/828404688232005632,2017-02-06 00:47:23+00:00,828404688232005632,I mean -- has there even been one BudLight or Budweiser commercial?! #superbowl #commercials #WhereAreTheClydesdales,1,0,0,jackiefell,Jacqueline Fell,4205,983,6,2,2017
https://twitter.com/budlight/status/828404107144728578,2017-02-06 00:45:04+00:00,828404107144728578,I totally could have done that. I've been playing fetch since the '80s. https://t.co/BpC6yMoCYH,22,1,64,budlight,Bud Light,265047,254,6,2,2017
https://twitter.com/InfiniteAgency/status/828402696306700289,2017-02-06 00:39:28+00:00,828402696306700289,Psyched for the #SuperBowl. | 💼: @budlight https://t.co/JBXvz0oJhJ,1,0,2,InfiniteAgency,The Infinite Agency,1877,975,6,2,2017
https://twitter.com/Annapocalypsee/status/828401884792643584,2017-02-06 00:36:14+00:00,828401884792643584,Happy Super Bowl Sunday! 🏈🌮😬 Watch the best commercial of the game by @budlight 🤘🏼 https://t.co/OpHuUtzuUy #budlight #partner,2,0,14,Annapocalypsee,Anna Sentina,26777,800,6,2,2017
https://twitter.com/budlight/status/828401774213992448,2017-02-06 00:35:48+00:00,828401774213992448,@anneshasudu Bud Light goes best with friends!,1,0,1,budlight,Bud Light,265047,254,6,2,2017
https://twitter.com/zeke6206/status/828401453547020289,2017-02-06 00:34:32+00:00,828401453547020289,Aerial  coverage   by BudLight  Its an INDOOR game wtf,1,0,1,zeke6206,zeke,597,991,6,2,2017
https://twitter.com/NewCountry1015/status/828401344155418626,2017-02-06 00:34:06+00:00,828401344155418626,.@LastItsDallas amped the Ultimate Big Game Party! Thx to @MedievalTimes @GordosCheeseDip @GeorgiaLottery @BudLight @HiFiBuys ! #sp #RiseUp https://t.co/lW8yUKvUHh,3,0,2,NewCountry1015,New Country 101.FIVE,16294,12534,6,2,2017
https://twitter.com/ROCK1005Atlanta/status/828401133051842561,2017-02-06 00:33:15+00:00,828401133051842561,.@SouthsideSteve amped the Ultimate Big Game Party! Thx to @MedievalTimes @GordosCheeseDip @GeorgiaLottery @BudLight @HiFiBuys ! #sp #RiseUp https://t.co/5ZmC2ewFNC,4,0,3,ROCK1005Atlanta,ROCK 100.5,9291,3754,6,2,2017
https://twitter.com/Jonsiol/status/828400701269278721,2017-02-06 00:31:32+00:00,828400701269278721,Fyrsta deit 💖🏈  superbowl brings people together #nflisland #budlight #patriots https://t.co/6vLrJwE0Nw,1,1,6,Jonsiol,Jón Kjartansson,29,106,6,2,2017
https://twitter.com/budlight/status/828400503776174080,2017-02-06 00:30:45+00:00,828400503776174080,@bdogg84 So much love from everyone on Twitter tonight! #Psyched #to #be #back!,1,1,6,budlight,Bud Light,265047,254,6,2,2017
https://twitter.com/AllusiaToGo/status/828397026769448960,2017-02-06 00:16:56+00:00,828397026769448960,I'm giving out free swag all Super Bowl Sunday from Effen and Bud Light @theabbeyweho! #meetmeattheabbey #weho #superbowl #budlight #effen https://t.co/ZIEH1qrrn1,1,0,2,AllusiaToGo,Allusia,3356,440,6,2,2017
https://twitter.com/budlight/status/828396891310272513,2017-02-06 00:16:24+00:00,828396891310272513,Breaking out my TD dance. I call this one the funky chow. https://t.co/u7FbnPRPr4,40,6,72,budlight,Bud Light,265047,254,6,2,2017
https://twitter.com/BrittanyBudGirl/status/828395528367046657,2017-02-06 00:10:59+00:00,828395528367046657,#SuperBowlSunday #SB51 official sponsor @budlight https://t.co/7J7mGefyRm,1,0,5,BrittanyBudGirl,Brittany Voth,181,200,6,2,2017
https://twitter.com/ECUPirateCannon/status/828393202520580097,2017-02-06 00:01:44+00:00,828393202520580097,Make #SuperBowl commercials great again. Where are you @budlight? Come back @Doritos. I'd even take a @GoDaddy commercial at this point. :-(,2,0,5,ECUPirateCannon,#BOOM!,4490,2267,6,2,2017
https://twitter.com/1075daverocks/status/828392410401083392,2017-02-05 23:58:36+00:00,828392410401083392,David - The 107.5 #SuperBowlSunday party! At @McCabesKW #Kitchener prizes from @RaffiJewelers @budlight @snugglers_ https://t.co/Lbsx8LSWsY,2,0,2,1075daverocks,107.5 DAVE Rocks,6596,634,5,2,2017
https://twitter.com/budlight/status/828392233111953408,2017-02-05 23:57:53+00:00,828392233111953408,@SamVH5150 I’m back! Let’s hang out! Are pagers still a thing?,1,0,0,budlight,Bud Light,265047,254,5,2,2017
https://twitter.com/EarleneIndian/status/828392086416265218,2017-02-05 23:57:18+00:00,828392086416265218,In my fridge for the #SuperBowl #budlight is the best beer ever! My family will NOT #BoycottBudweiser https://t.co/Z7Vhv37D63,3,1,19,EarleneIndian,Loving Life,183,545,5,2,2017
https://twitter.com/iamseantizzle/status/828391785286221825,2017-02-05 23:56:07+00:00,828391785286221825,I'm sticking with the New England @Patriots #MovingForward cc @budlight https://t.co/FPxisfm06g,6,0,5,iamseantizzle,Sean Tizzle,332353,502,5,2,2017
https://twitter.com/stunny365/status/828391092362080256,2017-02-05 23:53:21+00:00,828391092362080256,This tweet sponsored by @budlight,1,1,0,stunny365,big ronny,873,1081,5,2,2017
https://twitter.com/SUPindy/status/828390285625458689,2017-02-05 23:50:09+00:00,828390285625458689,@budlight any time dawg! 🍻 enjoy the game ✌🏼️,1,0,1,SUPindy,Paddleboard Indiana,1280,791,5,2,2017
https://twitter.com/1075daverocks/status/828390098894979072,2017-02-05 23:49:24+00:00,828390098894979072,David - @bradfromdave and our #SuperBowlSunday party winners! @budlight @McCabesKW https://t.co/DXLIXF9WJU,3,0,1,1075daverocks,107.5 DAVE Rocks,6596,634,5,2,2017
https://twitter.com/budlight/status/828390035552559105,2017-02-05 23:49:09+00:00,828390035552559105,"@Trebai1 I’m back as a ghost dog, but mostly a friend dog who is also a ghost…you know what? Let’s not label it, let’s grab Bud Lights!",1,0,4,budlight,Bud Light,265047,254,5,2,2017
https://twitter.com/991PLRFM/status/828389889792233472,2017-02-05 23:48:35+00:00,828389889792233472,"Super fun time w/ @ChazandAJ &amp; @BudLight at @OrangeAleHouse! Pats fan Nancy won a 50"" Smart TV from @PCRichardandSon! #BigGameTailgate https://t.co/cXU7ljGMTT",1,0,4,991PLRFM,99.1 PLR,8431,277,5,2,2017
https://twitter.com/budlight/status/828389514452336641,2017-02-05 23:47:05+00:00,828389514452336641,"An old friend who’s all about making new friends, especially the kind that vote for their favorite commercial. https://t.co/eyaCzeo2r7",11,2,25,budlight,Bud Light,265047,254,5,2,2017
https://twitter.com/budlight/status/828389042194493440,2017-02-05 23:45:13+00:00,828389042194493440,@SUPindy I was gone. Now I'm back. We don't need to go into specifics. We need to go drink some Bud Lights after paddleboarding.,2,1,4,budlight,Bud Light,265047,254,5,2,2017
https://twitter.com/Nevada48/status/828388828574474240,2017-02-05 23:44:22+00:00,828388828574474240,Time to watch my first football game of the year #Superbowl Go #Budlight,1,1,2,Nevada48,Nevada Nilsson,294,142,5,2,2017
https://twitter.com/SUPindy/status/828387809815883778,2017-02-05 23:40:19+00:00,828387809815883778,@budlight #SpudsMacKenzie chillin before #SuperBowl he's been outta the spotlight glad to see him back! 🍻 https://t.co/XUdDwnDcSy,2,1,3,SUPindy,Paddleboard Indiana,1280,791,5,2,2017
https://twitter.com/budlight/status/828387195534864388,2017-02-05 23:37:52+00:00,828387195534864388,"I’m back! I’m the ghost of friendships past, present and future. Best Dickens character ever! https://t.co/ec1Rp5Q0TP",13,1,40,budlight,Bud Light,265047,254,5,2,2017
https://twitter.com/bradisneat/status/828386401305624580,2017-02-05 23:34:43+00:00,828386401305624580,Ready for kickoff @McCabesKW @budlight @SuperBowl @1075daverocks @patriots @atlantafalcon #SuperBowl https://t.co/3KlPkxHNpK,3,0,2,bradisneat,Brad Moore,1022,732,5,2,2017
https://twitter.com/budlight/status/828386315083403264,2017-02-05 23:34:22+00:00,828386315083403264,I love the coin toss. I hope it's tails! Always pick tails. https://t.co/QnIT8uENsv,35,5,87,budlight,Bud Light,265047,254,5,2,2017
https://twitter.com/krisbroad/status/828385020649861123,2017-02-05 23:29:14+00:00,828385020649861123,Everybody now #FUCKBRADY #budlight,3,2,4,krisbroad,Kris broad,123,489,5,2,2017
https://twitter.com/rasheencarbin/status/828383853966454784,2017-02-05 23:24:36+00:00,828383853966454784,#BoycottBudweiser has forced me into the loving arms of @budlight #SuperBowl 😁 https://t.co/Whi56PAqd4,1,0,6,rasheencarbin,Rasheen Carbin,3316,5996,5,2,2017
https://twitter.com/usatodaysports/status/828377167218274304,2017-02-05 22:58:01+00:00,828377167218274304,Don't miss the return of an old friend tonight @budlight. Vote for your favorite #SuperBowl commericial at #AdMeter. https://t.co/pIYTDxFzL2 https://t.co/QrSUuJQILg,5,0,5,usatodaysports,USA TODAY Sports,256091,1075,5,2,2017
https://twitter.com/Momary2/status/828376396154155008,2017-02-05 22:54:57+00:00,828376396154155008,"Loving the snark an @budlight for the 1st time in forever... &amp; yes, I did just return from a march. This Bud's for you! #TheResistance https://t.co/4smo0Xghcd",1,0,1,Momary2,MLCR,2033,4841,5,2,2017
https://twitter.com/budlight/status/828376086253809664,2017-02-05 22:53:44+00:00,828376086253809664,@MattGFOX5 3 words: Drink Bud Light. https://t.co/l96W0wD2Zf,3,1,6,budlight,Bud Light,265047,254,5,2,2017
https://twitter.com/katch_mydrift/status/828374875744194561,2017-02-05 22:48:55+00:00,828374875744194561,"""What do you guys normally drink"" ""Budlight, we're high class bitches, we drink platinums.""",1,0,4,katch_mydrift,kayla driftmyer,1738,937,5,2,2017
https://twitter.com/AydianDowling/status/828372359430098944,2017-02-05 22:38:55+00:00,828372359430098944,I have all my favorites on deck! Football ✔️chips✔️burgers✔️ @budlight ✔️🍻🏈🏆 Falcons Vs Patriots - Who ya rooting for?! #budlight #partner https://t.co/o6Q5bV8nST,2,2,35,AydianDowling,aydiandowling,15533,809,5,2,2017
https://twitter.com/budlight/status/828371886438436865,2017-02-05 22:37:02+00:00,828371886438436865,@rodswindle That's right. I'm baaaaaack.,1,0,3,budlight,Bud Light,265047,254,5,2,2017
https://twitter.com/ROCK1005Atlanta/status/828371278591561728,2017-02-05 22:34:37+00:00,828371278591561728,The Big Game House Party just went down! Check out the craziness on Facebook -&gt; rock1005 🎉🙌🏻🏈 #RiseUp @SouthsideSteve @budlight #sp https://t.co/jbRKQiy6t2,1,0,2,ROCK1005Atlanta,ROCK 100.5,9291,3754,5,2,2017
https://twitter.com/NewCountry1015/status/828371034726207488,2017-02-05 22:33:39+00:00,828371034726207488,The Big Game House Party just went down! Check out the craziness on Facebook -&gt; kicks1015atlanta 🎉🙌🏻🏈 #RiseUp @LastItsDallas @budlight #sp https://t.co/Kq89VeEoAO,1,2,4,NewCountry1015,New Country 101.FIVE,16294,12534,5,2,2017
https://twitter.com/steventeaster/status/828367293809823745,2017-02-05 22:18:47+00:00,828367293809823745,If you drink #BudLight look for the #goldcan you could win Super Bowl tickets for life https://t.co/E045suhOsM,1,0,1,steventeaster,STEVEN T. E@STER,19527,18256,5,2,2017
https://twitter.com/Burn1ng_Chr0me/status/828365978245459972,2017-02-05 22:13:34+00:00,828365978245459972,Think I'd sooner drink my own piss than #Budlight.  #TrueStory,1,1,1,Burn1ng_Chr0me,☣Terryble Certainty☣,2171,713,5,2,2017
https://twitter.com/sgtdeadmon/status/828365784527302656,2017-02-05 22:12:47+00:00,828365784527302656,@budlight no honestly I don't but I enjoy watching women's volleyball of course for the game only *wink*,1,1,0,sgtdeadmon,Sgtdeadmon,17,364,5,2,2017
https://twitter.com/budlight/status/828365173253558272,2017-02-05 22:10:22+00:00,828365173253558272,"@MikeDA44 Surfs up, brah. Want to grab a Bud Light afterwards?",1,1,1,budlight,Bud Light,265047,254,5,2,2017
https://twitter.com/927RockSudbury/status/828363318524051460,2017-02-05 22:03:00+00:00,828363318524051460,The #BudLight girls are ready for pictures! #SuperBowl https://t.co/k0QXBJhd4L,1,0,0,927RockSudbury,92.7 Rock,2434,344,5,2,2017
https://twitter.com/brendanc8504/status/828362249211346944,2017-02-05 21:58:45+00:00,828362249211346944,"Per usual, the beer sponsors of our #SuperBowl party are @SamuelAdamsBeer and @budlight https://t.co/VRy3wUP2yd",2,1,7,brendanc8504,B-hubbs,962,2303,5,2,2017
https://twitter.com/NHLBlackhawks/status/828362197986320385,2017-02-05 21:58:32+00:00,828362197986320385,O Captain! Tazer and Arty celebrate in this week's @budlight Moment of the Game! https://t.co/GmL3io1HFT,84,1,509,NHLBlackhawks,Chicago Blackhawks,2415722,2811,5,2,2017
https://twitter.com/budlight/status/828360456184221696,2017-02-05 21:51:37+00:00,828360456184221696,"ROLL OUT! I’ll be there soon, just look for the glowing, floating exec trying to get a room upgrade. https://t.co/KHU8kRQ7jl",16,1,29,budlight,Bud Light,265047,254,5,2,2017
https://twitter.com/GilliamsLeslie/status/828357634462011396,2017-02-05 21:40:24+00:00,828357634462011396,"My twins are here for#superbowl #budweiser #bud #budlight @ DUMBO, Brooklyn https://t.co/M25EKcbUEv",1,0,1,GilliamsLeslie,Leslie Gilliams,854,89,5,2,2017
https://twitter.com/HelloCullen/status/828356747546996736,2017-02-05 21:36:53+00:00,828356747546996736,"@budlight oh spuds, i missed you so much",1,1,1,HelloCullen,cullen 'swamp trash' crawford,41985,1732,5,2,2017
https://twitter.com/2B_Painfree/status/828355945482842116,2017-02-05 21:33:42+00:00,828355945482842116,@diamondgirl2222 @budlight I'm guessing a stork dropped you off here or you're Native American? If not you're descended from immigrants,1,0,1,2B_Painfree,❄Maybe This year🌊💙,7260,6625,5,2,2017
https://twitter.com/budlight/status/828354307388891136,2017-02-05 21:27:11+00:00,828354307388891136,"@uncletnuc Please remember to ""Be Kind &amp; Rewind.""",1,0,2,budlight,Bud Light,265047,254,5,2,2017
https://twitter.com/budlight/status/828353917410947072,2017-02-05 21:25:38+00:00,828353917410947072,@HelloCullen I’m back! Let’s hang out! Are pagers still a thing?,1,0,0,budlight,Bud Light,265047,254,5,2,2017
https://twitter.com/adage/status/828353037089570816,2017-02-05 21:22:08+00:00,828353037089570816,Spuds MacKenzie is back -- as a ghost in @budlight's #SuperBowl ad https://t.co/ahkF3ekaQ2 https://t.co/uKSeAxhR6J,8,0,10,adage,Ad Age,1001873,73145,5,2,2017
https://twitter.com/budlight/status/828351117679554561,2017-02-05 21:14:31+00:00,828351117679554561,"Where my dogs at? No, seriously where are they? My game day party is about to start! https://t.co/675Akvk6nd",37,10,78,budlight,Bud Light,265047,254,5,2,2017
https://twitter.com/BlueyRobinson/status/828349541728518144,2017-02-05 21:08:15+00:00,828349541728518144,Can't wait to get Pre-game &amp; #BudLight on for GaGa’s half-time #SuperBowl  performance! Its the the best bit lol #ad https://t.co/0zfuIr1TAM,2,1,9,BlueyRobinson,Bluey,62862,856,5,2,2017
https://twitter.com/ValaAfshar/status/828347732150669313,2017-02-05 21:01:03+00:00,828347732150669313,Top #SuperBowl social brands: @AvosfromMexico @Budweiser @RealMrClean @Wix @budlight @Audi @Buick @SNICKERS  @intel https://t.co/dwQEhNDABo,7,1,11,ValaAfshar,Vala Afshar,658087,275,5,2,2017
https://twitter.com/xolos_en/status/828343615055278082,2017-02-05 20:44:42+00:00,828343615055278082,Milestone win dedicated to @yasscorona. Highlights of our 4-2 win vs. @clubleonfc in Week 5 @LIGABancomerMX action. @budlight #GoXolos https://t.co/2sjQ0Hzijf,5,0,8,xolos_en,Xolos,23501,523,5,2,2017
https://twitter.com/rickedwards1/status/828343098816200705,2017-02-05 20:42:39+00:00,828343098816200705,all set for a long night of struggling to understand the rules. Thanks #BudLight #SuperBowl #ad https://t.co/QJfV4UE2OS,3,3,36,rickedwards1,Rick Edwards,242618,4909,5,2,2017
https://twitter.com/MarcusTrufant/status/828343060878782464,2017-02-05 20:42:30+00:00,828343060878782464,It's going down at the @AtlantaFalcons tailgate! Got our @budlight in hand. W/ @BigBoi on stage! #riseup https://t.co/M4raa7ltav,3,1,37,MarcusTrufant,Marcus Trufant,44794,982,5,2,2017
https://twitter.com/Stubblefields/status/828341365306224642,2017-02-05 20:35:45+00:00,828341365306224642,"Everybody wins today with these super bowl prices! $6 stubby refills, $2.50 budlight bottles $6 burger w/fries... https://t.co/PTgXmYXnKN",1,0,3,Stubblefields,Stubblefields,2793,95,5,2,2017
https://twitter.com/SillySheep/status/828340965677137921,2017-02-05 20:34:10+00:00,828340965677137921,@wendykrafferty @budlight lets party #Friendzy #sweeps https://t.co/wWE1cLjUXw,1,1,1,SillySheep,Silly Sheep 🐏,2725,3945,5,2,2017
https://twitter.com/WeightingChi/status/828340007727292416,2017-02-05 20:30:22+00:00,828340007727292416,@flywheel @michelobultra @budlight nflonlocation you've made this girl's 2017! #OnLocationSB51 https://t.co/RJ5j3Lf8Ay,2,1,0,WeightingChi,WeightingAroundChi,105,281,5,2,2017
https://twitter.com/SillySheep/status/828339963754344449,2017-02-05 20:30:11+00:00,828339963754344449,@wendykrafferty  you rock .. No party without you and @budlight #Friendzy #sweeps,1,1,1,SillySheep,Silly Sheep 🐏,2725,3945,5,2,2017
https://twitter.com/jimmyj48125/status/828339209123614724,2017-02-05 20:27:11+00:00,828339209123614724,I usually drink @coronaextrausa but for #SuperBowl I will go grab my other favorite @budlight let the haters #BoycottBudweiser wont work. https://t.co/xVSHRT4bfV,5,0,27,jimmyj48125,JimmyJ 💙💛,6322,6941,5,2,2017
https://twitter.com/wendykrafferty/status/828338478144425984,2017-02-05 20:24:17+00:00,828338478144425984,"@budlight My girl, talking bout my girl @SillySheep #Friendzy #sweeps",1,1,0,wendykrafferty,Wendy,2927,1273,5,2,2017
https://twitter.com/Ditty_BAD/status/828335483700801538,2017-02-05 20:12:23+00:00,828335483700801538,"Well Mikey Mac just poored a Budlight all over his toothbrush and used it as toothpaste, soo remind me tomorrow to never talk to him again.",1,0,22,Ditty_BAD,B.A.D,714,404,5,2,2017
https://twitter.com/hulknav87/status/828333893375971334,2017-02-05 20:06:04+00:00,828333893375971334,@budlight My Live Crew is @LuxiJones @falcon99 @debrawelchtx #Sweeps #Spuds #SpudsMacKenzie  #Spudisworthy #Budlightisworthy,2,0,3,hulknav87,Hulk,379,2627,5,2,2017
https://twitter.com/budlight/status/828330219677347840,2017-02-05 19:51:28+00:00,828330219677347840,@NewMoney_229 Let's gooooo! I hope you're sharing those with friends. That's what Bud Light is all about.,1,0,0,budlight,Bud Light,265047,254,5,2,2017
https://twitter.com/Ludacris/status/828324633191575557,2017-02-05 19:29:16+00:00,828324633191575557,At the @budlight's hotel for #sb51. Wonder if Spuds MacKenzie is here yet...#riseup https://t.co/ZCuPkPMqZH,111,26,577,Ludacris,Ludacris,11418840,318,5,2,2017
https://twitter.com/budlight/status/828324016821772289,2017-02-05 19:26:49+00:00,828324016821772289,@NRGParkFan Here's one more for good measure. https://t.co/Krf8yBcPod,1,0,1,budlight,Bud Light,265047,254,5,2,2017
https://twitter.com/nrgpark/status/828322998583250945,2017-02-05 19:22:47+00:00,828322998583250945,@budlight beer can house #amongfriends #SB51 #SuperBowl https://t.co/hhuGhVgpzF,1,1,3,nrgpark,NRG Park,23585,6962,5,2,2017
https://twitter.com/TommyRockers/status/828319688438411264,2017-02-05 19:09:37+00:00,828319688438411264,#SuperBowl commercials R gr8! Too bad we won't be seeing this hilarious one from our friends @ #BudLight today! 🍺🤣🏈https://t.co/iYrgoR96xJ,5,0,6,TommyRockers,Tommy Rocker's Vegas,1775,722,5,2,2017
https://twitter.com/budlight/status/828318352481337344,2017-02-05 19:04:19+00:00,828318352481337344,"Huge thanks to Procell for hooking up new friends, old friends and that one friend who needs a wardrobe refresh. #BudLightxProcell https://t.co/YylgUiDUTj",6,2,17,budlight,Bud Light,265047,254,5,2,2017
https://twitter.com/budlight/status/828318155969753089,2017-02-05 19:03:32+00:00,828318155969753089,@R8R4LIFE It's on my to do list. I've only been back for a couple of days. You text the friends and tell them to meet for Bud Lights later?,1,1,1,budlight,Bud Light,265047,254,5,2,2017
https://twitter.com/amhaunted/status/828315217541083137,2017-02-05 18:51:51+00:00,828315217541083137,#Ghost of #SpudsMacKenzie still pimping #BudLight in creepy #SuperBowl2017 commercial https://t.co/LmrHhF88dQ https://t.co/iwYvCZm4Ie,2,0,18,amhaunted,AmericasMostHaunted,447199,327240,5,2,2017
https://twitter.com/OvedCarranza/status/828313509150781441,2017-02-05 18:45:04+00:00,828313509150781441,So folks wondering what would #OMASCARAS wear to #SB51 ...  #WeAreTexans #NFL thanks for the tix @budlight,1,0,2,OvedCarranza,Oved / OMASCARAS,652,1571,5,2,2017
https://twitter.com/budlight/status/828310723365269504,2017-02-05 18:34:00+00:00,828310723365269504,@LaZyJeStYr Doors aren't necessary as a ghost but I love the hospitality. First round is on me!,1,1,1,budlight,Bud Light,265047,254,5,2,2017
https://twitter.com/991PLRFM/status/828309721497088002,2017-02-05 18:30:01+00:00,828309721497088002,Game Day! Party w/ @ChazandAJ &amp; @BudLight before the Big Game at @OrangeAleHouse! Party starts 4pm https://t.co/AApAZ6MCux   #WhateverRocks https://t.co/o7EbwerZnf,1,0,2,991PLRFM,99.1 PLR,8431,277,5,2,2017
https://twitter.com/budlight/status/828308889934245888,2017-02-05 18:26:43+00:00,828308889934245888,@LaZyJeStYr Thanks Kaylee. Psyched to join you for today's game. Who's house we going to later?,1,1,0,budlight,Bud Light,265047,254,5,2,2017
https://twitter.com/budlight/status/828306941877301248,2017-02-05 18:18:58+00:00,828306941877301248,@JFish1824 @D_Stro No nonsense! Just friends and Bud Light. https://t.co/kTmAF7xIQ8,1,0,1,budlight,Bud Light,265047,254,5,2,2017
https://twitter.com/budlight/status/828305797117472768,2017-02-05 18:14:25+00:00,828305797117472768,@LaZyJeStYr I was gone but now I'm back. We don't need to go into details. We need to drink Bud Light today.,1,1,2,budlight,Bud Light,265047,254,5,2,2017
https://twitter.com/budlight/status/828301638771187712,2017-02-05 17:57:54+00:00,828301638771187712,@AJohnson8181 The team with the most points.,1,0,1,budlight,Bud Light,265047,254,5,2,2017
https://twitter.com/D_Stro/status/828299486816514048,2017-02-05 17:49:21+00:00,828299486816514048,Exactly! Only @sweetwaterbrew or red @budlight cans branded with @AtlantaFalcons logo allowed for #SuperBowlSunday. #RiseUp https://t.co/zWzbwo9j5T,1,1,3,D_Stro,Dana Strokovsky,5964,942,5,2,2017
https://twitter.com/budlight/status/828299298173489152,2017-02-05 17:48:36+00:00,828299298173489152,@MocklerBeverage Let's goooooooooo! https://t.co/kTiAwpyCeG,3,0,2,budlight,Bud Light,265047,254,5,2,2017
https://twitter.com/MocklerBeverage/status/828298516896292864,2017-02-05 17:45:30+00:00,828298516896292864,Happy Super Bowl my dearest beer lovers! Today is the day to drink up on some @budlight! It's the @NFL's official beer. Let's do it! https://t.co/hnHcIyF2ZV,1,1,1,MocklerBeverage,Mockler Beverage,1216,671,5,2,2017
https://twitter.com/5thandMadNYC/status/828298446885027840,2017-02-05 17:45:13+00:00,828298446885027840,"#Super Bowl is upon us! We're ready, are you?? 🏈🍻🍗 #HappyHour All Day | Free Super Bowl Pool | Great Prizes | #BudLight Buckets | #NFL Menu https://t.co/F0w2mDhICh",2,0,3,5thandMadNYC,5th&Mad,1009,1261,5,2,2017
https://twitter.com/budlight/status/828297849364287488,2017-02-05 17:42:50+00:00,828297849364287488,@dbsalk I’m baaaaack! Fun times start when we sip together and watch together. That's what friends do. Check it out: https://t.co/h7LTcwDBnm,1,0,0,budlight,Bud Light,265047,254,5,2,2017
https://twitter.com/Bibbythekid/status/828289696992223232,2017-02-05 17:10:27+00:00,828289696992223232,"@dhouser24 if you plan on going to mcnallys and having a budlight, guess again. They're all out 😈",1,1,1,Bibbythekid,Bibby Flay,534,397,5,2,2017
https://twitter.com/HalifaxAlehouse/status/828289164986740736,2017-02-05 17:08:20+00:00,828289164986740736,🏈🏆#SuperBowlSunday! 🏆🏈 Cold pitchers of @Budweiser &amp; @budlight are $14.50 from 4:30-10pm! 🏈🏈🏈🏈🏈🏈🏈 #SB51 #Patriots #RiseUp https://t.co/0fJNCMVrjq,2,0,3,HalifaxAlehouse,Halifax Alehouse,1024,462,5,2,2017
https://twitter.com/krisbroad/status/828285495557898240,2017-02-05 16:53:45+00:00,828285495557898240,@MattHaettich did you hear @godwin_sean is a closet Brady lover #budlight #FUCKBRADY,1,1,1,krisbroad,Kris broad,123,489,5,2,2017
https://twitter.com/RUFFNUTT2/status/828284589965729792,2017-02-05 16:50:09+00:00,828284589965729792,"@budlight advocating giving dogs beers is wrong #AnimalWelfare #AnimalRights #AnimalCruelty , not to mention you hung this dog up with wires",1,0,2,RUFFNUTT2,Corn pop,15,134,5,2,2017
https://twitter.com/DarrenHeitner/status/828283500809822208,2017-02-05 16:45:50+00:00,828283500809822208,This #SuperBowl @budlight made its Saturday Night party private w/@OfficialSting as headliner https://t.co/ILjXgktczx,3,0,6,DarrenHeitner,Darren Heitner,51170,125,5,2,2017
https://twitter.com/Scoreboard121/status/828278546162401282,2017-02-05 16:26:08+00:00,828278546162401282,"#Superbowlparty @Scoreboard121 *Free Food Buffet from 3-6pm. Get here early. $3 Aluminum Pints -  @MillerLite , @CoorsLight, @budlight",2,0,1,Scoreboard121,Bridges' Scoreboard,678,1215,5,2,2017
https://twitter.com/Deggans/status/828278292616720385,2017-02-05 16:25:08+00:00,828278292616720385,"If u missed: My @NPR piece picking best, worst of #SuperBowl ads; #BudLight, Steve Carell’s pornstache are highs.  https://t.co/zF84jKwo72",1,1,5,Deggans,Eric Deggans at NPR,40714,6826,5,2,2017
https://twitter.com/budlight/status/828273877696598017,2017-02-05 16:07:35+00:00,828273877696598017,@girlontapas Fun times start when we sip together and watch together. That's what friends do. Check it out: https://t.co/h7LTcwm0vO,2,0,2,budlight,Bud Light,265047,254,5,2,2017
https://twitter.com/1025TheBone/status/828272369953300481,2017-02-05 16:01:36+00:00,828272369953300481,It's time for @IanBeckles Show LIVE from Elmer's Sports Cafe from 11a-1p! #budlight #streetlaceddjs https://t.co/nkeHfTOg0s,1,0,9,1025TheBone,102.5 The Bone,31479,206,5,2,2017
https://twitter.com/budlight/status/828272077698240513,2017-02-05 16:00:26+00:00,828272077698240513,"@nattie_lyte Cheers, man! https://t.co/aamkW4kd84",2,0,3,budlight,Bud Light,265047,254,5,2,2017
https://twitter.com/budlight/status/828268875380826112,2017-02-05 15:47:43+00:00,828268875380826112,You and Edgar get my vote for next year’s Super Bowl Halftime Show. https://t.co/1fKOZdsVQ0,11,2,78,budlight,Bud Light,265047,254,5,2,2017
https://twitter.com/ErieBeer/status/828264569608998912,2017-02-05 15:30:36+00:00,828264569608998912,SUPERBOWL SUNDAY AT ODIS 12! Come share a Bud light and enjoy great wings!! #odis12 #superbowl #budlight https://t.co/RHt0vkeBZv,1,0,0,ErieBeer,Erie Beer Company,2014,1061,5,2,2017
https://twitter.com/1010XL/status/828249393501450240,2017-02-05 14:30:18+00:00,828249393501450240,"The field is set for the ""Midday Chalk"" Square Game presented by #BudLight! Here is how the squares are set. https://t.co/4ravKIprTw",3,1,3,1010XL,1010 XL / 92.5 FM,21100,1225,5,2,2017
https://twitter.com/MillennialCorp/status/828245152271593473,2017-02-05 14:13:27+00:00,828245152271593473,I'm excited to #SpudsMacKenzie in @budlight @SuperBowl ad. Takes me back to my youth! #Millennial https://t.co/Zx0JAcImDQ,1,1,2,MillennialCorp,Millennial CorpWorld,713,1336,5,2,2017
https://twitter.com/adage/status/828189693200175104,2017-02-05 10:33:04+00:00,828189693200175104,.@budlight ad by @WiedenKennedy will debut on Spanish-language #SuperBowl broadcast https://t.co/xtxDiBQz3B https://t.co/VaW3A7Muom,3,0,4,adage,Ad Age,1001873,73145,5,2,2017
https://twitter.com/stingus/status/828152506026979330,2017-02-05 08:05:18+00:00,828152506026979330,"Sting on Budlight's Superbowl stage at White Oak Music Hall with Dominic Miller, Rufus Miller, Josh Freese and... https://t.co/sGq9ocSOaw",1,0,1,stingus,StingUs.net,2563,46,5,2,2017
https://twitter.com/Democratsaint/status/828149738176405504,2017-02-05 07:54:18+00:00,828149738176405504,"@diamondgirl2222 @budlight trump hired illegals,sent jobs to china,and still brings in non us workers,wife is illegal",1,0,2,Democratsaint,Democratsaint,13,35,5,2,2017
https://twitter.com/adage/status/828129384771022848,2017-02-05 06:33:25+00:00,828129384771022848,#SuperBowl deja vu: @KingsHawaiian vs. @budlight -- What do you think? Too similar? Different enough? https://t.co/ZSWcyCbH5F https://t.co/3p6plI0dBQ,2,0,4,adage,Ad Age,1001873,73145,5,2,2017
https://twitter.com/OvedCarranza/status/828105513967685632,2017-02-05 04:58:34+00:00,828105513967685632,Thank you @budlight and @VICESports for inviting #OMASCARAS 2 ths weekends #SB51  festivities including @OfficialSting #WeAreTexans #blessed https://t.co/4zRkNHM6uC,2,0,4,OvedCarranza,Oved / OMASCARAS,652,1571,5,2,2017
https://twitter.com/SaratogaCasino/status/828090474934173696,2017-02-05 03:58:49+00:00,828090474934173696,Highlights from our #BigGame Weekend #WingBowl! @SaratogaEagle @budlight #Saratoga https://t.co/PpgWocfHXd,1,0,1,SaratogaCasino,Saratoga Casino,4263,1221,5,2,2017
https://twitter.com/Momof4plus2dogs/status/828084000933679104,2017-02-05 03:33:05+00:00,828084000933679104,@budlight sweet!! Tagging my bestie @abbynaverysmom 💞 #Friendzy #Sweeps 🏈,1,0,1,Momof4plus2dogs,Beverly,2827,4751,5,2,2017
https://twitter.com/bretteldredge/status/828080473154940928,2017-02-05 03:19:04+00:00,828080473154940928,Edgar and I are excited about the return of his friend #spudsmackenzie during #sb51! @budlight https://t.co/heNgG1l8To,242,70,1921,bretteldredge,Brett Eldredge,1281038,929,5,2,2017
https://twitter.com/BDrizly/status/828073923543719936,2017-02-05 02:53:02+00:00,828073923543719936,God damn @googoodolls with @budlight and @Drizly cc:@TBurton86 https://t.co/KtW59zVcmW,1,0,2,BDrizly,Bryan Goodwin,444,757,5,2,2017
https://twitter.com/kowi91/status/828068020417396736,2017-02-05 02:29:35+00:00,828068020417396736,"@davejsports @WashWizards @budlight @GCtalks John WallStar 30, Polish Machine 29 double doubles in this season. LUCKY Polish Night! GO WIZZZ",1,0,2,kowi91,Mateusz Kowalczyk,161,779,5,2,2017
https://twitter.com/davejsports/status/828067109854908417,2017-02-05 02:25:58+00:00,828067109854908417,Thanks @WashWizards Radio @budlight post game 877-936-9333 @GCtalks  #RadioParty #WizPelicans https://t.co/PphdKnbwSd,3,1,8,davejsports,Dave Johnson,10046,4136,5,2,2017
https://twitter.com/GavinLake/status/828063484449538049,2017-02-05 02:11:34+00:00,828063484449538049,Magically delicious lol! @irishLaaz @JohnDranski @therealpittsy @TheCarlWeathers @budlight #SpudsMacKenzie https://t.co/nERhawJJz3,1,1,2,GavinLake,Gavin Lake,786,2196,5,2,2017
https://twitter.com/CastronovoShow/status/828048400021073920,2017-02-05 01:11:37+00:00,828048400021073920,Join us for the #BigGame TOMORROW!! #SuperBlockParty @TarponBend_FTL @PublicHouseFTL! Thx to @BrowardCollege @@plantationford &amp; @budlight https://t.co/H2D9hZDzKi,1,0,3,CastronovoShow,Paul Castronovo Show,11962,4490,5,2,2017
https://twitter.com/MikeBellATL/status/828046946841554944,2017-02-05 01:05:51+00:00,828046946841554944,Hey Man @JohnMichaels929 getting it on like Donkey Kong. Thanks to @Kia @budlight &amp; https://t.co/CqHFGvigzC for bringing us to H-Town! https://t.co/5s7hrMB96r,3,1,13,MikeBellATL,MikeBell929,26430,648,5,2,2017
https://twitter.com/franciscellis/status/828038448313425924,2017-02-05 00:32:04+00:00,828038448313425924,One of the all-time classics to get you pumped for Saturday night and infinity bud lights @budlight https://t.co/Uof0On3Yal,5,3,79,franciscellis,Francis,109483,754,5,2,2017
https://twitter.com/Lakers/status/828036443448672256,2017-02-05 00:24:06+00:00,828036443448672256,"We celebrate Nick Young's selection to the Three-Point contest @NBAAllStar Weekend in our Moment of the Week, presented by @budlight https://t.co/YfsymUPxeB",119,9,413,Lakers,Los Angeles Lakers,10835924,84,5,2,2017
https://twitter.com/TBLightning/status/828034493873258496,2017-02-05 00:16:22+00:00,828034493873258496,"#Bolts fans, please welcome tonight's @budlight #BoltsSocial Captain, @GalvinSeriously of @1025TheBone! ⚡🎙 #ANAvsTBL https://t.co/cIwFPygNDj",8,4,85,TBLightning,Tampa Bay Lightning,803390,2416,5,2,2017
https://twitter.com/J0hnCamara/status/828034202683727873,2017-02-05 00:15:12+00:00,828034202683727873,Hey @budlight I think your beers are broken....,3,1,5,J0hnCamara,Johnny Buckets,412,542,5,2,2017
https://twitter.com/krisbroad/status/828031985536864256,2017-02-05 00:06:24+00:00,828031985536864256,This is a total rip off one of the best of all time.. who the votes for the hall. Are they blind #budlight https://t.co/71Ng4wpL6Q,1,0,3,krisbroad,Kris broad,123,489,5,2,2017
https://twitter.com/budlight/status/828031646104383488,2017-02-05 00:05:03+00:00,828031646104383488,Why didn’t anyone ask me to perform in the #SuperBowl halftime show? https://t.co/qBeju178KY,34,4,81,budlight,Bud Light,265047,254,5,2,2017
https://twitter.com/O2sAlberta/status/828030561335836672,2017-02-05 00:00:44+00:00,828030561335836672,TOMORROW! Who's coming for Super Bowl LI?! #superbowl #budlight #yeg https://t.co/rvRxIoxFG1,1,0,0,O2sAlberta,O2's,706,1525,5,2,2017
