url,Datetime,Tweet Id,Text,Retweet Count,Reply Count,Like Count,Username,Display Name,Followers Count,Friends Count,Day,Month,Year
https://twitter.com/getdealscoupons/status/828736571151155201,2017-02-06 22:46:10+00:00,828736571151155201,TurboTax Business 2016 Tax Software Federal + Fed ... - https://t.co/CUfvTcrzjc - #deals #greatoffers #amazondeals #amazon #latestoffers https://t.co/vKOiTyfJRl,1,0,0,getdealscoupons,Get Deals & Coupons,101,66,6,2,2017
https://twitter.com/CharlieCurve/status/828713709329666048,2017-02-06 21:15:19+00:00,828713709329666048,"My #SuperBowl ad winners: @DrinkBai, @Michelin, @Skittles &amp; losers: @turbotax, @RealMrClean, @MBUSA: https://t.co/7fq0KGhRrv #BrandBowl https://t.co/hsnDVaCbOB",5,0,3,CharlieCurve,Charlie Wollborg,14392,10169,6,2,2017
https://twitter.com/turbotax/status/828682215139766275,2017-02-06 19:10:10+00:00,828682215139766275,#SelfEmployed? We’re going LIVE on FB 2/7 @ 9:30am ET w/ our #SelfMade panel @TTaxLisa @TheFiscalFemme &amp; @ISpyDIY! https://t.co/Kzx1pAySej https://t.co/7TSoK3B8zC,6,0,4,turbotax,Intuit TurboTax,64669,927,6,2,2017
https://twitter.com/TaxAct/status/828675926561001475,2017-02-06 18:45:11+00:00,828675926561001475,@TurboTax @HRBlock why aren’t all products &amp; prices shown on ur homepages? Everyone can’t file 4 free. #AlternativeTaxFacts #TaxActFacts https://t.co/L9RVFF3fO1,3,1,3,TaxAct,TaxAct,13061,1380,6,2,2017
https://twitter.com/kaplanb820/status/828632957359370240,2017-02-06 15:54:26+00:00,828632957359370240,I didn't really like the @turbotax commerical. The yoke thing was gross and the whole commercial was kind of weird #nhrhsdeca #sbdeca,1,0,1,kaplanb820,Ben Kaplan,1,20,6,2,2017
https://twitter.com/katrothstein/status/828626124188086276,2017-02-06 15:27:17+00:00,828626124188086276,The #turbotax commercial was great but nothing beats Papi❤ #RedSoxNation #SBDECA #CT #BKDECA,1,0,2,katrothstein,Kat Rothstein,149,171,6,2,2017
https://twitter.com/lawrenlikesit/status/828589451211333633,2017-02-06 13:01:34+00:00,828589451211333633,"Took me 4 days, 3 ancient email accounts and 2 TurboTax profiles but yeah e-filing was a breeze this year.",1,0,3,lawrenlikesit,The Nacho Alchemist,1747,1308,6,2,2017
https://twitter.com/wxyzalicia/status/828573034885873664,2017-02-06 11:56:20+00:00,828573034885873664,".@michiganstateu 's faculty rated #SuperBowl ads for 20th year. #1-Honda yearbook, #2 TurboTax Humpty Dumpty, #3 T-Mobile operator",2,0,2,wxyzalicia,Alicia Smith,24005,14911,6,2,2017
https://twitter.com/meetthehappyi/status/828521449002381312,2017-02-06 08:31:21+00:00,828521449002381312,"84 Lumber, Squarespace, Skittles, Kia, Honda, Wix, Turbotax, Buick, Nintendo! #Superbowl makes me feel like a kid in a candy store again! https://t.co/xrQmKI9AwZ",1,0,1,meetthehappyi,Meet Kaur,233,300,6,2,2017
https://twitter.com/Britsinla/status/828499385583427586,2017-02-06 07:03:40+00:00,828499385583427586,We spotted fellow #britsinla @jimtavare in #SuperBowlCommercials for @turbotax #humptyhospital https://t.co/WPH1SzOz8T,1,0,1,Britsinla,Brits in LA,4438,2024,6,2,2017
https://twitter.com/MayorAdler/status/828472984612569088,2017-02-06 05:18:46+00:00,828472984612569088,"Proud of my daughter Susan's Super Bowl ad  4 TurboTax ""Humpty Hospital"" https://t.co/2tzxCyOtzn",1,0,36,MayorAdler,Mayor Adler | Get vaccinated!,61877,1684,6,2,2017
https://twitter.com/turbotax/status/828463258990284802,2017-02-06 04:40:07+00:00,828463258990284802,@MattFaReel It makes us smile too!,1,0,1,turbotax,Intuit TurboTax,64669,927,6,2,2017
https://twitter.com/turbotax/status/828462756751773697,2017-02-06 04:38:07+00:00,828462756751773697,@MrScottRobert Your taste in music is egg-cellent,1,1,1,turbotax,Intuit TurboTax,64669,927,6,2,2017
https://twitter.com/turbotax/status/828461494488571905,2017-02-06 04:33:07+00:00,828461494488571905,@CSatchelle You have eggs-cellent taste,1,0,1,turbotax,Intuit TurboTax,64669,927,6,2,2017
https://twitter.com/turbotax/status/828461441346793472,2017-02-06 04:32:54+00:00,828461441346793472,@TheAOster We saved the best for last!,1,0,0,turbotax,Intuit TurboTax,64669,927,6,2,2017
https://twitter.com/turbotax/status/828461342872834049,2017-02-06 04:32:30+00:00,828461342872834049,"@johnhinton3 @HumptyFunk don't worry, once Humpty lets off some steam he'll change his mind.",1,1,1,turbotax,Intuit TurboTax,64669,927,6,2,2017
https://twitter.com/rwang0/status/828459842981355520,2017-02-06 04:26:33+00:00,828459842981355520,MyPOV: these @turbotax ads are just awful. #sb51ads,1,1,4,rwang0,R.NFT R “Ray” Wang 王瑞光 #1A #Metaverse #SVLife,139393,102025,6,2,2017
https://twitter.com/SummerGfield/status/828458470911393796,2017-02-06 04:21:06+00:00,828458470911393796,Just received a password reset from @turbotax that permitted me to reset the password for another users account with a similar email. #wow,1,2,2,SummerGfield,Summer Greenfield,540,1501,6,2,2017
https://twitter.com/turbotax/status/828445985604988930,2017-02-06 03:31:29+00:00,828445985604988930,".@budlight we were thinking a slightly scrambled egg, but enjoyed over 🍺s amongst friends would make it even better.",3,0,8,turbotax,Intuit TurboTax,64669,927,6,2,2017
https://twitter.com/turbotax/status/828445046269579264,2017-02-06 03:27:45+00:00,828445046269579264,"Moment of #Eggcellence: Biggest comeback in the history of the #BigGame, and New England made it look over-easy.",10,1,16,turbotax,Intuit TurboTax,64669,927,6,2,2017
https://twitter.com/turbotax/status/828442243144904705,2017-02-06 03:16:37+00:00,828442243144904705,"@nicbran1212 No yolk, we think you're pretty egg-cellent as well.😍  DM us for an @IHOP gift card!",1,1,2,turbotax,Intuit TurboTax,64669,927,6,2,2017
https://twitter.com/turbotax/status/828441609360416768,2017-02-06 03:14:06+00:00,828441609360416768,@stephjosype your multitasking skills are 👌 DM us for a special treat to celebrate getting your #TaxesDone!,1,0,1,turbotax,Intuit TurboTax,64669,927,6,2,2017
https://twitter.com/budlight/status/828435805597233152,2017-02-06 02:51:02+00:00,828435805597233152,.@turbotax Friends? Bud Light? Fedoras? Should I keep guessing?,2,1,14,budlight,Bud Light,265047,254,6,2,2017
https://twitter.com/turbotax/status/828434573843394563,2017-02-06 02:46:08+00:00,828434573843394563,Moment of #Eggcellence: New England's not cracking under the pressure...yet.,3,1,6,turbotax,Intuit TurboTax,64669,927,6,2,2017
https://twitter.com/turbotax/status/828431891707600896,2017-02-06 02:35:29+00:00,828431891707600896,@budlight you know what goes great with spuds? 🍳,1,1,5,turbotax,Intuit TurboTax,64669,927,6,2,2017
https://twitter.com/jamety/status/828429953951625216,2017-02-06 02:27:47+00:00,828429953951625216,The only thing better than seeing the patriots get slapped around is that @turbotax commercial!! #sitdownbelichek,1,0,1,jamety,Jaime Hunt,45,91,6,2,2017
https://twitter.com/AntiKellyanne/status/828427630286352384,2017-02-06 02:18:33+00:00,828427630286352384,@MelissaMcCarthy SLAYED with the @Kia ad... FUNNIEST yet.  @turbotax  won the 1st half #SuperBowl LI #SuperBowlCommercials,1,0,1,AntiKellyanne,The Anti-Kellyanne,113,508,6,2,2017
https://twitter.com/turbotax/status/828426398301827072,2017-02-06 02:13:39+00:00,828426398301827072,@FullTimeHoops1 you crack us up.😂  DM us for something eggs-tra special [hint hint @Dennys] 🍳,1,1,6,turbotax,Intuit TurboTax,64669,927,6,2,2017
https://twitter.com/krod8273/status/828426251933192194,2017-02-06 02:13:04+00:00,828426251933192194,"@ThisIsRobThomas @turbotax so wait, seriously tho... why do we all think he was an egg???! 😐😕😞",1,1,2,krod8273,Kelly,653,841,6,2,2017
https://twitter.com/turbotax/status/828424569732096000,2017-02-06 02:06:23+00:00,828424569732096000,"@ThisIsRobThomas don't worry, everything turned out sunny-side-up!",1,0,23,turbotax,Intuit TurboTax,64669,927,6,2,2017
https://twitter.com/turbotax/status/828423214845956096,2017-02-06 02:01:00+00:00,828423214845956096,@BLONDII_BABE Eggstremely Eggcited to be on your top 3 list.,1,0,3,turbotax,Intuit TurboTax,64669,927,6,2,2017
https://twitter.com/zappi_io/status/828422759722127363,2017-02-06 01:59:11+00:00,828422759722127363,#SB51 @turbotax Get the full ad report here: https://t.co/eur7ZQtYrA https://t.co/Qt6LmMiuyN,1,0,1,zappi_io,Zappi,2504,1484,6,2,2017
https://twitter.com/turbotax/status/828418200933113856,2017-02-06 01:41:05+00:00,828418200933113856,Hmm...wonder how well @RealMrClean handles broken eggs? #AskingForAFriend,3,4,12,turbotax,Intuit TurboTax,64669,927,6,2,2017
https://twitter.com/AdamCarlsGhost/status/828417985475866625,2017-02-06 01:40:13+00:00,828417985475866625,"By the way, the Humpty Dumpty costume in that TurboTax commercial was actually left over from a previous Lady Gaga performance. #SuperBowl",2,0,0,AdamCarlsGhost,Adam Carl,3558,763,6,2,2017
https://twitter.com/HRBlock/status/828417125232603136,2017-02-06 01:36:48+00:00,828417125232603136,.@turbotax Taxes done? How about #TaxesWon? #MicDrop,6,1,12,HRBlock,H&R Block,39754,6559,6,2,2017
https://twitter.com/Bridgestone/status/828416637569228802,2017-02-06 01:34:52+00:00,828416637569228802,"@turbotax Unfortunately, no. But surely he'll need a sweet set when he's put back together again!",1,0,5,Bridgestone,Bridgestone Tires,101700,1069,6,2,2017
https://twitter.com/turbotax/status/828416543402758145,2017-02-06 01:34:29+00:00,828416543402758145,"@WLOS_13 @Millsb50 We went to great lengths to get the actual Humpty Dumpty to star in this spot, so really glad to hear you liked it.",2,1,5,turbotax,Intuit TurboTax,64669,927,6,2,2017
https://twitter.com/turbotax/status/828416317015232512,2017-02-06 01:33:35+00:00,828416317015232512,@PannellKenyon That's egg-actly what we like to hear!,1,0,2,turbotax,Intuit TurboTax,64669,927,6,2,2017
https://twitter.com/turbotax/status/828416109472776195,2017-02-06 01:32:46+00:00,828416109472776195,You know what else calls for a mic drop? Getting your #TaxesDone. 🎙️https://t.co/8764ejgK5j,2,3,14,turbotax,Intuit TurboTax,64669,927,6,2,2017
https://twitter.com/turbotax/status/828415719251595264,2017-02-06 01:31:13+00:00,828415719251595264,"@Febreze_Fresh hard to say, but pretty sure they'd be minty fresh. 🤑",1,1,3,turbotax,Intuit TurboTax,64669,927,6,2,2017
https://twitter.com/Worldin80Drinks/status/828414001105235968,2017-02-06 01:24:23+00:00,828414001105235968,@GregLoh @turbotax everyone knows Humpty Dumpty was pushed! Love my giant talking eggs to have attitude. #mowerbowl,1,0,1,Worldin80Drinks,Rick Lyke,492,982,6,2,2017
https://twitter.com/theScore/status/828413630077075456,2017-02-06 01:22:55+00:00,828413630077075456,VIDEO: Disgruntled Humpty Dumpty goes to TurboTax for assistance. 😂 #SuperBowl https://t.co/5nNoNPiyUA https://t.co/oGOOfXIlTG,8,1,46,theScore,theScore,622733,991,6,2,2017
https://twitter.com/mr_ian/status/828413011908034561,2017-02-06 01:20:27+00:00,828413011908034561,Annual reminder: Nationalize TurboTax,1,1,2,mr_ian,Ian 🌹,2677,1239,6,2,2017
https://twitter.com/turbotax/status/828412773251977216,2017-02-06 01:19:30+00:00,828412773251977216,@Chelseadee57 @jojofuller27 Luckily thanks to great leaps forward in medical reconstruction Humpty's going to be just fine.,1,0,1,turbotax,Intuit TurboTax,64669,927,6,2,2017
https://twitter.com/turbotax/status/828412453520285696,2017-02-06 01:18:14+00:00,828412453520285696,"With TurboTax, you're on the right track baby (to a big refund): https://t.co/8764ejgK5j",4,2,8,turbotax,Intuit TurboTax,64669,927,6,2,2017
https://twitter.com/turbotax/status/828412343688196098,2017-02-06 01:17:48+00:00,828412343688196098,"@MrAlexHollywood @marlonmota20021 Well, Zordon was responsible for creating Turbo powers, so makes sense.",1,0,2,turbotax,Intuit TurboTax,64669,927,6,2,2017
https://twitter.com/turbotax/status/828411860789534720,2017-02-06 01:15:53+00:00,828411860789534720,@miranda1901 That's egg-actly what we like to hear!,1,0,1,turbotax,Intuit TurboTax,64669,927,6,2,2017
https://twitter.com/turbotax/status/828411634708250624,2017-02-06 01:14:59+00:00,828411634708250624,"In case you were wondering, no, Lady Gaga cannot claim her #LittleMonsters as dependents.",16,1,33,turbotax,Intuit TurboTax,64669,927,6,2,2017
https://twitter.com/SuperBowlAdsTV/status/828411493221806085,2017-02-06 01:14:25+00:00,828411493221806085,The Humpty Turbotax Super Bowl LI Commercial https://t.co/rJBE4DZPLk #superbowl #superbowlads #superbowlcommercials #superbowl50,1,0,2,SuperBowlAdsTV,Superbowl Commercial,1688,125,6,2,2017
https://twitter.com/TheBieberNewz/status/828410988726620160,2017-02-06 01:12:25+00:00,828410988726620160,#2017SuperBowlCommercials #SuperBowlCommercials TurboTax Super Bowl Commercial 2017: 'Humpty Dumpty in the… https://t.co/y0C6jP87AS,1,0,1,TheBieberNewz,TheBieberNews,287,892,6,2,2017
https://twitter.com/GregLoh/status/828410730437308416,2017-02-06 01:11:23+00:00,828410730437308416,Call me simple @MowerAgency but I loved @turbotax and Humpty Dumpty. Gotta admire the execution. #mowerbowl,1,2,5,GregLoh,Greg Loh,531,361,6,2,2017
https://twitter.com/mobaums/status/828410025345478657,2017-02-06 01:08:35+00:00,828410025345478657,Interesting to see brands interact.👏 Nice follow through @Skittles and @turbotax. ps. I'll take the 🍬 and 💵. #SuperBowl https://t.co/CpCd4EFScF,1,0,1,mobaums,Morgan Baumgardner,637,1634,6,2,2017
https://twitter.com/pattywilliams66/status/828409655395225600,2017-02-06 01:07:07+00:00,828409655395225600,@TomKierein @nbcwashington @turbotax  I agree.  Loved the yolk dribbling out.,1,0,3,pattywilliams66,PLW,83,423,6,2,2017
https://twitter.com/JustJared/status/828408955638411264,2017-02-06 01:04:20+00:00,828408955638411264,The @turbotax #SuperBowl commercial featuring Humpty Dumpty in the hospital was so good! Watch now https://t.co/ObiQsS5jjh,7,1,13,JustJared,JustJared.com,734415,2925,6,2,2017
https://twitter.com/turbotax/status/828408945152626688,2017-02-06 01:04:18+00:00,828408945152626688,@TomKierein That's egg-actly what we like to hear!,1,0,2,turbotax,Intuit TurboTax,64669,927,6,2,2017
https://twitter.com/turbotax/status/828408759135264769,2017-02-06 01:03:33+00:00,828408759135264769,@MrsAWyatt Wish we could've seen the egg-pression on her face!,1,0,3,turbotax,Intuit TurboTax,64669,927,6,2,2017
https://twitter.com/creativitymag/status/828408640772116484,2017-02-06 01:03:05+00:00,828408640772116484,Humpty Dumpty ends up in the hospital in @TurboTax's #SuperBowl spot https://t.co/CrgozY4tVG https://t.co/ektYtVZOkL,4,0,13,creativitymag,Ad Age Creativity,158145,870,6,2,2017
https://twitter.com/tjdyche/status/828408634778468353,2017-02-06 01:03:04+00:00,828408634778468353,Turbo Tax commercial....really good!! #turbotax #SuperBowl2017,1,0,0,tjdyche,Tim Dyche,348,547,6,2,2017
https://twitter.com/turbotax/status/828408469522874368,2017-02-06 01:02:24+00:00,828408469522874368,".@Skittles You can’t get your refund in Skittles but we can make sure you get your max refund, which = more $$ to buy Skittles!",8,1,21,turbotax,Intuit TurboTax,64669,927,6,2,2017
https://twitter.com/TomKierein/status/828408457569120256,2017-02-06 01:02:22+00:00,828408457569120256,"My favorite #SuperBowl commercial so far is TurboTax ""Humpty Dumpty"" All commercials here: https://t.co/zAN2oMPOFi",6,4,16,TomKierein,Tom Kierein,15981,1997,6,2,2017
https://twitter.com/MillChannel/status/828408398475558912,2017-02-06 01:02:07+00:00,828408398475558912,"It took stabilizing &amp; morphing to achieve a seamless composite to marry a solid egg w/ real, moving face as it spoke #TurboTax  #SB51 https://t.co/SE72EB0KXL",3,0,15,MillChannel,The Mill,54253,3664,6,2,2017
https://twitter.com/turbotax/status/828408219550617600,2017-02-06 01:01:25+00:00,828408219550617600,@Ure_Highness_ You've got an egg-ceptional sense of humor.,1,0,3,turbotax,Intuit TurboTax,64669,927,6,2,2017
https://twitter.com/Bridgestone/status/828408160268480517,2017-02-06 01:01:11+00:00,828408160268480517,"@turbotax, great commercial! That reminds us, if #HumptyDumpty wants to use the refund for tires, come grab a sweet set of #BridgestoneTires https://t.co/GSRHpcRI3Q",6,1,9,Bridgestone,Bridgestone Tires,101700,1069,6,2,2017
https://twitter.com/Skittles/status/828408121278210048,2017-02-06 01:01:01+00:00,828408121278210048,".@turbotax ahh that makes sense! I can get my refund in Skittles, right?",5,3,34,Skittles,SKITTLES,606845,227,6,2,2017
https://twitter.com/JimStengel/status/828408089623748608,2017-02-06 01:00:54+00:00,828408089623748608,Do eggs really need to file tax returns? #turbotax #SB51,1,1,6,JimStengel,Jim Stengel,13818,1067,6,2,2017
https://twitter.com/turbotax/status/828408012620509184,2017-02-06 01:00:35+00:00,828408012620509184,@JaggerOnAir We promise he's a perfect gentlemen. His mind's just a little scrambled.,1,0,2,turbotax,Intuit TurboTax,64669,927,6,2,2017
https://twitter.com/Khoros/status/828407991376310272,2017-02-06 01:00:30+00:00,828407991376310272,There’s no quicker way to make a nursery rhyme character grow up than by having him do his taxes @turbotax @WiedenKennedy #Adulting #SB51 https://t.co/NZ5hfb3H9W,2,0,5,Khoros,Khoros®,31946,9357,6,2,2017
https://twitter.com/sanderswingo/status/828407980085411842,2017-02-06 01:00:28+00:00,828407980085411842,People for real talking that they never knew Humpty Dumpty was an egg. 👀@turbotax #SuperBowl #adbowl #brandbowl https://t.co/NEPaBz0lem,1,0,3,sanderswingo,Sanders\Wingo,1898,2485,6,2,2017
https://twitter.com/turbotax/status/828407833112645632,2017-02-06 00:59:53+00:00,828407833112645632,@CEODavidH You've got an egg-ceptional sense of humor.,1,0,1,turbotax,Intuit TurboTax,64669,927,6,2,2017
https://twitter.com/adage/status/828407824833196032,2017-02-06 00:59:51+00:00,828407824833196032,What statement is @TurboTax trying to make about walls in its Humpty Dumpty #SuperBowl ad? kidding kidding,20,6,79,adage,Ad Age,1001873,73143,6,2,2017
https://twitter.com/turbotax/status/828407731568549888,2017-02-06 00:59:28+00:00,828407731568549888,@AntiKellyanne That's egg-actly what we like to hear!,2,0,1,turbotax,Intuit TurboTax,64669,927,6,2,2017
https://twitter.com/turbotax/status/828407455046627329,2017-02-06 00:58:23+00:00,828407455046627329,.@Skittles our TurboTax app lets you do your taxes anywhere you want! But we recommend somewhere a little less crowded. 😉,3,2,19,turbotax,Intuit TurboTax,64669,927,6,2,2017
https://twitter.com/Ace_Metrix/status/828407384385073152,2017-02-06 00:58:06+00:00,828407384385073152,Did #HumptyDumpty win over viewers by doing his taxes on a wall? The answer will be revealed in our post-game ad analysis @turbotax! #SB51 https://t.co/8nk7DTma1V,1,0,0,Ace_Metrix,Ace Metrix | an iSpot company,1322,1314,6,2,2017
https://twitter.com/MillChannel/status/828407087961104384,2017-02-06 00:56:55+00:00,828407087961104384,"With a real person’s face &amp; an oversized model of egg to work with, Mill artists created TurboTax's Humpty as a photo-real character (1) https://t.co/GYsal1uCfy",10,5,29,MillChannel,The Mill,54253,3664,6,2,2017
https://twitter.com/turbotax/status/828407073826148352,2017-02-06 00:56:52+00:00,828407073826148352,"@BlueAnteater He might be a little egg-streme, but he's actually a total crack up.",1,0,2,turbotax,Intuit TurboTax,64669,927,6,2,2017
https://twitter.com/turbotax/status/828406879097217026,2017-02-06 00:56:05+00:00,828406879097217026,@wcsmith40 Thanks! Wasn't that hard to hatch this concept!,1,0,2,turbotax,Intuit TurboTax,64669,927,6,2,2017
https://twitter.com/lucasewatson/status/828406746368598017,2017-02-06 00:55:34+00:00,828406746368598017,"https://t.co/PdOCWRksdd Relax, there's @turbotax",2,0,4,lucasewatson,Lucas Watson,1584,1030,6,2,2017
https://twitter.com/RaceTrac/status/828406692488548352,2017-02-06 00:55:21+00:00,828406692488548352,@Skittles @turbotax Can we do our taxes while eating snackses???,3,1,13,RaceTrac,RaceTrac,9858,1456,6,2,2017
https://twitter.com/MaulerBaller/status/828406685328875522,2017-02-06 00:55:19+00:00,828406685328875522,TURBOTAX: How do we connect with American taxpayers? AD GUY: British egg in a hospital TURBOTAX: AD GUY: Yolk leaks from his mouth,1,0,3,MaulerBaller,Allan Maule,521,513,6,2,2017
https://twitter.com/fox28columbus/status/828406627497869314,2017-02-06 00:55:05+00:00,828406627497869314,Best commercial of the past 2 breaks:  #TurboTax with Humpty Dumpty 😂 #FastandFurious8 😲 Lexus 👌 Michelob Ultra 👌 Alfa Romeo 😏,1,2,2,fox28columbus,FOX 28 Columbus,58019,4617,6,2,2017
https://twitter.com/KayrenLEut/status/828406603938459648,2017-02-06 00:55:00+00:00,828406603938459648,Why does a British egg need @turbotax? #adbowl,1,0,1,KayrenLEut,SoAnyway,23,38,6,2,2017
https://twitter.com/adage/status/828406569608085505,2017-02-06 00:54:51+00:00,828406569608085505,"From seeping fluids to recriminations, Humpty Dumpty's hospital room is compelling for TurboTax, if a little sad: 2.5 stars. https://t.co/m4L5ceZRnJ",6,2,20,adage,Ad Age,1001873,73143,6,2,2017
https://twitter.com/bobethyates/status/828406529221074944,2017-02-06 00:54:42+00:00,828406529221074944,😂... but you were the one sitting in the wall!! #TurboTax,1,0,0,bobethyates,Bobeth,1494,119,6,2,2017
https://twitter.com/charlieisaacs/status/828406511516921862,2017-02-06 00:54:38+00:00,828406511516921862,I hate to admit this but #humptydumpty demos @salesforce @ServiceCloud #SOS better than I do #sb51 #SuperBowl2017 @turbotax https://t.co/99flqHmzIW,3,1,8,charlieisaacs,Charlie Isaacs,42481,35258,6,2,2017
https://twitter.com/nickfrancoart/status/828406503728111617,2017-02-06 00:54:36+00:00,828406503728111617,"If Humpty Dumpty had a pre-eggsisting condition, he's as good as scrambled. #SuperBowl2017 #turbotax #Obamacare",15,1,54,nickfrancoart,Nick Franco,63,162,6,2,2017
https://twitter.com/kylejhill/status/828406483993948160,2017-02-06 00:54:31+00:00,828406483993948160,.@turbotax ad revolved around Humpty Dumpty having unforeseen medical expenses #superbowlbeingpolitical #obamacare,1,2,1,kylejhill,Kyle J. Hill,462,882,6,2,2017
https://twitter.com/VolbeckWasRight/status/828406462800130048,2017-02-06 00:54:26+00:00,828406462800130048,Sadly for Humpty Dumpty his deduction might have been eliminated by Obamacare. Cc @turbotax #SuperBowl,1,1,1,VolbeckWasRight,BMichaelDunn,1437,1365,6,2,2017
https://twitter.com/rarecountry/status/828406403828219905,2017-02-06 00:54:12+00:00,828406403828219905,Did anyone else gag on the @turbotax commercial with Humpty Dumpty's leaky stitches? #LovedItThough #SuperBowlCommercials,1,0,1,rarecountry,Rare Country,6931,1569,6,2,2017
https://twitter.com/DarleneEmely/status/828406281287249920,2017-02-06 00:53:43+00:00,828406281287249920,I had no idea Humpty Dumpty was an egg @turbotax #brodie17 https://t.co/WxciB75lJ8,1,2,2,DarleneEmely,Darlene,22,28,6,2,2017
https://twitter.com/skaragiannis/status/828406242846572549,2017-02-06 00:53:33+00:00,828406242846572549,@rwang0 @turbotax @Intuit @YouTube pathetic .. just pathetic,1,0,2,skaragiannis,Sotiris SSOT.eth (🇬🇷🇪🇺🇺🇸 🏴󠁧󠁢󠁳󠁣󠁴󠁿),3930,5001,6,2,2017
https://twitter.com/TVLine/status/828406219903791104,2017-02-06 00:53:28+00:00,828406219903791104,Some things can ~never~ be unseen... https://t.co/f2GAj227r8 #HumptyDumpty #TurboTax #SuperBowl https://t.co/XrBgVf8uBs,3,1,19,TVLine,TVLine.com,172698,126,6,2,2017
https://twitter.com/Yoliesooner/status/828406168552882178,2017-02-06 00:53:16+00:00,828406168552882178,@BigIndianGyasi @turbotax humpty was extra sassy though. I chuckled.,1,0,1,Yoliesooner,Yolie,146,959,6,2,2017
https://twitter.com/ColinJStokes/status/828406119349489664,2017-02-06 00:53:04+00:00,828406119349489664,Fun fact: TurboTax spends millions lobbying to make tax returns more complicated so their product is needed,2,2,12,ColinJStokes,Colin Stokes,4154,1156,6,2,2017
https://twitter.com/SentarusGroup/status/828406118502248448,2017-02-06 00:53:04+00:00,828406118502248448,So #turbotax &amp; #H&amp;RBlock both have SB commercials at $5M. Who really ends up paying for that. Come see us we'd rather keep the fees lower,1,0,0,SentarusGroup,Sentarus Group,256,404,6,2,2017
https://twitter.com/sabrinas/status/828406106502418433,2017-02-06 00:53:01+00:00,828406106502418433,@turbotax is pretty funny this year. Humpty Dumpty was pretty funny.  #louadbowl,1,0,1,sabrinas,Sabrina,384,773,6,2,2017
https://twitter.com/gvadclub/status/828406102039609345,2017-02-06 00:53:00+00:00,828406102039609345,It feels like @turbotax missed the mark with that Humpty Dumpty ad... #APRsuperbowl,1,0,3,gvadclub,GVSU Advertising Club,830,353,6,2,2017
https://twitter.com/BobbyHallVA/status/828406022901338112,2017-02-06 00:52:41+00:00,828406022901338112,Wow! #TurboTax's Humpty Dumpty has a striking resemblance to @realDonaldTrump #SuperBowl #SuperBowlCommercials #SuperBowlCommercial https://t.co/MvDwgkrq3U,3,1,14,BobbyHallVA,Bobby Hall · Loan Consultant · NMLS: 2302443,18775,15803,6,2,2017
https://twitter.com/WLOS_13/status/828406014751997952,2017-02-06 00:52:39+00:00,828406014751997952,"Not bad TurboTax, not bad 😎 Anyone have a favorite #SuperBowl commercial so far? #SB51 https://t.co/9PSD7gqHzp",1,1,4,WLOS_13,WLOS,82935,741,6,2,2017
https://twitter.com/TuckerVasey/status/828405955851345921,2017-02-06 00:52:25+00:00,828405955851345921,Humpty Dumpty was too disturbing. He was hemorrhaging yolk. @turbotax #TrilixSuperPoll,1,0,8,TuckerVasey,Tucker 🐶🏀,310,380,6,2,2017
https://twitter.com/AntiKellyanne/status/828405949064949760,2017-02-06 00:52:23+00:00,828405949064949760,@turbotax is winning the funny with #HumptyDumpty Dominated its time slot #SuperBowl LI #SuperBowlCommercials,2,1,0,AntiKellyanne,The Anti-Kellyanne,113,508,6,2,2017
https://twitter.com/Matt_Windle/status/828405935894851584,2017-02-06 00:52:20+00:00,828405935894851584,"@VeeckAsInWreck 2 min warning: TurboTax Humpty Dumpty follow-up (keep it), Lexus (why), Fast n Furious 92,",1,0,0,Matt_Windle,Matt Windle (4-3),671,2655,6,2,2017
https://twitter.com/LOTNorm/status/828405926583496708,2017-02-06 00:52:18+00:00,828405926583496708,"Hey, @turbotax: can the Patriots write off this ass whooping, though? #SuperBowl",1,0,0,LOTNorm,John Elrod II,1400,2208,6,2,2017
https://twitter.com/BrianPohuski/status/828405904542416896,2017-02-06 00:52:13+00:00,828405904542416896,Lol @turbotax got me like 😂 #adbowl #brandbowl #SuperBowl,1,0,1,BrianPohuski,Brian Pohuski,140,2,6,2,2017
https://twitter.com/jefftidball/status/828405884590112769,2017-02-06 00:52:08+00:00,828405884590112769,"Remember, everyone, Turbotax is made by a company that spends millions lobbying to keep the tax code complex. DO NOT BUY.",1,1,6,jefftidball,Jeff Tidball,2130,694,6,2,2017
https://twitter.com/garybwilcox/status/828405874418913286,2017-02-06 00:52:06+00:00,828405874418913286,@TexasAdGrad #AdGradBowl turbotax didn't work for me😒,3,0,9,garybwilcox,Gary B. Wilcox,335,52,6,2,2017
https://twitter.com/rissamartini24/status/828405861844447233,2017-02-06 00:52:03+00:00,828405861844447233,"Did anybody else ""crack"" up a little bit during the @turbotax commercial? 😁😂 #SB51 #AdBowl #SuperBowl #WTNM",2,1,8,rissamartini24,Marissa Martinez🌹,714,716,6,2,2017
https://twitter.com/TheDargerFamily/status/828405847042580480,2017-02-06 00:51:59+00:00,828405847042580480,TurboTax with Humpty Dumpty or HRC Block with Watson and John Hamm?,1,1,1,TheDargerFamily,TheDargerFamily,16499,759,6,2,2017
https://twitter.com/davechensky/status/828405831355871232,2017-02-06 00:51:55+00:00,828405831355871232,I've seen the fuel of my nightmares and it is a creation of Turbotax. #superbowl https://t.co/dgEbLUBubD,4,5,46,davechensky,David Chen,39763,2068,6,2,2017
https://twitter.com/TheDrum/status/828405831033032704,2017-02-06 00:51:55+00:00,828405831033032704,Humpty Dumpty makes a visit to the hospital in TurboTax's #superbowl ad https://t.co/HVulk4zGDe https://t.co/GiKmEWFnV7,2,0,6,TheDrum,The Drum,230974,2844,6,2,2017
https://twitter.com/Brainzooming/status/828405801547096064,2017-02-06 00:51:48+00:00,828405801547096064,"Loved TurboTax and Humpty Dumpty. Ties to known story, their campaign, and showcases the brand. #SBExp  #SuperBowlAds",1,0,2,Brainzooming,Brainzooming Group,18294,8618,6,2,2017
https://twitter.com/TomPuckettWBEN/status/828405791124238339,2017-02-06 00:51:46+00:00,828405791124238339,Humpty Dumpty gets a laugh with part two of @turbotax ad. #SuperBowl @NewsRadio930,1,0,5,TomPuckettWBEN,Tom Puckett,3091,3711,6,2,2017
https://twitter.com/gknutson/status/828405777215877120,2017-02-06 00:51:42+00:00,828405777215877120,@rwang0 @turbotax @Intuit yikes!!! 1.5?,1,1,1,gknutson,Garth Knutson,2569,338,6,2,2017
https://twitter.com/AndrewChampagne/status/828405769674502144,2017-02-06 00:51:41+00:00,828405769674502144,Turbotax just took the lead in the #SuperBowl commercial standings. #hellomrdumpty,1,1,1,AndrewChampagne,Andrew Champagne,3503,987,6,2,2017
https://twitter.com/BonnieBernstein/status/828405766574968835,2017-02-06 00:51:40+00:00,828405766574968835,I've never considered Humpty Dumpty to be totally creepy. Til today. 👎 #TurboTax #SuperBowlAds,22,18,141,BonnieBernstein,Bonnie Bernstein,138144,24830,6,2,2017
https://twitter.com/OakMonster/status/828405756605104128,2017-02-06 00:51:38+00:00,828405756605104128,Turbotax vs HR Block: Turbotax wins. #adbowl #gethumpty,1,0,1,OakMonster,Oakley Boren,1396,586,6,2,2017
https://twitter.com/Adweek/status/828405756395454465,2017-02-06 00:51:38+00:00,828405756395454465,"TURBOTAX - These Humpty ads are creepy, especially the yolk-blood seeping from his mouth. If he's so grumpy, why not go full Ricky Gervais? https://t.co/6KUx1pZCKk",23,8,88,Adweek,Adweek,690384,26538,6,2,2017
https://twitter.com/JohnKelly/status/828405729992249344,2017-02-06 00:51:31+00:00,828405729992249344,Was that Phil Collins in that TurboTax Humpty Dumpty ad?,1,0,1,JohnKelly,John Kelly,7240,1088,6,2,2017
https://twitter.com/pwhoffmann/status/828405714930565120,2017-02-06 00:51:28+00:00,828405714930565120,"#superbowlads #turbotax if I'm in traction and everything is broken, my first thought isn't taxes. Just sayin'.",1,0,2,pwhoffmann,Pauline W. Hoffmann,417,161,6,2,2017
https://twitter.com/debbimar10/status/828405712728514560,2017-02-06 00:51:27+00:00,828405712728514560,"""That horse coulda done a better job!! 😂😂😂😂 #turbotax",1,0,2,debbimar10,Deb Martin,1788,1667,6,2,2017
https://twitter.com/DianaMOBrien/status/828405709574328320,2017-02-06 00:51:26+00:00,828405709574328320,Enjoyed quirky humor from @AvosfromMexico and @turbotax #WhartonFoA #Superbowl,1,1,1,DianaMOBrien,Diana O'Brien,38513,994,6,2,2017
https://twitter.com/turbotax/status/828405699025580034,2017-02-06 00:51:24+00:00,828405699025580034,"@BLONDII_BABE We went to great lengths to get the actual Humpty Dumpty to star in this spot, so really glad to hear you like the commercial!",1,0,2,turbotax,Intuit TurboTax,64669,927,6,2,2017
https://twitter.com/SouthernBoiEnt/status/828405688930021376,2017-02-06 00:51:21+00:00,828405688930021376,@turbotax got emmm😂😂😂 #SuperBowl #Commercial,2,0,2,SouthernBoiEnt,Big T,2303,935,6,2,2017
https://twitter.com/FLWilliamsBiz/status/828405687323656192,2017-02-06 00:51:21+00:00,828405687323656192,@turbotax ad with Humpty Dumpty and all the king's men was a bit creepy. #SuperBowl #SuperBowlCommercials,1,0,1,FLWilliamsBiz,Frank L. Williams,992,1679,6,2,2017
https://twitter.com/mdoolittle/status/828405683141898241,2017-02-06 00:51:20+00:00,828405683141898241,TurboTax made me laugh. I’m apparently a sucker for a good Humpty Dumpty joke. #SB51,1,2,24,mdoolittle,Melinda Doolittle,34794,1596,6,2,2017
https://twitter.com/CorgiKohmander/status/828405681929609216,2017-02-06 00:51:20+00:00,828405681929609216,"Interesting fact, No where does it say that Humpty Dumpty was actually an egg in the nursery rhyme #turbotax #Superbowl",1,0,10,CorgiKohmander,Corgi Kohmander,7900,7799,6,2,2017
https://twitter.com/peaceofjessi/status/828405647192498178,2017-02-06 00:51:11+00:00,828405647192498178,"Enjoying @turbotax humpty dumpty campaign. Not amazing, but it's good. Well done. #adbowl #brandbowl #SuperBowl",1,1,2,peaceofjessi,Jessi Miller,895,920,6,2,2017
https://twitter.com/THERobertL/status/828405633514926084,2017-02-06 00:51:08+00:00,828405633514926084,I knew a @turbotax commercial would be one of the #SuperBowlCommercials. #SuperBowl,1,0,1,THERobertL,Robert 🇺🇸🇭🇹,687,1721,6,2,2017
https://twitter.com/MeganMooreCincy/status/828405631346495490,2017-02-06 00:51:08+00:00,828405631346495490,Okay @turbotax commercial gave me a giggle 😁,1,1,8,MeganMooreCincy,Megan Moore,3746,713,6,2,2017
https://twitter.com/PunkSmurph/status/828405624295690240,2017-02-06 00:51:06+00:00,828405624295690240,Sorry @turbotax but @HRBlock has @IBMWatson to help figure out my taxes.  #Superbowl,2,0,1,PunkSmurph,Sean Murphy,94,174,6,2,2017
https://twitter.com/spnickoloff/status/828405616959954945,2017-02-06 00:51:04+00:00,828405616959954945,That Humpty Dumpty TurboTax commercial that just came on was creepy,1,0,5,spnickoloff,Samuel Nickoloff,791,626,6,2,2017
https://twitter.com/lrozett/status/828405607740895232,2017-02-06 00:51:02+00:00,828405607740895232,.@turbotax Poor Humpty! Thankfully health care can https://t.co/ykV9j2VXvv through #oil &amp; #NatGas and have him ready for Tax Day. https://t.co/peumAFob83,2,0,1,lrozett,Linda Rozett,3180,1340,6,2,2017
https://twitter.com/jcoopernyc/status/828405605438205952,2017-02-06 00:51:02+00:00,828405605438205952,Mr. Dumpty is kinda a dick @turbotax,8,1,74,jcoopernyc,James Cooper 🇺🇦,8022,2553,6,2,2017
https://twitter.com/_ry_a_n_n/status/828405594671415297,2017-02-06 00:50:59+00:00,828405594671415297,"Hey, Turbotax. Is there a deduction for the nightmares I'm gonna have tonight? #adworkers #brandbowl #3percentsb",1,0,9,_ry_a_n_n,Ryann,481,708,6,2,2017
https://twitter.com/RabbiShmuley/status/828405590158360578,2017-02-06 00:50:58+00:00,828405590158360578,great @turbotax humpty commercial,1,0,4,RabbiShmuley,Rabbi Shmuley,216820,2581,6,2,2017
https://twitter.com/shotscreative/status/828405582411481088,2017-02-06 00:50:56+00:00,828405582411481088,#HumptyDumpty adds comical value to @turbotax &amp; #superbowl,1,0,1,shotscreative,shots.net,22200,3082,6,2,2017
https://twitter.com/JohnGumm/status/828405579370618883,2017-02-06 00:50:55+00:00,828405579370618883,.@turbotax Strong. Very strong. #SuperBowl #SB51,1,0,2,JohnGumm,John Gumm,16569,5869,6,2,2017
https://twitter.com/tthomasuscu/status/828405575742550016,2017-02-06 00:50:54+00:00,828405575742550016,Literary #allusion from @turbotax. #SEGL102 Anyone know why they chose #humptydumpty?,1,0,0,tthomasuscu,Tasha Thomas,420,594,6,2,2017
https://twitter.com/KRADeC/status/828405569874751494,2017-02-06 00:50:53+00:00,828405569874751494,TurboTax commercial with a very bitter Humpty Dumpty in the hospital bitching out the King's Men was awesome.,2,0,1,KRADeC,Keith R.A. DeCandido,3793,687,6,2,2017
https://twitter.com/BlitzComicGuy/status/828405562069106689,2017-02-06 00:50:51+00:00,828405562069106689,"The Face of Boe, for TurboTax #SuperBowl",1,0,1,BlitzComicGuy,Blitz The Comic Guy,299,221,6,2,2017
https://twitter.com/Adam2569/status/828405548022394880,2017-02-06 00:50:48+00:00,828405548022394880,TurboTax had such a good commercial 😭😂,1,0,2,Adam2569,Adam🌻,767,1448,6,2,2017
https://twitter.com/USATODAY/status/828405543345721344,2017-02-06 00:50:47+00:00,828405543345721344,An injured Humpty Dumpty needs some help with his taxes in the @TurboTax ad. #AdMeter #SB51 https://t.co/YUoXc1SMh3,34,14,156,USATODAY,USA TODAY,4791384,923,6,2,2017
https://twitter.com/Skittles/status/828405522302910465,2017-02-06 00:50:42+00:00,828405522302910465,.@turbotax what’s w/ everyone doing their taxes in weird places? I once saw an old lady doing them in a shoe…she had a lot of deductions.,22,12,87,Skittles,SKITTLES,606845,227,6,2,2017
https://twitter.com/TheJWittz/status/828405517680668672,2017-02-06 00:50:41+00:00,828405517680668672,Jesus TurboTax y'all trying to make me throw up 🍳,12,4,114,TheJWittz,Joshua Wittenkeller,176135,1257,6,2,2017
https://twitter.com/Febreze_Fresh/status/828405483472052224,2017-02-06 00:50:32+00:00,828405483472052224,"Uh, #TurboTax? If tax deductions are money, what does that make odor deductions?",2,3,13,Febreze_Fresh,Febreze_Fresh,75221,998,6,2,2017
https://twitter.com/jcbobbitt/status/828405464216064000,2017-02-06 00:50:28+00:00,828405464216064000,OH DEAR GOD THUS TURBOTAX COMMERICAL IS TERRIFYING,1,0,0,jcbobbitt,JC Bobbitt,530,937,6,2,2017
https://twitter.com/keatingthomas/status/828405415301914624,2017-02-06 00:50:16+00:00,828405415301914624,That TurboTax ad with Humpty Dumpty was clearly about Trump: an idiot obsessed with a wall who never finished his taxes. #SuperBowl #SB51,329,20,665,keatingthomas,Keating Thomas,19541,338,6,2,2017
https://twitter.com/turbotax/status/828405289468563456,2017-02-06 00:49:46+00:00,828405289468563456,@Darianisrael We see what you did there with the 🏈 reference and we like it!  Way to get those #TaxesDone.  Touchdown!,1,0,2,turbotax,Intuit TurboTax,64669,927,6,2,2017
https://twitter.com/turbotax/status/828402101961289729,2017-02-06 00:37:06+00:00,828402101961289729,@morgantaylor_14 you just wait...,2,0,2,turbotax,Intuit TurboTax,64669,927,6,2,2017
https://twitter.com/KurtisLeRoyA/status/828401942854586368,2017-02-06 00:36:28+00:00,828401942854586368,Just finished my taxes ... want a discount on Turbotax? Free for college students via this link: https://t.co/SWXENR3vsN,1,1,0,KurtisLeRoyA,Kurtis LeRoy,431,586,6,2,2017
https://twitter.com/morgantaylor_14/status/828401248302886912,2017-02-06 00:33:43+00:00,828401248302886912,Super bowl commercials are so random there could be a Pegasus flying through a rainbow and it would be an ad for TurboTax,1,1,1,morgantaylor_14,Morgan Taylor,270,358,6,2,2017
https://twitter.com/turbotax/status/828398243687981057,2017-02-06 00:21:46+00:00,828398243687981057,@oodazma Is there a ring for that?  There should be.  Congrats on getting your #taxesdone.,1,1,1,turbotax,Intuit TurboTax,64669,927,6,2,2017
https://twitter.com/turbotax/status/828398020018450433,2017-02-06 00:20:53+00:00,828398020018450433,"It's time to tell your tax store: Bai, Bai, Bai. 👋  https://t.co/8764ejgK5j",4,0,9,turbotax,Intuit TurboTax,64669,927,6,2,2017
https://twitter.com/turbotax/status/828396680206774273,2017-02-06 00:15:34+00:00,828396680206774273,Warning: Your tax #refund may cause #ExcessiveCelebration. Avoid end zones while filing: https://t.co/8764ejgK5j,8,1,10,turbotax,Intuit TurboTax,64669,927,6,2,2017
https://twitter.com/turbotax/status/828396193009004544,2017-02-06 00:13:37+00:00,828396193009004544,"Moment of #Eggcellence: Atlanta catches 23-yarder, doesn’t even tip over.",3,0,8,turbotax,Intuit TurboTax,64669,927,6,2,2017
https://twitter.com/turbotax/status/828396066957438976,2017-02-06 00:13:07+00:00,828396066957438976,@cody_zepeda Best of luck!  Here  is some info on how gambling winnings are taxed: https://t.co/Le2pLHpJQB,2,0,1,turbotax,Intuit TurboTax,64669,927,6,2,2017
https://twitter.com/turbotax/status/828394427819384834,2017-02-06 00:06:37+00:00,828394427819384834,You can score before Atlanta or New England. Start filing now: https://t.co/8764ejgK5j #BigGame,4,1,6,turbotax,Intuit TurboTax,64669,927,6,2,2017
https://twitter.com/lisalacy/status/828392792921632768,2017-02-06 00:00:07+00:00,828392792921632768,"Between Jon Hamm and @IBMWatson, I'm pretty sure @HRBlock beats @turbotax and Humpty Dumpty. #SuperBowl #SB51",1,1,0,lisalacy,Lisa Lacy,3760,993,6,2,2017
https://twitter.com/lucasewatson/status/828392364599242752,2017-02-05 23:58:25+00:00,828392364599242752,"Despite our competitors claim, I'm proud to work for @Intuit and our @turbotax Brand!",7,1,39,lucasewatson,Lucas Watson,1584,1030,5,2,2017
https://twitter.com/ActuallyEmerson/status/828391759524683777,2017-02-05 23:56:00+00:00,828391759524683777,Jon Hamm's bulge makes me want to switch from TurboTax to H&amp;R Block this year.,2,3,31,ActuallyEmerson,Emerson Collins,24495,1289,5,2,2017
https://twitter.com/SeeSuiteUGA/status/828387263486754816,2017-02-05 23:38:08+00:00,828387263486754816,#Superbowl2017 #ads updates: @TurboTax uses Humpty Dumpty. Will it work or will they end up with egg on their face? @AdPR_UGA https://t.co/deG359aiUS,1,0,1,SeeSuiteUGA,SEE Suite at UGA,456,69,5,2,2017
https://twitter.com/Dylan475/status/828378531361079299,2017-02-05 23:03:27+00:00,828378531361079299,@turbotax can I get in them DMs?,1,1,0,Dylan475,D M C,396,191,5,2,2017
https://twitter.com/turbotax/status/828377656588525568,2017-02-05 22:59:58+00:00,828377656588525568,@heidisdrama It's cuz you've got an egg-ceptional sense of humor. 🍳,1,1,0,turbotax,Intuit TurboTax,64669,927,5,2,2017
https://twitter.com/Dylan475/status/828377319282708480,2017-02-05 22:58:38+00:00,828377319282708480,Damn TurboTax why you so thirsty lmao https://t.co/KPLBNmbKM2,1,1,1,Dylan475,D M C,396,191,5,2,2017
https://twitter.com/turbotax/status/828377175715872772,2017-02-05 22:58:03+00:00,828377175715872772,@Dylan475 does that include filing with #TurboTax to get your tax refund? 😉 💰,3,0,0,turbotax,Intuit TurboTax,64669,927,5,2,2017
https://twitter.com/Dylan475/status/828376524390793216,2017-02-05 22:55:28+00:00,828376524390793216,Once I saw DJ Khaled doing TurboTax commercials I knew we were alike in the sense that we'd do anything for money,1,1,0,Dylan475,D M C,396,191,5,2,2017
https://twitter.com/melxacton/status/828373602315624449,2017-02-05 22:43:51+00:00,828373602315624449,"After using TurboTax e-file, I will never go back to H&amp;R Block. What was I thinking...that was so easy.",1,2,8,melxacton,𝐦𝐞𝐥,728,532,5,2,2017
https://twitter.com/turbotax/status/828368312513933312,2017-02-05 22:22:50+00:00,828368312513933312,@MacCocktail Wish we could've seen the egg-pression on your face!,1,0,1,turbotax,Intuit TurboTax,64669,927,5,2,2017
https://twitter.com/MatthewStefanTV/status/828366628001705984,2017-02-05 22:16:09+00:00,828366628001705984,TurboTax 2017 Super Bowl commercial ropes in Humpty Dumpty https://t.co/nZv520mBpA #SuperBowl,1,0,2,MatthewStefanTV,Matthew Stefan,15015,4489,5,2,2017
https://twitter.com/TVLine/status/828365534127386624,2017-02-05 22:11:48+00:00,828365534127386624,Thanks for the nightmares @TurboTax! https://t.co/9DiTyfARtn #SuperBowl #SB51 https://t.co/mct2O9pbCP,2,0,3,TVLine,TVLine.com,172698,126,5,2,2017
https://twitter.com/Branhild/status/828364747284156416,2017-02-05 22:08:40+00:00,828364747284156416,"I'm installing Turbotax. It's a game I never seem to win, only break even on occasions.",1,0,2,Branhild,Bran,246,169,5,2,2017
https://twitter.com/OGaelfox/status/828349310987300865,2017-02-05 21:07:20+00:00,828349310987300865,Well that Turbotax Humpty Dumpty commercial was legitimately horrifying,1,0,11,OGaelfox,Victoria C | Gaelfox,7684,587,5,2,2017
https://twitter.com/DungeonFacts/status/828348062712070149,2017-02-05 21:02:22+00:00,828348062712070149,Need to add TurboTax to my Steam library to advertise my adulthood.,2,0,6,DungeonFacts,Dungeon Facts,7744,1025,5,2,2017
https://twitter.com/zbeforey/status/828343190176530433,2017-02-05 20:43:01+00:00,828343190176530433,"@TaxSlayer Yr ads run on the bigoted Breitbart site. @HRBlock &amp; @turbotax &amp; 820+ other companies have blocked them. You, too? @slpng_giants https://t.co/bJKuX2A7QJ",1,0,0,zbeforey,Catherine S.,222,542,5,2,2017
https://twitter.com/csmonitor/status/828331777592852485,2017-02-05 19:57:40+00:00,828331777592852485,"It will affect those who use Mint, TurboTax and QuickBooks. https://t.co/jngW4geZDz",2,0,0,csmonitor,The Christian Science Monitor,81281,2125,5,2,2017
https://twitter.com/bhumharit/status/828323001284308999,2017-02-05 19:22:47+00:00,828323001284308999,RT [advertising]: .turbotax's #SuperBowl spot stars Humpty Dumpty https://t.co/t7Ab4UHbCY https://t.co/YNkmLqxi44,1,0,0,bhumharit,LAPITH,3136,843,5,2,2017
https://twitter.com/digihttpster/status/828322247282659329,2017-02-05 19:19:47+00:00,828322247282659329,.turbotax's #SuperBowl spot stars Humpty Dumpty https://t.co/ek5aBL5YYV https://t.co/GuXO4uB7h2,1,0,2,digihttpster,Eve Fullard,193,56,5,2,2017
https://twitter.com/adage/status/828322076603854848,2017-02-05 19:19:07+00:00,828322076603854848,.@turbotax's #SuperBowl spot stars Humpty Dumpty https://t.co/vdmtYwS85c https://t.co/cvTthJTNkq,2,0,2,adage,Ad Age,1001873,73143,5,2,2017
https://twitter.com/Intuit/status/828312768935710721,2017-02-05 18:42:08+00:00,828312768935710721,True/False: You can write off expenses related to your dog's care. Find out: https://t.co/VYLSg51rja (cc: @TurboTax) https://t.co/SNsaxawT3k,2,0,3,Intuit,Intuit,81530,35346,5,2,2017
https://twitter.com/MoeTrain/status/828311144171442177,2017-02-05 18:35:40+00:00,828311144171442177,"Hey @turbotax what is this ""Obamacare"" thing? I'm only familiar with the Affordable Care Act..?",1,0,1,MoeTrain,MoeTrain 🚂💉💉💉🦠,82,264,5,2,2017
https://twitter.com/stevewisey/status/828302284622819328,2017-02-05 18:00:28+00:00,828302284622819328,"If you want to feel old, try explaining who @djkhaled is and why he is in @turbotax commercials to your parents.",1,0,1,stevewisey,Esports Certified SteveWisey,1604,3357,5,2,2017
https://twitter.com/SheaButtaBaddie/status/828275846054105090,2017-02-05 16:15:24+00:00,828275846054105090,"Hey y'all, use @turbotax to file your taxes completely free. It's easy to do and user friendly. It's my first time and they have my loyalty",1,0,1,SheaButtaBaddie,CODIne,5456,4886,5,2,2017
https://twitter.com/TurboTaxCanada/status/828246823202652160,2017-02-05 14:20:05+00:00,828246823202652160,"Looking for reliability? #Support is available through paid TurboTax products for any #tax questions, any time. https://t.co/spDHagI2Z7 https://t.co/8KB264kVZC",1,0,3,TurboTaxCanada,Intuit TurboTax Canada,8070,1579,5,2,2017
https://twitter.com/mattoflambda/status/828107853546270720,2017-02-05 05:07:52+00:00,828107853546270720,turbotax query string: setup?plusUpsell=DECLINED YA DAMN RIGHT,1,0,0,mattoflambda,Matt Parsons,3909,594,5,2,2017
https://twitter.com/RudyForTexas/status/828093617260621825,2017-02-05 04:11:18+00:00,828093617260621825,When TurboTax asks if I have any self-employment income or expenses https://t.co/aKijKxdjxo,1,0,2,RudyForTexas,Rudy Hinojosa,1598,2599,5,2,2017
https://twitter.com/anna_saraceno/status/828062918885404672,2017-02-05 02:09:19+00:00,828062918885404672,Talk about great #UX - @turbotax recognized my wife and I had the same name and asked for nicknames. #GayTaxProbs #GayTaxSolutions https://t.co/idvuSAoOgZ,1,0,6,anna_saraceno,anna_saraceno,921,812,5,2,2017
https://twitter.com/GrandMoffJoseph/status/828051841032265728,2017-02-05 01:25:18+00:00,828051841032265728,"Alright TurboTax, bring it! @DatTaxPony https://t.co/lmmN1x7PuI",5,3,18,GrandMoffJoseph,Grand Mask'd & Vax'd Moff 🦄🇺🇦,1638,1780,5,2,2017
https://twitter.com/CPwrFCU/status/828030786490232833,2017-02-05 00:01:38+00:00,828030786490232833,"TurboTax can save you up to $15 on TurboTax federal products, and give you a chance to win $25,000! Try it for FREE: https://t.co/8YN6MfH4Dg https://t.co/7zq4nEgqaD",1,1,1,CPwrFCU,CommunityPowered FCU,1932,1742,5,2,2017
