url,Datetime,Tweet Id,Text,Retweet Count,Reply Count,Like Count,Username,Display Name,Followers Count,Friends Count,Day,Month,Year
https://twitter.com/Wix/status/960654813577994240,2018-02-05 23:22:10+00:00,960654813577994240,"@Mat_NEA Hey there Mat! We do have premium options available for our users. You can find the difference between free and premium, here: https://t.co/WcDjQ7Cti9",2,1,1,Wix,Wix,418607,3731,5,2,2018
https://twitter.com/Mat_NEA/status/960643726447120384,2018-02-05 22:38:06+00:00,960643726447120384,"@Wix What does it cost, for surely you can't stay in business with free?",1,1,0,Mat_NEA,Mat,4906,4742,5,2,2018
https://twitter.com/GoDaddyRegistry/status/960637557322207232,2018-02-05 22:13:36+00:00,960637557322207232,Great to see @dotCO represented in the famed #SBLII ads! See @DomainNameWire's run down of the domain and website ads in this year's batch: https://t.co/d2tZrnaCdQ #dotCO @Wix @rhettandlink,5,0,7,GoDaddyRegistry,GoDaddy Registry,5660,3550,5,2,2018
https://twitter.com/GoDaddyRegistry/status/960636883322724352,2018-02-05 22:10:55+00:00,960636883322724352,RT @dotco: Excited to watch @rhettandlink from https://t.co/qOfLBJOkHI in the @Wix #SBLII ad! We ❤️ our .CO-ers!,1,0,1,GoDaddyRegistry,GoDaddy Registry,5660,3550,5,2,2018
https://twitter.com/Inc/status/960625607280349187,2018-02-05 21:26:06+00:00,960625607280349187,Rhett and Link demonstrated the Wix website tool during Super Bowl LII. Here's why it worked so well @jmbrandonbb https://t.co/6t7Dsazn2z,7,2,20,Inc,Inc.,2806500,1704,5,2,2018
https://twitter.com/StandWithUs/status/960619036450029569,2018-02-05 21:00:00+00:00,960619036450029569,Did you see Israel @Wix #superbowl ad last night? Doing big things! How many of our followers use Wix? https://t.co/IJbTkzFPMF,2,2,8,StandWithUs,StandWithUs,171670,637,5,2,2018
https://twitter.com/BessemerVP/status/960618020048531456,2018-02-05 20:55:58+00:00,960618020048531456,"According to @jmbrandonbb @INC, the best Super Bowl spot was from #BVPfunded @Wix... https://t.co/ktv0Vo9ojK",1,0,4,BessemerVP,Bessemer,94367,1155,5,2,2018
https://twitter.com/mishtal/status/960606536711196673,2018-02-05 20:10:20+00:00,960606536711196673,"Twisted. @youtube need to get a grip on this. This video, detailing #Rothschild conspiracy and Devil worship is actually monetized. The advert on this - @Wix Do the #Israeli creators know these adverts are on hard-core antisemitic videos? https://t.co/d6JZzjAxkm",11,4,20,mishtal,David Collier,81453,3433,5,2,2018
https://twitter.com/CinemoteMedia/status/960592711328780288,2018-02-05 19:15:23+00:00,960592711328780288,"Cheaper than Squarespace &amp; wix. Own your classy, mobile friendly website for as low as $16/month. Demo: https://t.co/9y1ypagvYE #actorslife https://t.co/ZSKbxr9ef1",1,1,2,CinemoteMedia,Cinemote Media,1145,538,5,2,2018
https://twitter.com/Wix/status/960591755136532480,2018-02-05 19:11:36+00:00,960591755136532480,"WE'RE BLUSHING! 😊😁  ""The Best Super Bowl Ad? It Was This Simple Demo of a Website Creation App Called @Wix "" https://t.co/Vu7mE1EjfY via @Inc &amp; @jmbrandonbb",12,2,52,Wix,Wix,418607,3731,5,2,2018
https://twitter.com/DanShappir/status/960589701248888835,2018-02-05 19:03:26+00:00,960589701248888835,Good read. Way to go @Wix Marketing! https://t.co/xsFTerKn2j,1,1,0,DanShappir,Dan Shappir - check out my 🎙️ @JSJabber,5599,2384,5,2,2018
https://twitter.com/blogengage/status/960585311955902465,2018-02-05 18:45:59+00:00,960585311955902465,#blogengage @zacjohnson #bloggingtips #bloggers How to Build a Website with Wix in Less than an Hour - The Wix website builder is one of the most powerful platforms for creating a website quickly and easily. Thousands of people and business owners hav... https://t.co/JKJZpzjHXO,1,0,1,blogengage,Blog Engage,7045,3823,5,2,2018
https://twitter.com/jmbrandonbb/status/960579695522844688,2018-02-05 18:23:40+00:00,960579695522844688,"Inc: Show me how and I'll listen, tell me and I might not https://t.co/CFhzhX96QM @inc @rhettandlink @wix",4,0,13,jmbrandonbb,John Brandon,19107,8945,5,2,2018
https://twitter.com/Wix/status/960577872380522497,2018-02-05 18:16:26+00:00,960577872380522497,"5 questions you’ll want to know the answers to, with Omer Shai.  The reasons why we decided to go to the Big Game in the eleventh-hour.  https://t.co/Wy73cX7pie  #WixLastMinuteBowl #SBLII",12,0,25,Wix,Wix,418607,3731,5,2,2018
https://twitter.com/tashkins/status/960554816245260288,2018-02-05 16:44:49+00:00,960554816245260288,Finished my website for my new business using @Wix enjoyed using this platform for the first time and I'm pleased with the results https://t.co/Z1oB2Yc1Np :),1,2,1,tashkins,Natasha Waldron,836,608,5,2,2018
https://twitter.com/brandchannel/status/960549357387907073,2018-02-05 16:23:07+00:00,960549357387907073,5 Questions with @Wix CMO Omer Shai: Inside the 11th hour decision to buy NBC’s last remaining #SuperBowl ad spot. https://t.co/H6JVoSinZs https://t.co/FwN3rWkTip,1,0,3,brandchannel,brandchannel,38256,43186,5,2,2018
https://twitter.com/Wix/status/960545117030330375,2018-02-05 16:06:16+00:00,960545117030330375,"@sandibachom Hey Sandi! With Wix Video you can sync your channel to pull in all your Youtube videos automatically. Once your account is synced, every new video will be added to your Wix site immediately! Wix Blog is also available for your articles! Let @Wixhelp know if you need assistance!",1,1,1,Wix,Wix,418607,3731,5,2,2018
https://twitter.com/ontheptrain/status/960530251557343232,2018-02-05 15:07:12+00:00,960530251557343232,"'A few of the things I’ve learned, aged 45. Actually I’ve learned something new just from writing this.' New blog post at https://t.co/KgF3oWwkao @Wix https://t.co/0Fx7OTjpWM",1,0,12,ontheptrain,Patrick McAleenan,1518,2575,5,2,2018
https://twitter.com/mattjrosenberg/status/960529952264384517,2018-02-05 15:06:01+00:00,960529952264384517,Super Bowl LII: 5 Questions With @Wix CMO Omer Shai #SBLII via @brandchannel https://t.co/4UrLwwXrMx,2,1,3,mattjrosenberg,Matt Rosenberg,806,926,5,2,2018
https://twitter.com/YESWeDoIt4U/status/960516486166130689,2018-02-05 14:12:30+00:00,960516486166130689,"Relevant &amp; Affordable Websites, E-Commerce, Membership Sites, Capture &amp; Landing Pages. Starting at $97.99 Get a FREE Quote Today: 980-333-4546  https://t.co/AsZH939hFg #YesWeDoIt4U #WebDesign #MLM #EmailMarketing #SocialMedia #OnlineBusiness #OnlineBiz #SEO #Wix #WixWebsites https://t.co/Dwe1gu5e53",1,0,12,YESWeDoIt4U,YES We Do It 4U,393,5,5,2,2018
https://twitter.com/WixPartners/status/960509631356338181,2018-02-05 13:45:16+00:00,960509631356338181,All it takes is paper and glue for Yulia Brodskaya to create her 3D masterpieces. Visit her @Wix site to see her incredible process in action. https://t.co/dgaxQreV6w https://t.co/l0TuCVHzt8,1,0,3,WixPartners,WixPartners,141605,2265,5,2,2018
https://twitter.com/light_tech_io/status/960505792125382657,2018-02-05 13:30:00+00:00,960505792125382657,CTA on a pop-up 🖲️ There are 3 main aims of pop-ups: - to collect emails of users... 👉 https://t.co/E5Wd9scmF8 #WebDesign #Design #Marketing #UX #UserExperience #Website #WebDesigner #WebDevelopment #Facebook #Wix https://t.co/J71PODWDfC,1,0,1,light_tech_io,Light-Tech,187,175,5,2,2018
https://twitter.com/Wix/status/960485826177196032,2018-02-05 12:10:40+00:00,960485826177196032,@AvosfromMexico We could talk about guac all day! https://t.co/2HkNkBVafX,8,0,10,Wix,Wix,418607,3731,5,2,2018
https://twitter.com/Wix/status/960431258542026754,2018-02-05 08:33:50+00:00,960431258542026754,@sociablesam1 @rhettandlink Their passion is real!,1,0,2,Wix,Wix,418607,3731,5,2,2018
https://twitter.com/FastCompany/status/960407677405982720,2018-02-05 07:00:08+00:00,960407677405982720,.@Wix is skipping the #SBLII thanks to past Super Bowl success https://t.co/Tmop4VlCtk https://t.co/Dw8KuHqy0g,4,1,2,FastCompany,Fast Company,2346394,4243,5,2,2018
https://twitter.com/Wix/status/960402392851214338,2018-02-05 06:39:08+00:00,960402392851214338,@LolaOB21 @rhettandlink You're killing us here! https://t.co/nxniUIE9J5,1,1,4,Wix,Wix,418607,3731,5,2,2018
https://twitter.com/Wix/status/960393086487506945,2018-02-05 06:02:09+00:00,960393086487506945,@HannahS_45 Can't get enough @rhettandlink!,1,0,3,Wix,Wix,418607,3731,5,2,2018
https://twitter.com/goldrushloki/status/960382694067650560,2018-02-05 05:20:51+00:00,960382694067650560,i was watching the super bowl in my room bc we had people over for the game and when the Wix commercial came on i guess my dad told everyone that rhett and link are my faves and then he said “let’s talk about that” https://t.co/1YKF6nRwmz,1,1,6,goldrushloki,🖤,1272,254,5,2,2018
https://twitter.com/Wix/status/960379217081856000,2018-02-05 05:07:02+00:00,960379217081856000,@rldovi @rhettandlink Love the GMM fam! https://t.co/7itYHxSv6g,1,0,3,Wix,Wix,418607,3731,5,2,2018
https://twitter.com/Wix/status/960378852441604096,2018-02-05 05:05:36+00:00,960378852441604096,@shorsfranky @rhettandlink They are an inspiration to us all 🙂,1,0,3,Wix,Wix,418607,3731,5,2,2018
https://twitter.com/Wix/status/960378625940836352,2018-02-05 05:04:42+00:00,960378625940836352,@SoftandBetter @MythicalHxlle @rhettandlink We're in this together! https://t.co/NrPvWfMHrd,1,1,5,Wix,Wix,418607,3731,5,2,2018
https://twitter.com/formidablejess/status/960367877156032512,2018-02-05 04:21:59+00:00,960367877156032512,"@Wix @rhettandlink I like the part where the guys are showing all the basic features of Wix. It is very informative. Plus, their enthusiasm in the advertisement is very inviting.",1,1,3,formidablejess,jess is seeing tde -85,413,252,5,2,2018
https://twitter.com/Wix/status/960363950838661120,2018-02-05 04:06:23+00:00,960363950838661120,@SousDrew11 @rhettandlink It's just a matter of time before they're declared masters of the universe https://t.co/tHYL2nYp6A,2,0,9,Wix,Wix,418607,3731,5,2,2018
https://twitter.com/Wix/status/960362293023326208,2018-02-05 03:59:47+00:00,960362293023326208,"@SingletonKamryn @rhettandlink I know, right?!?! https://t.co/nCPmQ9SHUE",1,0,3,Wix,Wix,418607,3731,5,2,2018
https://twitter.com/Wix/status/960361847516938241,2018-02-05 03:58:01+00:00,960361847516938241,@MythicalEmily We're still in tears over how beautiful it all was https://t.co/1rL1vLd8TT,1,1,3,Wix,Wix,418607,3731,5,2,2018
https://twitter.com/Wix/status/960359858229800960,2018-02-05 03:50:07+00:00,960359858229800960,@Keep_Dancing89 @Larissa_3D @rhettandlink Don't they?!? https://t.co/dDpNL5XlNp,1,1,3,Wix,Wix,418607,3731,5,2,2018
https://twitter.com/Wix/status/960359554465722368,2018-02-05 03:48:55+00:00,960359554465722368,@LolaOB21 @_IamCookie_ Can't help but be inspired by these two: https://t.co/tsssx0uAcZ,2,1,5,Wix,Wix,418607,3731,5,2,2018
https://twitter.com/Wix/status/960358642376572929,2018-02-05 03:45:17+00:00,960358642376572929,@MythicalHxlle @rhettandlink We can't get over how awesome they are. https://t.co/XXGWG4oObK,2,1,16,Wix,Wix,418607,3731,5,2,2018
https://twitter.com/Wix/status/960357719357063168,2018-02-05 03:41:37+00:00,960357719357063168,@micdroprhett @rhettandlink Awwww! The feels. https://t.co/raVNIPKYIb,1,0,4,Wix,Wix,418607,3731,5,2,2018
https://twitter.com/Wix/status/960356698144690176,2018-02-05 03:37:34+00:00,960356698144690176,"@Classic_George @rhettandlink Oh, yes 😎 https://t.co/xSF0EU6g5i",1,0,1,Wix,Wix,418607,3731,5,2,2018
https://twitter.com/thevelvethook/status/960353651649740800,2018-02-05 03:25:27+00:00,960353651649740800,"@yesjenny @Wix @GalGadot as a business woman and a woman in this industry, i see nothing wrong with the @Wix spot. @rhettandlink have a huge amount of creative women in their team including the amazing @StevieWLevine and are very inclusive.  these are not the misogynists you're looking for.",3,1,12,thevelvethook,shell,626,96,5,2,2018
https://twitter.com/Wix/status/960353097569710081,2018-02-05 03:23:15+00:00,960353097569710081,Thanks everyone for being such great sports and playing along with our friend @BrandonBrandFan! 😉,1,1,15,Wix,Wix,418607,3731,5,2,2018
https://twitter.com/FeliciaDearly_/status/960351667680985088,2018-02-05 03:17:34+00:00,960351667680985088,Imagine paying for a Wix website after watching a #SuperBowl ad and BOOM your customization options are limited. Hire me to build your site on Wordpress. https://t.co/FGIin1b93m,2,0,3,FeliciaDearly_,Y’all too grown,1094,753,5,2,2018
https://twitter.com/RhettandLinKomm/status/960350600801259520,2018-02-05 03:13:20+00:00,960350600801259520,@Classic_George @rhettandlink @Wix Yes indeed!!,1,0,0,RhettandLinKomm,RhettandLinKommunity,11397,6,5,2,2018
https://twitter.com/Wix/status/960347888692924418,2018-02-05 03:02:33+00:00,960347888692924418,@thshadow @rhettandlink EPIC indeed! 🙌,2,0,5,Wix,Wix,418607,3731,5,2,2018
https://twitter.com/Wix/status/960344907461398528,2018-02-05 02:50:42+00:00,960344907461398528,"@pitsbrgher @rhettandlink In case you’ve been on a super long vacation to planet Mars, Rhett and Link are the hosts of Good Mythical Morning. With over 5 billion total views, it's simply the most viewed online show  ;-)",8,1,31,Wix,Wix,418607,3731,5,2,2018
https://twitter.com/Wix/status/960343175327035392,2018-02-05 02:43:49+00:00,960343175327035392,@LolaOB21 @rhettandlink @rhettmc @linklamont Fan girling over here https://t.co/5lu71oBgIK,1,1,4,Wix,Wix,418607,3731,5,2,2018
https://twitter.com/Wix/status/960342355378343936,2018-02-05 02:40:34+00:00,960342355378343936,@yesjenny and who can forget last year's ad with the stunning @GalGadot kicking butt! https://t.co/BJyzHiWX3n,7,1,17,Wix,Wix,418607,3731,5,2,2018
https://twitter.com/Wix/status/960341607995400192,2018-02-05 02:37:36+00:00,960341607995400192,Plot twist Someone looks like they're making a comeback. We got ourselves a nailbiter! #SBLII https://t.co/Vs4TolDmTt,5,0,14,Wix,Wix,418607,3731,5,2,2018
https://twitter.com/gratefully_jas/status/960340984684040194,2018-02-05 02:35:07+00:00,960340984684040194,"@MayaElious I used wix for my online portfolio which was good for a while but it’s definitely not viable for a blog site, at least in my opinion. I’m also using it for my wedding website. But once the wedding is over, I’ll take it down.",2,1,2,gratefully_jas,Jasmine Zust,557,1023,5,2,2018
https://twitter.com/johnpaul/status/960340952362700800,2018-02-05 02:34:59+00:00,960340952362700800,who will win the most intense super bowl rivalry of the last 2 decades:  Wix dot com or Squarespace,1,2,3,johnpaul,contentdaddy666,7069,2098,5,2,2018
https://twitter.com/Wix/status/960340311712129029,2018-02-05 02:32:27+00:00,960340311712129029,@rynfrz @rhettandlink The sunshine of our lives! https://t.co/2fY8dRJ8ee,1,0,11,Wix,Wix,418607,3731,5,2,2018
https://twitter.com/StevieWLevine/status/960340293282185216,2018-02-05 02:32:22+00:00,960340293282185216,@evanrachelwood the #Westworld trailer was cool but feel like the @Wix commercial ft. @rhettandlink was v highly anticipated/mysterious/i’vehad3beers,2,1,30,StevieWLevine,Stevie Wynne Levine,100965,238,5,2,2018
https://twitter.com/maureenkeavy/status/960339971931590656,2018-02-05 02:31:06+00:00,960339971931590656,"My mom keeps asking me about every commercial as if i know everything happening in every single one. ""is wix a new thing?"" ""when do the winter olympics start?"" i'm glad she has confidence in me that i know all these things.",1,0,37,maureenkeavy,maureen🧣 (taylor’s version),9895,1018,5,2,2018
https://twitter.com/lovelylandfill/status/960339838607286275,2018-02-05 02:30:34+00:00,960339838607286275,"hot take: i'm over the moon excited that rhett and link's wix ad ran in the superbowl, but disappointed that they weren't able to make something new for it. they would have tried harder if they knew this was going to run in front of so many viewers.",4,1,17,lovelylandfill,💖📯 sgt. pepper's juicy ass club band 📯💖,205,111,5,2,2018
https://twitter.com/ClioAwards/status/960338586548752385,2018-02-05 02:25:35+00:00,960338586548752385,Check out @Wix's last minute #SuperBowl commercial #SuperClio https://t.co/cyVfEa1jB1,1,0,3,ClioAwards,Clio Awards,43914,11489,5,2,2018
https://twitter.com/kim_i_mott/status/960338425399279616,2018-02-05 02:24:57+00:00,960338425399279616,"Happened to be in the room during the @Wix Super Bowl ad. Um, why didn’t you guys let @rhettandlink design a “local ad” for someone’s blog and make an original song instead? Opportunity missed!  ...But at least it’s the only ad I’d bother comment on, so not a total loss.",1,0,1,kim_i_mott,KIM MOTT,25147,3924,5,2,2018
https://twitter.com/Wix/status/960338391509487616,2018-02-05 02:24:49+00:00,960338391509487616,@RhettandLinKomm @rhettandlink The extended version!!: https://t.co/IVHcssa6G4,5,0,26,Wix,Wix,418607,3731,5,2,2018
https://twitter.com/typicaljesse/status/960338371833839616,2018-02-05 02:24:44+00:00,960338371833839616,@Adweek This ad is probably going to make me switch to Wix. I guess it worked. 🤷🏻‍♂️,1,0,3,typicaljesse,𝕥𝕪𝕡𝕚𝕔𝕒𝕝 𝕛𝕖𝕤𝕤𝕖 ⚡ 🏴‍☠️,191,163,5,2,2018
https://twitter.com/uproote/status/960338268154769408,2018-02-05 02:24:20+00:00,960338268154769408,@NathanZed Also is it just me or did Wix like really overhaul their UI? Because that demonstration almost made it attractive.,1,0,3,uproote,Mickey Murphy,209,550,5,2,2018
https://twitter.com/newsobserver/status/960337591903162368,2018-02-05 02:21:38+00:00,960337591903162368,"Rhett &amp; Link, who grew up in North Carolina, appear in a #SuperBowlAds2018 for @Wix. @joshshaffer08 talked to them last fall before a show in #Durham.  https://t.co/fRBqt0aDkr @rhettandlink #SuperBowl2018 #SuperBowl",18,0,69,newsobserver,The News & Observer,230554,644,5,2,2018
https://twitter.com/cyclopsing/status/960337590066012165,2018-02-05 02:21:38+00:00,960337590066012165,my entire timeline is literally all my mutuals &amp; literally every youtuber i follow freaking out about rhett &amp; links wix commercial. im really really happy for them. 👏🏽,2,2,48,cyclopsing,🌸,925,336,5,2,2018
https://twitter.com/RhettandLinKomm/status/960337357668061185,2018-02-05 02:20:42+00:00,960337357668061185,".@rhettandlink's #Superbowl commercial for Wix aired!! Did you catch it? If you didn't, don't worry: we got it in action. 👌 https://t.co/NsmzVSoceg",32,8,215,RhettandLinKomm,RhettandLinKommunity,11397,6,5,2,2018
https://twitter.com/Classic_George/status/960337308430905344,2018-02-05 02:20:31+00:00,960337308430905344,"What, What, What  was that a @rhettandlink @Wix #SuperBowl ad I just witnessed? https://t.co/LA09x6HRuq",1,2,6,Classic_George,Classic G€orG€,3935,3215,5,2,2018
https://twitter.com/widowsNorphans/status/960337252596494336,2018-02-05 02:20:17+00:00,960337252596494336,"I think there's a warehouse of social message spots somewhere. You can go, pick one out, and slap your logo on it. Kind of like a Wix site.",2,0,2,widowsNorphans,Tracy Levitz,826,827,5,2,2018
https://twitter.com/CBSMornings/status/960337131594956801,2018-02-05 02:19:49+00:00,960337131594956801,.@Wix previously said it would sit out of the #SuperBowl this year but then it got an offer it couldn't refuse. It turned around its commercial in less than 24-hours. -- @jpoggi,9,1,14,CBSMornings,CBS Mornings,490079,2108,5,2,2018
https://twitter.com/allieberk/status/960337085671522314,2018-02-05 02:19:38+00:00,960337085671522314,Very cool to see the #bossmen @rhettmc and @linklamont during the Super Bowl! @rhettandlink #wix,10,0,74,allieberk,Allie Berk,417,499,5,2,2018
https://twitter.com/LolaOB21/status/960336992977514496,2018-02-05 02:19:15+00:00,960336992977514496,Aww.  There it is.  🤗🤗🤗 @Wix @rhettandlink  #Proud https://t.co/HstmjrAB55,1,1,3,LolaOB21,Lauren,172,168,5,2,2018
https://twitter.com/rynfrz/status/960336911742259200,2018-02-05 02:18:56+00:00,960336911742259200,Way to go @rhettandlink and @Wix. You picked two good guys there. Good to see you on the main stage boys!,2,1,8,rynfrz,Ryan Freeze,8986,168,5,2,2018
https://twitter.com/parker_shea/status/960336840577437701,2018-02-05 02:18:39+00:00,960336840577437701,On today’s episode of Mansplaing... @Wix #notbuyingit #3percentsb https://t.co/phqWINjKM0,7,5,64,parker_shea,Parker Shea,163,579,5,2,2018
https://twitter.com/yesjenny/status/960336794788286464,2018-02-05 02:18:28+00:00,960336794788286464,"HEY, @Wix. Guess who is the largest segment of small business owners and first-time entrepreneurs? You know, the people who are most likely to use your tool to launch their sites? WOMEN. Yet you use two men as your spokespeople. #3percentsb #NotBuyingIt",20,9,82,yesjenny,Jenny Bergman,484,423,5,2,2018
https://twitter.com/TimothyCalkins/status/960336733840793600,2018-02-05 02:18:14+00:00,960336733840793600,"@wix won't win any prizes for that ad but I think it worked pretty well. It showed the brand, the frame and the benefit. Very clean.  #kelloggbowl #BrandBowl52 #SuperBowlAds2018",2,0,11,TimothyCalkins,Tim Calkins,4761,1620,5,2,2018
https://twitter.com/LatelywithLO/status/960336652295122949,2018-02-05 02:17:54+00:00,960336652295122949,@rhettandlink for @Wix. Goodbye Wordpress 💁🏼‍♀️ #SuperBowl #wsucom5140,1,0,0,LatelywithLO,Lauren Van Haaren,84,418,5,2,2018
https://twitter.com/mbp817/status/960336601250521088,2018-02-05 02:17:42+00:00,960336601250521088,Squarespace’s approach: big name celebrity doing a stunt.  Wix’s approach: online influencers actually demo-ing the product. Wonder who will drive more sign ups. #BrandBowl52,8,1,11,mbp817,Marc Phillips,515,171,5,2,2018
https://twitter.com/cyberjournalist/status/960336511936925697,2018-02-05 02:17:21+00:00,960336511936925697,So @rhettandlink just got some pretty amazing promotion by being in that @wix #SuperBowl ad https://t.co/pZEWBfsVk4,1,0,1,cyberjournalist,Jon Dube @CyberJournalist,14141,1449,5,2,2018
https://twitter.com/inbox_labs/status/960336491997167616,2018-02-05 02:17:16+00:00,960336491997167616,"#digital #SuperBowl may reflect greatness of Patriots and Eagles on field. But, does Wix rhettandlink REFLECT GREATNESS in #marketing? Reply and let us know. DMA_USA ECHO Awards: https://t.co/jrM5uiYaHz https://t.co/u1J04L45iy https://t.co/chKZFrG5MX",1,0,1,inbox_labs,Inbox Labs,1510,3736,5,2,2018
https://twitter.com/willduder/status/960336469440245760,2018-02-05 02:17:11+00:00,960336469440245760,Do this many people really need websites that running ads on the #SuperBowl makes financial sense? M&amp;Ms? Yes.  Cars? Yes.  Wix and Squarespace? 🙄,1,1,1,willduder,Will Duderstadt,2363,1720,5,2,2018
https://twitter.com/davintjen/status/960336458442682368,2018-02-05 02:17:08+00:00,960336458442682368,"@Wix @rhettandlink Also congrats to @jenmatichuk and @biscuitpancakes cause technically, you guys are in a Super Bowl ad too!",2,0,22,davintjen,Davin Tjen (🔜 #MythiCon22),7327,2153,5,2,2018
https://twitter.com/AdFedWM/status/960336448359682049,2018-02-05 02:17:06+00:00,960336448359682049,Wix has shown nothing new here. #weak #whatgame,1,0,0,AdFedWM,AdFed West Michigan,808,200,5,2,2018
https://twitter.com/MayaElious/status/960336439467827200,2018-02-05 02:17:04+00:00,960336439467827200,"Wix’s budget is too damn big. Don’t do it, though.",4,4,29,MayaElious,Maya Elious (not Mayalicious),28668,208,5,2,2018
https://twitter.com/DanielLassman/status/960336313919705089,2018-02-05 02:16:34+00:00,960336313919705089,"Whatever you do, DO NOT make a website with @Wix. #SuperBowlLII #seo #yourewelcome",1,0,0,DanielLassman,Daniel Lassman,194,368,5,2,2018
https://twitter.com/jenmooreKY/status/960336302993498112,2018-02-05 02:16:31+00:00,960336302993498112,Wait. Does Wix have an agency? Do they have to fix sites that their clients created in Wix or nah? #LouAdBowl #BrandBowl #AdBowl,1,1,9,jenmooreKY,Jen Bryant,3472,2331,5,2,2018
https://twitter.com/Wix/status/960336249184759808,2018-02-05 02:16:18+00:00,960336249184759808,BOOM 💣! Wanna watch our killer #SBLII Ad again? Sit tight and hold that bowl of nachos - Here it goes! #WixLastMinuteBowl https://t.co/I3Yjra7wQ6,12,1,101,Wix,Wix,418607,3731,5,2,2018
https://twitter.com/Wix/status/960336173347622912,2018-02-05 02:16:00+00:00,960336173347622912,THE WIX AD IS ABOUT TO HIT YOUR SCREEN! @rhettandlink take it away! #SBLII https://t.co/x0CRPHznkf,7,2,63,Wix,Wix,418607,3731,5,2,2018
https://twitter.com/Ace_Metrix/status/960336171950723072,2018-02-05 02:16:00+00:00,960336171950723072,@rhettandlink were highly Informative (607) in @Wix's #SuperBowl52 ad https://t.co/GprfYMhw3o,1,0,1,Ace_Metrix,Ace Metrix | an iSpot company,1322,1314,5,2,2018
https://twitter.com/davintjen/status/960336095383764993,2018-02-05 02:15:41+00:00,960336095383764993,"EYYYYYYYYYYYYYY IT’S THE @Wix AD! Congrats @rhettandlink, you guys are officially in a Super Bowl ad!",2,1,43,davintjen,Davin Tjen (🔜 #MythiCon22),7327,2153,5,2,2018
https://twitter.com/adage/status/960336063083503616,2018-02-05 02:15:34+00:00,960336063083503616,".@Wix originally intended to sit out of this year’s #SuperBowl, but then it got an offer it couldn’t refuse. The company turned around its commercial in less than 24-hours.",39,6,103,adage,Ad Age,1001873,73143,5,2,2018
https://twitter.com/AgencySpy/status/960336003478286338,2018-02-05 02:15:20+00:00,960336003478286338,If only Wix were a #TideAd too...,2,0,13,AgencySpy,AgencySpy,79997,960,5,2,2018
https://twitter.com/jonathan_carone/status/960336002152849411,2018-02-05 02:15:19+00:00,960336002152849411,Reminder: friends don’t let friends use Wix.,2,0,2,jonathan_carone,Jonathan Carone,993,131,5,2,2018
https://twitter.com/Wix/status/960333009080766470,2018-02-05 02:03:26+00:00,960333009080766470,#Touchdown Dance!! https://t.co/gjStVFrabH,2,1,4,Wix,Wix,418607,3731,5,2,2018
https://twitter.com/Wix/status/960332078058475520,2018-02-05 01:59:44+00:00,960332078058475520,@VelmaCandyass Preach! https://t.co/7mPDIV1z2D,1,1,1,Wix,Wix,418607,3731,5,2,2018
https://twitter.com/Wix/status/960329987638390785,2018-02-05 01:51:25+00:00,960329987638390785,We can't get enough of this guy @BrandonBrandFan,9,0,9,Wix,Wix,418607,3731,5,2,2018
https://twitter.com/Wix/status/960328423154618370,2018-02-05 01:45:12+00:00,960328423154618370,"Hey, @BrandonBrandFan are you looking for a job? #Wearehiring @Avosfrommexico did you see this guy? https://t.co/Ojy98Awlcs",11,3,96,Wix,Wix,418607,3731,5,2,2018
https://twitter.com/Wix/status/960325707049197568,2018-02-05 01:34:25+00:00,960325707049197568,Fact: #JustinTimberlake does not disappoint!  That was one heck of a #PepsiHalftime!  #SBLII,10,0,21,Wix,Wix,418607,3731,5,2,2018
https://twitter.com/Wix/status/960322296899686400,2018-02-05 01:20:52+00:00,960322296899686400,This just in.  Justin for the WIN!! #SBLII https://t.co/cdujpj7mFl,10,0,9,Wix,Wix,418607,3731,5,2,2018
https://twitter.com/Wix/status/960318457316245504,2018-02-05 01:05:36+00:00,960318457316245504,Amazing!! https://t.co/oHxAeRSzfo,3,0,2,Wix,Wix,418607,3731,5,2,2018
https://twitter.com/RhettandLinKomm/status/960316888533356544,2018-02-05 00:59:22+00:00,960316888533356544,"Pay special attention during the third quarter of the Superbowl, Beasts—Elite Daily says that's when @rhettandlink's Wix commercial will air! https://t.co/vKZ8oY6to8",9,5,114,RhettandLinKomm,RhettandLinKommunity,11397,6,5,2,2018
https://twitter.com/Wix/status/960302021113995270,2018-02-05 00:00:18+00:00,960302021113995270,Way to go!! 🏈 #touchdown  #SBLII https://t.co/UJVnwScNiS,6,1,12,Wix,Wix,418607,3731,5,2,2018
https://twitter.com/meghancaves/status/960297995823603713,2018-02-04 23:44:18+00:00,960297995823603713,"I have heard varying opinions and I want to know more. I have used Wix for a long time for my own website, but I'm curious about Squarespace. Which do you think is better?? And if you have more thoughts about it, let me know in a reply! THANK YOU!!!! #websites",2,3,5,meghancaves,Meghan Caves,3237,1541,4,2,2018
https://twitter.com/SuperBowlAdsTV/status/960297748737200128,2018-02-04 23:43:19+00:00,960297748737200128,The 2018 Wix Super Bowl Commercial Shows You How It’s Done https://t.co/LLYCCUD0zy #superbowl #superbowlads #superbowlcommercials #superbowl50,1,0,1,SuperBowlAdsTV,Superbowl Commercial,1688,125,4,2,2018
https://twitter.com/Wix/status/960293040408711168,2018-02-04 23:24:36+00:00,960293040408711168,🏈🎉Good luck 🎉🏈 I don't know about you but we are SUPER excited!! https://t.co/9C0NWx2ym0,14,1,23,Wix,Wix,418607,3731,4,2,2018
https://twitter.com/andreas_kviby/status/960288987247206406,2018-02-04 23:08:30+00:00,960288987247206406,Learn how to work with @SlackHQ and @Wix Code in 2 hours today https://t.co/wHdiayENqK https://t.co/P971U6oEgU,2,0,1,andreas_kviby,Andreas Kviby,194,637,4,2,2018
https://twitter.com/dotCO/status/960273044433457154,2018-02-04 22:05:09+00:00,960273044433457154,Excited to watch @rhettandlink from https://t.co/BkwjBeZsN6 in the @Wix #SBLII ad! We ❤️ our .CO-ers!,3,0,5,dotCO,.CO,24937,7390,4,2,2018
https://twitter.com/Codestag/status/960273018244169729,2018-02-04 22:05:03+00:00,960273018244169729,#WordPress vs #Wix – Which Platform is Best for Your #Project? - How about you read this resourceful article brought to us by @WPExplorer https://t.co/FjbigyX3Ae https://t.co/d64hp9wgv2,1,0,2,Codestag,Codestag,690,131,4,2,2018
https://twitter.com/Wix/status/960266201745297408,2018-02-04 21:37:58+00:00,960266201745297408,Join our Facebook Live now &amp; WIN BIG!  All you have to do is: 1. Watch our Facebook Live 2. Guess how many plastic balls are in the car. Ready for the ride? Head over to Facebook now! https://t.co/iWNwdB6cpx https://t.co/zqIQDqy9j5,11,1,17,Wix,Wix,418607,3731,4,2,2018
https://twitter.com/WixPartners/status/960247641715216387,2018-02-04 20:24:12+00:00,960247641715216387,Join @Wix's Facebook Live for a Chance to Win a Car! https://t.co/siln73woZz,1,0,2,WixPartners,WixPartners,141605,2265,4,2,2018
https://twitter.com/katiewdesigns/status/960241686000689153,2018-02-04 20:00:33+00:00,960241686000689153,@Wix @rhettandlink Instagram feed is my fave! Encourages visitors to engage with social media as well as your website 🙌🏼,1,1,0,katiewdesigns,KW Designs,48,118,4,2,2018
https://twitter.com/sandeeigwe/status/960241190904958978,2018-02-04 19:58:34+00:00,960241190904958978,@Wix @rhettandlink Quirky video😂 I love how making a website looks uncomplicated- especially dragging the main photo to change its size. Will continue to be a wiz customer!,1,1,4,sandeeigwe,Sandra Igwe,3908,999,4,2,2018
https://twitter.com/rootwork/status/960236495146704896,2018-02-04 19:39:55+00:00,960236495146704896,"Squarespace, Wix, etc.: Easy to use for nonprofits, but it's not focused on strategic needs. You're not selling products, you're organizing campaigns. —@levelos #PNWDS",1,0,5,rootwork,Ivan Boothe,3981,3375,4,2,2018
https://twitter.com/WebDesignDev/status/960224280159105024,2018-02-04 18:51:23+00:00,960224280159105024,Top 20 Beautiful Website Templates from Wix: https://t.co/lWHCfYeD4e,1,0,1,WebDesignDev,WebDesignDev,69692,27988,4,2,2018
https://twitter.com/aaronjgreenwald/status/960178099462787073,2018-02-04 15:47:52+00:00,960178099462787073,"Here @CodingItWrong manages to show you how to set up #eslint in your #reactnative project in less time than it takes for #TomBrady to get a 1st down. Ok, maybe not. But you could certainly skip a commercial and get it done. (Just don't skip the @Wix ad) https://t.co/NjZpVjXhD2",1,0,0,aaronjgreenwald,Aaron Greenwald,735,472,4,2,2018
https://twitter.com/Wix/status/960150401982050305,2018-02-04 13:57:49+00:00,960150401982050305,@einat162 @rhettmc @linklamont @rhettandlink @WixLounge You're excited? We're excited! So much excitement in the air! https://t.co/gY2tGdTjyW,1,1,3,Wix,Wix,418607,3731,4,2,2018
https://twitter.com/YoavAdler/status/960138706207363072,2018-02-04 13:11:20+00:00,960138706207363072,A first look at #Israel's🇮🇱 @Wix #SuperBowl 🇺🇸commercial starring @rhettandlink.  #GoPats  🔗https://t.co/6EXAhjIoYh https://t.co/aD0ZsQwLeC,2,1,8,YoavAdler,Yoav Adler 🇮🇱,22142,8449,4,2,2018
https://twitter.com/martinkonicek/status/960131618441760768,2018-02-04 12:43:10+00:00,960131618441760768,"@dan_abramov @ozkxr @ozkxr The two main libs now are: https://t.co/dBDC6oXub3, https://t.co/kvB9jQa3YE. They both have a JS API. The main difference is the underlying implementation. Wix uses native screens from the OS, react-navigation emulates them in JS.",1,1,3,martinkonicek,Martin Konicek 🇺🇦,3643,877,4,2,2018
https://twitter.com/Wix/status/960090708781780993,2018-02-04 10:00:37+00:00,960090708781780993,Watch @rhettandlink in the @Wix #SBLII ad and reply on this post → What’s your favorite part and why?  📱You can WIN the smartphone everyone’s been talking about 📱  #WixLastMinuteBowl https://t.co/gjjT6qMSnP,81,183,514,Wix,Wix,418607,3731,4,2,2018
https://twitter.com/NikkiCaineWritr/status/960061639088320513,2018-02-04 08:05:06+00:00,960061639088320513,Who's In The Wix 2018 Super Bowl Commercial? Rhett McLaughlin &amp; Link Neal Will Leave Y.. #datenight #Romance https://t.co/r6Q2UVcy09,1,0,1,NikkiCaineWritr,NikkiCaineWrites,4892,4523,4,2,2018
https://twitter.com/WindosNZ/status/960057553009786881,2018-02-04 07:48:52+00:00,960057553009786881,"New, short, #PowerShell blog post: ""BurntToast + AppId = It's Working!"" This is the first of two posts on how the WiX Toolset solved a burning issue. (He might not know he helped, but thanks to @adamdriscoll for putting me back onto WiX) https://t.co/o1VQQCaEsb",2,1,5,WindosNZ,Josh (Windos) King,2050,1195,4,2,2018
