url,Datetime,Tweet Id,Text,Retweet Count,Reply Count,Like Count,Username,Display Name,Followers Count,Friends Count,Day,Month,Year
https://twitter.com/pointUSAwill/status/960642809278681089,2018-02-05 22:34:28+00:00,960642809278681089,from @KeepitMadeinUSA: The Backstory of WeatherTech's Super Bowl Ad Involves Non-Toxic Pet Bowls https://t.co/IvJPoQIlPC,2,0,1,pointUSAwill,Will Mays,3756,3982,5,2,2018
https://twitter.com/LiftandAccess/status/960632453663686656,2018-02-05 21:53:19+00:00,960632453663686656,"Did you notice all the ""supporting roles"" aerial and access equipment played in WeatherTech's ""unconventional""... https://t.co/nLAE78XU2q",1,0,4,LiftandAccess,Lift and Access,7454,924,5,2,2018
https://twitter.com/taxvictim/status/960625741972082690,2018-02-05 21:26:39+00:00,960625741972082690,@ValiantHail2The @Jaxgma3235 @dahlia201 @rr7lv @WeatherTech @realDonaldTrump Which category do you fall into? https://t.co/8iXLyeIRGC,2,1,5,taxvictim,PeePeeTapeIsReal,7457,8169,5,2,2018
https://twitter.com/komonews/status/960611739606773760,2018-02-05 20:31:00+00:00,960611739606773760,The West Coast is going to get a new high-tech weather satellite! Who else is excited? 🛰️ Details: https://t.co/VyF0QucJQg https://t.co/WR3OvL0Mdx,3,2,13,komonews,KOMO News,463773,2320,5,2,2018
https://twitter.com/BidensMyPOTUS/status/960607970622091265,2018-02-05 20:16:02+00:00,960607970622091265,"@taxvictim @dahlia201 @ValiantHail2The @rr7lv @WeatherTech @realDonaldTrump Dow just fell 1,000. 😬",1,1,2,BidensMyPOTUS,Rand’sNeighbor,11886,8518,5,2,2018
https://twitter.com/taxvictim/status/960607850392408065,2018-02-05 20:15:33+00:00,960607850392408065,@Jaxgma3235 @dahlia201 @ValiantHail2The @rr7lv @WeatherTech @realDonaldTrump Wellllllllll......maybe the sarcasm was off a tad??,1,2,3,taxvictim,PeePeeTapeIsReal,7457,8169,5,2,2018
https://twitter.com/Scuderia_Corsa/status/960605480493056000,2018-02-05 20:06:08+00:00,960605480493056000,We will be back to @imsa racing in 4️⃣0️⃣ days! Can you guess where? 👊#Sebring12 #IMSA #TPNAEC #WeatherTech https://t.co/dntTanWsWG,4,0,32,Scuderia_Corsa,ScuderiaCorsa,7410,469,5,2,2018
https://twitter.com/BidensMyPOTUS/status/960602179177537536,2018-02-05 19:53:01+00:00,960602179177537536,@ValiantHail2The @rr7lv @WeatherTech @dahlia201 @taxvictim @realDonaldTrump First to hear trump cult Democrats are all broke. Second I’m glad they make their shit in USA. Sad the cult leader does not make his shit here. Third. We do not need a wall. We need border security. Use the rest of money helping vets.,1,0,2,BidensMyPOTUS,Rand’sNeighbor,11886,8518,5,2,2018
https://twitter.com/rr7lv/status/960595698210234368,2018-02-05 19:27:16+00:00,960595698210234368,@Jaxgma3235 @dahlia201 @WeatherTech @taxvictim @realDonaldTrump And makes his shit there and @IvankaTrump too of course you know that,1,1,2,rr7lv,raetiredhotflashgift,10308,11326,5,2,2018
https://twitter.com/rr7lv/status/960595386271457280,2018-02-05 19:26:01+00:00,960595386271457280,@dahlia201 @Jaxgma3235 @WeatherTech @taxvictim @realDonaldTrump Exactly was thrilled to see wasn't crazy when trending #weathertechwall but they make it USA hello btw,2,0,2,rr7lv,raetiredhotflashgift,10308,11326,5,2,2018
https://twitter.com/BidensMyPOTUS/status/960591351808217088,2018-02-05 19:09:59+00:00,960591351808217088,@dahlia201 @rr7lv @WeatherTech @taxvictim @realDonaldTrump Yep. His base ate it up. They are clueless. The trump crime organization brings in thousands of pounds of shit weekly from China.,2,1,3,BidensMyPOTUS,Rand’sNeighbor,11886,8518,5,2,2018
https://twitter.com/tabithia201/status/960590851503255552,2018-02-05 19:08:00+00:00,960590851503255552,@Jaxgma3235 @rr7lv @WeatherTech @taxvictim @realDonaldTrump That weather tech ad was the only one that really bothered me. Makes one think of trump’s wall.,1,3,4,tabithia201,tabithia,11067,11611,5,2,2018
https://twitter.com/BidensMyPOTUS/status/960589986130268161,2018-02-05 19:04:34+00:00,960589986130268161,@dahlia201 @rr7lv @WeatherTech @taxvictim @realDonaldTrump I am convinced plastic assistant is only half American. The other half is China. Fake. Face. Fake. Boobs.,1,1,2,BidensMyPOTUS,Rand’sNeighbor,11886,8518,5,2,2018
https://twitter.com/BidensMyPOTUS/status/960589186326724609,2018-02-05 19:01:23+00:00,960589186326724609,@rr7lv @WeatherTech @dahlia201 @taxvictim @realDonaldTrump Trump supporters loved the #WeatherTech commercial. Blabbering on about made in USA. Yet their cult leader has not built 1 factory here. Making China great. His daughter the plastic assistant has not brought her shit here to be made. Practice what you preach.,4,1,7,BidensMyPOTUS,Rand’sNeighbor,11886,8518,5,2,2018
https://twitter.com/ConcreteProduct/status/960589060749348865,2018-02-05 19:00:53+00:00,960589060749348865,#Precastpanels frame #WeatherTech #SuperBowl ad https://t.co/FcA7xd5I4Y @WeatherTech https://t.co/wyMav1OML4,1,0,5,ConcreteProduct,Concrete Products,8794,612,5,2,2018
https://twitter.com/beholderhq/status/960588302998007810,2018-02-05 18:57:52+00:00,960588302998007810,"Study: Deadly Wimberley floods rooted in weather patterns, intensified by development: https://t.co/BmKkgSmF3g #wimberley #flooding #beholder #tech #severeweather #floods #texas #texasfloods",2,0,2,beholderhq,Beholder Technology,46,55,5,2,2018
https://twitter.com/WeatherTech/status/960581952456839168,2018-02-05 18:32:38+00:00,960581952456839168,"We look at our latest factory as a 125,000 square-foot opportunity to make more jobs available here in America. See more of the #WeatherTech story: https://t.co/A5jVzGYN52 #AmericanFactory https://t.co/6JSp3A8E70",14,5,76,WeatherTech,WeatherTech,9739,1778,5,2,2018
https://twitter.com/rr7lv/status/960573022926200832,2018-02-05 17:57:09+00:00,960573022926200832,"@WeatherTech @Jaxgma3235 @dahlia201 @taxvictim THOUGHT WAS JUST ME BUT #DAVIDMACNEIL #WEATHERTECHWALL IS HASHTAG HIS subliminal disgusting @realDonaldTrump shout-out #thewall big ""t"" HOISTED AND THE CONSTRUCTION OF PANELS HELL don't want to hurt workers but I WILL NEVER BUY #weathertech https://t.co/CDGLWqIKbr",2,2,3,rr7lv,raetiredhotflashgift,10308,11326,5,2,2018
https://twitter.com/rr7lv/status/960572163303624705,2018-02-05 17:53:44+00:00,960572163303624705,https://t.co/79apLrjlZt OMG @WeatherTech SUBLIMINAL MESSAGE DIDN'T ESCAPE US LOOK HASHTAG #weathertechwall THOUGHT JUST ME #DAVIDMACNEIL 🤢👎 https://t.co/eEonZfrAlc,1,0,1,rr7lv,raetiredhotflashgift,10308,11326,5,2,2018
https://twitter.com/msprecast/status/960568167193038848,2018-02-05 17:37:52+00:00,960568167193038848,Congrats to ATMI Precast on a great project and to WeatherTech for building the way it's supposed to be. #precast #SuperBowlLII #ATMIPrecast https://t.co/mIO2XhKy4S,2,0,5,msprecast,Mid-States Concrete,149,105,5,2,2018
https://twitter.com/ProFamilyIFI/status/960551845310509056,2018-02-05 16:33:00+00:00,960551845310509056,WATCH: WeatherTech Super Bowl Ad Promotes “America First” https://t.co/JUOxYBLR2N via @toddstarnes,2,1,3,ProFamilyIFI,IL Family Institute,1649,808,5,2,2018
https://twitter.com/holbrooksun/status/960541782881849344,2018-02-05 15:53:01+00:00,960541782881849344,"#Randolph weather tech recalls a long, long walk back home during Blizzard of '78. What's your memory? https://t.co/QZWAnKhChu https://t.co/roqnaEJFYV",1,0,0,holbrooksun,Holbrook Sun,363,62,5,2,2018
https://twitter.com/NationalPrecast/status/960517671891685376,2018-02-05 14:17:13+00:00,960517671891685376,"#SBLII was great and all, and no offense to Nick Foles, but @WeatherTech, you're our MVP. With an ad featuring their new manufacturing facility constructed from #precast #concrete, we're pretty sure WeatherTech won this year's ad blitz. #MadeintheUSA 💪 https://t.co/ThvmV82Bs6",1,0,5,NationalPrecast,NPCA,12001,4246,5,2,2018
https://twitter.com/LiftandAccess/status/960512926842085376,2018-02-05 13:58:21+00:00,960512926842085376,"Aerial, access equipment star in 'unconventional' #SuperBowlLII ad by @WeatherTech. Spotted @ManitowocCo @GenieLift lookin' good. https://t.co/ogN5jvAHb2",1,0,1,LiftandAccess,Lift and Access,7454,924,5,2,2018
https://twitter.com/Heidi_S18/status/960508814079549440,2018-02-05 13:42:01+00:00,960508814079549440,"It’s a great commercial, supportive of America, and our construction workers! When will people ever grow up and stop stirring the fucking pot?  #WeatherTech https://t.co/E2qK6W8QtU",1,0,2,Heidi_S18,Lightning_Struck,345,384,5,2,2018
https://twitter.com/NGrossman81/status/960493107233030144,2018-02-05 12:39:36+00:00,960493107233030144,3) Only one Trumpist ad: Weathertech touting a factory built in the US (“as it should be”) with a bunch of flag shots. Businesses clearly think there’s more money in diversity and inclusiveness than nationalism. 4/x,6,3,17,NGrossman81,Nicholas Grossman,33699,1586,5,2,2018
https://twitter.com/Joe_Lenton/status/960452561772871680,2018-02-05 09:58:29+00:00,960452561772871680,@Monimine_ @printersnorwich @weareabode @jbboats @LadySadie66 @lambsocialmedia @union_building @Comm_Tech @NorProp Good thanks. The weather stayed fine for our beginners workshop Saturday morning thankfully. Cold but at least it was dry! Took a couple of pics of flowers emerging in our garden. Planning our spring-summer programme now. Lots to do! https://t.co/IKNPdGA2uP,1,2,5,Joe_Lenton,Joe Lenton FSICIP ASWPP ASINWP ADPS,1914,1636,5,2,2018
https://twitter.com/omgitsrapley/status/960405340562042880,2018-02-05 06:50:51+00:00,960405340562042880,African Americans offended by use of MLK voice in a dodge ad Liberals offended by Weathertech ad because it said factories should be built in USA Conservatives offended by T Mobile ad using multiracial babies Can’t say or do anything anymore without somebody being offended.,1,1,2,omgitsrapley,Kevin Rapley,395,663,5,2,2018
https://twitter.com/NiveaNotes/status/960375790914408448,2018-02-05 04:53:26+00:00,960375790914408448,"@cmclymer And Stella Artois, but at least they had positive messages. The absolute WORST was Weather Tech... a straight up ode to Trump’s border wall. Trumpkins themselves are pointing it out and eating it up. Disgusting.",1,0,2,NiveaNotes,美玲 🇺🇸,403,571,5,2,2018
https://twitter.com/amentotrump/status/960373178857115648,2018-02-05 04:43:03+00:00,960373178857115648,And a HUGE patriotic thank you to #weathertech!    Keeping manufacturing in America!   Yes! That IS what you are supposed to do!  #americafirst #weathertech #MAGA https://t.co/tga05Rluu5,1,0,1,amentotrump,Nevermind you’re to brainwashed,542,346,5,2,2018
https://twitter.com/amentotrump/status/960369833744445440,2018-02-05 04:29:45+00:00,960369833744445440,#weathertech is putting #americafirst great #SuperBowl ad https://t.co/cEgvpDgHnt,1,0,1,amentotrump,Nevermind you’re to brainwashed,542,346,5,2,2018
https://twitter.com/amentotrump/status/960369439270154240,2018-02-05 04:28:11+00:00,960369439270154240,I support #weathertech and all US companies that keep manufacturing in the US and put #Americafirst !  🇺🇸🇺🇸💕💕👏🏼👍🏻👍🏻👏🏼👏🏼👏🏼💕💕🇺🇸🇺🇸🇺🇸,2,0,1,amentotrump,Nevermind you’re to brainwashed,542,346,5,2,2018
https://twitter.com/tommyxtopher/status/960355696083656704,2018-02-05 03:33:35+00:00,960355696083656704,"So to recap #SuperBowlLII, if you put Weathertech mats in your Dodge Ram, you're fucking up.",1,0,2,tommyxtopher,Tommy moderna-vaX-Topher,31930,2264,5,2,2018
https://twitter.com/PCIprecast/status/960344397375332352,2018-02-05 02:48:41+00:00,960344397375332352,Check out the great ad for #WeatherTech....and #precastconcrete!  #SuperBowlLII https://t.co/j9thY9Fhjm,4,0,3,PCIprecast,PCI,5314,828,5,2,2018
https://twitter.com/HrmanByersGhost/status/960331865449168896,2018-02-05 01:58:53+00:00,960331865449168896,So far Tide 👍 Doritos/Mountain Dew👍 Australia 👍 Bud Light 🤔 Weathertech 😕 Expressway 👎 what are your favorites so far? #SuperBowlAds,1,0,0,HrmanByersGhost,Herman Byers Ghost,263,120,5,2,2018
https://twitter.com/formofjon/status/960327217820684288,2018-02-05 01:40:25+00:00,960327217820684288,@WeatherTech No thanks.,1,0,8,formofjon,formofjon,47,79,5,2,2018
https://twitter.com/CRMCAConcrete/status/960322559123312640,2018-02-05 01:21:54+00:00,960322559123312640,We love seeing #concreteinaction in this #weathertech Super Bowl Ad! #concretesteong https://t.co/vByXS2JGIP,4,0,7,CRMCAConcrete,CRMCA,827,621,5,2,2018
https://twitter.com/KayahsKo/status/960321362362601472,2018-02-05 01:17:09+00:00,960321362362601472,@AnnCoulter I’d be cool if @WeatherTech just built a bunch of plants along the border!  Touching side by side.,1,0,1,KayahsKo,Kayahs,110,613,5,2,2018
https://twitter.com/allieri/status/960321183236358144,2018-02-05 01:16:26+00:00,960321183236358144,There’s so many issues to weigh in on and every brand seems to be opting for comedy. Playing it safe.  (Except @WeatherTech) #SuperBowlAds #SuperBowl #BrandBowl52,1,0,1,allieri,Chris Allieri,1645,728,5,2,2018
https://twitter.com/allieri/status/960320786044203008,2018-02-05 01:14:51+00:00,960320786044203008,.@WeatherTech ad was peculiar indeed. Much of the ad seemed like they were actually building a border wall!?  Only political - and divisive - ad so far?  Will there be more?  #SuperBowl #SuperBowlAds #BrandBowl52,1,0,1,allieri,Chris Allieri,1645,728,5,2,2018
https://twitter.com/SergioTrist10/status/960318753383870464,2018-02-05 01:06:47+00:00,960318753383870464,@WeatherTech I just tossed the couple things I had made by your racist company. I am sure you don’t care. You don’t want Hispanic or Latino business.,2,12,15,SergioTrist10,Sergio Trist10,986,757,5,2,2018
https://twitter.com/sandyjean509/status/960316503408152576,2018-02-05 00:57:50+00:00,960316503408152576,@JoyAnnReid Did you notice the ad for WeatherTech? It was men building walls (for a building) and then lifting the letter 'T' as they put the company name on the building. The erecting of concrete walls and the letter 'T' made me thing of Trump's border wall. My imagination?,1,1,1,sandyjean509,Sandy Peterson,306,1083,5,2,2018
https://twitter.com/queenadrock20/status/960316378107400192,2018-02-05 00:57:21+00:00,960316378107400192,"Without a doubt that was the intended takeaway. FUQ, @WeatherTech. Shameful. #SuperBowl https://t.co/0bQmZFnVFA",1,0,0,queenadrock20,Capriquarius,633,1628,5,2,2018
https://twitter.com/Cmart82/status/960316317558550533,2018-02-05 00:57:06+00:00,960316317558550533,@JoeBudden Fuck weathertech,1,0,2,Cmart82,Graaaaaaape,71,100,5,2,2018
https://twitter.com/LB_Baby11/status/960316298436759553,2018-02-05 00:57:02+00:00,960316298436759553,@WeatherTech Bout to burn my weather tech mats,1,3,7,LB_Baby11,L.B. Baby!,228,968,5,2,2018
https://twitter.com/kaksmith97/status/960316221051822080,2018-02-05 00:56:43+00:00,960316221051822080,"@weathertech hope you enjoyed your own obnoxious ad, you've lost an entire extended family of customers. Supporting traitor Trump in any way is not good for business. Bad move.",1,1,3,kaksmith97,kaksmith63,67,296,5,2,2018
https://twitter.com/RezMama805/status/960316145004830720,2018-02-05 00:56:25+00:00,960316145004830720,@JoyAnnReid How about that @WeatherTech double-entendre? Am I the only one mad? #NiceTryButNoWall,1,1,5,RezMama805,Lisa Valencia,99,315,5,2,2018
https://twitter.com/michaelmiraflor/status/960315057962971136,2018-02-05 00:52:06+00:00,960315057962971136,Politically tone deaf ads so far this evening: - WeatherTech looking like they are building Trump’s wall - MLK speech to sell Dodge Ram trucks,1,0,6,michaelmiraflor,michaelmiraflor.eth,14950,4661,5,2,2018
https://twitter.com/Catacam12/status/960314358784917505,2018-02-05 00:49:19+00:00,960314358784917505,That black screen was still better than that #WeatherTech ad,2,0,13,Catacam12,Cathy Mmm,388,711,5,2,2018
https://twitter.com/WendyJarel/status/960314235673874433,2018-02-05 00:48:50+00:00,960314235673874433,So ... @RamTrucks just used the words of #MLK to sell trucks. Adding them and @WeatherTech to the 👎🏽 pile. #SuperBowl,2,0,2,WendyJarel,"Wendy J. Roundtree, APR",1599,2461,5,2,2018
https://twitter.com/alesiamorris/status/960313785008513024,2018-02-05 00:47:02+00:00,960313785008513024,"trump will tweet that weather tech is bringing jobs TO America. That's not the same as made in America. Besides, if you are an American company, you should make your products here in America unlike trump &amp; his daughter who make their products in China. #SuperBowl #Commericals https://t.co/VLcnk5bibL",1,0,4,alesiamorris,Alesia Morris,2363,2056,5,2,2018
https://twitter.com/hpc3/status/960313586114580481,2018-02-05 00:46:15+00:00,960313586114580481,Did not entice me to buy anything from #WeatherTech. https://t.co/I9n2PAq9N0,1,0,2,hpc3,Paul Canady,700,1161,5,2,2018
https://twitter.com/ElieNYC/status/960312580756660224,2018-02-05 00:42:15+00:00,960312580756660224,"Lesson of the #SuperBowl so far for progressives: don’t buy @WeatherTech just buy more @tide , as needed, to clean your car mats.",1,2,8,ElieNYC,Elie Mystal,455508,4972,5,2,2018
https://twitter.com/LorenaSGonzalez/status/960312544261914624,2018-02-05 00:42:06+00:00,960312544261914624,"I am a ardent Made in America supporter, but whoever created that @WeatherTech ad either is tone deaf or attempted to capitalize on pro-wall Trump supporters. That was very uncomfortable.",3,6,27,LorenaSGonzalez,Lorena Gonzalez Fletcher,52013,4324,5,2,2018
https://twitter.com/TravisHymas/status/960312478209994753,2018-02-05 00:41:51+00:00,960312478209994753,"Hey, so I didn't mention this when it popped up, but that Weather Tech ad was definitely trying to kiss Trump's ass, right?",1,0,1,TravisHymas,Italian Elon Musk,283,348,5,2,2018
https://twitter.com/beveragepodcast/status/960312038735085570,2018-02-05 00:40:06+00:00,960312038735085570,@WeatherTech The CEO of @WeatherTech gave $100k to Trump Victory fund... In case you don't believe me,1,1,4,beveragepodcast,Bourcard Nesin,692,247,5,2,2018
https://twitter.com/Goofyfan_Chuck/status/960311953737609223,2018-02-05 00:39:46+00:00,960311953737609223,@diversetechgeek it was better than that WeatherTech ad,1,0,1,Goofyfan_Chuck,Charles Lee,2390,4992,5,2,2018
https://twitter.com/BlueOceanView/status/960311933319745537,2018-02-05 00:39:41+00:00,960311933319745537,@WeatherTech @WeatherTech capitalizing on politics and fear in the name of being American made. Sad. #BrandBowl52,1,0,3,BlueOceanView,blueoceanview,573,1436,5,2,2018
https://twitter.com/WeatherTech/status/960311910892802048,2018-02-05 00:39:35+00:00,960311910892802048,Did you catch our Super Bowl® commercial? See it again: https://t.co/A5jVzGYN52 #SBLII https://t.co/Ojc8qhFrvO,51,92,177,WeatherTech,WeatherTech,9739,1778,5,2,2018
https://twitter.com/joycefromli/status/960311779292311552,2018-02-05 00:39:04+00:00,960311779292311552,"@WeatherTech I saw your ad supporting Trump’s racist wall &amp; agenda and I will NEVER give your company one cent! Glad i didn’t order the mats, only searched your website for information! SHAME ON YOU!",1,0,4,joycefromli,((( joyce ))),1355,2141,5,2,2018
https://twitter.com/Gu3ro15/status/960311666192867329,2018-02-05 00:38:37+00:00,960311666192867329,Yo @WeatherTech fuck you 🖕🏻,2,1,3,Gu3ro15,Dada Guero,444,858,5,2,2018
https://twitter.com/JimFysh/status/960311490631913474,2018-02-05 00:37:55+00:00,960311490631913474,"@WeatherTech Disgraceful. Not many Americans like trump, you know. Bad business. It’s called arithmetic, dummies.",1,0,7,JimFysh,fysh,45,286,5,2,2018
https://twitter.com/jazzthecat66/status/960311370641162240,2018-02-05 00:37:27+00:00,960311370641162240,"@WeatherTech Wow, super racist ad! Didn’t have an opinion about you before, but will now stay away. Sick.",1,0,4,jazzthecat66,Tracy Wade,1212,374,5,2,2018
https://twitter.com/nytdavidcrooks/status/960311239267164160,2018-02-05 00:36:55+00:00,960311239267164160,"@WeatherTech Wait, weren't you supposed to keep politics out of sports?",1,0,2,nytdavidcrooks,David Crooks,94,152,5,2,2018
https://twitter.com/1MrsGallegos/status/960311211450556416,2018-02-05 00:36:49+00:00,960311211450556416,"@WeatherTech Building a ""wharehouse""? Looks more like a wall to me.",1,1,1,1MrsGallegos,TrishaG (she/her),406,977,5,2,2018
https://twitter.com/Ags__Win/status/960311192324661248,2018-02-05 00:36:44+00:00,960311192324661248,@WeatherTech LOVED the commercial.  American made products all the way.  You just gained a customer!!,1,0,6,Ags__Win,Adam B,43,513,5,2,2018
https://twitter.com/CrowleyAntmarga/status/960311094601551872,2018-02-05 00:36:21+00:00,960311094601551872,@WeatherTech Vile misuse of American flag. Do not use my flag to promote stupid wall.,1,1,9,CrowleyAntmarga,"Fully Vaccinated. Juan Soto fan, Vote Blue!",2986,4969,5,2,2018
https://twitter.com/tommorton/status/960310995603415041,2018-02-05 00:35:57+00:00,960310995603415041,Audience: Steve Bannon deciding what rubber mat to put in the footwell of his car Key message: Weathertech has a factory in America Point of difference: It looks like a border wall #PlannerBowl,3,1,13,tommorton,Tom Morton 🇺🇦,11200,2916,5,2,2018
https://twitter.com/shbarney/status/960310947633139712,2018-02-05 00:35:46+00:00,960310947633139712,Love #WeatherTech ad. Made in the USA,2,0,3,shbarney,Sbarney,1460,1606,5,2,2018
https://twitter.com/NYC1975SN/status/960310911868325888,2018-02-05 00:35:37+00:00,960310911868325888,@WeatherTech Thanks for reminding me to never buy your shitty products,1,0,5,NYC1975SN,...,193,331,5,2,2018
https://twitter.com/Adweek/status/960310748181417986,2018-02-05 00:34:58+00:00,960310748181417986,"WeatherTech ""American Factory"" Agency: In-house • WeatherTech has been making creatively uninteresting Super Bowl ads for years. This time it adds a dose of provocation. If Trump is watching tonight, this is the ad he'll tweet about. 👎 https://t.co/HIGBXIuxQd",14,8,80,Adweek,Adweek,690384,26538,5,2,2018
https://twitter.com/hermjon/status/960310563074011136,2018-02-05 00:34:14+00:00,960310563074011136,@JustifiedbyJC @WeatherTech Of course it was,1,2,5,hermjon,Jon H 🇺🇦,822,1228,5,2,2018
https://twitter.com/realJoelWillett/status/960310560880545792,2018-02-05 00:34:14+00:00,960310560880545792,@WeatherTech What marketing genius advised you to cast your lot with the racists? You’re on the wrong side of history. Your sales will tank. Your hiring will suffer. Good job!,3,9,14,realJoelWillett,Joel Willett,2075,193,5,2,2018
https://twitter.com/DoggRiggs/status/960310538990338049,2018-02-05 00:34:08+00:00,960310538990338049,"Weathertech alludes to building ""the wall"" in their commercial. Pandering to a specific group didn't go unnoticed. Pathetic. https://t.co/3U68zsK1tB",1,0,6,DoggRiggs,dog is good (he/him),297,705,5,2,2018
https://twitter.com/concretebiker/status/960310437832286208,2018-02-05 00:33:44+00:00,960310437832286208,#concrete#weathertech Concrete featured in Super Bowl ad! #BuildWithStrength on display!,2,0,9,concretebiker,Alan Sparkman,264,155,5,2,2018
https://twitter.com/coxb2/status/960310373755883520,2018-02-05 00:33:29+00:00,960310373755883520,@realtimmattonen @WeatherTech Boycott,1,1,7,coxb2,Beryel Cox,251,2075,5,2,2018
https://twitter.com/adsoftheworld/status/960310277253328901,2018-02-05 00:33:06+00:00,960310277253328901,Check out the spot for @WeatherTech: https://t.co/lNSfrI3yeK #SuperBowl https://t.co/zrzedd6Zvp,1,0,3,adsoftheworld,Ads of the World™,205649,62828,5,2,2018
https://twitter.com/FelicioneK/status/960310184458498048,2018-02-05 00:32:44+00:00,960310184458498048,#WeatherTech pulling on the strings of patriotism; building a factory in the US - Isn't that the way it's supposed to be @peggyjliu #consumerbehavior,3,0,6,FelicioneK,karisa felicione,324,217,5,2,2018
https://twitter.com/M2RESIST/status/960310156964876289,2018-02-05 00:32:37+00:00,960310156964876289,@WeatherTech Never buy ur shit! Pro trump assclowns!,1,0,7,M2RESIST,COMRADE CONMAN,25,110,5,2,2018
https://twitter.com/TheKidJNel7/status/960310139931824130,2018-02-05 00:32:33+00:00,960310139931824130,@WeatherTech You all that bash this ad are anti-America you should all be ashamed of yourselves!,1,1,3,TheKidJNel7,It’sHappening2020,1178,4802,5,2,2018
https://twitter.com/strobist/status/960310130603708417,2018-02-05 00:32:31+00:00,960310130603708417,"@WeatherTech Classy. What’s in the extended version, hanging out at The Wall and shooting a few migrants? No worries, ultranationalism will work well for the 37% of your market who wear #MAGA hats. The other 63%? Not so much. 👎👎",1,1,11,strobist,David Hobby,260706,85,5,2,2018
https://twitter.com/seriousfun8309/status/960310129269731328,2018-02-05 00:32:31+00:00,960310129269731328,@ComfortablySmug Weathertech should build the wall and make Rubbermaid pay for it.,1,0,19,seriousfun8309,Doug Osborne,3039,2933,5,2,2018
https://twitter.com/JustJared/status/960310110785556480,2018-02-05 00:32:26+00:00,960310110785556480,WeatherTech touted its American factory in its #SuperBowl commercial - watch now https://t.co/Wtmdygv0FR,3,0,7,JustJared,JustJared.com,734415,2925,5,2,2018
https://twitter.com/DaveOshry/status/960310090346643456,2018-02-05 00:32:21+00:00,960310090346643456,@JSmithOTI @WeatherTech MAKE RUBBER FLOOR MATS GREAT AGAIN,1,0,3,DaveOshry,Steam Summer Dave,70206,888,5,2,2018
https://twitter.com/max_power_562/status/960310042577666048,2018-02-05 00:32:10+00:00,960310042577666048,@WeatherTech D-baggery at it's finest,1,0,7,max_power_562,Gumbercules 562,49,1109,5,2,2018
https://twitter.com/jhansman/status/960309946918174720,2018-02-05 00:31:47+00:00,960309946918174720,@openingprint @WeatherTech Repeat customer here. Great products,1,0,4,jhansman,john🍊🇺🇸🇺🇸🇺🇸🇺🇸🇺🇸🇺🇸🇺🇸🇺🇸🇺🇸,2015,1890,5,2,2018
https://twitter.com/MrSadi/status/960309917088452608,2018-02-05 00:31:40+00:00,960309917088452608,Didn’t expect to see dog whistles during #SuperBowl2018 seriously @WeatherTech wtf!,1,0,1,MrSadi,Michael Sadicario,584,1223,5,2,2018
https://twitter.com/a73elkyss/status/960309864215072769,2018-02-05 00:31:27+00:00,960309864215072769,"#weathertech YES, building your factory in America is exactly the way it is supposed to be. I'll be ordering your products.  Make America Great Again one factory at a time. https://t.co/0CeE7ImwNH",1,0,3,a73elkyss,a73elkyss,8,32,5,2,2018
https://twitter.com/JSmithOTI/status/960309835312123904,2018-02-05 00:31:21+00:00,960309835312123904,"@DaveOshry @WeatherTech Excuse me, but did you know that Weathertech is the first company to ever make a factory in #America?",1,1,6,JSmithOTI,JSmithOTI,29165,1022,5,2,2018
https://twitter.com/michellibell/status/960309794153299969,2018-02-05 00:31:11+00:00,960309794153299969,"At first I thought the #weathertech commercial was a 'Building the Wall' bit. I was waiting for Trump to pop up and say, ""Told you so!"" #SuperBowl",2,2,4,michellibell,michellibell,175,350,5,2,2018
https://twitter.com/Oscar_P22/status/960309778621849600,2018-02-05 00:31:07+00:00,960309778621849600,@Gu3ro15 WeatherTech? I thought I was the only one lol,1,1,2,Oscar_P22,Kur,503,407,5,2,2018
https://twitter.com/KEBrightbill/status/960309763992182784,2018-02-05 00:31:04+00:00,960309763992182784,That WeatherTech ad was highly political and definitely supposed to evoke the idea of building a wall. #BrandBowl52,2,3,11,KEBrightbill,Kathryn Brightbill,11292,3218,5,2,2018
https://twitter.com/jpodhoretz/status/960309713060683776,2018-02-05 00:30:51+00:00,960309713060683776,You know Trump is going to tweet about the WeatherTech ad,11,9,72,jpodhoretz,John Podhoretz,122952,1314,5,2,2018
https://twitter.com/Carlyon_chris/status/960309679032295424,2018-02-05 00:30:43+00:00,960309679032295424,@WeatherTech Your super bowl ad was in very poor taste. It invoked images of Trumps wall. You just lost a customer.,1,4,20,Carlyon_chris,Carlyon Christian,4,22,5,2,2018
https://twitter.com/CBSMornings/status/960309644928475137,2018-02-05 00:30:35+00:00,960309644928475137,"This is the 5th consecutive #SuperBowl commercial for @WeatherTech and they have run their ""Made In America"" messaging every year. -- @jpoggi",3,1,12,CBSMornings,CBS Mornings,490077,2108,5,2,2018
https://twitter.com/TheKidJNel7/status/960309621444538368,2018-02-05 00:30:30+00:00,960309621444538368,@WeatherTech I will be out buying @WeatherTech mats tomorrow! USA USA 🇺🇸🇺🇸,3,3,16,TheKidJNel7,It’sHappening2020,1178,4802,5,2,2018
https://twitter.com/hermjon/status/960309596018565121,2018-02-05 00:30:24+00:00,960309596018565121,@WeatherTech That ad was the worst of the nite so far. Everyone in the room flipped the tv the bird. Congrats.,2,5,27,hermjon,Jon H 🇺🇦,822,1228,5,2,2018
https://twitter.com/jenmarie410/status/960309581288271872,2018-02-05 00:30:20+00:00,960309581288271872,@WeatherTech Was that a #trump wall shout out? You could have been patriotic but instead used rascist ideology to advertise your company. #gross #weathertech,2,2,17,jenmarie410,BANS OFF OUR BODIES!,18800,20282,5,2,2018
https://twitter.com/90minutetape/status/960309446688890882,2018-02-05 00:29:48+00:00,960309446688890882,"Worst #SuperBowl commercial so far: @WeatherTech — I mean, why spend a million bucks to watch an ugly building get built instead of informing us about their products? 😐",1,3,3,90minutetape,Time Runner (@SpaceTimeJunction),905,932,5,2,2018
https://twitter.com/ComfortablySmug/status/960309386819366918,2018-02-05 00:29:34+00:00,960309386819366918,Was the Weather Tech ad a Wall dog whistle?,7,12,13,ComfortablySmug,Comfortably Smug,247429,6580,5,2,2018
https://twitter.com/mattbunk/status/960309377524797440,2018-02-05 00:29:31+00:00,960309377524797440,I honestly couldn’t tell if WeatherTech was being sincere or sarcastic. #superbowl #brandbowl,1,0,3,mattbunk,Matt Bunk,592,332,5,2,2018
https://twitter.com/hswift/status/960309340669464576,2018-02-05 00:29:23+00:00,960309340669464576,That WeatherTech #SuperBowl ad might as well have had #MAGA printed across it.  #MAGAnomics #JobsJobsJobs #NotTiredOfWinning 🇺🇸,1,0,3,hswift,Heather Swift,1389,2294,5,2,2018
https://twitter.com/SCOTUSPlaces/status/960309294985031680,2018-02-05 00:29:12+00:00,960309294985031680,"Rated: @WeatherTech wants you to think it is building the wall for some reason. 0.5/10. Don't buy WeatherTech, assuming they sell things.",2,0,10,SCOTUSPlaces,Jack Metzler (cleaned up),17632,784,5,2,2018
https://twitter.com/tommyxtopher/status/960309264224018432,2018-02-05 00:29:04+00:00,960309264224018432,"Wow, fuck Weathertech. #SuperBowlLII",3,6,16,tommyxtopher,Tommy moderna-vaX-Topher,31930,2264,5,2,2018
https://twitter.com/ToniAnnAnello/status/960309251456618499,2018-02-05 00:29:01+00:00,960309251456618499,WeatherTech Commercial for the win!!  Reppin American made products manufactured in the USA 🇺🇸 The way it should be!!  #SuperBowl,2,1,13,ToniAnnAnello,Toni,2346,124,5,2,2018
https://twitter.com/savvy_travelers/status/960309249619345408,2018-02-05 00:29:01+00:00,960309249619345408,Wtf is @weathertech? #SuperBowl52,1,0,3,savvy_travelers,SAVVY TRAVELERS,1071,480,5,2,2018
https://twitter.com/MarcQuill/status/960309235325243393,2018-02-05 00:28:58+00:00,960309235325243393,"@Galileo908 Funny, I thought they were building a wall in the manner of a certain President's desires before they revealed it was a Weathertech factory.",1,0,0,MarcQuill,Marc Quill of #RingCrashers🏳️‍🌈,1254,1773,5,2,2018
https://twitter.com/ElieNYC/status/960309216677384192,2018-02-05 00:28:53+00:00,960309216677384192,Cross @WeatherTech off the list of companies I’ll buy products from. #SuperBowl,3,10,11,ElieNYC,Elie Mystal,455508,4972,5,2,2018
https://twitter.com/ItsAvery/status/960309213426745355,2018-02-05 00:28:52+00:00,960309213426745355,so Weather tech is building the wall or....,1,0,3,ItsAvery,Avery,2407,765,5,2,2018
https://twitter.com/DavidNakamura/status/960309207982641152,2018-02-05 00:28:51+00:00,960309207982641152,WeatherTech with the first political commercial? https://t.co/0PQ0X976v0,6,5,12,DavidNakamura,David Nakamura,76733,1395,5,2,2018
https://twitter.com/blkdrag0n/status/960309189200490496,2018-02-05 00:28:47+00:00,960309189200490496,@WeatherTech Very right wing add you got there. No thanks to your product.,2,0,9,blkdrag0n,Cal_El,63,328,5,2,2018
https://twitter.com/rob41278/status/960309180006633473,2018-02-05 00:28:44+00:00,960309180006633473,#weathertech for the win! 🇺🇸,3,0,4,rob41278,rob,2438,3025,5,2,2018
https://twitter.com/highmileage/status/960309179276722176,2018-02-05 00:28:44+00:00,960309179276722176,"Powerful @WeatherTech #SuperBowl ad, with a Made in the USA play. Would have liked this to skew more toward fuzzy feels instead of severe. Yet another big ad without product highlights. #brandbowl",1,0,0,highmileage,Adam📸On Insta!,4377,1162,5,2,2018
https://twitter.com/6ftmommy/status/960309172985212928,2018-02-05 00:28:43+00:00,960309172985212928,"Loved the Weather Tech ad, it reminded me of the the walls on the border here in San Diego #BuildTheWall",1,0,1,6ftmommy,⚖️TRY 2 Come & Take It🥃👠,806,1791,5,2,2018
https://twitter.com/DNAtv/status/960309155939598336,2018-02-05 00:28:39+00:00,960309155939598336,"Yeah so Weathertech can eat a...well ""you figure it out...""",1,0,0,DNAtv,Derrick N Ashong,16589,6113,5,2,2018
https://twitter.com/kevintweet11/status/960309148255752192,2018-02-05 00:28:37+00:00,960309148255752192,Not buying weathertech lmao. Looked like a trump ad,1,0,0,kevintweet11,Kevdawggg,596,809,5,2,2018
https://twitter.com/RyanFoxNOW/status/960309145856561152,2018-02-05 00:28:36+00:00,960309145856561152,yes. it is. thank you #weathertech 🇺🇸 #superbowl https://t.co/On1fWGaFWB,1,0,7,RyanFoxNOW,r y a n  f o x,4557,5015,5,2,2018
https://twitter.com/coxb2/status/960309139581829120,2018-02-05 00:28:35+00:00,960309139581829120,@WeatherTech Hate your commercial! Our family will never buy your product!,2,1,13,coxb2,Beryel Cox,251,2075,5,2,2018
https://twitter.com/KwamWrites/status/960309138818519040,2018-02-05 00:28:35+00:00,960309138818519040,"Uh yeah. @Tide is winning the night already. And I’m not sure, but did @WeatherTech just run a #MAGA ad??? #SuperBowl",1,0,0,KwamWrites,The One Who Writes,1741,3707,5,2,2018
https://twitter.com/lesleyabravanel/status/960309133177245697,2018-02-05 00:28:33+00:00,960309133177245697,I have zero interest in knowing what #Weathertech does after that ad. I know enough already. #superbowlcommercials #BrandBowl52,1,0,7,lesleyabravanel,Lesley Abravanel 🪩,66805,51314,5,2,2018
https://twitter.com/digimegaphone/status/960309104588787712,2018-02-05 00:28:26+00:00,960309104588787712,And the most racist @SuperBowl commercial of the night goes to @WeatherTech   - Made in the USA - isn't that the way it's supposed to be?  WTF.  Was that building supposed to look like building a wall?   #Superbowl #superbowlcommercials,1,1,2,digimegaphone,Digital Megaphone,7139,3535,5,2,2018
https://twitter.com/NatalieSMcGill/status/960309089812254720,2018-02-05 00:28:23+00:00,960309089812254720,Anyone else get scared that Weather Tech ad was gonna be a Build The Wall commercial? #SuperBowlLII,1,2,5,NatalieSMcGill,Natalie McGill,2936,997,5,2,2018
https://twitter.com/LKinTX/status/960309085177634817,2018-02-05 00:28:22+00:00,960309085177634817,Great commercial Weathertech!!  #MAGA #SuperBowl,1,1,8,LKinTX,LKinTX,1128,1133,5,2,2018
https://twitter.com/ChrisReimer/status/960309075186782210,2018-02-05 00:28:19+00:00,960309075186782210,Super happy to see a @WeatherTech ad during #SBLII #superbowl,1,0,3,ChrisReimer,Chris Reimer | Boosa Tech,43070,7153,5,2,2018
https://twitter.com/paulandstorm/status/960309067142041601,2018-02-05 00:28:17+00:00,960309067142041601,[S] Fuck WeatherTech.,5,6,37,paulandstorm,Paul and Storm,43670,561,5,2,2018
https://twitter.com/MaggieHaskins1/status/960309052273127428,2018-02-05 00:28:14+00:00,960309052273127428,Raise your hand if you said “is this a border wall ad?” during the #WeatherTech commercial?,16,4,122,MaggieHaskins1,Maggie Haskins,389,615,5,2,2018
https://twitter.com/EvolvedTRex/status/960309052067610624,2018-02-05 00:28:14+00:00,960309052067610624,And WeatherTech earns the coveted “First Ad to Blatantly Lick Trump’s Taint” award.  #SuperBowl,1,0,1,EvolvedTRex,ModernDino,530,517,5,2,2018
https://twitter.com/PieterJKetelaar/status/960309034338410497,2018-02-05 00:28:10+00:00,960309034338410497,Annnnnnd that's why I'll never buy @WeatherTech. #SuperBowlCommercials #SuperBowlLII #NoWall,1,0,5,PieterJKetelaar,Pieter J. Ketelaar 3 😷 💉,12603,5680,5,2,2018
https://twitter.com/aashaykumar92/status/960309017489920000,2018-02-05 00:28:06+00:00,960309017489920000,@realDonaldTrump Weather Tech right? #DillyDilly @thesajmahal,2,1,3,aashaykumar92,Aashay Kumar,205,182,5,2,2018
https://twitter.com/Matt__G7/status/960309012322508802,2018-02-05 00:28:04+00:00,960309012322508802,I know y’all peep’d bolingbrook in that weather tech commercial,1,0,4,Matt__G7,Matt Guevara,321,206,5,2,2018
https://twitter.com/ZandraCourt/status/960309009327669248,2018-02-05 00:28:04+00:00,960309009327669248,"Don’t know what the hell #weathertech does, but clearly you have to be a racist, facist Republican to use it.",1,6,26,ZandraCourt,🏳️‍🌈 Zandra 🖋,47,331,5,2,2018
https://twitter.com/JohnSpaulding/status/960308960946475009,2018-02-05 00:27:52+00:00,960308960946475009,#Weathertech for the best commercial.,2,0,6,JohnSpaulding,𝙹𝚘𝚑𝚗 𝚂𝚙𝚊𝚞𝚕𝚍𝚒𝚗𝚐 🌲,2964,2314,5,2,2018
https://twitter.com/garywhitta/status/960308955363737600,2018-02-05 00:27:51+00:00,960308955363737600,Did WeatherTech really intend for all that subliminal wall imagery in that “built in the USA” ad?,7,19,81,garywhitta,Gary Whitta,122671,594,5,2,2018
https://twitter.com/katgordon/status/960308943196221440,2018-02-05 00:27:48+00:00,960308943196221440,Every year @WeatherTech shows up + every year I wonder who's buying new car mats? #3percentsb,2,3,7,katgordon,Katherine M. Gordon,14664,955,5,2,2018
https://twitter.com/DJRanKan/status/960308942541910017,2018-02-05 00:27:48+00:00,960308942541910017,Respect to @WeatherTech 🇺🇸,1,0,4,DJRanKan,Dj Rankan,14774,5775,5,2,2018
https://twitter.com/PrezLife/status/960308940750884866,2018-02-05 00:27:47+00:00,960308940750884866,Thought that was a Trump commercial for the Wall #weathertech,1,1,0,PrezLife,Successfully Unemployed,1096,248,5,2,2018
https://twitter.com/MatthewStefanTV/status/960308934249607169,2018-02-05 00:27:46+00:00,960308934249607169,Is the new WeatherTech #SuperBowl ad controversial? https://t.co/3YgHb3XlmC,4,0,5,MatthewStefanTV,Matthew Stefan,15015,4489,5,2,2018
https://twitter.com/corinnec/status/960308922681831425,2018-02-05 00:27:43+00:00,960308922681831425,I think WeatherTech knows who can #buildthewall. Let’s ask #superbowlcommercials,4,0,17,corinnec,Corinne Clark Barron,26970,29323,5,2,2018
https://twitter.com/adage/status/960308916453298176,2018-02-05 00:27:42+00:00,960308916453298176,This is the fifth consecutive #SuperBowl commercial for @WeatherTech. Every yr they run their “Made in America” messaging so not much to read into.,11,3,26,adage,Ad Age,1001873,73143,5,2,2018
https://twitter.com/brandacity/status/960308904218517506,2018-02-05 00:27:39+00:00,960308904218517506,Think floor mats are boring? Then you don't know @WeatherTech #superbowltweetmeet #brandbowl,1,0,1,brandacity,Brandacity,2521,1768,5,2,2018
https://twitter.com/DrunkUncTony/status/960308902175719424,2018-02-05 00:27:38+00:00,960308902175719424,Nah that weather tech (build that wall) commercial had so many MAGA connotations,16,1,3,DrunkUncTony,Slevin Kelevra,17141,1302,5,2,2018
https://twitter.com/sksrph/status/960308890901602304,2018-02-05 00:27:35+00:00,960308890901602304,#WeatherTech   Hell yes!!,1,0,2,sksrph,Raise a Ruckus,199,2165,5,2,2018
https://twitter.com/BillSchulz/status/960308889169420288,2018-02-05 00:27:35+00:00,960308889169420288,Am I the only one that thought that WeatherTech ad was initially a commercial for Trump's Wall (TM)?,67,92,304,BillSchulz,Bill Schulz,42484,2534,5,2,2018
https://twitter.com/HistoryBoyle/status/960308878675206144,2018-02-05 00:27:33+00:00,960308878675206144,I feel like WeatherTech made that commercial for an audience of one...,1,2,15,HistoryBoyle,Joe Boyle,3202,2467,5,2,2018
https://twitter.com/ShadowZeroZero7/status/960308874883497985,2018-02-05 00:27:32+00:00,960308874883497985,Weather tech ad a little too trump wall like,1,0,0,ShadowZeroZero7,Shadow007,1,79,5,2,2018
https://twitter.com/TrickDaddyy/status/960308867648274432,2018-02-05 00:27:30+00:00,960308867648274432,fuck @WeatherTech,1,0,2,TrickDaddyy,TrickDaddyy,3513,2647,5,2,2018
https://twitter.com/ugottapaytoplay/status/960308862321651713,2018-02-05 00:27:29+00:00,960308862321651713,The #weathertech commercial seemed like it was building trumps wall.,1,0,1,ugottapaytoplay,David Cop-A-Feel,1949,140,5,2,2018
https://twitter.com/marielarroyo/status/960308844978110465,2018-02-05 00:27:24+00:00,960308844978110465,Okay WeatherTech... #SuperBowl https://t.co/6x8GRob1LC,2,2,12,marielarroyo,Mariel Arroyo,220,298,5,2,2018
https://twitter.com/adage/status/960308843212365824,2018-02-05 00:27:24+00:00,960308843212365824,Initially I thought these builders in the @WeatherTech #SuperBowl ad were building a wall.,17,9,89,adage,Ad Age,1001873,73143,5,2,2018
https://twitter.com/JazzShaw/status/960308842927132672,2018-02-05 00:27:24+00:00,960308842927132672,That @WeatherTech ad was pretty #MAGA,2,0,8,JazzShaw,Jazz Shaw,21084,1901,5,2,2018
https://twitter.com/TheRickWilson/status/960308837080289280,2018-02-05 00:27:23+00:00,960308837080289280,WeatherTech ad needed a closing VO. C.,5,16,61,TheRickWilson,Rick Wilson,1446935,6915,5,2,2018
https://twitter.com/ComfortablySmug/status/960308832957280256,2018-02-05 00:27:22+00:00,960308832957280256,Weather Tech should have built a wall,15,5,101,ComfortablySmug,Comfortably Smug,247429,6580,5,2,2018
https://twitter.com/KeithLeventhal/status/960308829295730688,2018-02-05 00:27:21+00:00,960308829295730688,"9th commercial break... Diet Coke - what?!?! Jeep - blah Tide - Okay, that was a good one (the Old Spice parody) Weather Tech - Was that a pro-Trump ad? #SB52 #SBLII",1,0,1,KeithLeventhal,Keith Leventhal,1427,931,5,2,2018
https://twitter.com/MikeSchlossberg/status/960308809205014529,2018-02-05 00:27:16+00:00,960308809205014529,Definitely thought the WeatherTech ad was the wall.,2,1,13,MikeSchlossberg,Mike Schlossberg,8247,4801,5,2,2018
https://twitter.com/MarkDiMassimo/status/960308808877854722,2018-02-05 00:27:16+00:00,960308808877854722,Weather Tech built its factory in America. Where do I send their medal?,1,0,1,MarkDiMassimo,Mark DiMassimo,3073,3040,5,2,2018
https://twitter.com/UpperEastRob/status/960308806453485568,2018-02-05 00:27:15+00:00,960308806453485568,DUH ALERT: Is WeatherTech’s #SuperBowl ad about building an American factory or an American border wall? https://t.co/3RO58Q0ztK,4,6,15,UpperEastRob,Robert Klara,2383,219,5,2,2018
https://twitter.com/VTFritz/status/960308800703139840,2018-02-05 00:27:14+00:00,960308800703139840,Oh weathertech that was lame.,1,1,2,VTFritz,Fritz,366,688,5,2,2018
https://twitter.com/cdrsalamander/status/960308795208552448,2018-02-05 00:27:13+00:00,960308795208552448,"Darn, I thought the WeatherTech guys were building The Wall.",1,1,11,cdrsalamander,cdrsalamander,12712,823,5,2,2018
https://twitter.com/wetheroses/status/960308784060030977,2018-02-05 00:27:10+00:00,960308784060030977,"Weather Tech is a Chinese company, FYI. Lol",1,0,0,wetheroses,Go Dubs.,440,614,5,2,2018
https://twitter.com/AbmulOdama/status/960308783988711425,2018-02-05 00:27:10+00:00,960308783988711425,Diet Coke commercial 👎🏽 Jeep commercial 👎🏽 Tide commercial 👍🏽 WeatherTech commercial 👎🏽 #SuperBowlAds,1,0,2,AbmulOdama,ÄbmúlØdáma (he/him),475,280,5,2,2018
https://twitter.com/BeemieAwards/status/960308776338206720,2018-02-05 00:27:08+00:00,960308776338206720,"""At Weathertech we just spent $4 million dollars to show how patriotic we are'",1,1,6,BeemieAwards,Jason Beem,11970,866,5,2,2018
https://twitter.com/Galileo908/status/960308757853962240,2018-02-05 00:27:04+00:00,960308757853962240,inb4 WeatherTech is funded by the Kochs. #SuperBowl,2,1,1,Galileo908,Not Steve Jortles,1208,886,5,2,2018
https://twitter.com/_DE_VO_/status/960308756486729728,2018-02-05 00:27:03+00:00,960308756486729728,I thought that WeatherTech ad was about the wall,2,2,0,_DE_VO_,Lewis V. Taiwan,375,1259,5,2,2018
https://twitter.com/BedrockPerson/status/960308752300826624,2018-02-05 00:27:02+00:00,960308752300826624,"Diet Coke. Really, really annoying Diet Coke. K, car commercial. Who is? Ah, it's Jeep Old Spice. Cool-OH MY GOD IT'S TIDE WeatherTech...okay?  #SuperBowl",1,0,1,BedrockPerson,ZOG. ✡︎,56,115,5,2,2018
https://twitter.com/TimothyCalkins/status/960288047832199174,2018-02-04 23:04:46+00:00,960288047832199174,I wonder if @WeatherTech will earn an A grade this year. We will see soon enough. #kelloggbowl #superbowl https://t.co/dv4Dz4pz1t,1,0,2,TimothyCalkins,Tim Calkins,4761,1620,4,2,2018
https://twitter.com/allusaclothing/status/960287099416186880,2018-02-04 23:01:00+00:00,960287099416186880,From our pals @WeatherTech... They never give up promoting #AmericanManufacturing! #SuperBowl2018 #SuperBowlAds #allusalove https://t.co/DwxiKncFEY https://t.co/hCT3JNBgL6,1,0,6,allusaclothing,All USA Clothing,2600,2309,4,2,2018
https://twitter.com/WeatherTech/status/960286849666375680,2018-02-04 23:00:00+00:00,960286849666375680,Keep an eye out for #WeatherTech during the 2nd quarter of the Super BowlⓇ! #SBLII https://t.co/7ai1qY5yMc,21,101,128,WeatherTech,WeatherTech,9739,1778,4,2,2018
https://twitter.com/BBrookEvents/status/960266605006675969,2018-02-04 21:39:34+00:00,960266605006675969,Thanks @WeatherTech for calling #Bolingbrook IL USA 🇺🇸 your home!  Can't wait for tonight's #SuperBowlSunday TV Commercial on @nbc!  #WeatherTech #MadeintheUSA  Learn More: https://t.co/SVxaLBBDnv  Commercial: https://t.co/KazNkcPYEQ  (@nbcchicago @NBCSports),2,0,4,BBrookEvents,BolingbrookEvents,491,697,4,2,2018
https://twitter.com/parsons_tech/status/960255270999003138,2018-02-04 20:54:31+00:00,960255270999003138,Just joined @YorkshireCCC as a day member. Can't wait for the new season to start! Hopping for some good weather!,2,2,8,parsons_tech,Alex Parsons-Hulse,864,1320,4,2,2018
https://twitter.com/WeatherTech/status/960174256159121409,2018-02-04 15:32:36+00:00,960174256159121409,Today is the day we share our story. #SBLII https://t.co/gCi8CVqcXd,19,11,97,WeatherTech,WeatherTech,9739,1778,4,2,2018
https://twitter.com/BassCamo/status/960171730043097088,2018-02-04 15:22:34+00:00,960171730043097088,BASS CAMO Neck Gaiter keeps you enjoying the outdoors longer when bugs wind sun and chilly weather happens ! Great looks superior comfort with built in UPF50 sun protection and PURE-tech breathable moisture wicking performance $21 https://t.co/pbFlr2Fpd8,3,0,9,BassCamo,Bass Camo Apparel,7341,3117,4,2,2018
https://twitter.com/Eelsportsnutt/status/960158405758537728,2018-02-04 14:29:37+00:00,960158405758537728,@DumoulinDC @SuperBowl @WeatherTech @Pintysfoods @DumoulinLP @weathertechca @NASCAR @NASCARHomeTrack #GameDayRollCall ....READY.GoPats!!!!! https://t.co/FWJM57BrGx,1,1,3,Eelsportsnutt,ERIC🇨🇦,144,81,4,2,2018
https://twitter.com/JenGilroy1/status/960146415098966017,2018-02-04 13:41:58+00:00,960146415098966017,Me: My knees hurt. Tech Guy: It must be going to snow.  And our reputation as weather forecasters is made! https://t.co/rMkRgT4mBn,1,0,8,JenGilroy1,Jen Gilroy,4156,3031,4,2,2018
https://twitter.com/virginia_tech/status/960137112845602816,2018-02-04 13:05:00+00:00,960137112845602816,"Hey, #Hokies, get a refresher on winter-weather-on-campus procedures ❄️👉 https://t.co/LC6zhhZ9eq",3,0,9,virginia_tech,Virginia Tech,88773,475,4,2,2018
https://twitter.com/DumoulinDC/status/960121780412276736,2018-02-04 12:04:05+00:00,960121780412276736,"Wait...Are u supposed to see this before tonight's @SuperBowl? Don't miss @WeatherTech commercial on your TV, new America factory 🏁Also you might wanna make some @Pintysfoods supplies...Just saying 😏@DumoulinLP @weathertechca @NASCAR @NASCARHomeTrack https://t.co/itMiKJfOuF",2,1,9,DumoulinDC,Dumoulin Compétition,1943,547,4,2,2018
