url,Datetime,Tweet Id,Text,Retweet Count,Reply Count,Like Count,Username,Display Name,Followers Count,Friends Count,Day,Month,Year
https://twitter.com/rylandking/status/960659308881920000,2018-02-05 23:40:02+00:00,960659308881920000,"My newest thing — Surf Trip List.  It helps you find your best place to surf, travel and stay. Book flights. Book accommodations. I built it in 7 days (without code) using @squarespace, @typeform and @brennandunn's Right Message. https://t.co/RHAF978Lnh",7,8,86,rylandking,Ryland King 🛠,898,1,5,2,2018
https://twitter.com/MichaelSDoyle/status/960659126815739904,2018-02-05 23:39:18+00:00,960659126815739904,"How Squarespace Went To The Super Bowl With “Mysterious, Humble Guy” Keanu Reeves, which was entertaining: https://t.co/L4YcWnzZqg",5,0,3,MichaelSDoyle,Michael Doyle,71281,66654,5,2,2018
https://twitter.com/TheParisStudio/status/960658050389565441,2018-02-05 23:35:02+00:00,960658050389565441,Watercolor #LogoDesign #Branding #Wordpress #Website #blog #boutique #restaurant #photography #ecommerce #squarespace #etsy #ebay #watercolor #floral #handdrawn #socialmedia #水彩 #標誌設計 #平面设计 #餐廳 #網站 #品牌 #復古 #手繪感 #社交媒體 #網絡營銷 https://t.co/f173HuqTOW https://t.co/3wohy69iZS,1,0,0,TheParisStudio,TheParisStudio,1873,232,5,2,2018
https://twitter.com/CareerContessa/status/960657019966574597,2018-02-05 23:30:56+00:00,960657019966574597,You deserve it. Sponsored by @Squarespace https://t.co/8vADvbhB1q,1,0,2,CareerContessa,Career Contessa,11760,1126,5,2,2018
https://twitter.com/MarshaCollier/status/960656287322333184,2018-02-05 23:28:01+00:00,960656287322333184,Amazon wins at the 2018 @KelloggSchool #SuperBowl Advertising Review T-Mobile and Squarespace Fumble during the Game  #KelloggBowl  #BrandBowl #marketing https://t.co/TTVP7l4FbJ https://t.co/t5TuIl05t3,12,0,14,MarshaCollier,Marsha Collier,234950,72165,5,2,2018
https://twitter.com/squarespace/status/960648233809793029,2018-02-05 22:56:01+00:00,960648233809793029,"@Intuit .@Intuit We can only imagine what Pari, your inventive entrepreneur, might build next. It’s people like Pari who inspire us to provide a platform and tools to help small businesses grow.",1,1,5,squarespace,Squarespace,146181,6,5,2,2018
https://twitter.com/PiaLovesYourBiz/status/960617946216325120,2018-02-05 20:55:40+00:00,960617946216325120,"Focus your time on building your brand, not your building website, use @Squarespace,  #badassyourbrand https://t.co/1DpaPycvtF",3,0,5,PiaLovesYourBiz,Pia Silva,10633,10830,5,2,2018
https://twitter.com/jamesxkay/status/960617287312134144,2018-02-05 20:53:03+00:00,960617287312134144,Just wanna quickly shoutout @squarespace for having awesome customer support. Big up!,1,1,5,jamesxkay,James Kay,528,169,5,2,2018
https://twitter.com/daisymae/status/960614202149916672,2018-02-05 20:40:47+00:00,960614202149916672,https://t.co/K5thgn5Icl #Keanureeves #squarespace  Put your dream out there.,1,0,2,daisymae,Athina1962,118,292,5,2,2018
https://twitter.com/AgeVerifyCo/status/960607832323211264,2018-02-05 20:15:29+00:00,960607832323211264,"Check out the custom AgeVerify instance we created for Santa Cruz's Best Cannabis Dispensary '15, '16, '17,... @kindpeoplesrx  #cannabis #marijuana #dispensary #Squarespace #legalize #California #SantaCruz https://t.co/I8ua2wtz5D",1,0,2,AgeVerifyCo,AgeVerify.co,2953,2178,5,2,2018
https://twitter.com/KeanuReeves_USA/status/960597382172848128,2018-02-05 19:33:57+00:00,960597382172848128,Keanu Reeves Wasn’t Fazed by the Life-Threatening Stunts in His #squarespace #SuperBowl2018  Ad #keanureeves #stunts #KRGT1 #Archmotorcycle https://t.co/6BiKEiSaHy https://t.co/Ca5WrZXJyY,7,2,89,KeanuReeves_USA,◉ 𝐊𝐞𝐚𝐧𝐮 𝐑𝐞𝐞𝐯𝐞𝐬 * 𝐒𝐮𝐢 𝐆𝐞𝐧𝐞𝐫𝐢𝐬 𝐔𝐩𝐝𝐚𝐭𝐞𝐬,12031,330,5,2,2018
https://twitter.com/CinemoteMedia/status/960592711328780288,2018-02-05 19:15:23+00:00,960592711328780288,"Cheaper than Squarespace &amp; wix. Own your classy, mobile friendly website for as low as $16/month. Demo: https://t.co/9y1ypagvYE #actorslife https://t.co/ZSKbxr9ef1",1,1,2,CinemoteMedia,Cinemote Media,1145,538,5,2,2018
https://twitter.com/agnesRD/status/960583111137464320,2018-02-05 18:37:15+00:00,960583111137464320,#KeanuReeves @archmoco Wasn’t Fazed by the Life-Threatening Stunts in His #Squarespace Super Bowl Ad https://t.co/fLEffoG4xe,1,0,9,agnesRD,Agnes 🎭♋️,928,242,5,2,2018
https://twitter.com/markjburns88/status/960579202780053504,2018-02-05 18:21:43+00:00,960579202780053504,"Top 5 #SB52 commercials, per data from @TiVo: 1) PepsiCo: Doritos Blaze vs. Mountain Dew Ice: “Battle” 2) NFL: “Board Games” 3) Pringles: “Wow” 4) Michelob: “The Perfect Fit” 5) Squarespace: “Make It Happen”",1,0,2,markjburns88,Mark J. Burns,19082,1372,5,2,2018
https://twitter.com/CircleK_Fans/status/960577489126019073,2018-02-05 18:14:54+00:00,960577489126019073,Keanu Reeves Wasn't Fazed by the Life-Threatening Stunts in His Squarespace Super Bowl Ad #keanureeves  https://t.co/2YAf51cm4E https://t.co/bfsjOhTvWm,3,1,16,CircleK_Fans,Lainey S.,4671,2368,5,2,2018
https://twitter.com/CircleK_Fans/status/960576657013854208,2018-02-05 18:11:36+00:00,960576657013854208,Keanu Reeves Wasn’t Fazed by the Life-Threatening Stunts in His Squarespace Super Bowl Ad https://t.co/hgw69Q22k6,1,1,9,CircleK_Fans,Lainey S.,4671,2368,5,2,2018
https://twitter.com/urockradiophl/status/960576074894757888,2018-02-05 18:09:17+00:00,960576074894757888,The latest U-Rock Radio™ Today! https://t.co/8hbx8y1ztk Thanks to @CultVultures @squarespace @TheRealWBTC #breakingnews #eghradio,1,0,1,urockradiophl,WPHL-DB URock Philly,130,135,5,2,2018
https://twitter.com/CircleK_Fans/status/960574472804884480,2018-02-05 18:02:55+00:00,960574472804884480,"How Squarespace Went To The Super Bowl With “Mysterious, Humble Guy” Keanu Reeves https://t.co/Y3smbHLMaa",1,0,9,CircleK_Fans,Lainey S.,4671,2368,5,2,2018
https://twitter.com/Adweek/status/960573740932325382,2018-02-05 18:00:01+00:00,960573740932325382,Did you know Keanu Reeves did his own stunts in that #SuperBowl spot for Squarespace? https://t.co/hVePCB8m53 https://t.co/Ygj51OF1v5,8,0,14,Adweek,Adweek,690384,26538,5,2,2018
https://twitter.com/okka_nyan/status/960572206756474880,2018-02-05 17:53:55+00:00,960572206756474880,"Keanu Reeves Wasn’t Fazed by the Life-Threatening Stunts in His  Squarespace Super Bowl Ad  Yes, that's really him on top of a motorcycle  at 45 MPH https://t.co/no5WiL4yGN https://t.co/BsyxLZW2kg Thanks!😘 @Keanuital",5,2,28,okka_nyan,Ayako Ueda,4343,759,5,2,2018
https://twitter.com/Keanuital/status/960569937608822786,2018-02-05 17:44:54+00:00,960569937608822786,"Keanu Reeves Wasn’t Fazed by the Life-Threatening Stunts in His Squarespace Super Bowl Ad Yes, that's really him on top of a motorcycle at 45 MPH https://t.co/JlcHqkTc9a https://t.co/nawzlrIu4Z",24,4,90,Keanuital,Keanuital,12805,37,5,2,2018
https://twitter.com/Sunstreaker84/status/960568542268665857,2018-02-05 17:39:21+00:00,960568542268665857,TiVo Nation...could we sit down a second and talk about why you watched that Squarespace ad so much? I feel like it must be a cry for help. https://t.co/mJqlu2idWT,1,0,0,Sunstreaker84,Anthony Karcz,1186,417,5,2,2018
https://twitter.com/nilerodgers/status/960563180673077251,2018-02-05 17:18:03+00:00,960563180673077251,Keanu Reeves Super Bowl commercial 2018: Surfing a motorcycle for Squarespace https://t.co/PBCzxYwzwL,8,2,44,nilerodgers,Nile Rodgers,210999,8492,5,2,2018
https://twitter.com/keanuplanet/status/960560722014064643,2018-02-05 17:08:17+00:00,960560722014064643,"Nice photo on set from a nice article by Ad week about #keanureeves Squarespace campaigm 😀 Videos, Photo Albums, links....⏩⏩ https://t.co/tsrHKqPXlz https://t.co/cAlvo6Jaj8",2,0,10,keanuplanet,Keanu Planet,40292,114,5,2,2018
https://twitter.com/MotorcycleCom/status/960553173407731712,2018-02-05 16:38:17+00:00,960553173407731712,Keanu Reeves Surfs a Motorcycle in Squarespace Super Bowl LII Commercial -  https://t.co/qPPm6GkuMJ https://t.co/k7RR9Ebz8K,8,2,42,MotorcycleCom,Motorcycle.com,39045,509,5,2,2018
https://twitter.com/Keanuital/status/960551891154370560,2018-02-05 16:33:11+00:00,960551891154370560,Keanu Reeves Wasn’t Fazed by the Life-Threatening Stunts in His Squarespace Super Bowl Ad https://t.co/JlcHqkTc9a https://t.co/aY4kqZbw8a,4,3,22,Keanuital,Keanuital,12805,37,5,2,2018
https://twitter.com/squarespace/status/960548592749432832,2018-02-05 16:20:05+00:00,960548592749432832,You don't have to be Keanu Reeves to turn your passion into a real company. Get started today: https://t.co/rNT5PkC1gS https://t.co/uSabtc4Its,21,3,84,squarespace,Squarespace,146181,6,5,2,2018
https://twitter.com/feliperibeiros/status/960546838532313089,2018-02-05 16:13:07+00:00,960546838532313089,How that bold and exciting motorcycle stunt with Keanu Reeves featured in our @squarespace Super Bowl ad came to be: https://t.co/f57AbBqKpL cc: @dmklee,1,0,4,feliperibeiros,Andre Felipe Ribeiro,1006,288,5,2,2018
https://twitter.com/roycebable/status/960544886167605248,2018-02-05 16:05:21+00:00,960544886167605248,Good to see @A3C partners @squarespace &amp; @Toyota with some dope ads in #SuperBowl52 yesterday. Keep the creativity coming. #a3cpartnerships,3,0,2,roycebable,Royce Bable,393,380,5,2,2018
https://twitter.com/ocean2nineriver/status/960538872600915969,2018-02-05 15:41:27+00:00,960538872600915969,Keanu Reeves Defies Death in New Super Bowl Commercial for Squarespace https://t.co/PmA55OvhFx via @billboard,1,0,4,ocean2nineriver,oceanblueinchrist@oceanblue9angel,67,239,5,2,2018
https://twitter.com/okka_nyan/status/960536711225896960,2018-02-05 15:32:52+00:00,960536711225896960,"How Squarespace Went To The Super Bowl With “Mysterious, Humble Guy” Keanu Reeves  https://t.co/T0A6Av6DjO … https://t.co/q0nZOdQguw Thanks! @mr_reeves_blog",5,1,37,okka_nyan,Ayako Ueda,4343,759,5,2,2018
https://twitter.com/okka_nyan/status/960535461922942976,2018-02-05 15:27:54+00:00,960535461922942976,"How Squarespace Went To The Super Bowl With “Mysterious, Humble Guy” Keanu Reeves https://t.co/T0A6AuP1Ve",1,0,11,okka_nyan,Ayako Ueda,4343,759,5,2,2018
https://twitter.com/lefemmesoul/status/960532077274914821,2018-02-05 15:14:27+00:00,960532077274914821,Make it Happen with Keanu Reeves! https://t.co/4ZeIqout5w #shopify #squarespace @keanureeves #fashion #style #fashionblogger #fashionist #fashionart #ootd #sundayfunday #gadgets #women #shopnow #cityphotography #bangkok #instagood #girl #organic #skin #skincare #melbourne https://t.co/Zk1mzrFLNq,1,1,2,lefemmesoul,le Femme Soul,505,1281,5,2,2018
https://twitter.com/GoldmanSachs/status/960528894548996096,2018-02-05 15:01:48+00:00,960528894548996096,WATCH: What was @squarespace founder @acasalena’s first job and what did he learn from it? https://t.co/0giaQaZ1VC #GSInnovators https://t.co/QbK2O60EYX,5,0,11,GoldmanSachs,Goldman Sachs,942541,10,5,2,2018
https://twitter.com/okka_nyan/status/960524392366133249,2018-02-05 14:43:55+00:00,960524392366133249,"Keanu Reeves Wasn’t Fazed by the Life-Threatening Stunts in His Squarespace Super Bowl Ad Yes, that's really him on top of a motorcycle at 45 MPH https://t.co/no5WiL4yGN https://t.co/VH39EPcis5",22,4,65,okka_nyan,Ayako Ueda,4343,759,5,2,2018
https://twitter.com/KCRGermany/status/960523480163868673,2018-02-05 14:40:17+00:00,960523480163868673,Keanu Reeves Wasn’t Fazed by the Life-Threatening Stunts in His Squarespace Super Bowl Ad https://t.co/c003NRDGap,2,0,11,KCRGermany,KeanuReevesGermany,928,49,5,2,2018
https://twitter.com/CreativeReview/status/960522171104792578,2018-02-05 14:35:05+00:00,960522171104792578,"Here's our pick of the best Super Bowl 2018 commercials, including spots by Tide, Amazon and Squarespace https://t.co/VNdUlileLS https://t.co/a8wk8g7Bph",8,0,14,CreativeReview,Creative Review,2082840,7736,5,2,2018
https://twitter.com/post_magazine/status/960517965304270849,2018-02-05 14:18:23+00:00,960517965304270849,"#SuperBowl  - @MPC_Adv's #VFX work included spot for #Sprint, #DietCoke, #Toyota &amp; #Squarespace: https://t.co/ED4HnC9Rjp #postproduction #commercials #advertising https://t.co/Hy3ggfQmQZ",2,0,3,post_magazine,Post Magazine,14176,357,5,2,2018
https://twitter.com/FastCompany/status/960509588494802944,2018-02-05 13:45:05+00:00,960509588494802944,"How Squarespace went to the Super Bowl with “mysterious, humble guy” Keanu Reeves https://t.co/rT7mafOc4c https://t.co/hQDD3JMTA5",7,2,36,FastCompany,Fast Company,2346393,4243,5,2,2018
https://twitter.com/socialnws/status/960501144043876352,2018-02-05 13:11:32+00:00,960501144043876352,Keanu Reeves Wasn’t Fazed by the Life-Threatening Stunts in His Squarespace Super Bowl Ad https://t.co/eGYxRVNIzb #SocialMedia,1,0,0,socialnws,#SocialMedia News,59754,23,5,2,2018
https://twitter.com/Adweek/status/960499912097091584,2018-02-05 13:06:38+00:00,960499912097091584,Keanu Reeves wasn’t fazed by the life-threatening stunts in his Squarespace Super Bowl ad: https://t.co/hVePCB8m53 https://t.co/T7e8kPW0kh,17,5,57,Adweek,Adweek,690384,26538,5,2,2018
https://twitter.com/five12studio/status/960487046761631744,2018-02-05 12:15:31+00:00,960487046761631744,HOW TO: Create a FAQ Accordion in Squarespace https://t.co/hcbP0uEK3q (via @branditgirl) https://t.co/iWNw0OK3A1,1,0,0,five12studio,Clarissa Nicole,998,481,5,2,2018
https://twitter.com/IDEASICLE/status/960486181816492033,2018-02-05 12:12:05+00:00,960486181816492033,Squarespace Super Bowl Spot With Keanu Reaves Inspires Us To Make It Happen via @forbes https://t.co/x4IouYjzsB,1,0,2,IDEASICLE,Ideasicle X,734,496,5,2,2018
https://twitter.com/FastCoCreative/status/960474650622005248,2018-02-05 11:26:16+00:00,960474650622005248,"How Squarespace Went To The Super Bowl With “Mysterious, Humble Guy” Keanu Reeves: https://t.co/LK9aXXiod6",2,0,6,FastCoCreative,Fast Co. Creativity,153212,99,5,2,2018
https://twitter.com/Keanuital/status/960473095344721920,2018-02-05 11:20:05+00:00,960473095344721920,"How Squarespace Went To The Super Bowl With “Mysterious, Humble Guy” Keanu Reeves https://t.co/MGb7cFNlJY https://t.co/JTcL3WxJjQ",11,1,40,Keanuital,Keanuital,12805,37,5,2,2018
https://twitter.com/CircleK_Fans/status/960468865691025408,2018-02-05 11:03:16+00:00,960468865691025408,"storyboardsinc: Between controlling #TheMatrix, taking on a dangerous gang of surfers, and driving a bus in LA, there’s nothing #KeanuReeves can’t do- and building a website with the help of #Squarespace is no exception. Shooting boards by #Jiye.Choi https://t.co/JECQYGtdaV",4,0,27,CircleK_Fans,Lainey S.,4671,2368,5,2,2018
https://twitter.com/CircleK_Fans/status/960464830053388288,2018-02-05 10:47:14+00:00,960464830053388288,Keanu Reeves Squarespace Super Bowl Ad: Does Reeves Own Arch Motorcycles? https://t.co/f0fvp3YRdg via @heavysan,1,1,8,CircleK_Fans,Lainey S.,4671,2368,5,2,2018
https://twitter.com/Keanuital/status/960461704105725952,2018-02-05 10:34:49+00:00,960461704105725952,"storyboardsinc: Between controlling #TheMatrix, taking on a dangerous gang of surfers, and driving a bus in LA, there’s nothing #KeanuReeves can’t do- and building a website with the help of #Squarespace is no exception. Shooting boards by #Jiye.Choi https://t.co/rNCjdRtZ4O … https://t.co/D4oPb395ok",3,0,18,Keanuital,Keanuital,12805,37,5,2,2018
https://twitter.com/Keanuital/status/960461183483604992,2018-02-05 10:32:45+00:00,960461183483604992,"storyboardsinc: Between controlling #TheMatrix, taking on a dangerous gang of surfers, and driving a bus in LA, there’s nothing #KeanuReeves can’t do- and building a website with the help of #Squarespace is no exception. Shooting boards by #Jiye.Choi https://t.co/rNCjdRtZ4O … https://t.co/OqCCtle3Ew",5,0,19,Keanuital,Keanuital,12805,37,5,2,2018
https://twitter.com/Keanuital/status/960460071435145216,2018-02-05 10:28:20+00:00,960460071435145216,"storyboardsinc: Between controlling #TheMatrix, taking on a dangerous gang of surfers, and driving a bus in LA, there’s nothing #KeanuReeves can’t do- and building a website with the help of #Squarespace is no exception. Shooting boards by #Jiye.Choi https://t.co/rNCjdRtZ4O https://t.co/6QllmilClI",8,0,32,Keanuital,Keanuital,12805,37,5,2,2018
https://twitter.com/Keanuital/status/960441001096695809,2018-02-05 09:12:33+00:00,960441001096695809,Here are the top 10 buzziest commercials of Super Bowl 2018. Squarespace: Web-building company Squarespace is back at the Super Bowl for the fifth time with an ad featuring actor Keanu Reeves. He also does the stunts himself. https://t.co/HJr1bA0uLM https://t.co/2ZnOLz5vMv,3,1,18,Keanuital,Keanuital,12805,37,5,2,2018
https://twitter.com/Keanuital/status/960435309073850368,2018-02-05 08:49:56+00:00,960435309073850368,"Keanu Reeves Squarespace Super Bowl Ad: Does Reeves Own Arch Motorcycles? Squarespace’s 2018 Super Bowl commercial has fans wondering what Keanu Reeves is up to these days. More specifically, does he own a motorcycle company?  https://t.co/1eYuv7tArr",1,0,11,Keanuital,Keanuital,12805,37,5,2,2018
https://twitter.com/agata_dreams/status/960409860516007936,2018-02-05 07:08:48+00:00,960409860516007936,Keanu Reeves ☺️☺️ in New Super Bowl Commercial for Squarespace https://t.co/HNZjkqqdO6,2,0,2,agata_dreams,🌀Agata Dreams♆👽,58360,16,5,2,2018
https://twitter.com/Keanuital/status/960369901717344257,2018-02-05 04:30:02+00:00,960369901717344257,ernievigil21: Had a rad opportunity to double #keanureeves in a #SuperBowl commercial for #squarespace thanks to my good friend #joevertical Thanks buddy! Good times with good people. Keanu and whole team were amazing. Blessed! https://t.co/Z5Dz0hVQmL https://t.co/kLZeWBR7Dq,3,1,21,Keanuital,Keanuital,12805,37,5,2,2018
https://twitter.com/okka_nyan/status/960367337827311616,2018-02-05 04:19:50+00:00,960367337827311616,"Thanks storyboardsinc：Between controlling #TheMatrix, taking on a dangerous gang of surfers,and driving a bus in LA,there’s nothing  #KeanuReeves can’t do- and building a website with the help of @Squarespace is no exception. Shooting boards by @Jiye.Choi https://t.co/WI9lPwKuXz https://t.co/lng1xnITmK",6,0,22,okka_nyan,Ayako Ueda,4343,759,5,2,2018
https://twitter.com/okka_nyan/status/960366943608782848,2018-02-05 04:18:16+00:00,960366943608782848,"Thanks storyboardsinc：Between controlling #TheMatrix, taking on a dangerous gang of surfers,and driving a bus in LA,there’s nothing  #KeanuReeves can’t do- and building a website with the help of @Squarespace is no exception. Shooting boards by @Jiye.Choi https://t.co/WI9lPwKuXz https://t.co/cCGr9LNFhu",3,0,12,okka_nyan,Ayako Ueda,4343,759,5,2,2018
https://twitter.com/okka_nyan/status/960366410219192320,2018-02-05 04:16:09+00:00,960366410219192320,"Thanks storyboardsinc：Between controlling #TheMatrix, taking on a dangerous gang of surfers,and driving a bus in LA, there’s nothing #KeanuReeves can’t do- and building a website with the help of @Squarespace is no exception. Shooting boards by @Jiye.Choi https://t.co/WI9lPwKuXz https://t.co/QruTo5xsl4",3,1,14,okka_nyan,Ayako Ueda,4343,759,5,2,2018
https://twitter.com/NYDailyNews/status/960357846507573248,2018-02-05 03:42:07+00:00,960357846507573248,SEE IT: Keanu Reeves stands atop a speeding motorcycle in this Squarespace #SuperBowl commercial https://t.co/7kg3SqS7NH https://t.co/9aimfuLOcY,4,4,16,NYDailyNews,New York Daily News,820223,774,5,2,2018
https://twitter.com/KeanuReeves_USA/status/960347541358301184,2018-02-05 03:01:10+00:00,960347541358301184,ernievigil21 shared about his experience working with #keanu -Had a rad opportunity to #Double #keanureeves in a #SuperBowl commercial for #squarespace #SuperBowlSunday #SuperBowl2018 #KRGT1 #Archmotorcycle   https://t.co/sEBg4zmKI6 https://t.co/MXTadiuxmp,12,8,77,KeanuReeves_USA,◉ 𝐊𝐞𝐚𝐧𝐮 𝐑𝐞𝐞𝐯𝐞𝐬 * 𝐒𝐮𝐢 𝐆𝐞𝐧𝐞𝐫𝐢𝐬 𝐔𝐩𝐝𝐚𝐭𝐞𝐬,12031,330,5,2,2018
https://twitter.com/johnpaul/status/960340952362700800,2018-02-05 02:34:59+00:00,960340952362700800,who will win the most intense super bowl rivalry of the last 2 decades:  Wix dot com or Squarespace,1,2,3,johnpaul,contentdaddy666,7069,2098,5,2,2018
https://twitter.com/f1redwards/status/960338638042099713,2018-02-05 02:25:48+00:00,960338638042099713,Not surprised they used a stunt driver - too bad a number of articles claimed #KeanuReeves did his own stunt. #superbowl #squarespace https://t.co/rdIpciJ0jB,2,0,7,f1redwards,rc edwards,165,102,5,2,2018
https://twitter.com/okka_nyan/status/960338244574494721,2018-02-05 02:24:14+00:00,960338244574494721,Thanks! ernievigil21：Had a rad opportunity to double #keanureeves in a #SuperBowl commercial for #squarespace thanks to my good friend @joevertical Thanks buddy! Good times with good people. Keanu and whole team were amazing. Blessed!  https://t.co/sM323YaKb1 https://t.co/S9Q9tgiHsj,5,0,21,okka_nyan,Ayako Ueda,4343,759,5,2,2018
https://twitter.com/mbp817/status/960336601250521088,2018-02-05 02:17:42+00:00,960336601250521088,Squarespace’s approach: big name celebrity doing a stunt.  Wix’s approach: online influencers actually demo-ing the product. Wonder who will drive more sign ups. #BrandBowl52,8,1,11,mbp817,Marc Phillips,515,171,5,2,2018
https://twitter.com/willduder/status/960336469440245760,2018-02-05 02:17:11+00:00,960336469440245760,Do this many people really need websites that running ads on the #SuperBowl makes financial sense? M&amp;Ms? Yes.  Cars? Yes.  Wix and Squarespace? 🙄,1,1,1,willduder,Will Duderstadt,2363,1720,5,2,2018
https://twitter.com/CircleK_Fans/status/960334502630477826,2018-02-05 02:09:22+00:00,960334502630477826,#Repost @ernievigil21  Had a rad opportunity to double #keanureeves in a #SuperBowl commercial for #squarespace thanks to my good friend @joevertical Thanks buddy! Good times with good people. Keanu and whole team were amazing. Blessed! #greatful #commercial #stuntdouble https://t.co/ewUOKHnVBd,5,1,19,CircleK_Fans,Lainey S.,4671,2368,5,2,2018
https://twitter.com/okka_nyan/status/960332414479249410,2018-02-05 02:01:04+00:00,960332414479249410,"Thanks! @squarespace  “You are worthy of your dreams. Put them on the internet.” – Keanu Reeves, Squarespace customer https://t.co/SYYw3ZPPkl",1,0,10,okka_nyan,Ayako Ueda,4343,759,5,2,2018
https://twitter.com/AkvileDeFazio/status/960330906840936448,2018-02-05 01:55:04+00:00,960330906840936448,Finding it difficult to believe that celebrities actually spend time using Squarespace to create their own websites. They should feature their assistants in commercials to make it more realistic. #brandbowl,2,4,13,AkvileDeFazio,Akvile DeFazio,9514,1097,5,2,2018
https://twitter.com/reinaventurini/status/960327946601934848,2018-02-05 01:43:19+00:00,960327946601934848,👁🖤🏈🏍🧔🏻♥️#KEANUREEVES  THE POWER TO DO ANYTHING YOU CAN IMAGINE IS WITHIN YOU.  MAKE IT HAPPEN!  #SQUARESPACE #SUPERBOWL   💋 #LOVE #HOT 🔥 my fave #Ad 👏🏻 https://t.co/j0q1Tpkk6r,3,0,11,reinaventurini,reina venturini,2088,4940,5,2,2018
https://twitter.com/okka_nyan/status/960327277908180992,2018-02-05 01:40:39+00:00,960327277908180992,Keanu Reeves in Squarespace Super Bowl Commercial 2018 - Watch Now! https://t.co/n8slgkTOxQ @JustJared,5,2,22,okka_nyan,Ayako Ueda,4343,759,5,2,2018
https://twitter.com/squarespace/status/960324245296476160,2018-02-05 01:28:36+00:00,960324245296476160,@Febreze_Fresh .@Febreze_Fresh Looks (and smells) pretty fresh to us. Nice work.,1,2,1,squarespace,Squarespace,146181,6,5,2,2018
https://twitter.com/squarespace/status/960318296636710912,2018-02-05 01:04:58+00:00,960318296636710912,"“You are worthy of your dreams. Put them on the internet.” – Keanu Reeves, Squarespace customer https://t.co/7BHigh4t2S",42,11,157,squarespace,Squarespace,146181,6,5,2,2018
https://twitter.com/squarespace/status/960318239115968512,2018-02-05 01:04:44+00:00,960318239115968512,@TysonSvoboda Keep up with more at https://t.co/8M8hTQakbl,1,0,2,squarespace,Squarespace,146181,6,5,2,2018
https://twitter.com/RudmanEsq/status/960317624885366789,2018-02-05 01:02:18+00:00,960317624885366789,@SquareSpace: Because Keanu Reeves may be the last decent guy left in Hollywood #SuperBowlAd,1,0,2,RudmanEsq,Stephen Rudman,656,379,5,2,2018
https://twitter.com/ProfessorGary/status/960317369984913414,2018-02-05 01:01:17+00:00,960317369984913414,"First half stinkers - Turbotax, Squarespace, Persil - could use some Fabreeze...  #superbowltweetmeet",1,1,5,ProfessorGary,Gary Schirr,62971,38105,5,2,2018
https://twitter.com/tata_colombia/status/960317255040020486,2018-02-05 01:00:50+00:00,960317255040020486,🎶 Make it Happen...Make It Happen 🎶 El comercial de Keanu Reeves para Squarespace. 🏍️🏍️ #SuperBowl https://t.co/9kebKrIvDs,1,0,1,tata_colombia,Tata Rodríguez 🎬📺🍿,1801,912,5,2,2018
https://twitter.com/PamMktgNut/status/960316215121113088,2018-02-05 00:56:42+00:00,960316215121113088,#Squarespace you can do better than that.  Does that commercial REALLY talk to your ideal target customer demographics? #adbowl #brandbowl #SuperBowl #superbowl2018 https://t.co/zGdefKd4Pu,1,1,4,PamMktgNut,Pam Moore,285643,129340,5,2,2018
https://twitter.com/WritingLeeman/status/960316164038627328,2018-02-05 00:56:29+00:00,960316164038627328,Best ad so far: Keanu Reeves for @squarespace. John Wick surfing on a motorcycle is exactly what America needs right now. Let us all unite over our love Reeves,2,2,17,WritingLeeman,Zachary Leeman,686,301,5,2,2018
https://twitter.com/SouthpawTales/status/960316149295714304,2018-02-05 00:56:26+00:00,960316149295714304,"Keanu. The commercial with Keanu is my favorite. You exploited my love for him, @squarespace - but I respect it. #SuperBowl https://t.co/Sf6nelF6YS",1,1,4,SouthpawTales,(((Emily L. Phelps))) 🌻,1017,810,5,2,2018
https://twitter.com/hucklberryflynn/status/960316062322581505,2018-02-05 00:56:05+00:00,960316062322581505,@katiegracedeane @squarespace @RamTrucks @Dar1aaa @AmandaaTirado @efaves What the hell was Ram thinking. Appropriating civil rights and racial inequality to sell trucks? Cool. Great idea.,1,0,5,hucklberryflynn,flynn,146,359,5,2,2018
https://twitter.com/jonnysun/status/960315589448404992,2018-02-05 00:54:12+00:00,960315589448404992,thanks to the cloverfield paradox i am now unhealthily assuming every superbowl ad is announcing the surprise release of a new movie. david harbour tide ad? nope its an indiana jones reboot. keanu reeves squarespace ad? nope thats for john wick 3 and its comin out TONIGHT,387,16,2315,jonnysun,jonny sun,549486,2788,5,2,2018
https://twitter.com/andyawards/status/960315561069760517,2018-02-05 00:54:06+00:00,960315561069760517,Keanu's extended cuts are worth the watch. https://t.co/RTJ8d3iNts @squarespace #SB52 #brandbowl,1,0,3,andyawards,andyawards,4386,4651,5,2,2018
https://twitter.com/LissaLeigh94/status/960315434938576896,2018-02-05 00:53:36+00:00,960315434938576896,@AvosfromMexico @squarespace 😍 I will use only avocado hearts for the rest of the night to show my appreciation 🥑💚,1,0,4,LissaLeigh94,Melursa (she/her),111,325,5,2,2018
https://twitter.com/UofMaryland/status/960315395709292544,2018-02-05 00:53:26+00:00,960315395709292544,#DYK @Squarespace Founder &amp; CEO @acasalena is a #UMD alum who started his company in an on-campus dorm room? #SuperBowlLII #SuperBowlAds,8,0,31,UofMaryland,Univ. of Maryland,104009,1303,5,2,2018
https://twitter.com/TrooperBenKHP/status/960315251400036352,2018-02-05 00:52:52+00:00,960315251400036352,Hey @squarespace Tell me how you feel when someone thinks their cool and tries to recreate this in the real world... #Fail  #SB52 https://t.co/tlEeCYxCtS,6,2,29,TrooperBenKHP,Trooper Ben,85205,80794,5,2,2018
https://twitter.com/FreeRangeKids/status/960315126518820866,2018-02-05 00:52:22+00:00,960315126518820866,". ""Do not attempt. Professional stuntman on closed course."" *This warning brought to you by the folks in legal who really worry we will now think, ""Hey! Let's ride our motorcycles while standing on the seat!""  (And that if we do, and fall, we'll sue #SquareSpace ) #Superbowl https://t.co/3tuCpoUT9Y",2,0,3,FreeRangeKids,Lenore Skenazy,37195,999,5,2,2018
https://twitter.com/suzannetosolini/status/960314874134978560,2018-02-05 00:51:22+00:00,960314874134978560,#BrandBowl52 squarespace teaching us mktg101-sticking a famous person into an ad with no idea or drama won’t save it!,2,0,2,suzannetosolini,suzannetosolini,218,315,5,2,2018
https://twitter.com/1in5awareness/status/960314776906813440,2018-02-05 00:50:59+00:00,960314776906813440,Just spied @Keanu_Reeves in a @squarespace commercial! #sayDyslexia during the #SuperBowl ❤️ https://t.co/xsh5gyBkGT #dyslexia,1,0,6,1in5awareness,Lisa Nelson,5157,5042,5,2,2018
https://twitter.com/Deggans/status/960314727560867840,2018-02-05 00:50:47+00:00,960314727560867840,"RT @Adweek: Squarespace ""Make It Happen"" Agency: In-house • Squarespace does esoteric Super Bowl ads, and this one's up there with the best of them. The stunt, the song—everything about it is odd yet riveting. And yes, Keanu did his own stunts here. 👍 https://t.co/mVXZYN26OX",2,0,9,Deggans,Eric Deggans at NPR,40715,6826,5,2,2018
https://twitter.com/anselmoramos/status/960314681939329024,2018-02-05 00:50:36+00:00,960314681939329024,Ok @squarespace and Keenu Reeves in the moving vehicle stunt category I still prefer @volvocars and @JCVD #superbowl,1,0,4,anselmoramos,Anselmo Ramos,14084,1763,5,2,2018
https://twitter.com/shotscreative/status/960314533255532544,2018-02-05 00:50:01+00:00,960314533255532544,"If you're one of the few people who doesn't already think #KeanuReeves is a legend, watch this #Squarespace ad https://t.co/JUahfWMhQB #SuperBowl https://t.co/jLem79pLuu",2,0,4,shotscreative,shots.net,22200,3082,5,2,2018
https://twitter.com/tpres_/status/960314504952385536,2018-02-05 00:49:54+00:00,960314504952385536,"Don't like the ad execution from the @squarespace commercial. A guy standing while riding a motorcycle is cool and all, but I had to google what square space was before I made this tweet  😬 #gcmsbp",1,3,7,tpres_,Tanner Prescott,466,460,5,2,2018
https://twitter.com/bklynn/status/960314306913955840,2018-02-05 00:49:07+00:00,960314306913955840,"Keanu reeves legit did his own stunts in that squarespace ad. And shout out to the creative team who sold ""Keanu surfing a motorcycle for 30 secs"" to the clients. I liked it!",1,0,7,bklynn,Brooke-Lynn Howard,843,1259,5,2,2018
https://twitter.com/eolsencreative/status/960314295836819456,2018-02-05 00:49:04+00:00,960314295836819456,I went to the @squarespace link so you don’t have to. Keanu is legit selling motorcycles and the site explains how he used Squarespace to build the site. https://t.co/th9zuf3QKj,1,1,3,eolsencreative,Eric Olsen,1494,2163,5,2,2018
https://twitter.com/JustJared/status/960314291785224192,2018-02-05 00:49:03+00:00,960314291785224192,Keanu Reeves rode a motorcycle... while standing... in a new commercial for @squarespace - watch now! https://t.co/JW5lI7GYtY,15,0,35,JustJared,JustJared.com,734415,2925,5,2,2018
https://twitter.com/GinaS1116/status/960314203067138048,2018-02-05 00:48:42+00:00,960314203067138048,#KeanuReeves 4ever #Squarespace #superbowl https://t.co/ShkkOX8vKd,1,0,2,GinaS1116,Gina Sirico,1165,1068,5,2,2018
https://twitter.com/nudd/status/960314199703543809,2018-02-05 00:48:41+00:00,960314199703543809,The Keanu Squarespace ad borders on art.,3,3,33,nudd,Tim Nudd,18337,3255,5,2,2018
https://twitter.com/iSocialFanz/status/960314188584415234,2018-02-05 00:48:38+00:00,960314188584415234,Everything is better with Keanu!  Well played @Squarespace  Those who don’t know the brand will now want to look it up… Inspired CTA didn’t force it!  #BrandBowl #BrandBowl52 https://t.co/gOOHlM5xxo,1,0,2,iSocialFanz,FANZO 🧢 NFT 365 (He/Him),143662,75859,5,2,2018
https://twitter.com/steveklabnik/status/960314170657910784,2018-02-05 00:48:34+00:00,960314170657910784,i just saw a @squarespace ad does this mean #SuperBowl is a podcast?  🤔🤔🤔,3,4,31,steveklabnik,steveklabnik,36588,2179,5,2,2018
https://twitter.com/KamBrothers/status/960314159710613505,2018-02-05 00:48:32+00:00,960314159710613505,Fine. I kinda wanna see what Keanu made at Squarespace. AK,2,1,6,KamBrothers,Kamenetzky Brothers,47085,1834,5,2,2018
https://twitter.com/TimothyCalkins/status/960314131210481666,2018-02-05 00:48:25+00:00,960314131210481666,That was a very strange @squarespace spot. Not much of a benefit. Or frame of reference. Or target. #kelloggbowl #BrandBowl52 https://t.co/hPg8jB2WJ6,1,4,1,TimothyCalkins,Tim Calkins,4761,1620,5,2,2018
https://twitter.com/heyimkatieross/status/960313992546799617,2018-02-05 00:47:52+00:00,960313992546799617,"Love it when brands get weird, but that @squarespace ad was a little too strange for me. Weird without payoff isn't worth it. #EmpowerSB #SBLII",1,0,0,heyimkatieross,Katie Price Ross,551,305,5,2,2018
https://twitter.com/ChrisElrod/status/960313989023576064,2018-02-05 00:47:51+00:00,960313989023576064,Dear @squarespace - In an era where kids eat Tide Pods how smart do you think it was to show Keanu Reeves standing up on a moving motorcycle? #Irresponsible #Stupid #FireYourAdAgency #FireYourCEO,1,1,4,ChrisElrod,Chris Elrod,4190,102,5,2,2018
https://twitter.com/theoaronson/status/960313977413783552,2018-02-05 00:47:48+00:00,960313977413783552,"Feels like #KeanuReeves has been hanging out with @Twinshadow bc looks like he’s stealing all of TS’s moves for these motorcycle @squarespace commercials, and I’m ok with that. https://t.co/mYlibTcQlk",1,0,0,theoaronson,Theo Aronson,746,2922,5,2,2018
https://twitter.com/kmullett/status/960313923609165826,2018-02-05 00:47:35+00:00,960313923609165826,Improper use of @KeanuChReeves on the play. #squarespace #superbowlcommercials #sbads #SuperBowl https://t.co/B0TqyETLK0,1,0,3,kmullett,Kevin Mullett,8537,6510,5,2,2018
https://twitter.com/inbox_labs/status/960313883327156226,2018-02-05 00:47:26+00:00,960313883327156226,"#digital #SuperBowl may reflect greatness of Patriots, Eagles. But, does SquareSpace #SBLII spot with #keanureeves mrkreeves REFLECT GREATNESS? Reply and let us know. DMA_USA ECHO Awards: https://t.co/jrM5uiYaHz https://t.co/nzQQQ7x97z https://t.co/Zb1NL0pKua",1,0,1,inbox_labs,Inbox Labs,1510,3736,5,2,2018
https://twitter.com/siegel/status/960313855963467776,2018-02-05 00:47:19+00:00,960313855963467776,"Wait, SquareSpace did an ad that wasn’t on a podcast?",1,3,21,siegel,Rich Siegel,7321,1333,5,2,2018
https://twitter.com/digennaro/status/960313838267699201,2018-02-05 00:47:15+00:00,960313838267699201,Cool ad by @squarespace featuring Keanu Reeves standing on a motorcycle. Don’t try that at home #dgcsb52 #SBLII,1,0,3,digennaro,DiGennaro Communications,1729,1035,5,2,2018
https://twitter.com/vmkirin/status/960313795804573696,2018-02-05 00:47:05+00:00,960313795804573696,Things I learned during #SuperBowl2018 - @keanureeves___ edits his website on @squarespace while riding his motorcycle. #webdesign,1,0,0,vmkirin,Veronica Zora Kirin 🏳️‍🌈,508,689,5,2,2018
https://twitter.com/CBSMornings/status/960313767325327362,2018-02-05 00:46:58+00:00,960313767325327362,"Keanu Reeves does his own stunt in @Squarespace’s #SuperBowl ad. He is apparently a real Squarespace user, which hosts the website for his motorcycle company. -- @jpoggi",39,4,97,CBSMornings,CBS Mornings,490079,2108,5,2,2018
https://twitter.com/kellyokeefe/status/960313748761309184,2018-02-05 00:46:54+00:00,960313748761309184,"Squarespace: The message seems to be, you can make it happen, even if it's pointless and irresponsible, just watch Keanu Reeves standing on a motorcycle. I guess Squarespace can afford to blow $5 million. #superbowltweetmeet #VCU_Brandcenter",1,1,7,kellyokeefe,Kelly O'Keefe,4695,2616,5,2,2018
https://twitter.com/katgordon/status/960313729891127298,2018-02-05 00:46:49+00:00,960313729891127298,Henry + Ben Gordon: do NOT try that @squarespace stunt at home. Love Mom #3percentsb,1,2,19,katgordon,Katherine M. Gordon,14664,955,5,2,2018
https://twitter.com/SCOTUSPlaces/status/960313729777889280,2018-02-05 00:46:49+00:00,960313729777889280,".@squarespace just made me confused. I don't really want to know what Keanu made. 6.5 out of 10, don't buy @Squarespace or whatever they sell. https://t.co/8cBwGZjEMj",1,0,1,SCOTUSPlaces,Jack Metzler (cleaned up),17632,784,5,2,2018
https://twitter.com/HollywoodLife/status/960313709993299968,2018-02-05 00:46:44+00:00,960313709993299968,Keanu Reeves surfs a motorcycle because he's freakin' Keanu Reeves in @squarespace  #SuperBowl ad https://t.co/uEcJLpQGhK https://t.co/wtWqFMVOjp,5,0,13,HollywoodLife,HollywoodLife,337399,4311,5,2,2018
https://twitter.com/SethFromThe716/status/960313703596949506,2018-02-05 00:46:43+00:00,960313703596949506,"Good job, Squarespace. Now, while kids are eating Tide Pods and playing with their fidget spinners, they'll also be ghostriding motorcycles. #SuperBowl",1,0,2,SethFromThe716,Buffalo Strong! Слава Україні! 🇺🇦,9081,5833,5,2,2018
https://twitter.com/AvosFromMexico/status/960313692314271746,2018-02-05 00:46:40+00:00,960313692314271746,"Hey Keanu – now that you've followed your dreams, follow your stomach! 🥑 @squarespace #SB52 #GuacWorld https://t.co/7bLsZ5vLZZ",30,22,51,AvosFromMexico,Avocados From Mexico,54563,2984,5,2,2018
https://twitter.com/hotstreakhaley/status/960313647980535808,2018-02-05 00:46:30+00:00,960313647980535808,"#MakeItHappen with @Trilix and our completely custom websites built by our extremely talented Interactive department, not @squarespace. #TrilixSuperPoll",1,0,6,hotstreakhaley,haley austin,661,221,5,2,2018
https://twitter.com/TprPurdy/status/960313645258260481,2018-02-05 00:46:29+00:00,960313645258260481,#JailCells are square... #SquareSpace  #TrooperPurdyVsSuperBowlLII https://t.co/F5R6kdTHEq,7,1,42,TprPurdy,Trooper Purdy (KSP),10955,2683,5,2,2018
https://twitter.com/TyTheRobot/status/960313625817899009,2018-02-05 00:46:24+00:00,960313625817899009,Thank you Squarespace for filming Keanu Reeves doing cute shit.,4,0,15,TyTheRobot,Magical Space Negro,1898,834,5,2,2018
https://twitter.com/petershankman/status/960313618515529728,2018-02-05 00:46:23+00:00,960313618515529728,"Motorcycle surfing?? What the hell, @squarespace?? Did you run out of #TidePods to eat?? #brandfail #SuperBowlLII #SuperBowlAds",1,3,20,petershankman,Peter Shankman (shankman.eth),156145,1891,5,2,2018
https://twitter.com/brandacity/status/960313591898558465,2018-02-05 00:46:16+00:00,960313591898558465,Celebrity use in this year's #brandbowl consistently disappointing. Keanu and @squarespace #superbowltweetmeet,1,1,1,brandacity,Brandacity,2521,1768,5,2,2018
https://twitter.com/Taser_Judge/status/960313569874243584,2018-02-05 00:46:11+00:00,960313569874243584,That Keanu Reeves @squarespace site? You guessed it: #TideAd,1,1,4,Taser_Judge,The Judge,9536,557,5,2,2018
https://twitter.com/TaraClaeys/status/960313559979839493,2018-02-05 00:46:09+00:00,960313559979839493,SquareSpace ad in the Super Bowl. Wow #thatsabudget #WordPress #opensource,2,5,11,TaraClaeys,Tara Claeys,1884,1029,5,2,2018
https://twitter.com/nerdophiles/status/960313556343369731,2018-02-05 00:46:08+00:00,960313556343369731,"In case you need more Keanu Reeves (don't we all?), his Squarespace site. https://t.co/xE1ViXInfX",2,0,0,nerdophiles,NERDOPHILES,2775,1416,5,2,2018
https://twitter.com/himmelsblog/status/960313552467890176,2018-02-05 00:46:07+00:00,960313552467890176,Make Sad Keanu a Super Bowl spot and have it loosely connected to us. @squarespace  #plannerbowl https://t.co/zoqyf7h7Gj,1,0,3,himmelsblog,Mark Himmelsbach,2006,1171,5,2,2018
https://twitter.com/mariebardi/status/960313539549384704,2018-02-05 00:46:04+00:00,960313539549384704,Keanu for Squarespace is more #filmtwitter than CLOVERFIELD on Netflix smdh,8,1,50,mariebardi,Marie Bardi,11360,1404,5,2,2018
https://twitter.com/LaReinaCreole/status/960313539385872384,2018-02-05 00:46:04+00:00,960313539385872384,Keanu Reeves and that #SquareSpace commercial tho. Almost makes me forget that interception by New England. #SuperBowl,1,0,7,LaReinaCreole,La Reina🇺🇸Creole🇩🇴🇯🇲🇵🇷🇹🇹🇨🇺🇭🇹🇲🇽🇨🇴,8066,1556,5,2,2018
https://twitter.com/Girlsday312/status/960313500106190848,2018-02-05 00:45:54+00:00,960313500106190848,#3percentsb #Squarespace Keanu. Still cute. Still a white guy.,1,0,9,Girlsday312,OurPlace,2722,5001,5,2,2018
https://twitter.com/NewzProducer/status/960313486504091648,2018-02-05 00:45:51+00:00,960313486504091648,#SuperBowl squarespace ad https://t.co/k23CbKvkqx,1,0,1,NewzProducer,Derik Lattig,1036,1964,5,2,2018
https://twitter.com/adsoftheworld/status/960313471211659266,2018-02-05 00:45:47+00:00,960313471211659266,Check out @Squarespace ad: Make It Happen https://t.co/uxScBGUrEO #SuperBowl,3,0,7,adsoftheworld,Ads of the World™,205649,62828,5,2,2018
https://twitter.com/USATODAY/status/960313444430958592,2018-02-05 00:45:41+00:00,960313444430958592,".@SquareSpace’s ad stars Keanu Reeves. Jeff Bridges, John Malkovich, Keegan-Michael Key and Jordan Peele were in past #SuperBowl ads. #AdMeter",9,0,31,USATODAY,USA TODAY,4791385,923,5,2,2018
https://twitter.com/MatthewStefanTV/status/960313440043638785,2018-02-05 00:45:40+00:00,960313440043638785,Keanu Reeves stars in the new Squarespace #SuperBowl commercial https://t.co/YDsDNaqEaO,3,0,5,MatthewStefanTV,Matthew Stefan,15015,4489,5,2,2018
https://twitter.com/adage/status/960313378207158275,2018-02-05 00:45:25+00:00,960313378207158275,"Keanu Reeves is apparently a real @Squarespace user, which hosts the website for his motorcycle company.",22,3,63,adage,Ad Age,1001873,73143,5,2,2018
https://twitter.com/mikeyil/status/960313371538132992,2018-02-05 00:45:24+00:00,960313371538132992,"Keanu, I am not checking out your damn Squarespace page.",1,0,5,mikeyil,mikey,5550,1536,5,2,2018
https://twitter.com/Adweek/status/960313347282522112,2018-02-05 00:45:18+00:00,960313347282522112,"Squarespace ""Make It Happen"" Agency: In-house • Squarespace does esoteric Super Bowl ads, and this one's up there with the best of them. The stunt, the song—everything about it is odd yet riveting. And yes, Keanu did his own stunts here. 👍 https://t.co/sFGkXG2uQQ",54,11,213,Adweek,Adweek,690384,26538,5,2,2018
https://twitter.com/adage/status/960313326768197632,2018-02-05 00:45:13+00:00,960313326768197632,Keanu Reeves does his own stunt in @Squarespace’s #SuperBowl ad.,9,0,36,adage,Ad Age,1001873,73143,5,2,2018
https://twitter.com/adage/status/960313276558200832,2018-02-05 00:45:01+00:00,960313276558200832,"If you are waiting for something to happen in this @Squarespace commercial, don’t bother. It is really just Keanu Reeves surfing on a motorcycle. #SuperBowl",19,2,92,adage,Ad Age,1001873,73143,5,2,2018
https://twitter.com/GooseIsland/status/960312533621059584,2018-02-05 00:42:04+00:00,960312533621059584,Woulda been better if Keanu was a goose @squarespace. https://t.co/JwUSvblOZe,1,3,43,GooseIsland,Goose Island Beer Co.,82323,1163,5,2,2018
https://twitter.com/howard_aaf/status/960312290275979265,2018-02-05 00:41:06+00:00,960312290275979265,Keanu Reeves can do absolutely anything and I will fight anyone who disagrees @squarespace,2,0,8,howard_aaf,Howard University AAF,29,87,5,2,2018
https://twitter.com/Travellersoul76/status/960312051137687552,2018-02-05 00:40:09+00:00,960312051137687552,Oh @squarespace  You brought back Keanu Reeves!  Thank you 😂 #SuperBowlAds #SuperBowl,1,2,6,Travellersoul76,Karla 🇸🇻🇨🇦,23904,19513,5,2,2018
https://twitter.com/meghancaves/status/960297995823603713,2018-02-04 23:44:18+00:00,960297995823603713,"I have heard varying opinions and I want to know more. I have used Wix for a long time for my own website, but I'm curious about Squarespace. Which do you think is better?? And if you have more thoughts about it, let me know in a reply! THANK YOU!!!! #websites",2,3,5,meghancaves,Meghan Caves,3237,1541,4,2,2018
https://twitter.com/Geekgirlfinds/status/960295099136692224,2018-02-04 23:32:47+00:00,960295099136692224,How To Right-Click Protect Your Squarespace Website https://t.co/qq3QEXbejh,2,0,4,Geekgirlfinds,GeekGirlFinds,3799,4945,4,2,2018
https://twitter.com/JustBonesBW/status/960283906955268096,2018-02-04 22:48:19+00:00,960283906955268096,#SuperBowl #keanureeves The actor #surfs a motorcycle in Squarespace Super Bowl LII ad! #surflife #SB52 #extremesports  📷 Squarespace https://t.co/BzTgK1jsox,1,0,1,JustBonesBW,Just Bones Boardwear,1250,2887,4,2,2018
https://twitter.com/monstersandcrit/status/960282764296769539,2018-02-04 22:43:46+00:00,960282764296769539,Keanu Reeves Super Bowl commercial 2018: Surfing a motorcycle for Squarespace - cool bike #squarespace #keanureeves https://t.co/Ga5bLjsQB6 https://t.co/RlaG8VRVo5,1,0,3,monstersandcrit,Monsters and Critics,4524,708,4,2,2018
https://twitter.com/QuriousEffect/status/960256885814423552,2018-02-04 21:00:56+00:00,960256885814423552,"If you're thinking about switching to #Squarespace, read @ColorHug 's 10 reasons why you should: https://t.co/QEd2F6fa3N",1,0,1,QuriousEffect,Sharon Newsom,34,43,4,2,2018
https://twitter.com/TWiStartups/status/960248568425594880,2018-02-04 20:27:53+00:00,960248568425594880,"What's behind Tech Big 5 (@amazon @apple @google @facebook @microsoft) stunning ""earningsaggedon"" &amp; why are they adopting every new tech except crypto?  News Roundtable w/@levynews @cnbc, @ggdm @newaer &amp; @jason - THX @Squarespace [ Watch full episode: https://t.co/kAJHZt8jUQ   ] https://t.co/wZag4AwA8G",2,0,29,TWiStartups,This Week in Startups,54761,16046,4,2,2018
https://twitter.com/CircleK_Fans/status/960246798978822144,2018-02-04 20:20:52+00:00,960246798978822144,#Repost from @themarcuseriksson by @fastsave_app ••• Keanu Reeves #makeithappen #makeit #squarespace #superbowl52 . . . . #keanureeves #artandmotion #themarcuseriksson #archmotorcycle #desert #keanu https://t.co/Rvfh0WTQwA,4,1,16,CircleK_Fans,Lainey S.,4671,2368,4,2,2018
https://twitter.com/CircleK_Fans/status/960246292608929793,2018-02-04 20:18:51+00:00,960246292608929793,#Repost from @themarcuseriksson by @fastsave_app ••• Keanu Reeves #makeithappen #makeit #squarespace #superbowl52 . . . . #keanureeves #artandmotion #themarcuseriksson #archmotorcycle #desert #keanu https://t.co/RjjJcxN1DO,2,0,21,CircleK_Fans,Lainey S.,4671,2368,4,2,2018
https://twitter.com/CircleK_Fans/status/960245632362573824,2018-02-04 20:16:13+00:00,960245632362573824,"#Repost @archmotorcycle Today 2-4-18 we present the world with a Super Bowl ad thanks to our partnership with @squarespace  Showing spot during the 2nd Quarter, Enjoy. #ArchMotorcycle #makeithappen #PerformaceCruiser #KRGT1 #madeonmichelin #keanureeves #gardhollinger https://t.co/5N5pZeDwH3",1,0,9,CircleK_Fans,Lainey S.,4671,2368,4,2,2018
https://twitter.com/lalodelarosa/status/960244104184524800,2018-02-04 20:10:09+00:00,960244104184524800,Squarespace Keanu Reeves ¿Should you make a website? Super Bowl 2018 https://t.co/Gj62avNAmS,5,1,10,lalodelarosa,Lalo de la Rosa,332,1559,4,2,2018
https://twitter.com/okka_nyan/status/960242657371963392,2018-02-04 20:04:24+00:00,960242657371963392,"Thanks! archmotorcycle：Today 2-4-18 we present the world with a Super Bowl ad thanks to our partnership with @squarespace  Showing spot during the 2nd Quarter, Enjoy. #ArchMotorcycle #makeithappen #PerformaceCruiser #KRGT1 #madeonmichelin #KeanuReeves https://t.co/EfLayOrOBh https://t.co/Nkh2RtjeW6",3,0,16,okka_nyan,Ayako Ueda,4343,759,4,2,2018
https://twitter.com/okka_nyan/status/960240751866085377,2018-02-04 19:56:50+00:00,960240751866085377,Thanks! themarcuseriksson：Keanu Reeves #makeithappen #makeit #squarespace #superbowl52 . #keanureeves #artandmotion #themarcuseriksson #archmotorcycle #desert #keanu https://t.co/OtqmcqT9T6 https://t.co/ODmSq0xA3t,13,2,51,okka_nyan,Ayako Ueda,4343,759,4,2,2018
https://twitter.com/okka_nyan/status/960239890553192454,2018-02-04 19:53:24+00:00,960239890553192454,Thanks! themarcuseriksson：Keanu Reeves #makeithappen #makeit #squarespace #superbowl52 . #keanureeves #artandmotion #themarcuseriksson #archmotorcycle #desert #keanu https://t.co/OtqmcqT9T6 https://t.co/mr64YunYGl,3,0,23,okka_nyan,Ayako Ueda,4343,759,4,2,2018
https://twitter.com/rootwork/status/960236495146704896,2018-02-04 19:39:55+00:00,960236495146704896,"Squarespace, Wix, etc.: Easy to use for nonprofits, but it's not focused on strategic needs. You're not selling products, you're organizing campaigns. —@levelos #PNWDS",1,0,5,rootwork,Ivan Boothe,3981,3375,4,2,2018
https://twitter.com/keanureevesart/status/960233328145321984,2018-02-04 19:27:20+00:00,960233328145321984,"Who’s ready for #superbowl tonight? A huge congrats going out to @Archmoco @squarespace #hudsonspider &amp; #marcuserikkson for allowing Arch to show their ability, passion and vision for what they do. https://t.co/8sl9CGHSaR",4,0,17,keanureevesart,Keanu Reeves Art,2063,489,4,2,2018
https://twitter.com/Adweek/status/960230226025467905,2018-02-04 19:15:00+00:00,960230226025467905,How Squarespace's hit #SuperBowl ad with John Malkovich created the winning formula for this year's Keanu spot: https://t.co/tTP39yVhTu https://t.co/rwR87UtIa2,2,1,9,Adweek,Adweek,690384,26538,4,2,2018
https://twitter.com/keanuplanet/status/960229909166723072,2018-02-04 19:13:45+00:00,960229909166723072,"⭐ It's Superbowl tonight !! Squarespace campaign ⭐ Pictures by @themarcuseriksson on Instagram👍👍👍"" #keanureeves #makeithappen #makeit #squarespace #superbowl52 . #artandmotion #themarcuseriksson ⏩https://t.co/b4Qe89PHJk https://t.co/6Pb3C8Sk5O",1,0,10,keanuplanet,Keanu Planet,40292,114,4,2,2018
https://twitter.com/keanuplanet/status/960229884642693120,2018-02-04 19:13:39+00:00,960229884642693120,"⭐ It's Superbowl tonight !! Squarespace campaign ⭐ Pictures by @themarcuseriksson on Instagram👍👍👍"" #keanureeves #makeithappen #makeit #squarespace #superbowl52 . #artandmotion #themarcuseriksson  ⏩  https://t.co/b4Qe89PHJk https://t.co/k3KABGJGfz",1,0,12,keanuplanet,Keanu Planet,40292,114,4,2,2018
https://twitter.com/TheJPPass/status/960217490994298880,2018-02-04 18:24:24+00:00,960217490994298880,The 5 best music-driven Super Bowl commercials @Forbes 🎶👏🏼👏🏼🎶 @squarespace @fcbchi @GSP @LuckyGenerals @david_miami_ @PepsiCo @MichelobULTRA @amazon @budweiserusa @Doritos @MountainDew https://t.co/mEgf9862xQ,2,0,5,TheJPPass,Jordan Passman,592,235,4,2,2018
https://twitter.com/ocean2nineriver/status/960207976349888513,2018-02-04 17:46:36+00:00,960207976349888513,@KeanuReeves_USA @squarespace Congratulations ARCH MOTORCYCLE https://t.co/hj85iyAVtT,1,1,3,ocean2nineriver,oceanblueinchrist@oceanblue9angel,67,239,4,2,2018
https://twitter.com/KeanuRArgentina/status/960207796989030402,2018-02-04 17:45:53+00:00,960207796989030402,"So true my friend!!! Tonight @squarespace, #keanureeves anda @Archmoco. Enjoy the @SuperBowl !!! https://t.co/Vj79sUpzT6",1,0,2,KeanuRArgentina,Keanu Reeves Arg FC Internacional,3156,240,4,2,2018
https://twitter.com/Keanuital/status/960205355358834689,2018-02-04 17:36:11+00:00,960205355358834689,"FIND ALL SONGS FEATURED IN SUPER BOWL 2018 COMMERCIALS....  The Squarespace Super Bowl 2018 Ad. The result is incredible. Keanu Reeves sings to song ""Adventures in Success"" by Will Powers while riding a motorcycle down the highway standing. https://t.co/Yf9ViFA0CS https://t.co/nIZJhgE6Av",4,1,18,Keanuital,Keanuital,12805,37,4,2,2018
https://twitter.com/keanureevesart/status/960201335361736704,2018-02-04 17:20:12+00:00,960201335361736704,"When you’re waiting patiently to see the @squarespace commercial with @Archmoco tonight....congrats guys!! If you’re interested in owning or just looking, go to https://t.co/pYuqQyRPfJ to see all the models and designs. Each bike is custom made. https://t.co/RM2GNLY519",1,2,8,keanureevesart,Keanu Reeves Art,2063,489,4,2,2018
https://twitter.com/Team_Noiz/status/960183954061123586,2018-02-04 16:11:08+00:00,960183954061123586,Here's a highlight from yesterday's stream! Disclaimer: We weren't actually sponsored by Squarespace.. https://t.co/tulj4rsLMh,1,0,1,Team_Noiz,Team nɔɪz,47,31,4,2,2018
https://twitter.com/tatianaplatt/status/960174336551346176,2018-02-04 15:32:55+00:00,960174336551346176,Super Bowl Ad Preview: “You are worthy of your dreams. Put them on the internet.” KEANU REEVES for @SquareSpace https://t.co/ZheRGefiC7 #SuperBowl #Ads https://t.co/gBwm7H0eOL,1,0,2,tatianaplatt,tatianaplatt,934,848,4,2,2018
https://twitter.com/okka_nyan/status/960156163210805253,2018-02-04 14:20:42+00:00,960156163210805253,"Thanks! kinjil：....our  kickass super bowl ad today doesn’t inspire you enough, remember this Keanuism - ‘Follow your dreams and before you die make a Squarespace website.’ - Keanu Reeves aka Neo aka my teenage crush. #keanureeves #superbowl https://t.co/7VBAYrFitR https://t.co/7v8OUzfn1J",1,0,16,okka_nyan,Ayako Ueda,4343,759,4,2,2018
https://twitter.com/Keanuital/status/960153144029302784,2018-02-04 14:08:42+00:00,960153144029302784,"kinjil:…  and if our super bowl ad today doesn’t inspire you enough, remember this Keanuism - ‘Follow your dreams and before you die make a Squarespace website.’ - Keanu Reeves aka Neo aka my teenage crush. #keanureeves https://t.co/Su3cG8RzLf #evensexierwithoutthehelmet ❤❤❤ https://t.co/WdgRMBKu5R",2,0,21,Keanuital,Keanuital,12805,37,4,2,2018
https://twitter.com/adage/status/960141353266098176,2018-02-04 13:21:51+00:00,960141353266098176,Squarespace's #SuperBowl ad is just Keanu standing on a motorcycle https://t.co/5XOsETwXNN https://t.co/KyvglGZAnU,3,0,5,adage,Ad Age,1001873,73143,4,2,2018
https://twitter.com/KeanuReeves_USA/status/960140140583661569,2018-02-04 13:17:02+00:00,960140140583661569,"Congratulations #Archmotorcycle !  Today 2-4-18 we grace the world with a Super Bowl ad thanks to our partnership with @squarespace Showing spot during the 2nd Quarter, Enjoy. 🙏🏻🏁#makeithappen #PerformaceCruiser #KRGT1 #madeonmichelin #keanureeves https://t.co/E6uoucDeFd https://t.co/HymK2pMveo",16,6,78,KeanuReeves_USA,◉ 𝐊𝐞𝐚𝐧𝐮 𝐑𝐞𝐞𝐯𝐞𝐬 * 𝐒𝐮𝐢 𝐆𝐞𝐧𝐞𝐫𝐢𝐬 𝐔𝐩𝐝𝐚𝐭𝐞𝐬,12031,330,4,2,2018
https://twitter.com/Keanuital/status/960134831807090689,2018-02-04 12:55:57+00:00,960134831807090689,Arch Motorcycle: This Sunday Arch / Squarespace will be part of the many amazing commercials to be shown at this year's Super Bowl. Have a look around to see the videos. https://t.co/ZbSVoavpDl #ArchMotorcycle #PerfmanceCruiser Enjoy. https://t.co/m8e1woXqNY #keanureeves https://t.co/WLELWjeAdN,1,0,16,Keanuital,Keanuital,12805,37,4,2,2018
https://twitter.com/keanureevesart/status/960104832894951424,2018-02-04 10:56:44+00:00,960104832894951424,When you realize today is #SuperBowlSunday and you get to see #keanureeves throughout in a #squarespace Ad!!! I’m a little too excited 😜 https://t.co/6an0cB87AG,12,4,62,keanureevesart,Keanu Reeves Art,2063,489,4,2,2018
https://twitter.com/cinelabuk/status/960101976305537025,2018-02-04 10:45:23+00:00,960101976305537025,Make It With Keanu Reeves https://t.co/5SsazEOEwG via @YouTube #SuperBowlAds #bleachbypass #35mmfilm @squarespace @academyfilms https://t.co/JXFfYtMH2w,4,0,8,cinelabuk,Cinelab Film & Digital,3635,4775,4,2,2018
https://twitter.com/followsthestars/status/960007463176110080,2018-02-04 04:29:49+00:00,960007463176110080,Can anyone recommend any good #Squarespace freelance developers? Need some help with my site but don't want to pay a lot of $$. Just need some very minor edits. :) NYC location preferred. Thanks!! (@squarespace),1,0,0,followsthestars,Rebecca Perry,706,1855,4,2,2018
https://twitter.com/stephanievrubio/status/959972860960833536,2018-02-04 02:12:20+00:00,959972860960833536,"Here are our agency picks for #branding @poshbrandsco and #webdesign @heydaysdesign (Squarespace) or @WPBarista, @DTAMUcreative (WordPress) 2018! 🌱❤️ #WomenInBusiness https://t.co/sskx6aRC9b",2,2,3,stephanievrubio,Steph | Marketing Director + Podcaster,574,800,4,2,2018
