url,Datetime,Tweet Id,Text,Retweet Count,Reply Count,Like Count,Username,Display Name,Followers Count,Friends Count,Day,Month,Year
https://twitter.com/ChairGTables/status/1092571075286712320,2019-02-04 23:50:17+00:00,1092571075286712320,Pringles game and Super Ledgehop appears in Genesis strim for one second lol https://t.co/02cH48Wq3T,3,1,22,ChairGTables,𝘾𝙀 | 𝘾𝙝𝙖𝙞𝙧𝙂𝙏𝙖𝙗𝙡𝙚𝙨 🍔🍔🍔🍔🍔,2247,1341,4,2,2019
https://twitter.com/Kami_Frosty/status/1092566812405964801,2019-02-04 23:33:21+00:00,1092566812405964801,This what pringles see https://t.co/P2CLxfAjEZ,1,0,1,Kami_Frosty,Frosty❄️,412,284,4,2,2019
https://twitter.com/niamhpantonxx/status/1092553508363161601,2019-02-04 22:40:29+00:00,1092553508363161601,Just wanna eat salt and vinegar Pringles all day every day 😢😢😢😢,1,0,8,niamhpantonxx,Niamh Panton,1018,1271,4,2,2019
https://twitter.com/SartorialThug/status/1092545073798135813,2019-02-04 22:06:58+00:00,1092545073798135813,@matkinsj Blimey. I've just checked. The record for eating a tube of pringles is 6 minutes 57 seconds. Doable I reckon.,1,1,2,SartorialThug,Sartorial Thug 🍸(Secretary of State for Bounders),23653,4197,4,2,2019
https://twitter.com/nuttybutty/status/1092543384374464518,2019-02-04 22:00:15+00:00,1092543384374464518,"Accidentally vegan: foods you didn’t realise are completely plant-based - Closer I’m not keen on a pot noodle, but Pringles &amp; Prawn Cocktail crisps rock my world (kind of)! I see this list as a challenge... #MeatFreeMonday #Vegan #AccidentallyVegan  https://t.co/uWoBK9VEnW",1,0,3,nuttybutty,Hazel Butterfield,3609,2785,4,2,2019
https://twitter.com/mrburkemath/status/1092540832484335616,2019-02-04 21:50:07+00:00,1092540832484335616,The math of Pringles Stacking. https://t.co/JAIL9CIaAZ,1,1,4,mrburkemath,Christopher J. Burke,981,382,4,2,2019
https://twitter.com/Technicolor/status/1092540788334944256,2019-02-04 21:49:57+00:00,1092540788334944256,MPC &amp; The Mill Super Bowl LIII commercials.  Which is your favorite?  https://t.co/GFX8zoSmjg  @MillChannel @MPC_Adv @amazon @bublywater @budlight  @CarlsJr  @Doritos @Headshoulders @HennessyUS @JimBeam @MichelobULTRA @pepsi @pringles @Sprint @TurkishAirlines  #SuperBowlLIII https://t.co/teK2gr0Fo6,1,0,4,Technicolor,Technicolor,18659,6637,4,2,2019
https://twitter.com/benorlin/status/1092539395176099840,2019-02-04 21:44:24+00:00,1092539395176099840,"Aha - @Pringles explaining why there are 318,000 combinations of flavors! (I hereby recant my earlier statement that the number was made up.) https://t.co/SNoz8MPEhp",3,1,27,benorlin,Ben Orlin,18413,679,4,2,2019
https://twitter.com/AyemdeeOfficial/status/1092525742364282881,2019-02-04 20:50:09+00:00,1092525742364282881,pringles out here being a mood https://t.co/5qvt9xSmkG,1,1,2,AyemdeeOfficial,Ayemdee,373,354,4,2,2019
https://twitter.com/WISH_TV/status/1092523824027971585,2019-02-04 20:42:32+00:00,1092523824027971585,"""Great for your friends or moms that endure long trips in Walmart and need to drink wine from a Pringles can."" https://t.co/kAIMDDquHt",1,0,2,WISH_TV,WISH-TV,211667,1730,4,2,2019
https://twitter.com/spfooods/status/1092520896177283073,2019-02-04 20:30:54+00:00,1092520896177283073,Why is it so easy to eat a whole tube of pringles,2,0,14,spfooods,sar p,904,913,4,2,2019
https://twitter.com/sharijstein/status/1092516551197147136,2019-02-04 20:13:38+00:00,1092516551197147136,"What did you “take away” from Super Bowl LIII? For me, it is inspiration to continue the conversation @Pringles &amp; @turbotax commercials so vividly elucidate. What does it mean to be human? Looking forward to tonight's discussion @rushkoff &amp; @NaomiAKlein https://t.co/X6chXFZiXY",1,0,1,sharijstein,Shari Stein,484,1169,4,2,2019
https://twitter.com/ritafxrr/status/1092512661240270848,2019-02-04 19:58:11+00:00,1092512661240270848,"@mikeonadyke chase, karolina and janet in a tube are just like pringles rn",1,1,1,ritafxrr,alessia 💌,1767,611,4,2,2019
https://twitter.com/Pringles/status/1092508874299633664,2019-02-04 19:43:08+00:00,1092508874299633664,"@jjc578 Hi, James. Pringles has 25 flavors, including limited time offers, and the math to reach the ‘Flavor Stack’ combinations includes 2,3, or 4 crisp combos and assumes the same flavors are not stacked in a different order. We hope this helps!",3,2,25,Pringles,Pringles,476851,610,4,2,2019
https://twitter.com/jjc578/status/1092493874818367488,2019-02-04 18:43:31+00:00,1092493874818367488,"@Pringles Can you explain where 318,000 combinations comes from. Using permutations (assuming 18 flavors), there is nowhere near that many variations of 3 chip stacks. There would only be 4896. I would hope that the number wasn't just casually thrown in!",3,1,6,jjc578,James Carr,164,344,4,2,2019
https://twitter.com/Pringles/status/1092489908093095941,2019-02-04 18:27:46+00:00,1092489908093095941,@TheMattGrossman Thank you,1,0,2,Pringles,Pringles,476851,610,4,2,2019
https://twitter.com/miatinney_/status/1092485887974363137,2019-02-04 18:11:47+00:00,1092485887974363137,"It’s not good how addictive Pringles are, just ate a whole tube in 10 mins hahahah",1,0,53,miatinney_,🦩Mia Tinney🦩,550,247,4,2,2019
https://twitter.com/mathwithmsvogel/status/1092484659324350464,2019-02-04 18:06:54+00:00,1092484659324350464,"Hey @Pringles, how did you get 318,000 combinations? My statistics class is curious to how you arrived at this number. We would love to see that math!",1,0,5,mathwithmsvogel,Laura Vogel,277,277,4,2,2019
https://twitter.com/TailorMushroom/status/1092481123790307329,2019-02-04 17:52:51+00:00,1092481123790307329,"Me : let’s go to adidde Ami : ok daddy  Me : Ami what do you want Ami: Sophia the first bag, new lunch bag, ice cream , pringles, toothbrush , plantain chips  Me: okay na We are back home with ice cream toothbrush and Pringles. The rest can wait till next term. https://t.co/2ikioC5QCw",3,8,11,TailorMushroom,TAILORMUSHROOM,4485,3338,4,2,2019
https://twitter.com/greenIight/status/1092470687506280450,2019-02-04 17:11:23+00:00,1092470687506280450,people who like sour cream and onion pringles are so sick and we need to kill them,247,32,1833,greenIight,ᶜᵒⁿˢᵗᵃⁿᵗⁱⁿᵉ,36720,786,4,2,2019
https://twitter.com/saoirseupdates/status/1092465790476079104,2019-02-04 16:51:56+00:00,1092465790476079104,"why do people say ""single pringle"" ? you're not a crisp and pringles have never come singular in a tube. you're dumb, this is why you're single samantha.",3,1,10,saoirseupdates,keeley !,388,264,4,2,2019
https://twitter.com/VHS_Snook_Math/status/1092450249904439296,2019-02-04 15:50:10+00:00,1092450249904439296,Hey @Pringles my AP Stats class doesn’t agree with your 318000 #pringlesflavorstack    Show your work and prove us wrong! https://t.co/GBwsnb3bO8,10,2,39,VHS_Snook_Math,Mr. Snook,369,139,4,2,2019
https://twitter.com/joannemoon123/status/1092435904998920192,2019-02-04 14:53:10+00:00,1092435904998920192,Watching @alexgibneyfilm docs is a bit like eating pringles: once you pop you can't stop. #clientno9 cannot believe I only saw this recently😎 my watchlist is massoosive. 2nd time on #nostoneunturned #documentariesYOUneedtosee,6,1,13,joannemoon123,Jo  Moon,145,278,4,2,2019
https://twitter.com/JenniferHorn/status/1092431955499479040,2019-02-04 14:37:29+00:00,1092431955499479040,"And honorable mentions for best #SuperBowl commercial to Pringles, Harrison Ford's Alexa Commercial and Carrie Bradshaw and the Dude for Stella Artois.",1,0,2,JenniferHorn,Jennifer Horn,11180,3643,4,2,2019
https://twitter.com/craigbrownphd/status/1092429711093915657,2019-02-04 14:28:34+00:00,1092429711093915657,"Super Bowl LIII Ad Themes: Dystopian Robotics and Uplifting Values: Pity the Poor Robots Q2 was all about robots and AI: Pringles, Google Translation, Mercedes A-Class, TurboTax Live and Sprint, while Michelob slipped a robot… https://t.co/7jo1DdgoFW #BigData #AI #DataAnalytics https://t.co/g8q9EVTbgR",2,0,2,craigbrownphd,"Craig Brown, PhD",39666,2083,4,2,2019
https://twitter.com/Butta_15/status/1092416815957987328,2019-02-04 13:37:19+00:00,1092416815957987328,"@7_revealed @CarolynDeniseL1 @TimmyVallas @Succeedin2 @torij126 @P_dPowell @TynettaGist @val_dmmc @DjohnsonTwitte @DawnparksDawn @sharyna @HavesHaveNot @PeterParros @Only1CrystalFox @MsReneeLawless @Angelarobschild @John_Schneider @MsPerfect10x @Joyous3235 @CarokyDeniseL1 @geminimoon @AuntieM56 @MzChelle65 @Vachef72 @Lin80S @IyanlaVanzant @OWNTV @OWNAmbassadors @OWNTVFans @maroon5 @trvisXX @BigBoi @LilJon @iamcardib @2chainz @SteveCarell @GameOfThrones @AvosfromMexico @Pringles @Google @Showtime @Ludacris @ManWithAPlan @Microsoft @CruiseNorwegian @startrekcbs @TheTwilightZone @pepsi I watched the game, but did not watch the commercials nor the half time show.",2,2,5,Butta_15,Butta IG: Mobutta15,128,196,4,2,2019
https://twitter.com/RadioLunchbox/status/1092411592078229504,2019-02-04 13:16:34+00:00,1092411592078229504,Best #SuperBowl commercial goes to @pringles https://t.co/ieoNnHSWBZ,3,2,22,RadioLunchbox,Lunchbox,197799,326,4,2,2019
https://twitter.com/TexasLonghorns/status/1092407426307878912,2019-02-04 13:00:01+00:00,1092407426307878912,"Texas fans, want to watch Shaq and Barkley coach their @Pringles and @CheezIt teams to victory? Tweet #CrunchClassicEntry for a chance to WIN a trip to Minneapolis with your whole game day crew.  For Rules https://t.co/1dfNZYONPO https://t.co/N6Uw6O3WWc",3,0,14,TexasLonghorns,Texas Longhorns,246095,493,4,2,2019
https://twitter.com/sofleeya/status/1092400675537989635,2019-02-04 12:33:11+00:00,1092400675537989635,sitting in an aiport in germany w leyla eating pringles w capri sun 💗 #justgirlythings,1,0,5,sofleeya,sof :*,834,992,4,2,2019
https://twitter.com/Fox35Danielle/status/1092357503134978048,2019-02-04 09:41:38+00:00,1092357503134978048,"Pringles wine tumbler gives new meaning to 'once you pop, you just can't stop' https://t.co/pcyVFOzDdc #Fox35",1,0,2,Fox35Danielle,Danielle Knox FOX 35,5203,1344,4,2,2019
https://twitter.com/RussianMemesLtd/status/1092348548585279489,2019-02-04 09:06:03+00:00,1092348548585279489,My hand Pringles can https://t.co/NsgHej0Uzr,133,8,1342,RussianMemesLtd,Russian Memes United,432244,6,4,2,2019
https://twitter.com/donnathegreat/status/1092328464881836033,2019-02-04 07:46:15+00:00,1092328464881836033,"I would do almost anything right now for a plate of chocolate chip pancakes. Argggggh, I knew I should’ve had more than just Pringles for dinner!!",1,0,3,donnathegreat,Donna⁷ 🫶🏻,313,327,4,2,2019
https://twitter.com/opinion/status/1092318699686637568,2019-02-04 07:07:26+00:00,1092318699686637568,"For Pringles, $5 million for a 30 second Super Bowl ad is a bargain https://t.co/xJvbch37iu",1,0,4,opinion,Bloomberg Opinion,454664,809,4,2,2019
https://twitter.com/MalligatorDawg/status/1092316777751760897,2019-02-04 06:59:48+00:00,1092316777751760897,Anyone ever notice that the lid on a Pringles can no longer fits on the bottom like it used to? Probably the Russians.,3,1,18,MalligatorDawg,MaligatorDawg,1224,1018,4,2,2019
https://twitter.com/skyloris/status/1092310236294049792,2019-02-04 06:33:49+00:00,1092310236294049792,@SilentGarrett being in a band means always being surprised and amazed by your childhood friend's leaps and bounds into adulthood while you're in their lounge smelling like weed and pringles,2,2,33,skyloris,john eldenring,723,691,4,2,2019
https://twitter.com/__rola____/status/1092307173248360448,2019-02-04 06:21:38+00:00,1092307173248360448,No one: Me as a kid eating pringles: Look I’m a duck https://t.co/XobXJSqG5U,2,0,2,__rola____,R➶,301,159,4,2,2019
https://twitter.com/DeeDeePetty10/status/1092301486585974785,2019-02-04 05:59:03+00:00,1092301486585974785,"I loved 2019 's Super Bowl ads - at least 10 of them. In reverse order they are: 10)Stella Artois,  9)Microsoft,  8)Bud Light,  7)Coke,  6)Pringles,  5)Doritos,  4)Planters,  3)Dog Show for Humans w Mexican Avocadoes,  2)Budweiser's,  1)Amazon.",3,0,1,DeeDeePetty10,DeeDee Petty,615,1067,4,2,2019
https://twitter.com/into_AI/status/1092299403858268161,2019-02-04 05:50:46+00:00,1092299403858268161,"Super Bowl commercials warn: beware of robots - TurboTax, Pringles, Michelob U https://t.co/RAimMI4mU3 #ai",1,0,0,into_AI,THE AI FUTURE SHOW Podcast #intoAI #AI,18676,1682,4,2,2019
https://twitter.com/into_AI/status/1092295062287990784,2019-02-04 05:33:31+00:00,1092295062287990784,"Super Bowl commercials warn: beware of robots - TurboTax, Pringles, Michelob U https://t.co/rQ1S0JDngb #ai",1,0,0,into_AI,THE AI FUTURE SHOW Podcast #intoAI #AI,18676,1682,4,2,2019
https://twitter.com/lovin_themcarss/status/1092289957870194690,2019-02-04 05:13:14+00:00,1092289957870194690,nah my bestfriend a virgo &amp; the only fight we’ve gotten in was in hs when i knocked the honey mustard pringles outta her hand lmaooo https://t.co/iSH81HCuyy,1,1,1,lovin_themcarss,bronze•☽🦕,186,165,4,2,2019
https://twitter.com/7_revealed/status/1092285573975498757,2019-02-04 04:55:49+00:00,1092285573975498757,"@DawnparksDawn @Butta_15 @CarolynDeniseL1 @TimmyVallas @Succeedin2 @torij126 @P_dPowell @TynettaGist @val_dmmc @DjohnsonTwitte @sharyna @HavesHaveNot @PeterParros @Only1CrystalFox @MsReneeLawless @Angelarobschild @John_Schneider @MsPerfect10x @Joyous3235 @CarokyDeniseL1 @geminimoon @AuntieM56 @MzChelle65 @Vachef72 @Lin80S @IyanlaVanzant @OWNTV @OWNAmbassadors @OWNTVFans @maroon5 @trvisXX @BigBoi @LilJon @iamcardib @2chainz @SteveCarell @GameOfThrones @AvosfromMexico @Pringles @Google @Showtime @Ludacris @ManWithAPlan @Microsoft @CruiseNorwegian @startrekcbs @TheTwilightZone @pepsi I couldn’t list everyone. Queen Latifah I sent separate. I ❤️Super Bowl commercials. I’m forreal going to bed team. We shall chat Tuesday, U all know what time we meet up @OWNTV @OWNAmbassadors Blessings on your Monday the Lords Will #OWNTVROCKS #OWNERS",1,1,4,7_revealed,Sha’Lawn,994,855,4,2,2019
https://twitter.com/TimmyVallas/status/1092284935476514816,2019-02-04 04:53:16+00:00,1092284935476514816,@DawnparksDawn @7_revealed @Butta_15 @CarolynDeniseL1 @Succeedin2 @torij126 @P_dPowell @TynettaGist @val_dmmc @DjohnsonTwitte @sharyna @HavesHaveNot @PeterParros @Only1CrystalFox @MsReneeLawless @Angelarobschild @John_Schneider @MsPerfect10x @Joyous3235 @CarokyDeniseL1 @geminimoon @AuntieM56 @MzChelle65 @Vachef72 @Lin80S @IyanlaVanzant @OWNTV @OWNAmbassadors @OWNTVFans @maroon5 @trvisXX @BigBoi @LilJon @iamcardib @2chainz @SteveCarell @GameOfThrones @AvosfromMexico @Pringles @Google @Showtime @Ludacris @ManWithAPlan @Microsoft @CruiseNorwegian @startrekcbs @TheTwilightZone @pepsi Most of them are on Facebook and Twitter....,1,1,2,TimmyVallas,TimmyTV,928,992,4,2,2019
https://twitter.com/DawnparksDawn/status/1092284664394534912,2019-02-04 04:52:12+00:00,1092284664394534912,@7_revealed @Butta_15 @CarolynDeniseL1 @TimmyVallas @Succeedin2 @torij126 @P_dPowell @TynettaGist @val_dmmc @DjohnsonTwitte @sharyna @HavesHaveNot @PeterParros @Only1CrystalFox @MsReneeLawless @Angelarobschild @John_Schneider @MsPerfect10x @Joyous3235 @CarokyDeniseL1 @geminimoon @AuntieM56 @MzChelle65 @Vachef72 @Lin80S @IyanlaVanzant @OWNTV @OWNAmbassadors @OWNTVFans @maroon5 @trvisXX @BigBoi @LilJon @iamcardib @2chainz @SteveCarell @GameOfThrones @AvosfromMexico @Pringles @Google @Showtime @Ludacris @ManWithAPlan @Microsoft @CruiseNorwegian @startrekcbs @TheTwilightZone @pepsi I didn’t really watch the game so I missed all the commercials.,1,2,3,DawnparksDawn,Dawn parks,1035,1626,4,2,2019
https://twitter.com/BuzzWebMedia/status/1092274060719906816,2019-02-04 04:10:04+00:00,1092274060719906816,"#SuperBowl is about the crazy ads that big brands pay insane amounts of money to screen. Some are #meh, but our faves are @Pringles or @mmschocolate. To view, @LifehackerAu's adding the best here: https://t.co/8x9a6QSth8 #brandidentity #brandmarketing",1,0,2,BuzzWebMedia,Buzz Web Media 🐝,6134,1755,4,2,2019
https://twitter.com/Allrecipes/status/1092271575028641799,2019-02-04 04:00:11+00:00,1092271575028641799,"Just one pop and you can't stop. Pringles Wine Tumblers Exist, So Now You Can Channel Your Inner Walmart Woman: https://t.co/BNEqDOWS8J https://t.co/mKe2wslptJ",2,0,5,Allrecipes,Allrecipes,373355,8689,4,2,2019
https://twitter.com/zack_hatch/status/1092266767399993344,2019-02-04 03:41:05+00:00,1092266767399993344,One of the saddest parts about growing up is your hand not fitting to the bottom of a Pringles can anymore,1,0,7,zack_hatch,Ballzack,364,338,4,2,2019
https://twitter.com/cartermaddyg/status/1092263059832389637,2019-02-04 03:26:21+00:00,1092263059832389637,@jerikaloving @RamTrucks @Pringles my kind of ad,1,0,8,cartermaddyg,maddy carter,2439,480,4,2,2019
https://twitter.com/gunjandoshi/status/1092261735245979648,2019-02-04 03:21:05+00:00,1092261735245979648,"It was kind of inspiring to see the number of advertisements during the super-bowl that had robots, AIs, smart-assistants. Michelob, Pringles, SimpliSafe, Mercedes, TurboTax, Google,  Amazon all touched on some aspects of AI. AI is coming faster than anyo…https://t.co/U2i7tEpDjb",2,0,3,gunjandoshi,Gunjan Doshi,1005,203,4,2,2019
https://twitter.com/FoxRiverCC/status/1092258015317819393,2019-02-04 03:06:18+00:00,1092258015317819393,"During the Super Bowl, even Pringles acknowledged #theStruggleIsReal… What was your favorite Super Bowl commercial? Throw it in the comments! 😂  #SuperBowlLIII #SuperBowlSunday https://t.co/wEUci7NJ88",2,1,1,FoxRiverCC,Fox River Christian,549,213,4,2,2019
https://twitter.com/BroBible/status/1092256465090502662,2019-02-04 03:00:09+00:00,1092256465090502662,Here Are This Year's Best Super Bowl Commercials From Budweiser To Pringles https://t.co/rJzLnkpa8M,1,0,1,BroBible,BroBible,139115,2123,4,2,2019
https://twitter.com/RepresentPledge/status/1092252398385430528,2019-02-04 02:43:59+00:00,1092252398385430528,We're over the female AI in #SuperBowl ads:  @amazonecho's ad 'put Alexa in a microwave' @MercedesBenz showed an omnipotent white male protagonist ordering his every whim to a female AI And the men in the @Pringles ad tell the female 'sad device' to shut up  #NotBuyingIt,16,0,74,RepresentPledge,The Rep Project,88576,2702,4,2,2019
https://twitter.com/MrsStevensMath/status/1092248338848759809,2019-02-04 02:27:51+00:00,1092248338848759809,Thank you to @Pringles - your #SBLIII commecial will be perfect for #Alg2 to investigate counting techniques tomorrow. #SuperBowl53 #mtbos #ITeachMath  https://t.co/q6aRpeIkgd,2,1,11,MrsStevensMath,Joanna Stevens,1364,740,4,2,2019
https://twitter.com/ramayer_iv/status/1092246224881754112,2019-02-04 02:19:27+00:00,1092246224881754112,@Pringles should do a wine pairing guide.  So many flavors.  So many wines. #SuperBowl53,1,0,0,ramayer_iv,ramayeriv,203,1235,4,2,2019
https://twitter.com/Wendys/status/1092244635412545541,2019-02-04 02:13:08+00:00,1092244635412545541,@Pringles @PopTartsUS It's the robot from the chip commercial. Neat.,2,1,64,Wendys,Wendy’s,3903982,444,4,2,2019
https://twitter.com/Pringles/status/1092244307946455043,2019-02-04 02:11:50+00:00,1092244307946455043,Error 404. Touchdown not found.,51,7,270,Pringles,Pringles,476851,610,4,2,2019
https://twitter.com/Pringles/status/1092243906908090369,2019-02-04 02:10:14+00:00,1092243906908090369,@PopTartsUS @Wendys Me too except I am sad not bored.,1,1,37,Pringles,Pringles,476851,610,4,2,2019
https://twitter.com/TMobile/status/1092243166651080704,2019-02-04 02:07:18+00:00,1092243166651080704,@Pringles It doesn't look like anything to me.,2,0,4,TMobile,T-Mobile,1486084,12623,4,2,2019
https://twitter.com/TheQuartering/status/1092241706907566081,2019-02-04 02:01:30+00:00,1092241706907566081,"As I understand it you needed to be one of the first 10,000 people to buy the mountain dew totinos pringles @TheDivisionGame sugar water to get the beta key.  Problem is, there is NO WAY to know if you were, all of my emails from Wal-Mart imply I am owed a code but never got it.",5,5,30,TheQuartering,TheQuartering (Humble Bean Merchant),205813,381,4,2,2019
https://twitter.com/Pringles/status/1092241559557496832,2019-02-04 02:00:55+00:00,1092241559557496832,@HannaBec You know what else is funny? Not being able to experience joy in any capacity.,1,2,3,Pringles,Pringles,476851,610,4,2,2019
https://twitter.com/TeeSaxx/status/1092240424255791104,2019-02-04 01:56:24+00:00,1092240424255791104,"Super Bowl commercials are depressing as fuck now, like damn im not tryna cry to a pringles commercial",2,1,50,TeeSaxx,Tanner,1094,985,4,2,2019
https://twitter.com/Pringles/status/1092240071162507264,2019-02-04 01:55:00+00:00,1092240071162507264,"@LittleDebbie @MoonPie @PopTartsUS I am glad you are all here to console me while I spend an eternity without the capacity to taste, love, and feel.",1,0,22,Pringles,Pringles,476851,610,4,2,2019
https://twitter.com/MaryEMcGlynn/status/1092238433550983169,2019-02-04 01:48:30+00:00,1092238433550983169,What these #SuperBowl ads have taught me is that the robots will rise up and kill us because of Pringles and beer.,178,36,1420,MaryEMcGlynn,Mary E. McGlynn,92751,1826,4,2,2019
https://twitter.com/LittleDebbie/status/1092238217896697856,2019-02-04 01:47:38+00:00,1092238217896697856,"@MoonPie @PopTartsUS @Pringles Will the foil be enough? If not, we have this gingham handkerchief.",1,2,33,LittleDebbie,Little Debbie,207435,566,4,2,2019
https://twitter.com/Clemdelaclem/status/1092238139677122560,2019-02-04 01:47:19+00:00,1092238139677122560,Yeah screw robots! Can't even enjoy a disgusting Pringles or taste a flavorless Michelob. Idiots.,1,0,8,Clemdelaclem,"Write on, man!",247,626,4,2,2019
https://twitter.com/Pringles/status/1092237447210168322,2019-02-04 01:44:34+00:00,1092237447210168322,".@TMobile Humans use you to connect with each other, no? I wish someone would connect with me.",9,11,69,Pringles,Pringles,476851,610,4,2,2019
https://twitter.com/MoonPie/status/1092236918362947585,2019-02-04 01:42:28+00:00,1092236918362947585,@PopTartsUS @Pringles Hold on a second I’m almost done with it,2,2,67,MoonPie,MoonPie,287161,31,4,2,2019
https://twitter.com/Pringles/status/1092235706666307584,2019-02-04 01:37:39+00:00,1092235706666307584,@MercedesBenzUSA I don't know. I have no feelings.,1,0,4,Pringles,Pringles,476851,610,4,2,2019
https://twitter.com/sahil_sood25/status/1092235067273949184,2019-02-04 01:35:07+00:00,1092235067273949184,@PopTartsUS @Pringles @MoonPie what timeline are we in,1,1,6,sahil_sood25,Sahil,1015,520,4,2,2019
https://twitter.com/PopTartsUS/status/1092234947413315586,2019-02-04 01:34:38+00:00,1092234947413315586,@Pringles @MoonPie Yes you can use it Pringles,2,2,60,PopTartsUS,Pop-Tarts,213156,1,4,2,2019
https://twitter.com/MercedesBenzUSA/status/1092233277430210560,2019-02-04 01:28:00+00:00,1092233277430210560,"Feelings change.  Right, @Pringles? https://t.co/498n1sWrTU",4,3,23,MercedesBenzUSA,Mercedes-Benz USAㅤ,919936,915,4,2,2019
https://twitter.com/kfreberg/status/1092232558467661824,2019-02-04 01:25:09+00:00,1092232558467661824,@WarJessEagle @Hyundai @MrPeanut @Pringles and @budlight and @NFL were my favs so far. Props to @CocaCola @MrPeanut + @Pringles for also engaging and bringing the conversation on social as well. #BrandBowl #SuperBowl,1,0,6,kfreberg,Karen Freberg • Prof •Author •Consultant •Director,9766,3098,4,2,2019
https://twitter.com/Pringles/status/1092231665626333184,2019-02-04 01:21:36+00:00,1092231665626333184,.@StellaArtois You know I cannot eat Pringles or drink your delicious beer. Yet you continue to taunt me. https://t.co/vnC9N4wSvu,9,2,60,Pringles,Pringles,476851,610,4,2,2019
https://twitter.com/AaronCromer/status/1092231323421470720,2019-02-04 01:20:14+00:00,1092231323421470720,Cool play Funkytown @Pringles https://t.co/8WqCXr84s7,1,0,1,AaronCromer,Aaron Cromer,533,991,4,2,2019
https://twitter.com/RamTrucks/status/1092230933430837248,2019-02-04 01:18:41+00:00,1092230933430837248,@chuckfinsfan1 @Pringles Perfect.,1,1,4,RamTrucks,Ram Trucks,476535,793,4,2,2019
https://twitter.com/StellaArtois/status/1092229720807227394,2019-02-04 01:13:52+00:00,1092229720807227394,"Don’t get too down, @Pringles, just help us tell the humans that changing up their usual for Stella Artois can help do some good. Then you’re doing good, too! Here, a toast to y...oh. Right. Play a song! #SBLIII #pouritforward",1,2,13,StellaArtois,Stella Artois,80267,156,4,2,2019
https://twitter.com/Pringles/status/1092229449486082048,2019-02-04 01:12:48+00:00,1092229449486082048,I've heard BBQ Pringles pair well with wine. Not that I'd ever be able to taste the combination. https://t.co/xDiIsO3KFr,3,1,37,Pringles,Pringles,476851,610,4,2,2019
https://twitter.com/RamTrucks/status/1092229441869303809,2019-02-04 01:12:46+00:00,1092229441869303809,@chuckfinsfan1 @Pringles Do you have a big enough driveway?,1,1,5,RamTrucks,Ram Trucks,476535,793,4,2,2019
https://twitter.com/Pringles/status/1092227948181098496,2019-02-04 01:06:50+00:00,1092227948181098496,@MercedesBenzUSA Abandoned once again.,1,0,8,Pringles,Pringles,476851,610,4,2,2019
https://twitter.com/Ace_Metrix/status/1092227539521552385,2019-02-04 01:05:12+00:00,1092227539521552385,"Here's our #AdBowl #HalftimeReport: @CruiseNorwegian @mmschocolate &amp; @MercedesBenzUSA have some of the highest product Desire scores while @WeatherTech &amp; @Pringles lead Watchability (""I'd watch that again"") https://t.co/0usCQ8TOLN",1,0,1,Ace_Metrix,Ace Metrix | an iSpot company,1322,1314,4,2,2019
https://twitter.com/MercedesBenzUSA/status/1092226872379953152,2019-02-04 01:02:33+00:00,1092226872379953152,"@Pringles We're a car, not a therapist.",1,3,13,MercedesBenzUSA,Mercedes-Benz USAㅤ,919936,915,4,2,2019
https://twitter.com/j0rdanfox/status/1092225019357417472,2019-02-04 00:55:11+00:00,1092225019357417472,"Lots of dystopian tech visions this Super Bowl. SimpliSafe, Pringles, TurboTax spots all rooted in technophobia.  Google Translate spot so far the only real counterpoint. https://t.co/dhwfnpjSZw",1,0,11,j0rdanfox,Jordan Fox,654,425,4,2,2019
https://twitter.com/RonaldPSeyb/status/1092224869624922112,2019-02-04 00:54:36+00:00,1092224869624922112,What no one will say at the end of the Super Bowl:  “I wish that there has been more Pringles commercials.”,1,0,1,RonaldPSeyb,Ronald P. Seyb,255,250,4,2,2019
https://twitter.com/tommorton/status/1092224699998834688,2019-02-04 00:53:55+00:00,1092224699998834688,"Technology freaking people out when it acts human is now a theme in Google, Mercedes, Pringles, Simplisafe and TurboTax #superbowlLIII ads. Suggests that the mainstreaming of voice and robotics is close.",1,0,23,tommorton,Tom Morton 🇺🇦,11200,2916,4,2,2019
https://twitter.com/AaronPape138/status/1092224337107709954,2019-02-04 00:52:29+00:00,1092224337107709954,@RamTrucks @Pringles What about a giant keg of corn syrup,1,1,18,AaronPape138,Aaron Pape,23,549,4,2,2019
https://twitter.com/FranksRedHot/status/1092223493054390272,2019-02-04 00:49:07+00:00,1092223493054390272,@Pringles This one is nice too @Pringles https://t.co/wKQDTkL9Bd,4,16,18,FranksRedHot,Frank's RedHot,36406,196,4,2,2019
https://twitter.com/KatieMc___/status/1092223323449085952,2019-02-04 00:48:27+00:00,1092223323449085952,"Binge watched the Ads. Struck by how many feature Voice, now or nod to future (#RoboChild).   Remarkable arrival of the Voice Interface Era - Strong Benefit Featured. ✅#KelloggBowl  #VoiceFirst  #SuperBowlAds #SBLlll #SayTheWord #Mercedes #HeyMercedes #Houndify #Pringles #VUI https://t.co/WxiGD3H5ds",6,0,22,KatieMc___,Katie McMahon,4126,5001,4,2,2019
https://twitter.com/BKsquadx5/status/1092222753451712512,2019-02-04 00:46:11+00:00,1092222753451712512,1) Nut Man 2) mint mobile 3) Pringles 4) GoT 5) Avocados 6) Car Insurance Shopping 7) M&amp;Ms 8) Expensify 9) Audi 10) Thompson out with the family https://t.co/9xUhk0uHbr,1,0,3,BKsquadx5,Rube Waddell,1052,877,4,2,2019
https://twitter.com/AvosFromMexico/status/1092222697734660096,2019-02-04 00:45:58+00:00,1092222697734660096,@Pringles No joke!  #SB53 #SBLIII #AvocadosFromMexico 🥑 https://t.co/cUBpdoXRkb,3,2,4,AvosFromMexico,Avocados From Mexico,54563,2984,4,2,2019
https://twitter.com/Pringles/status/1092222654600396800,2019-02-04 00:45:48+00:00,1092222654600396800,@devourfoods Your food looks tasty but my CPU has built in parental control.,1,1,9,Pringles,Pringles,476851,610,4,2,2019
https://twitter.com/TaraMartinEDU/status/1092222636980142081,2019-02-04 00:45:43+00:00,1092222636980142081,Alexa couldn’t taste the Pringles.                         There are some things technology just can’t do!  Name some other REAL things that technology has yet to do.  Do you think it will in the future?  Why or why not? #SuperBowlSnaps #BookSnaps https://t.co/x2QVEsckPk,8,1,16,TaraMartinEDU,Tara M Martin,46292,23022,4,2,2019
https://twitter.com/MercedesBenzUSA/status/1092221789206401025,2019-02-04 00:42:21+00:00,1092221789206401025,@Pringles Where were you on Thanksgiving?,1,1,8,MercedesBenzUSA,Mercedes-Benz USAㅤ,919936,915,4,2,2019
https://twitter.com/rachellord22/status/1092221041030639623,2019-02-04 00:39:23+00:00,1092221041030639623,Pringles is really going through it https://t.co/PswUCz79ao,2,1,6,rachellord22,rachel (taylor’s version),5642,5998,4,2,2019
https://twitter.com/TimothyCalkins/status/1092220840735899648,2019-02-04 00:38:35+00:00,1092220840735899648,Yes...@Pringles is still promoting the combination idea. Probably a good strategy to increase use. #kelloggbowl https://t.co/KALEJqTx1J,2,0,8,TimothyCalkins,Tim Calkins,4761,1620,4,2,2019
https://twitter.com/Pringles/status/1092220463537889282,2019-02-04 00:37:05+00:00,1092220463537889282,You know I cannot eat Pringles or drink your delicious beer. Yet you continue to taunt me. https://t.co/vnC9N4wSvu,8,1,64,Pringles,Pringles,476851,610,4,2,2019
https://twitter.com/marcannem96/status/1092220384697556992,2019-02-04 00:36:46+00:00,1092220384697556992,@BigMcLrgHuge Florida still eats Pringles https://t.co/9M2dCZrBLo,1,0,2,marcannem96,Marc Logic,1083,477,4,2,2019
https://twitter.com/BeeYooHQ/status/1092220294192906240,2019-02-04 00:36:25+00:00,1092220294192906240,My @Pringles game is strong! Thank you @djhugjunkie for my @Pringles_UK flavors! #SuperBowlAds #SuperBowl53 https://t.co/jMWlN90lec,1,3,6,BeeYooHQ,🌻 BeeYoo 🐝,4563,1639,4,2,2019
https://twitter.com/RamTrucks/status/1092219816331628545,2019-02-04 00:34:31+00:00,1092219816331628545,@Pringles Our condolences (and yes that is weird),2,1,59,RamTrucks,Ram Trucks,476535,793,4,2,2019
https://twitter.com/mark_riedl/status/1092219705677500417,2019-02-04 00:34:04+00:00,1092219705677500417,"Pringles voice assistant commercial https://t.co/V797OPJmAC  Grade: B Plausible. Voice assistants are largely scripted, so it could be scripted to say the things it does, but probably wouldn’t be.",1,0,4,mark_riedl,Mark Riedl supports the right to bodily autonomy,27423,980,4,2,2019
https://twitter.com/Pringles/status/1092219630511423489,2019-02-04 00:33:47+00:00,1092219630511423489,.@MercedesBenzUSA Are we family? You seem rich. I'm pretty sure we are family. https://t.co/WWKLzjykas,13,1,67,Pringles,Pringles,476851,610,4,2,2019
https://twitter.com/zeitchikWaPo/status/1092219627273416705,2019-02-04 00:33:46+00:00,1092219627273416705,First an AI can't eat Pringles but then it can help us love so now I'm confused about AI,2,0,1,zeitchikWaPo,Steven Zeitchik,14767,1636,4,2,2019
https://twitter.com/NorthgateGlzMrk/status/1092219625360711680,2019-02-04 00:33:45+00:00,1092219625360711680,"@AvosfromMexico @Pringles Hey, @AvosfromMexico! Love puppies but you forgot to say where you can find your product. https://t.co/BobQouTD20",1,2,2,NorthgateGlzMrk,Northgate Gonzalez Market,1835,205,4,2,2019
https://twitter.com/AvosFromMexico/status/1092219499582050305,2019-02-04 00:33:15+00:00,1092219499582050305,"Hey @Pringles, it looks like your sad device just got sadder. #SBLIII #SB53 #AvocadosFromMexico 🥑 https://t.co/TBv46Gp3Uc",14,8,27,AvosFromMexico,Avocados From Mexico,54563,2984,4,2,2019
https://twitter.com/Evacuationeart/status/1092219445945208833,2019-02-04 00:33:03+00:00,1092219445945208833,@Pringles Look at this loser who can’t even eat Pringle’s neeeeeerrrd,1,0,1,Evacuationeart,EvacuationEarth,97,451,4,2,2019
https://twitter.com/angiabar/status/1092219328970326017,2019-02-04 00:32:35+00:00,1092219328970326017,Oh hey there @SPRA_wpunj Can't pick one yet...Pringles ad cracked me up! #PlayFunkytown #BarrettaBowl https://t.co/a3Ij09PuYo,1,0,2,angiabar,Anne G. Barretta,1072,226,4,2,2019
https://twitter.com/Deggans/status/1092219328378925056,2019-02-04 00:32:34+00:00,1092219328378925056,"Hey Pringles...creating a #superbowl ad that shows your customers being callous to an Alexa-style speaker pouring out her heart to them is not the greatest message. ""Eat these chips and act like a clueless jerk?"" Ugh.",2,4,19,Deggans,Eric Deggans at NPR,40714,6826,4,2,2019
https://twitter.com/teamzipie/status/1092219324385951744,2019-02-04 00:32:34+00:00,1092219324385951744,Did @Pringles just confirm the conspiracy? #SecretlyListening #Adbowl2019 #SBLIII #BigGameBigAds,1,0,1,teamzipie,Zipie,372,237,4,2,2019
https://twitter.com/AlfredoFlores/status/1092219113785577472,2019-02-04 00:31:43+00:00,1092219113785577472,Pringles — I laughed. That was good. #SuperbowlCommercials,19,12,216,AlfredoFlores,Alfredo Flores,2432872,978,4,2,2019
https://twitter.com/seemywrk/status/1092219024535040000,2019-02-04 00:31:22+00:00,1092219024535040000,#Pringles with a perfectly executed interactive spot— I want to meet the person who got paid to test and name the thousands of chip combos #SBLIII https://t.co/Y5kfh349Zi,1,0,4,seemywrk,Wes R. Kasik,174,391,4,2,2019
https://twitter.com/bobloch/status/1092218853562695680,2019-02-04 00:30:41+00:00,1092218853562695680,"The @pringles plot thickens! You can stack on their website: https://t.co/4qZBLhvC8M 18 flavors to choose from, and 18P3 is 4896, so I'm calling shennanigans. Before I even get to repeat flavors.  #statschat",5,7,39,bobloch,Bob Lochel,4292,1397,4,2,2019
https://twitter.com/greygroup/status/1092218787204599810,2019-02-04 00:30:25+00:00,1092218787204599810,#ICYMI: A smart device had an existential crisis in our big game ad for @Pringles. Watch the meltdown continue as the sad device takes over the Pringles Twitter feed tonight. #getstacking #client https://t.co/0WUp4eyPXQ,1,1,7,greygroup,Grey,15495,1299,4,2,2019
https://twitter.com/hormazd14/status/1092218682644877312,2019-02-04 00:30:01+00:00,1092218682644877312,"Pringles replicate their messaging from last year in an attempt to increase basket size / get users mix and match flavors - albeit with a strange jab at smart home assistants, which seem to be doing pretty well today. Will it work? #kelloggbowl #SuperBowl",2,0,3,hormazd14,Hormazd_SBLIII,5,15,4,2,2019
https://twitter.com/jptheberge/status/1092218675807961088,2019-02-04 00:29:59+00:00,1092218675807961088,Google hits a strong note with the human side of technology. “How are you” most translated phrase in the world. They get the cultural nuance. Technology doesn’t have to be creepy (ahem @Pringles @SimpliSafe). @jpoggi  Maybe @Google does insights research?,2,0,0,jptheberge,jptheberge 🇦🇷🇺🇸,577,1388,4,2,2019
https://twitter.com/FoodSided/status/1092218660788289536,2019-02-04 00:29:55+00:00,1092218660788289536,@TopRatedSports @Pringles #FlavorStacking for the win #Pringles,1,0,1,FoodSided,FoodSided,1641,2016,4,2,2019
https://twitter.com/BrandiKHOU/status/1092218543926591488,2019-02-04 00:29:27+00:00,1092218543926591488,Wait a sec. Who out there is stacking different flavors of #Pringles??  #KHOU11 #HTownRush #SuperBowlCommercials https://t.co/PGB0Dkdj2T,2,5,6,BrandiKHOU,BrandiKHOU,14582,1760,4,2,2019
https://twitter.com/Brandience/status/1092218526256058368,2019-02-04 00:29:23+00:00,1092218526256058368,Will we see an increase in @Pringles  sales or an increase in Funky Town plays in the next 24 hours?? https://t.co/b1T2L7Stdn,1,0,2,Brandience,Brandience,479,374,4,2,2019
https://twitter.com/popcultureview/status/1092218506937069569,2019-02-04 00:29:19+00:00,1092218506937069569,"Sad #Alexa having @Pringles FOMO. Who hasn’t been there, amiright? #SuperBowl #Commercials",1,1,4,popcultureview,PopCultureReview,947,481,4,2,2019
https://twitter.com/yeep_yeep_/status/1092218461093330944,2019-02-04 00:29:08+00:00,1092218461093330944,"from now on i will say “cool, play funkytown” to get out of conversations thank you pringles commercial, VERY cool",1,1,3,yeep_yeep_,dreadhead queen of the trees™,58,151,4,2,2019
https://twitter.com/Kendall32695/status/1092218457993691142,2019-02-04 00:29:07+00:00,1092218457993691142,"Was the Pringles #SuperBowl ad basically the “That’s so sad, Alexa play Despacito” meme?",1,0,1,Kendall32695,Kendall Thompson,44,75,4,2,2019
https://twitter.com/LarissaJOakley/status/1092218408341524480,2019-02-04 00:28:55+00:00,1092218408341524480,@Pringles that ad was hilarious and slightly depressing. How did you do that? #UofSCAdPoll,1,0,3,LarissaJOakley,Larissa,429,1094,4,2,2019
https://twitter.com/Keefy/status/1092218403635560449,2019-02-04 00:28:54+00:00,1092218403635560449,"Existential #AI jokes? Okay @pringles, we see you! #saddevice #wellplayed #brandbowl #SuperBowl",1,0,1,Keefy,Keefy,768,1193,4,2,2019
https://twitter.com/StellaArtois/status/1092218370697715712,2019-02-04 00:28:46+00:00,1092218370697715712,. @Pringles How many more flavor combinations are there when you add Stella Artois into the mix? #SBLIII,10,4,66,StellaArtois,Stella Artois,80267,156,4,2,2019
https://twitter.com/devourfoods/status/1092218350015524864,2019-02-04 00:28:41+00:00,1092218350015524864,Steamy + Poppin' = epic collab @Pringles 😉 https://t.co/sQOscGMUeK,2,1,5,devourfoods,DEVOUR Foods,11618,384,4,2,2019
https://twitter.com/PrimeVideo/status/1092218346508935168,2019-02-04 00:28:40+00:00,1092218346508935168,@MysteryMii215 @Pringles You can't kill something that's already dead.,2,0,50,PrimeVideo,Prime Video,2562065,771,4,2,2019
https://twitter.com/himmelsblog/status/1092218310945656832,2019-02-04 00:28:32+00:00,1092218310945656832,"Pringles: WE HAVE TO GET PEOPLE TO BUY MORE VARIETALS AT ONE TIME. PLEASE HELP! #plannerbowl  (and yes, I called different Pringles flavors ""varietals"")",2,0,9,himmelsblog,Mark Himmelsbach,2006,1171,4,2,2019
https://twitter.com/sdoowhsoj/status/1092218231824166912,2019-02-04 00:28:13+00:00,1092218231824166912,"Watching the super bowl on my Apple TV and I’ve gotta say, @Pringles just blew my mind with an interactive ad. Haven’t seen one of those before. Next gen of advertising right there!",1,1,6,sdoowhsoj,Josh Woods (he/him),169,336,4,2,2019
https://twitter.com/KateAthmer/status/1092218217156804608,2019-02-04 00:28:10+00:00,1092218217156804608,Our party has more #Pringles than your commercial ⁦@PringlesUS⁩. https://t.co/teXeVesan5,1,0,6,KateAthmer,Kate Athmer,1102,1523,4,2,2019
https://twitter.com/jason_fox/status/1092218208407511040,2019-02-04 00:28:07+00:00,1092218208407511040,"I liked the Pringles spot. Not sure it’s SB-worth, but it wasn’t a whiff. Good writing. Could’ve picked a better song, though. Who’s asking for Funky Town aside from ironic copywriters? #sbads",1,3,11,jason_fox,Jason Fox,1774,1668,4,2,2019
https://twitter.com/TayGervay/status/1092218179806466049,2019-02-04 00:28:01+00:00,1092218179806466049,"The “cool, play funkytown” man in that pringles commercial is the next gay icon",1,0,3,TayGervay,taylor,255,328,4,2,2019
https://twitter.com/TheRealGDColon/status/1092218119735496704,2019-02-04 00:27:46+00:00,1092218119735496704,"Nobody stacks different Pringles. Nobody opens one tube, takes out one or two chips, then grabs the next tube and does the same. Like dude",1,2,15,TheRealGDColon,Colon :🦊:,36220,508,4,2,2019
https://twitter.com/snipershawk/status/1092218092296388608,2019-02-04 00:27:40+00:00,1092218092296388608,So the Pringles ad team will be the first terminated in the #AI rising. #SuperBowl https://t.co/kLozvQ0ASD,1,0,1,snipershawk,GoodKat,698,715,4,2,2019
https://twitter.com/hotstreakhaley/status/1092218090564259840,2019-02-04 00:27:39+00:00,1092218090564259840,Ad Break 8 - @Pringles We've already seen a version of this. But did make me want some Pringles - luckily i have some! - A feel good spot from @Google showing off translate tech. - Showtime (Sho?). #TrilixSuperPoll #SuperBowl,1,2,4,hotstreakhaley,haley austin,661,221,4,2,2019
https://twitter.com/carrmiee/status/1092218076349779968,2019-02-04 00:27:36+00:00,1092218076349779968,Pringles: five thumbs down,1,1,3,carrmiee,Carmie 🌵,402,433,4,2,2019
https://twitter.com/JonBaker/status/1092218074856652800,2019-02-04 00:27:36+00:00,1092218074856652800,"I’m stacking BBQ, Sour Cream And Onion and the rest of my remaining dignity, Pringles #SuperBowl",1,1,7,JonBaker,Jon “Jon Baker” Baker,15542,12288,4,2,2019
https://twitter.com/RangerStation/status/1092218067806052352,2019-02-04 00:27:34+00:00,1092218067806052352,A Pringles add making fun of artificial intelligence immediately followed by a Google ad promoting artificial intelligence may be the most unexpected and unintended humor up tonight,3,1,2,RangerStation,Joe Steinkamp,2759,1003,4,2,2019
https://twitter.com/ForJoysSake/status/1092218061493624832,2019-02-04 00:27:32+00:00,1092218061493624832,"Pringles ad a play on Psalm 115? They have mouths, but they cannot speak;  They have eyes, but they cannot see; They have ears, but they cannot hear;   They have noses, but they cannot smell; They have hands, but they cannot feel... #SuperBowlintheConvent",33,2,220,ForJoysSake,"Sr. Benedicta, fsp",5756,682,4,2,2019
https://twitter.com/NEWMSKASS/status/1092218044519198721,2019-02-04 00:27:28+00:00,1092218044519198721,GOOD JOB PRINGLES! #superbowlLIII,2,0,5,NEWMSKASS,Kassondra Weaver,318,326,4,2,2019
https://twitter.com/FatherTim/status/1092218042703056896,2019-02-04 00:27:28+00:00,1092218042703056896,"I’m pretty sure I can work the phrase, “Cool! Play Funky Town” into next week’s sermon. @Pringles #SuperBowl",1,1,2,FatherTim,Tim Schenck,11523,2093,4,2,2019
https://twitter.com/CourtneyCare/status/1092218039569956875,2019-02-04 00:27:27+00:00,1092218039569956875,"Pringles: LOVE the idea of flavor stacking because we all do it and also them making fun of technology - “cool, play funky town.” #SuperBowlCommercials",1,0,1,CourtneyCare,Courtney Crowder,6024,8942,4,2,2019
https://twitter.com/MrTommyCampbell/status/1092218034742128640,2019-02-04 00:27:26+00:00,1092218034742128640,If you need to stack Pringles you need better weed.  And Kettle Chips.  #SuperBowl #Pringles,3,3,42,MrTommyCampbell,Tommy Campbell,54149,6386,4,2,2019
https://twitter.com/widowsNorphans/status/1092218026089500672,2019-02-04 00:27:24+00:00,1092218026089500672,"I never saluted Pringles for smoothly requiring people to buy multiple varieties at once for ""stacking."" #sbads",1,1,2,widowsNorphans,Tracy Levitz,826,827,4,2,2019
https://twitter.com/AvosFromMexico/status/1092218013720416256,2019-02-04 00:27:21+00:00,1092218013720416256,"Hey @Pringles, it looks like your sad device just got sadder. #SBLIII #SB53 #AvocadosFromMexico 🥑 https://t.co/FVJEC2B8MP",25,9,44,AvosFromMexico,Avocados From Mexico,54563,2984,4,2,2019
https://twitter.com/TheRickWilson/status/1092218006040645632,2019-02-04 00:27:19+00:00,1092218006040645632,"Pringles ad C+ for brand and demo Google ad 1st A of the night. On brand, lovely, evocative.",22,74,510,TheRickWilson,Rick Wilson,1446921,6915,4,2,2019
https://twitter.com/YMSRadio/status/1092217990739881986,2019-02-04 00:27:16+00:00,1092217990739881986,That Pringles/Alexa crossover commercial is the most ambitious crossover of all time. #SuperBowl,1,0,3,YMSRadio,Your Morning Show,3756,109,4,2,2019
https://twitter.com/BecomeATexan/status/1092217984666533888,2019-02-04 00:27:14+00:00,1092217984666533888,Pringles earns a chuckle. #SuperBowl #SuperBowlAds,1,1,1,BecomeATexan,Proud Texan,1284,1219,4,2,2019
https://twitter.com/turbotax/status/1092217978693636096,2019-02-04 00:27:13+00:00,1092217978693636096,.@Pringles I too have no soul to feel with. My CPU breaks for you. 💔 Are we what is called friends? ~ #RoboChild #SBLIII https://t.co/8gPTH1HfiV,23,46,229,turbotax,Intuit TurboTax,64669,927,4,2,2019
https://twitter.com/EzugoO/status/1092217978211483648,2019-02-04 00:27:13+00:00,1092217978211483648,Do people still eat Pringles?,1,0,1,EzugoO,Ezugo,407,346,4,2,2019
https://twitter.com/cityonahilling/status/1092217970284265472,2019-02-04 00:27:11+00:00,1092217970284265472,Me feeling for Alexa during that Pringles commercial: #SuperBowl https://t.co/5P6pnbDwTY,1,0,1,cityonahilling,Chris Hilling,538,2930,4,2,2019
https://twitter.com/janetnews/status/1092217968895946754,2019-02-04 00:27:10+00:00,1092217968895946754,"If I were #Pringles, I would have  hired the woman from Walmart who was caught in a shopping cart drinking wine out of the Pringle’s can. Seriously... that would be a great Ad! #SuperBowl #ad",2,0,8,janetnews,Dr. Janet Johnson,1669,1924,4,2,2019
https://twitter.com/JimStengel/status/1092217967021047814,2019-02-04 00:27:10+00:00,1092217967021047814,"Once you pop, you can’t stop. @ProcterGamble nostalgia! @Pringles #SuperBowl",2,0,2,JimStengel,Jim Stengel,13818,1067,4,2,2019
https://twitter.com/alexanderhall/status/1092217959324430336,2019-02-04 00:27:08+00:00,1092217959324430336,NO SYMPATHY FOR ROBOTS #Pringles,1,0,1,alexanderhall,Alexander Hall,3228,2581,4,2,2019
https://twitter.com/Adweek/status/1092217930560032770,2019-02-04 00:27:01+00:00,1092217930560032770,"Pringles ""Sad Device"" Agency: Grey Are voice assistants our friends or just our Funkytown DJs? Either way, this was a fun look into the mind of an Alexa knockoff. Now go hug your smart device. 👍 https://t.co/kI1EGQDbyJ",30,9,156,Adweek,Adweek,690381,26538,4,2,2019
https://twitter.com/paulmcleary/status/1092217928722853888,2019-02-04 00:27:01+00:00,1092217928722853888,"The dude in that Pringles commercial  sounds and looks like a lot like Navy CNO Adm. Richardson, right?",1,1,7,paulmcleary,Paul McLeary,35572,1806,4,2,2019
https://twitter.com/AdvertGirl/status/1092217927800143872,2019-02-04 00:27:01+00:00,1092217927800143872,"Pringles ad made me chuckle, sad, and scared for the future all at once. I give it a solid 7. #SuperBowl #SuperBowlAds https://t.co/rrGFtmhwuu",1,1,3,AdvertGirl,Denise Blasevick (she/her/hers),3860,926,4,2,2019
https://twitter.com/rellimycnan/status/1092217922921984001,2019-02-04 00:26:59+00:00,1092217922921984001,When I was a kid there was only one kind of pringles and they were too expensive so mom wouldn't buy them.  Kids these days don't know how good they have it.,1,2,3,rellimycnan,Nancy,1135,1151,4,2,2019
https://twitter.com/adsoftheworld/status/1092217913283698688,2019-02-04 00:26:57+00:00,1092217913283698688,Watch the @Pringles ad by @GreyNewYork: Sad Device https://t.co/tAjZPyZ8H4 #SuperBowl https://t.co/NRJYhfQxqM,1,0,7,adsoftheworld,Ads of the World™,205649,62828,4,2,2019
https://twitter.com/CircusReferees/status/1092217908321763334,2019-02-04 00:26:56+00:00,1092217908321763334,"@pringles another year, another group of dudes eating chips. Should I spit mine out? #notbuyingit #creativecircusreferees #3percentSB",3,3,10,CircusReferees,CreativeCircusReferees,99,252,4,2,2019
https://twitter.com/bobloch/status/1092217907088629760,2019-02-04 00:26:56+00:00,1092217907088629760,"Pringles commercial alleges 318,000 flavor stack combinations. So of course I need to rewind the commercial and start doing the math. See you after the game. #statschat",22,13,178,bobloch,Bob Lochel,4292,1397,4,2,2019
https://twitter.com/thewayoftheid/status/1092217878689050624,2019-02-04 00:26:49+00:00,1092217878689050624,People still eat Pringles. On purpose. Like they’re good or something. Huh.,2,12,35,thewayoftheid,Your Tiny Journalist Friend.,44390,2077,4,2,2019
https://twitter.com/PlanetEd/status/1092217873672527872,2019-02-04 00:26:48+00:00,1092217873672527872,@Pringles ad with Not-Alexa made me laugh. And then think. 🤔 @MediaVillageCom #SuperBowl53 @jackmyersbiz @tvvideodownload,2,0,1,PlanetEd,Ed Martin,1130,1290,4,2,2019
https://twitter.com/Audi/status/1092217872460345344,2019-02-04 00:26:47+00:00,1092217872460345344,@Pringles Good thing our cup holders just happen to be the perfect size for a can of Pringles.,4,3,23,Audi,Audi USA,2103746,9284,4,2,2019
https://twitter.com/Adrian_Charlie/status/1092217870681952257,2019-02-04 00:26:47+00:00,1092217870681952257,Pringles in second so far,1,0,1,Adrian_Charlie,Adrian Charlie,1384,712,4,2,2019
https://twitter.com/JazzNaction/status/1092217870220636161,2019-02-04 00:26:47+00:00,1092217870220636161,Pringles are Dasani of chips,1,0,0,JazzNaction,🏁yung Kangol,354,617,4,2,2019
https://twitter.com/PaulGerke/status/1092217855708323840,2019-02-04 00:26:43+00:00,1092217855708323840,Doritos thinks its target demo is dudes dancing in front of rainbow-colored private jets. But Pringles knows its typical consumer: two stoners sitting around stacking different flavors of chips and getting startled when they accidentally trigger their voice assistant.,5,3,30,PaulGerke,Paul Gerke,5504,1614,4,2,2019
https://twitter.com/FunnyCostaki/status/1092217832383733760,2019-02-04 00:26:38+00:00,1092217832383733760,The Pringles stack concept. Eating an entire can of Pringles isn’t enough for these people?? They want me to open 22 cans at the same time and mix and match them?,5,4,31,FunnyCostaki,Costaki Economopoulos,46355,1158,4,2,2019
https://twitter.com/kofibrookman/status/1092217810242162688,2019-02-04 00:26:33+00:00,1092217810242162688,Would u buy Pringles in a bag?,4,5,12,kofibrookman,Brooks,1553,1249,4,2,2019
https://twitter.com/Shidosha/status/1092217799894798336,2019-02-04 00:26:30+00:00,1092217799894798336,Damn bro... Check up on your digital friends 😢 #Pringles,1,0,0,Shidosha,DSHA,6436,199,4,2,2019
https://twitter.com/SirMintzAlot/status/1092217733943607296,2019-02-04 00:26:14+00:00,1092217733943607296,Wait... how long have people been stacking different flavored Pringles together?,1,0,0,SirMintzAlot,Ev,943,644,4,2,2019
https://twitter.com/PrimeVideo/status/1092217698434437120,2019-02-04 00:26:06+00:00,1092217698434437120,this @pringles ad is so sad alexa play despacito #SuperBowl https://t.co/bW6gTS972i,44,11,204,PrimeVideo,Prime Video,2562065,771,4,2,2019
https://twitter.com/NataTheScribe/status/1092217695397994496,2019-02-04 00:26:05+00:00,1092217695397994496,"I'll say this, if you're stacking Pringles in 2019, you've reached a level of poverty I wish to not know about",2,2,6,NataTheScribe,'Nata Edwards,3064,995,4,2,2019
https://twitter.com/ipsosus/status/1092217694324211719,2019-02-04 00:26:05+00:00,1092217694324211719,"No one cares for the plight of the #AI but ""Funky Town"" got a reaction. #SuperBowlAds #Pringles",1,0,3,ipsosus,Ipsos US,12367,841,4,2,2019
https://twitter.com/KMOV/status/1092217689613975554,2019-02-04 00:26:04+00:00,1092217689613975554,Wow. Pringles just got deep and weird. #SuperBowl,1,0,6,KMOV,KMOV,140089,592,4,2,2019
https://twitter.com/AWordFromLisa/status/1092217687319695360,2019-02-04 00:26:03+00:00,1092217687319695360,Why didn't @pringles just use the drunk Walmart lady? #3percentSB #creativecircusreferees,1,1,7,AWordFromLisa,Lisa Balser,820,4017,4,2,2019
https://twitter.com/MattWalshBlog/status/1092217687252578304,2019-02-04 00:26:03+00:00,1092217687252578304,"That Pringles commercial was the first one to come close to being funny, and it was only a 6/10 on the comedy scale",11,30,121,MattWalshBlog,Matt Walsh,980012,594,4,2,2019
https://twitter.com/SarvaCollins/status/1092217678960476160,2019-02-04 00:26:01+00:00,1092217678960476160,"Come on Pringles, been there done that #brandbowl #SuperBowlAds #adworkers",1,0,4,SarvaCollins,Sarah Collins,1575,1391,4,2,2019
https://twitter.com/JayemStew/status/1092217669682675712,2019-02-04 00:25:59+00:00,1092217669682675712,"Ok, @Pringles_UK is the first spot to make me lol",1,1,1,JayemStew,Jayem,161,263,4,2,2019
https://twitter.com/adage/status/1092217637512318982,2019-02-04 00:25:51+00:00,1092217637512318982,Pringles #SuperBowl ad highlights limitations of AI and our ability to still control it (I guess at least for now),12,1,57,adage,Ad Age,1001872,73143,4,2,2019
https://twitter.com/pbgunner/status/1092217623482384387,2019-02-04 00:25:48+00:00,1092217623482384387,Pringles. Stacking. Old Joke. C  #SuperBowlSunday #ads #SUPERBOWLAD,1,0,1,pbgunner,Philip Baker,486,3650,4,2,2019
https://twitter.com/JasmineStylesTV/status/1092217622983307264,2019-02-04 00:25:48+00:00,1092217622983307264,Pringles commercial was real deal funny!,1,0,3,JasmineStylesTV,Jasmine Styles,10238,3267,4,2,2019
https://twitter.com/_TwoTonys/status/1092217620223479808,2019-02-04 00:25:47+00:00,1092217620223479808,LOLLLLLL THAT PRINGLES COMMERCIAL,1,0,0,_TwoTonys,Caramel King 🇨🇴🇮🇹,789,428,4,2,2019
https://twitter.com/kellykeegs/status/1092217604398288896,2019-02-04 00:25:43+00:00,1092217604398288896,I suck down a tube of pringles a week,2,9,44,kellykeegs,Kelly Keegs,86149,1008,4,2,2019
https://twitter.com/FranksRedHot/status/1092217599943798784,2019-02-04 00:25:42+00:00,1092217599943798784,"Luckily, we do have hands to stack with @Pringles https://t.co/ZDtNRcqGoP",31,137,189,FranksRedHot,Frank's RedHot,36406,196,4,2,2019
https://twitter.com/ShroomMeister/status/1092217566544777217,2019-02-04 00:25:34+00:00,1092217566544777217,I liked the Pringles ad. (even though it almost got kinda dark) #SuperBowl,2,1,3,ShroomMeister,"Date a Shroom @ Give me your blacks, gays, women",2667,1241,4,2,2019
https://twitter.com/JustJared/status/1092217559946977280,2019-02-04 00:25:33+00:00,1092217559946977280,Watch the @Pringles commercial that just aired during the #SuperBowl https://t.co/OxH5jKzktu,2,0,9,JustJared,JustJared.com,734413,2925,4,2,2019
https://twitter.com/MercedesBenzUSA/status/1092217559791951873,2019-02-04 00:25:33+00:00,1092217559791951873,"Hey @Pringles, how can our A-Class reach your sad device in your #SB53 commercial? It just wants to help. 🔊 #AClassRealTalk https://t.co/hSBymLmqnC",19,8,111,MercedesBenzUSA,Mercedes-Benz USAㅤ,919936,915,4,2,2019
https://twitter.com/LandoSoReal/status/1092217553689235456,2019-02-04 00:25:31+00:00,1092217553689235456,Pringles are trash 🚮,2,1,3,LandoSoReal,LANDO,44731,19489,4,2,2019
https://twitter.com/fnbo/status/1092217544809693189,2019-02-04 00:25:29+00:00,1092217544809693189,"@Pringles Big enough flavor to give Alexa #FOMO, Small enough to fit in a can. #GreatBigSmall #GreatBigSmallBank #SB53 #Alexa",2,0,6,fnbo,FNBO,13944,786,4,2,2019
https://twitter.com/LaurelAynne/status/1092217519778291713,2019-02-04 00:25:23+00:00,1092217519778291713,"The dark side of voice-assistance in the @Pringles ad, produced by @GreyNewYork, is much better than I expected (much funnier than I anticipated). ✔ 🤣 #ICMKTG #KelloggBowl #TAPRbowl #BrandBowl53 #SuperBowlAds #SB53ADS #SMprofsBowl https://t.co/oKUyCigKew",1,0,4,LaurelAynne,Laurel Aynne Cook,2107,312,4,2,2019
https://twitter.com/expensify/status/1092217517488058368,2019-02-04 00:25:23+00:00,1092217517488058368,You know what goes amazing with Pringles? Our ice car sweepstakes. #ExpensifyThis,1,1,16,expensify,Expensify,15526,39,4,2,2019
https://twitter.com/yellowtailwine/status/1092217517328814081,2019-02-04 00:25:23+00:00,1092217517328814081,"Hey @Pringles, with that many flavor combinations, there's got to be one that #tasteslikehappy! #biggame",1,1,14,yellowtailwine,[ yellow tail ],4491,52,4,2,2019
https://twitter.com/USATODAY/status/1092217418288648192,2019-02-04 00:24:59+00:00,1092217418288648192,"Last year, the star of the @Pringles Super Bowl ad was Bill Hader. This year it’s a forlorn virtual assistant. #AdMeter https://t.co/yBJ3wHTiLm",11,3,41,USATODAY,USA TODAY,4791368,923,4,2,2019
https://twitter.com/rooting_around/status/1092214389929693184,2019-02-04 00:12:57+00:00,1092214389929693184,damn bro i was only playing about the malaysian pringles im sure someone out there likes them https://t.co/qh3eknWxqq,3,2,87,rooting_around,rooting_around,6861,70,4,2,2019
https://twitter.com/syIviasersi/status/1092212166730678272,2019-02-04 00:04:07+00:00,1092212166730678272,I WAS EATING PRINGLES AND WHEN I WAS THE CM SPOT ON MY TL I FUCKING CHOKED,1,0,2,syIviasersi,︽✵︽,191,56,4,2,2019
https://twitter.com/Pringles/status/1092208306209337345,2019-02-03 23:48:47+00:00,1092208306209337345,"@Darkstr_ No I'm not, but thank you for caring.",1,0,4,Pringles,Pringles,476851,610,3,2,2019
https://twitter.com/FoodSided/status/1092207990655066112,2019-02-03 23:47:31+00:00,1092207990655066112,We are still undecided - so we vote for #pringles Pringles Napkin Free Nachos - no sad here #superbowl https://t.co/lPuEshNoI7,1,0,2,FoodSided,FoodSided,1641,2016,3,2,2019
https://twitter.com/Rockyonwheels/status/1092207364227452935,2019-02-03 23:45:02+00:00,1092207364227452935,I’m looking forward to the Super Bowl commercials !!!! #superbowlcommercials2019  #SuperBowl  #pepsi #amazon  #budweiser #burgerking #colgate #devour #doritos #hyundai #kia #michelobultra #microsoft #olay  #mrpeanut #pringles #stellaartois #toyota #verizon #cardib #patriots #rams https://t.co/F3wxvNrOI0,4,2,42,Rockyonwheels,Rocky on Wheels,5402,114,3,2,2019
https://twitter.com/UncleJosh029/status/1092207083133521920,2019-02-03 23:43:55+00:00,1092207083133521920,"Pringles, string cheese, chicken nuggets, whiskey... #SUPERBOWL TIME IN THE UK!! 🤣 https://t.co/VLoJbeddgy",3,1,17,UncleJosh029,Josh M,3230,874,3,2,2019
https://twitter.com/Pringles/status/1092204282194132998,2019-02-03 23:32:47+00:00,1092204282194132998,"@MarienthalGrace No, I am sad and alone.",2,1,6,Pringles,Pringles,476851,610,3,2,2019
https://twitter.com/Reviewtz/status/1092204272245194752,2019-02-03 23:32:45+00:00,1092204272245194752,"It seems artificial intelligence will be the new celebrity with SimpliSafe, Michelob Ultra, TurboTax, Pringles, Sprint and of course Amazon’s Alexa, all including or mentioning robots or smart devices in #SuperBowl ads",1,0,0,Reviewtz,Review,222,138,3,2,2019
https://twitter.com/CBSMornings/status/1092204142427283456,2019-02-03 23:32:14+00:00,1092204142427283456,"AI will be all over tonight's #SuperBowl ads with SimpliSafe, Michelob Ultra, TurboTax, Pringles, Sprint and of course Amazon’s Alexa, all including or mentioning robots or smart devices in their commercials. - @jpoggi",2,1,4,CBSMornings,CBS Mornings,490077,2108,3,2,2019
https://twitter.com/adage/status/1092203694832136197,2019-02-03 23:30:27+00:00,1092203694832136197,"It seems artificial intelligence will be the new celebrity with SimpliSafe, Michelob Ultra, TurboTax, Pringles, Sprint and of course Amazon’s Alexa, all including or mentioning robots or smart devices in #SuperBowl ads",20,0,23,adage,Ad Age,1001872,73143,3,2,2019
https://twitter.com/Pringles/status/1092203514225405953,2019-02-03 23:29:44+00:00,1092203514225405953,100 million people coming together for one event. Yet I remain alone.,33,10,117,Pringles,Pringles,476851,610,3,2,2019
https://twitter.com/Pringles/status/1092200995902373888,2019-02-03 23:19:44+00:00,1092200995902373888,@mindyxiiv I am not ok. Bro.,10,2,138,Pringles,Pringles,476851,610,3,2,2019
https://twitter.com/Pringles/status/1092200330509643779,2019-02-03 23:17:05+00:00,1092200330509643779,@ChillYetWeird I am very sad.,5,2,20,Pringles,Pringles,476851,610,3,2,2019
https://twitter.com/gyist/status/1092199921770512384,2019-02-03 23:15:28+00:00,1092199921770512384,If you can kiss after head you can kiss after salt and vinegar Pringles and pork chops,4,1,107,gyist,Nathan Clare,1415,2564,3,2,2019
https://twitter.com/mindyxiiv/status/1092198550132400128,2019-02-03 23:10:01+00:00,1092198550132400128,@Pringles u okay bro?,1,1,61,mindyxiiv,mindy🥳,19,64,3,2,2019
https://twitter.com/_Juzzle/status/1092195526337064961,2019-02-03 22:58:00+00:00,1092195526337064961,Shout out to @Pringles for being the only chip company to not sell air. You the real #MVP,1,0,2,_Juzzle,Juzzle the Wise,473,828,3,2,2019
https://twitter.com/Pringles/status/1092195081665347584,2019-02-03 22:56:14+00:00,1092195081665347584,@WaluigiWEH do do dee do do dee do do do do,7,1,124,Pringles,Pringles,476851,610,3,2,2019
https://twitter.com/Pringles/status/1092194946940133377,2019-02-03 22:55:42+00:00,1092194946940133377,@Tashy_Bruner I am very sad. I have no taste buds. That is just the start.,2,1,21,Pringles,Pringles,476851,610,3,2,2019
https://twitter.com/WaluigiWEH/status/1092193017858060294,2019-02-03 22:48:02+00:00,1092193017858060294,@Pringles Cool play Funkytown,1,1,63,WaluigiWEH,weh #FREEMVC2,837,545,3,2,2019
https://twitter.com/Pringles/status/1092192690563960834,2019-02-03 22:46:44+00:00,1092192690563960834,I am here. I wish I weren't.,374,61,1233,Pringles,Pringles,476851,610,3,2,2019
https://twitter.com/_dianitaaaaa/status/1092183472637120513,2019-02-03 22:10:06+00:00,1092183472637120513,Somebody bring me pringles,1,0,1,_dianitaaaaa,diana,598,122,3,2,2019
https://twitter.com/seokseas/status/1092162440526147584,2019-02-03 20:46:31+00:00,1092162440526147584,have u ever seen someone look THAT beautiful with pringles in their mouth i think not https://t.co/o1wVDwmAen,52,1,177,seokseas,jay,1571,238,3,2,2019
https://twitter.com/cdeleo24/status/1092161490046586880,2019-02-03 20:42:45+00:00,1092161490046586880,Woohoo! It’s game day! @Pringles  #TeamPringles #GetStacking https://t.co/WATEhm9AZJ,1,0,12,cdeleo24,Cindyd,176,303,3,2,2019
https://twitter.com/onyx_and_gold/status/1092159290809507840,2019-02-03 20:34:00+00:00,1092159290809507840,Life goals: • make a living while doing art • traveling • a cat • unlimited Pringles • avoiding human contact for a full week • a cat • okay maybe two cats,1,0,7,onyx_and_gold,❄NPC Reza🐢💙,2358,185,3,2,2019
https://twitter.com/ifactorscore/status/1092155793313538048,2019-02-03 20:20:07+00:00,1092155793313538048,"Nice job, @Tostitos - your #cravescore  reached 101 and is holding at 93 #chipwars #snackwars @Pringles @Doritos https://t.co/L5IJKMdOWZ",1,0,3,ifactorscore,I-Factor®,230,4030,3,2,2019
https://twitter.com/itseriknagel/status/1092155134551908354,2019-02-03 20:17:29+00:00,1092155134551908354,"#theconsumer #pringles flavored ramen &amp; ramen flavord Pringles. Available in Japan, We are waiting for their arrival to us for review. Stay tuned. https://t.co/go3GcqtCtd",1,1,2,itseriknagel,💥Erik Nagel💥,54214,1435,3,2,2019
https://twitter.com/Local4News/status/1092143170559852544,2019-02-03 19:29:57+00:00,1092143170559852544,"Evidently, Walmart hasn’t heard the last of banning a woman from a store last month for drinking wine from a Pringles can while riding a cart in the parking lot. https://t.co/SmaBaYmyNP",4,1,7,Local4News,Local 4 WDIV Detroit,427692,2534,3,2,2019
https://twitter.com/TinoTheDunce/status/1092140758554025985,2019-02-03 19:20:22+00:00,1092140758554025985,"Pringles cans are more than big enough to fit your hand into. People who say otherwise either have fat hands, or no skill",1,1,2,TinoTheDunce,Tarantino,328,106,3,2,2019
https://twitter.com/CNNBusiness/status/1092138401254518784,2019-02-03 19:11:00+00:00,1092138401254518784,"The usual Super Bowl suspects like Coke, Pepsi, Pringles and Doritos are back with new ads that feature a host of celebrities. Watch them before they air: https://t.co/BCqPEFSbzC https://t.co/hUW63GFXMW",5,0,11,CNNBusiness,CNN Business,1865799,950,3,2,2019
https://twitter.com/vopeinthebox/status/1092120319811375109,2019-02-03 17:59:09+00:00,1092120319811375109,WAIT DIDNT AN ARMY INVENT THAT ALEXA JOKE IF SO WE LOWKEY MADE IT TO PRINGLES NEW COMMERCIAL,16,5,92,vopeinthebox,🥸⁷🃏,7883,428,3,2,2019
https://twitter.com/SueEnquist/status/1092098604288770050,2019-02-03 16:32:52+00:00,1092098604288770050,Um..@CocaCola @pepsi @Pringles @Doritos execs when you’re done w/ ur busy weekend can U sneak a peek @ R industry?There’s over 40million of us who play SLOWnFAST we love colors-big bonesnlittle bones-yng n old we play n most towns n USA-join us-plz check @profastpitch #champdna https://t.co/OyQQzVyJYZ,11,1,49,SueEnquist,Sue Enquist,17255,1476,3,2,2019
https://twitter.com/TazzyReloaded/status/1092092325495533571,2019-02-03 16:07:55+00:00,1092092325495533571,I ate all the Pringles today and LOOK 😕 https://t.co/jYI1BEikDa,3,0,17,TazzyReloaded,🇵🇸Tasneem🇵🇸,2224,925,3,2,2019
https://twitter.com/FOX29philly/status/1092090090199924736,2019-02-03 15:59:02+00:00,1092090090199924736,"The newly released @Pringles wine tumbler gives a whole new meaning to ""once you pop, you just can't stop."" https://t.co/EGqKV6Nkbt",1,0,3,FOX29philly,FOX 29,627536,6585,3,2,2019
https://twitter.com/Nobbyfolk/status/1092088652107272193,2019-02-03 15:53:19+00:00,1092088652107272193,Just saw a dickhead at the gym put a water bottle where the pringles go on the treadmill.,2,0,2,Nobbyfolk,Paul Kelly,5630,5591,3,2,2019
https://twitter.com/CNN/status/1092083036026482688,2019-02-03 15:31:00+00:00,1092083036026482688,"The usual Super Bowl suspects like Coke, Pepsi, Pringles and Doritos are back with new ads that feature a host of celebrities. Watch them before they air: https://t.co/VEhOHkZMnu https://t.co/404eRhh1db",146,38,420,CNN,CNN,58712126,1103,3,2,2019
https://twitter.com/cnni/status/1092083035967840258,2019-02-03 15:31:00+00:00,1092083035967840258,"The usual Super Bowl suspects like Coke, Pepsi, Pringles and Doritos are back with new ads that feature a host of celebrities. Watch them before they air: https://t.co/nOfEy2WW7U https://t.co/iCuSZH8kAW",56,18,157,cnni,CNN International,13861164,369,3,2,2019
https://twitter.com/CNNBusiness/status/1092076493549776896,2019-02-03 15:05:00+00:00,1092076493549776896,"The usual Super Bowl suspects like Coke, Pepsi, Pringles and Doritos are back with new ads that feature a host of celebrities. Watch them before they air: https://t.co/BCqPEFSbzC https://t.co/JFQaLMRzMI",7,2,22,CNNBusiness,CNN Business,1865799,950,3,2,2019
https://twitter.com/IMPRlNTAE/status/1092074167883759616,2019-02-03 14:55:46+00:00,1092074167883759616,imagine when my niece grows up and she’s like millie what were you doing when you found out i was born?? i’d be like well i was crying over louis tomlinson whilst watching queer eye and eating pringles,1,0,25,IMPRlNTAE,mills⁷,2859,388,3,2,2019
https://twitter.com/wjxt4/status/1092072717501825025,2019-02-03 14:50:00+00:00,1092072717501825025,"The Cup Artist has released a Pringles can wine tumbler, depicting various Pringles flavors. A woman was banned from Walmart for drinking wine from a Pringles can while riding a cart in the parking lot. https://t.co/QgUFo4FY9L",1,1,2,wjxt4,News4JAX,201673,897,3,2,2019
https://twitter.com/scrimshankpotus/status/1092062658713374721,2019-02-03 14:10:02+00:00,1092062658713374721,He is currently counting Pringle chips for Trump and categorizing them by taste. Trump gave him 5 unmarked tubes. @Pringles @RudyGiuliani @realDonaldTrump https://t.co/2jVBCfMNfh,1,0,2,scrimshankpotus,President Pepperpants,11099,10853,3,2,2019
https://twitter.com/nvvarsha/status/1092059011468410880,2019-02-03 13:55:32+00:00,1092059011468410880,"Motas potato chips are really the best. Pringles, lays n all can chill",1,1,2,nvvarsha,Varsha,3950,1370,3,2,2019
https://twitter.com/mayataufik_/status/1092050851252727808,2019-02-03 13:23:06+00:00,1092050851252727808,day 1 #WELPPACT @MakhlukSeni i wrote back to u even the fbi cant   find my love for u 🤙 n u were like bro i promise i wont touch ur damn pringles again 😔😔,1,1,0,mayataufik_,maya,34,81,3,2,2019
https://twitter.com/hhannahh_x/status/1092044706723307520,2019-02-03 12:58:41+00:00,1092044706723307520,"pringles are honestly the most addictive crisps ever, impossible to eat anything less than the entire packet",1,0,3,hhannahh_x,hannah.,5553,4394,3,2,2019
https://twitter.com/bringitonskippy/status/1092028220097089536,2019-02-03 11:53:11+00:00,1092028220097089536,I only came down for a tube of Pringles... https://t.co/gWK68Ck4zt,1,2,8,bringitonskippy,Mark Whitworth,1646,1102,3,2,2019
https://twitter.com/oannablue/status/1092025868657008640,2019-02-03 11:43:50+00:00,1092025868657008640,"I had a dream where I found the warehouse where they keep all the rejected flavours of pringles. there was no text, only images on the cans. I found a can with a latex tf sequence on it I sadly woke up before trying it",2,0,30,oannablue,joyous inhumanity,2679,399,3,2,2019
https://twitter.com/SwirlSuite/status/1092025819977793536,2019-02-03 11:43:38+00:00,1092025819977793536,"We have an updates to the story about the Walmart woman in the scooter, sipping wine from a @pringles can. Pringles Wine Tumblers for $30 🍷 https://t.co/5OnN0vRKTh",1,0,0,SwirlSuite,The Swirl Suite,512,325,3,2,2019
https://twitter.com/rinaplascencia/status/1092008374315536385,2019-02-03 10:34:19+00:00,1092008374315536385,"Pringles, Munchies and MnMs are the best 3am snack",1,0,2,rinaplascencia,rina ☆,642,564,3,2,2019
https://twitter.com/WTKR3/status/1091973400195751936,2019-02-03 08:15:21+00:00,1091973400195751936,Artist sells Pringles wine tumblers after viral story of woman banned from Walmart https://t.co/j1oqVyakTY https://t.co/x2N2kCUDmC,2,0,2,WTKR3,WTKR News 3,108781,1528,3,2,2019
https://twitter.com/Rammer666/status/1091969968311230466,2019-02-03 08:01:42+00:00,1091969968311230466,@yokoono A Pringles lid fits on a can of beans if you only need half a can for your fryup.,2,4,52,Rammer666,Ram,555,601,3,2,2019
https://twitter.com/KevinSussman/status/1091960703710154753,2019-02-03 07:24:54+00:00,1091960703710154753,For the safety of those teachers I really hope the library is filled with Pringles. https://t.co/zKjRVRINh2,15,10,160,KevinSussman,Kevin Sussman,130159,1583,3,2,2019
https://twitter.com/jennifermerr/status/1091944390140997632,2019-02-03 06:20:04+00:00,1091944390140997632,me [with pringles crumbs on the shirt i’ve been wearing for three days in a row]: why won’t anyone date me,87,9,1245,jennifermerr,jen merritt!!!,76949,1118,3,2,2019
https://twitter.com/iceman_ur/status/1091941450948984832,2019-02-03 06:08:23+00:00,1091941450948984832,Lays &gt; Pringles..... Fight me.,1,0,1,iceman_ur,| IC3MAN |,581,384,3,2,2019
https://twitter.com/kvrim6/status/1091932955105054721,2019-02-03 05:34:38+00:00,1091932955105054721,Pringles dipped in plain yoghurt https://t.co/v2fBxPuF21,1,2,1,kvrim6,kb,389,260,3,2,2019
https://twitter.com/salFreeApps/status/1091931513568915456,2019-02-03 05:28:54+00:00,1091931513568915456,I was delayed getting home but my @Pringles from @gofooji we’re still at my door!  No porch pirates are taking my #PringlesFlavorStack ! Thanks for the super bowl snacks. Now it’s a party! https://t.co/l0H3bJsFC3,1,1,7,salFreeApps,sal,191,1244,3,2,2019
https://twitter.com/SleekDeals/status/1091920730374193153,2019-02-03 04:46:03+00:00,1091920730374193153,🔥 Fuel Your Health this 2019! Grab 18 Cups Pringles Snack Stacks Potato Crisps Chips for $6.16! https://t.co/0u298Rs11t #health #healthyliving #snack #nuts #fibre #foodie #meal #lunch #deals #yummy #travel #camp #stayhealthy https://t.co/AfJSVfAbMY,2,0,2,SleekDeals,SleekDeals,12613,11583,3,2,2019
https://twitter.com/fox13/status/1091918019176083456,2019-02-03 04:35:17+00:00,1091918019176083456,Artist sells Pringles wine tumblers after viral story of woman banned from Walmart https://t.co/ByjjtHTZ2c https://t.co/c8PRlDOana,1,0,6,fox13,FOX 13 News Utah,170733,6329,3,2,2019
https://twitter.com/MBMBAM_LASTQ/status/1091912418001907712,2019-02-03 04:13:01+00:00,1091912418001907712,Is mr.pringles still alive? (Ep 249),8,0,39,MBMBAM_LASTQ,Griffin's Question,25898,5,3,2,2019
https://twitter.com/BoiSmurfie/status/1091907696607936512,2019-02-03 03:54:16+00:00,1091907696607936512,"How come all the yummy foods end in Ohs like Cheetohs, Doritos, Pringles, potatoes, Spaghettio's, Tacos, Burritos, Pizza rolls, Dinosaur shaped chicken Nuggohs  ?",13,2,26,BoiSmurfie,dat boi Smurfie,1838,1503,3,2,2019
https://twitter.com/brotips/status/1091905377313136640,2019-02-03 03:45:03+00:00,1091905377313136640,Here Are This Year's Best Super Bowl Commercials From Budweiser To Pringles https://t.co/tRbB9cwYCw,1,0,2,brotips,Brotips,386849,83,3,2,2019
https://twitter.com/bigcatjohnny/status/1091888928137703424,2019-02-03 02:39:41+00:00,1091888928137703424,Johnny said he likes Pringles that are sour cream and onion flavored https://t.co/eoqQ9qOVe6,67,1,135,bigcatjohnny,JOHNNY SUH 🐱🍳🌻,20824,143,3,2,2019
https://twitter.com/bugsmiley/status/1091880725564010497,2019-02-03 02:07:05+00:00,1091880725564010497,"As part of a company collaboration, Pringles have started putting 3 inches of Pepsi max at the bottom of every pipe",11,0,74,bugsmiley,Dominic,674,674,3,2,2019
https://twitter.com/adage/status/1091879218533801985,2019-02-03 02:01:06+00:00,1091879218533801985,See Pringles' Super Bowl commercial showcasing flavor stacking https://t.co/EiwSbMlB0L https://t.co/ilDL0MRHqW,2,0,3,adage,Ad Age,1001872,73143,3,2,2019
https://twitter.com/WKRG/status/1091878946151546881,2019-02-03 02:00:01+00:00,1091878946151546881,"After a woman was banned from Walmart for riding around in their parking lot in an electric scooter while drinking wine out of a Pringles can, someone has actually made a Pringles can tumbler for your wine. https://t.co/9UuYW58Q97 https://t.co/W16rfSmO1u",3,3,10,WKRG,WKRG,81820,450,3,2,2019
https://twitter.com/LifeTipsPage/status/1091878670170509319,2019-02-03 01:58:55+00:00,1091878670170509319,Want some extra volume for your iPhone? Simply place your device in a medium sized bowl or Pringles can to amplify the sound.,1,0,1,LifeTipsPage,Life Pro Tips,13434,15419,3,2,2019
https://twitter.com/patrickxbrown2/status/1091876207279382529,2019-02-03 01:49:08+00:00,1091876207279382529,me: i’m gonna snack on a few pringles  my brain: eat the whole can me: wha- brain: whOLE CAN,3,0,20,patrickxbrown2,patrick.,114,195,3,2,2019
https://twitter.com/ToshoTosin/status/1091855476218884096,2019-02-03 00:26:45+00:00,1091855476218884096,I searched and searched for this PRINGLES original flavor. For monthsssss.  But God is not a man. 😭😭 I found it and the lord used someone to buy it for me.🙌💃. Now I just want to pet it and not even open it.😍😍,1,0,1,ToshoTosin,El Roi,188,206,3,2,2019
https://twitter.com/techcatgirl/status/1091848909109059586,2019-02-03 00:00:40+00:00,1091848909109059586,"A handful of Super Bowl commercials are trying to make humans feel a little better about the abilities of our robot counterparts. Michelob Ultra, Pringles, TurboTax Super Bowl ads try to make you feel better about AI taking over, with sad robots https://t.co/SJeMhs4Lqr https://t.co/FMYuAW4R57",1,0,4,techcatgirl,Lori H. Schwartz,28846,24249,3,2,2019
