url,Datetime,Tweet Id,Text,Retweet Count,Reply Count,Like Count,Username,Display Name,Followers Count,Friends Count,Day,Month,Year
https://twitter.com/mattyxb/status/1224464491448086529,2020-02-03 22:47:38+00:00,1224464491448086529,"So a few months ago, Avocado's from Mexico e-mailed me about coming up with avocado invention ideas, after I replied they ghosted me, and last night they debuted a very Unnecessary Inventions inspired Super Bowl Ad.  Watch the comparison: https://t.co/or3O8msEM5 https://t.co/wEoxjd7w2Z",2,2,17,mattyxb,Unnecessary Inventions,48648,316,3,2,2020
https://twitter.com/Peerplays/status/1224371989319749633,2020-02-03 16:40:04+00:00,1224371989319749633,Who watched the #superbowl ? Avocados from Mexico released a non-fungible token as part of its big ad campaign during Super Bowl Sunday. https://t.co/AP8vJ5TFtR,1,0,1,Peerplays,Peerplays,15133,6862,3,2,2020
https://twitter.com/falko_ernst/status/1224337196280352768,2020-02-03 14:21:49+00:00,1224337196280352768,"And as lethal conflict in Mexico has mutated away from 'just' drugs to competition over multiple commodities, we need to think solutions. For avocado industry, e.g., that means thinking certification models that get the blood out of the produce w/out destroying industry...",2,1,10,falko_ernst,Falko Ernst,9020,2019,3,2,2020
https://twitter.com/tolethorpe/status/1224272180160143360,2020-02-03 10:03:28+00:00,1224272180160143360,"@Amazing_Abby @JuliaHB1 I think you’ll find the remain side were responsible for the fear &amp; lies. Remember 800,000 jobs to be lost if we voted to leave, people not getting insulin ( which was news to the company providing it) or we would run out avocados (that come from that famous Eu country Mexico.",1,1,8,tolethorpe,peter wilkinson,283,282,3,2,2020
https://twitter.com/HaroldTor/status/1224241049113124864,2020-02-03 07:59:46+00:00,1224241049113124864,The carbon discussion has finally reached the softspot of the EU: agriculture. Imagine the carbon footprint of your locally produced heavily subsidized milk is more than that avocado shipped from Mexico... Another pit for us to sink into self denial https://t.co/JYp5GmcPE8,1,0,3,HaroldTor,𝐇𝐀𝐑𝐎𝐋𝐃 𝐓𝐎𝐑 🏳️‍🌈🇪🇺,2433,3189,3,2,2020
https://twitter.com/smartneelz/status/1224205721245573121,2020-02-03 05:39:23+00:00,1224205721245573121,"Share now for your chance to win this $2,745 #AvoTiara from always delicious Avocados From Mexico! Who doesn't love a good #Sweepstakes, almost as good as the guac! #AvoNetwork @AvosFromMexico https://t.co/noQkSX5Nhv",1,0,1,smartneelz,neel,2314,2433,3,2,2020
https://twitter.com/jteek2000/status/1224184043928981504,2020-02-03 04:13:14+00:00,1224184043928981504,"Share now for your chance to win this $2,745 #AvoTiara from always delicious Avocados From Mexico! Who doesn't love a good #Sweepstakes, almost as good as the guac! #AvoNetwork @AvosFromMexico https://t.co/haxqreqadV",1,0,0,jteek2000,James Kraft,754,5000,3,2,2020
https://twitter.com/MomItForward/status/1224173664209268736,2020-02-03 03:32:00+00:00,1224173664209268736,Share to show your ❤️ for Avocados From Mexico for a chance to win prizes from the #AvoNetwork! https://t.co/uaNsgPF4Ui #SB54 #SBLIV #gno PLS RT,55,6,46,MomItForward,Mom It Forward,75632,22526,3,2,2020
https://twitter.com/salesforce/status/1224169944281243649,2020-02-03 03:17:13+00:00,1224169944281243649,"And with the game time buzzer, the results are in... Here are the top 5 touchdown-worthy #SuperBowl ads that generated buzz on social today, measured by @marketingcloud: 1. Donald Trump 2. Avocados from Mexico  3. Google 4. Olay  5. Budweiser #SBLIV #SuperBowlLIV",580,107,1610,salesforce,Salesforce,575207,146977,3,2,2020
https://twitter.com/JaniceAsylum/status/1224163677298925568,2020-02-03 02:52:19+00:00,1224163677298925568,"Share now for your chance to win this $2,745 #AvoTiara from always delicious Avocados From Mexico! Who doesn't love a good #Sweepstakes, almost as good as the guac! #AvoNetwork @AvosFromMexico https://t.co/u3Wnor1dbS",43,1,37,JaniceAsylum,JaniceAsylum 🐈‍⬛,3902,3831,3,2,2020
https://twitter.com/simplyandreah/status/1224163481185869825,2020-02-03 02:51:32+00:00,1224163481185869825,"Share now for your chance to win this $2,745 #AvoTiara from always delicious Avocados From Mexico! Who doesn't love a good #Sweepstakes, almost as good as the guac! #AvoNetwork @AvosFromMexico https://t.co/57OfDyoOUW",2,0,0,simplyandreah,Andrea,10002,10799,3,2,2020
https://twitter.com/EastSeattleMama/status/1224156089073070081,2020-02-03 02:22:10+00:00,1224156089073070081,"Share now for your chance to win this $2,745 #AvoTiara from always delicious Avocados From Mexico! Who doesn't love a good #Sweepstakes, almost as good as the guac! #AvoNetwork @AvosFromMexico https://t.co/OmeSNeb8zO",1,0,2,EastSeattleMama,Emily,1729,2724,3,2,2020
https://twitter.com/saunieindiego/status/1224149147969699842,2020-02-03 01:54:35+00:00,1224149147969699842,We will NOT but Avocados from Mexico until the killer (or killers) of Homero Gomez are found and prosecuted to the fullest extent. https://t.co/c4WpaR2vNt,1,1,7,saunieindiego,saunie,2408,1720,3,2,2020
https://twitter.com/AvosFromMexico/status/1224148530098515968,2020-02-03 01:52:07+00:00,1224148530098515968,Know what's really a good pick? Avocados From Mexico #AvoNetwork #SBLIV,82,34,107,AvosFromMexico,Avocados From Mexico,54563,2984,3,2,2020
https://twitter.com/dissentingj/status/1224148450763251712,2020-02-03 01:51:48+00:00,1224148450763251712,"If you cannot slice an avocado w/out cutting your hand, step away from the kitchen until you get basic utensils management skills. An entire nation (Mexico) and major populations in several US states (e.g., TX, Cal, NM) make guac effortlessly. So do I. It is easy. https://t.co/llZrVaaXKB",11,8,67,dissentingj,Professor Darren Hutchinson,15078,11655,3,2,2020
https://twitter.com/Regicidal/status/1224144655698276352,2020-02-03 01:36:44+00:00,1224144655698276352,So far the best commercials (in order); • Hyundai Self-Parking Car • Baby Nut • Avocados from Mexico • The commercial made for the vets who saved the rich guy’s dog • Rick and Morty Pringles • The one with Toby Flenderson • Cheetos Popcorn,1,0,8,Regicidal,Lee Keller,5235,298,3,2,2020
https://twitter.com/salesforce/status/1224141319838277633,2020-02-03 01:23:28+00:00,1224141319838277633,"Kicking things off at halftime 👟🏈, here are the top 5 #SuperBowl ads generating buzz on social, measured by @marketingcloud:  1. Donald Trump  2. Avocados from Mexico  3. Google 4. Olay 5. Michael Bloomberg #SBLIV #SuperBowlLIV",262,77,816,salesforce,Salesforce,575207,146977,3,2,2020
https://twitter.com/stemeyer/status/1224136626546212869,2020-02-03 01:04:49+00:00,1224136626546212869,Avocados From Mexico won the first half. 🥑 🥑,2,2,16,stemeyer,Stephen Meyers,1883,771,3,2,2020
https://twitter.com/RashunRay11/status/1224133126340870152,2020-02-03 00:50:55+00:00,1224133126340870152,Avocados from Mexico is still stuck in my head,2,3,10,RashunRay11,Uncle Ray,1300,860,3,2,2020
https://twitter.com/armano/status/1224130675453939712,2020-02-03 00:41:10+00:00,1224130675453939712,I can’t be the only one who wanted to buy some of those products from Avocados from Mexico. Please tell me there is a product website... #AdBowl  #brandbowl #superbowlads,2,4,12,armano,David,74940,10000,3,2,2020
https://twitter.com/adage/status/1224130386520956929,2020-02-03 00:40:02+00:00,1224130386520956929,Avocados From Mexico isn't the only #SuperBowl advertiser that will play on home shopping in their #SuperBowl ad. Pop-Tarts has a similar theme.,3,0,7,adage,Ad Age,1001872,73143,3,2,2020
https://twitter.com/cesarepm/status/1224130339523551232,2020-02-03 00:39:50+00:00,1224130339523551232,"The URL in the #AvoNetwork ad works, it does redirect you to the avocados from Mexico site, but they did feature their joke products. Good marketing. #SuperBowlAds #SuperBowl https://t.co/Mv38ccsmmg",3,0,10,cesarepm,César | BLM,685,1908,3,2,2020
https://twitter.com/RadioFreeOlive/status/1224129334094565383,2020-02-03 00:35:51+00:00,1224129334094565383,"A 30-second Super Bowl ad costs $5.6 million.  But the ""avocados from Mexico"" ad cost $5,600,030 because Molly Ringwald was in it.",2,0,6,RadioFreeOlive,Radio Free Olive 🧦,3504,3287,3,2,2020
https://twitter.com/PelicansReddit/status/1224129130058473473,2020-02-03 00:35:02+00:00,1224129130058473473,"@redditmavericks The ""avocados from Mexico"" jingle slaps tho",1,0,0,PelicansReddit,NOLA Pelicans Reddit,3005,750,3,2,2020
https://twitter.com/JustJared/status/1224129000529743872,2020-02-03 00:34:31+00:00,1224129000529743872,Molly Ringwald is the host of the Avocados from Mexico Shopping Network in this new Super Bowl commercial! https://t.co/pOENDMDQoF,3,0,10,JustJared,JustJared.com,734413,2925,3,2,2020
https://twitter.com/_samminh/status/1224128910545358849,2020-02-03 00:34:10+00:00,1224128910545358849,"I just saw the Avocados from Mexico commercial and the only person I thought of was @arie__xo , miss u 😢❤️",2,1,2,_samminh,Sammi 🪴,328,152,3,2,2020
https://twitter.com/PilarPueblita/status/1224128853359988737,2020-02-03 00:33:56+00:00,1224128853359988737,"""Avocados from Mexico"" (please, read it with the song) #SuperBowl #GoChiefsGo",1,0,6,PilarPueblita,Pilar Pueblita,3888,1612,3,2,2020
https://twitter.com/cedric_alpha/status/1224128808082649094,2020-02-03 00:33:45+00:00,1224128808082649094,This Avocados from Mexico ad is stupid &gt;Sees the J.Lo ad I'M SORRY!! GIVE ME ALL THE AVOCADOS!! #SuperBowl,1,0,2,cedric_alpha,AlphaKingMeow,907,603,3,2,2020
https://twitter.com/AvosFromMexico/status/1224128778554761218,2020-02-03 00:33:38+00:00,1224128778554761218,The Avocados From Mexico Shopping Network is open and accepting calls. Check out the full spot now! 1-844-AFM-SHOP #AvoNetwork #SBLIV https://t.co/9A50RWEBjP,351,108,1265,AvosFromMexico,Avocados From Mexico,54563,2984,3,2,2020
https://twitter.com/Adweek/status/1224128728764166151,2020-02-03 00:33:26+00:00,1224128728764166151,"Avocados From Mexico | The QVC knockoff is a pretty tired ad trope, and even Molly Ringwald's talents couldn't turn this into anything memorable. https://t.co/mJ5NPavlr4",19,12,74,Adweek,Adweek,690381,26538,3,2,2020
https://twitter.com/itshenrychinea/status/1224128643191930880,2020-02-03 00:33:06+00:00,1224128643191930880,"Not gonna lie, I do want some of that Avocados from Mexico merch. #SuperBowlAds #SuperBowlCommercials #SuperBowl #3percentsb #Brandbowl",1,0,3,itshenrychinea,Henry Chinea,342,778,3,2,2020
https://twitter.com/_CoachDave/status/1224128639236620291,2020-02-03 00:33:05+00:00,1224128639236620291,My one Super Bowl-related tweet: To hell with avocados from Mexico. Carpinteria avocados or nothing at all. #Buylocal,1,0,5,_CoachDave,Dave Soto,902,3419,3,2,2020
https://twitter.com/profhoffspuns/status/1224128627987689472,2020-02-03 00:33:02+00:00,1224128627987689472,And...as usual when Avocados From Mexico make a commercial things quickly go south. #SuperBowlCommercials #SuperBowlLIV,1,0,8,profhoffspuns,Shane Hoffman,2519,469,3,2,2020
https://twitter.com/FunnyCostaki/status/1224128608630800385,2020-02-03 00:32:58+00:00,1224128608630800385,Remember that weirdo creative stoner you knew in high school? You wondered what happened to him? He’s writing ads for Avocados from Mexico. #SuperBowl,7,4,76,FunnyCostaki,Costaki Economopoulos,46355,1158,3,2,2020
https://twitter.com/mrc__suavee/status/1224128456721608710,2020-02-03 00:32:21+00:00,1224128456721608710,Trump ain’t gonna like that avocados from Mexico commercial,1,0,3,mrc__suavee,I tweet,370,306,3,2,2020
https://twitter.com/bristei/status/1224128449712926720,2020-02-03 00:32:20+00:00,1224128449712926720,Hey that;'s Molly Ringwald...in a rather weird ad for Avocados from Mexico,1,1,5,bristei,Brian Steinberg,16353,2045,3,2,2020
https://twitter.com/ShroomMeister/status/1224128377126256640,2020-02-03 00:32:02+00:00,1224128377126256640,Wouldn't be the #SuperBowl without an Avocados From Mexico ad.,2,1,2,ShroomMeister,"Date a Shroom @ Give me your blacks, gays, women",2667,1241,3,2,2020
https://twitter.com/adage/status/1224128354120617986,2020-02-03 00:31:57+00:00,1224128354120617986,Ad Age went behind-the-scenes of the making of Avocados From Mexico’s #SuperBowl ad. It included costume changes for the avocado and debates about what type of car seat is best for the fruit. https://t.co/LuuNgJhaw1,5,0,11,adage,Ad Age,1001872,73143,3,2,2020
https://twitter.com/jessicawohl/status/1224124058616373249,2020-02-03 00:14:53+00:00,1224124058616373249,"Social team at Avocados From Mexico happy to see ⁦@QVC⁩ posting its ad, which is a spoof of channels like QVC. https://t.co/LhUSD7O1si",1,0,10,jessicawohl,Jessica Wohl,6989,1005,3,2,2020
https://twitter.com/CassieLamonaca/status/1224108837260664833,2020-02-02 23:14:24+00:00,1224108837260664833,"My Avocados From Mexico are healthy, delicious, always in season, and now with my love for them I could win this amazing $2,745 #AvoTiara #AvoNetwork #Sweepstakes https://t.co/7CNpyGjrV7",1,0,1,CassieLamonaca,💕 Casandra 💕,2079,3152,2,2,2020
https://twitter.com/jessicawohl/status/1224102889968357379,2020-02-02 22:50:46+00:00,1224102889968357379,Here’s a look at the Avocados From Mexico media war room across the hall from social. Things will really heat up here after the #AvoNetwork ad airs. https://t.co/1xBELzOJmB,6,3,22,jessicawohl,Jessica Wohl,6989,1005,2,2,2020
https://twitter.com/jessicawohl/status/1224099548051705863,2020-02-02 22:37:29+00:00,1224099548051705863,Greetings from the Avocados From Mexico social media war room. I’m watching the action of six agencies working with the brand on its #AvoNetwork campaign. https://t.co/ezFWWDF6kg,13,7,60,jessicawohl,Jessica Wohl,6989,1005,2,2,2020
https://twitter.com/Adweek/status/1224096698642968576,2020-02-02 22:26:10+00:00,1224096698642968576,Avocados From Mexico wants America to treat their precious avocados like royalty with a little help from Molly Ringwald. https://t.co/seTtYQKYN1 #SuperBowl https://t.co/IXsIzaTIht,58,9,102,Adweek,Adweek,690381,26538,2,2,2020
https://twitter.com/DOGBULL/status/1224088680802942983,2020-02-02 21:54:18+00:00,1224088680802942983,@RachelsNews @Homerogomez_g This guy was a hero. And he was murdered for corporate profit and greed. Not buying avocados from Mexico ever again. No matter how many funny Super Bowl ads they do.,2,0,2,DOGBULL,Roger Baldacci,379,726,2,2,2020
https://twitter.com/ForwardIM/status/1224088352053436416,2020-02-02 21:53:00+00:00,1224088352053436416,A19: Avocados are very versatile. Avocados can also be in a cocktail! Good thing Avocados From Mexico is always available for any occasion. That makes it more worth it! @AvosFromMexico #gno #AvoNetwork #SB54 #SBLIV,2,0,1,ForwardIM,FORWARD Influence,27913,23789,2,2,2020
https://twitter.com/farmstarliving/status/1224081816438628354,2020-02-02 21:27:02+00:00,1224081816438628354,"Are you eating @AvosFromMexico for the Big Game today?! 🥑Almost 75 million lbs of avocados were shipped to the US from Mexico in the week that ended on January 19, according to the Hass Avocado Board. 😮❗• Source: Hass Avocado Board &amp; VICE / 📸: Jose Castanares #BigGame https://t.co/oHdX1CXIys",1,1,15,farmstarliving,Farm Star Living,33783,3515,2,2,2020
https://twitter.com/thesimpleparent/status/1224079042405642242,2020-02-02 21:16:00+00:00,1224079042405642242,Share to show your ❤️ for Avocados From Mexico for a chance to win prizes from the #AvoNetwork!!! #ad https://t.co/J5ziBwgyww  #SB54 #SBLIV  #gno,1,0,2,thesimpleparent,Mariah Moon,146287,111138,2,2,2020
https://twitter.com/ForwardIM/status/1224078789027729409,2020-02-02 21:15:00+00:00,1224078789027729409,Share to show your ❤️ for Avocados From Mexico for a chance to win prizes from the #AvoNetwork! @AvosFromMexico https://t.co/n5itUxe9e6 #gno #SB54 #SBLIV PLS RT,1,0,2,ForwardIM,FORWARD Influence,27913,23789,2,2,2020
https://twitter.com/mdefined/status/1224078630277566468,2020-02-02 21:14:22+00:00,1224078630277566468,Share to show your ❤️ for Avocados From Mexico for a chance to win prizes from the #AvoNetwork! https://t.co/PosSWX6Q7O #SB54 #SBLIV #gno PLS Retweet,2,0,0,mdefined,Teri Hatland,54741,3045,2,2,2020
https://twitter.com/MomItForward/status/1224078285870641154,2020-02-02 21:13:00+00:00,1224078285870641154,Share to show your ❤️ for Avocados From Mexico for a chance to win prizes from the #AvoNetwork! @AvosFromMexico https://t.co/uaNsgPnu2K #gno #SB54 #SBLIV PLS R,56,9,39,MomItForward,Mom It Forward,75632,22526,2,2,2020
https://twitter.com/DeliciouslySavv/status/1224078285593665536,2020-02-02 21:13:00+00:00,1224078285593665536,Share to show your ❤️ for Avocados From Mexico for a chance to win prizes from the #AvoNetwork! https://t.co/DKMYehBzXg  #SB54 #SBLIV  #gno PLS R https://t.co/VH2nbMlcfG,1,0,1,DeliciouslySavv,Deliciously Savvy,39705,15585,2,2,2020
https://twitter.com/AvosFromMexico/status/1224075867577516039,2020-02-02 21:03:23+00:00,1224075867577516039,@donajuliamx #Guac for Game Day? Well how about a $15K prize? 😏 See why Avocados From Mexico are always worth it here 🥑 https://t.co/JBYy6dZSDb #SB54 #SBLIV https://t.co/JUrpailAN4,1,0,1,AvosFromMexico,Avocados From Mexico,54563,2984,2,2,2020
https://twitter.com/pettyranch/status/1224072787490263040,2020-02-02 20:51:09+00:00,1224072787490263040,"Fun fact: Super Bowl,  a very American ""holiday"" is largely supported by avocados from Mexico.  California avocados have their big day on Cinco De Mayo.",2,1,24,pettyranch,Chris Sayer,2670,1500,2,2,2020
https://twitter.com/mdefined/status/1224068377645330436,2020-02-02 20:33:37+00:00,1224068377645330436,Share to show your ❤️ for Avocados From Mexico for a chance to win prizes from the #AvoNetwork! https://t.co/PosSWX6Q7O #SB54 #SBLIV #gno PLS RT,1,0,0,mdefined,Teri Hatland,54741,3045,2,2,2020
https://twitter.com/ForwardIM/status/1224068219234734080,2020-02-02 20:33:00+00:00,1224068219234734080,A5: I love that Avocados From Mexico are always available. My breakfast wouldn't be complete without avocado toast. https://t.co/ghVI7xopmP . It is SO worth it! #AvoNetwork #gno #SB54 #SBLIV https://t.co/zYzou2uf9R,2,1,1,ForwardIM,FORWARD Influence,27913,23789,2,2,2020
https://twitter.com/MomItForward/status/1224067967798956036,2020-02-02 20:32:00+00:00,1224067967798956036,Share to show your ❤️ for Avocados From Mexico for a chance to win prizes from the #AvoNetwork! @AvosFromMexico https://t.co/uaNsgPnu2K #gno #SB54 #SBLIV PLS RT,69,10,58,MomItForward,Mom It Forward,75632,22526,2,2,2020
https://twitter.com/PauseMeNot/status/1224063689319276544,2020-02-02 20:15:00+00:00,1224063689319276544,Share to show your ❤️ for Avocados From Mexico for a chance to win prizes from the #AvoNetwork! @AvosFromMexico https://t.co/NTnaKUZVPO  #gno #SB54 #SBLIV PLS RT,26,2,19,PauseMeNot,PauseMeNot,11226,10481,2,2,2020
https://twitter.com/thisladyblogs/status/1224062761015136256,2020-02-02 20:11:18+00:00,1224062761015136256,@AvosFromMexico Me! I have 4 Avocados from Mexico avocados sitting right next to me. #gno #AvoNetwork #SB54 #SBLIV,1,2,1,thisladyblogs,April,72940,63008,2,2,2020
https://twitter.com/ForwardIM/status/1224062431263186944,2020-02-02 20:10:00+00:00,1224062431263186944,A1: Avocados From Mexico creates great Big Game commercials! TUNE IN here https://t.co/eIDhuSTMIL @AvosFromMexico #gno #AvoNetwork #SB54 #SBLIV,1,0,1,ForwardIM,FORWARD Influence,27913,23789,2,2,2020
https://twitter.com/danavento/status/1224060220898340864,2020-02-02 20:01:13+00:00,1224060220898340864,Share to show your ❤️ for Avocados From Mexico for a chance to win prizes from the #AvoNetwork! https://t.co/VqQATv7GD3  #SB54 #SBLIV #gno PLS RT,2,0,1,danavento,dana vento,48586,48243,2,2,2020
https://twitter.com/texaswinehouse/status/1224060218050519045,2020-02-02 20:01:12+00:00,1224060218050519045,Share to show your ❤️ for Avocados From Mexico for a chance to win prizes from the #AvoNetwork! https://t.co/GHZFNIs5q7  #SB54 #SBLIV #gno PLS RT #ad,1,0,1,texaswinehouse,stephtastic,46039,31557,2,2,2020
https://twitter.com/MomItForward/status/1224060166691266573,2020-02-02 20:01:00+00:00,1224060166691266573,Share to show your ❤️ for Avocados From Mexico for a chance to win prizes from the #AvoNetwork! @AvosFromMexico https://t.co/uaNsgPnu2K  #gno #SB54 #SBLIV PLS RT,76,12,44,MomItForward,Mom It Forward,75632,22526,2,2,2020
https://twitter.com/AHMalcolm/status/1224055392738648066,2020-02-02 19:42:02+00:00,1224055392738648066,"You can have my share: This is America's peak avocado-consuming day w/an estimated 153 million pounds going down today alone, much of it from Mexico, which sells us nearly $2B a yr. H/T @morningbrew #SuperBowl",1,1,9,AHMalcolm,Andrew Malcolm,136249,55302,2,2,2020
https://twitter.com/PopCulture/status/1224051159821901825,2020-02-02 19:25:12+00:00,1224051159821901825,#SuperBowlLIV Exclusive: Molly Ringwald dishes on her zany Avocados from Mexico #SuperBowl 2020 commercial: https://t.co/gdkkI9Zxsj https://t.co/BP1T6RZeV9,3,0,6,PopCulture,PopCulture.com,10229,764,2,2,2020
https://twitter.com/CassieLamonaca/status/1224042193310158849,2020-02-02 18:49:35+00:00,1224042193310158849,"I just entered for a chance to win this $2,745 #AvoTiara by sharing this post! Now off to get some delicious and always worth it Avocados From Mexico for #SB54! #AvoNetwork #Sweepstakes https://t.co/zZjfZMc1J9",1,0,3,CassieLamonaca,💕 Casandra 💕,2079,3152,2,2,2020
https://twitter.com/amomsimpression/status/1224017897795788802,2020-02-02 17:13:02+00:00,1224017897795788802,Share to show your ❤️ for Avocados From Mexico for a chance to win prizes from the #AvoNetwork! https://t.co/OtQmXnG7q9 #SB54 #SBLIV #gno PLS RT https://t.co/dy2TCYm3Oj,1,0,0,amomsimpression,Kathy Hodson,135962,95709,2,2,2020
https://twitter.com/MomItForward/status/1224017887863635969,2020-02-02 17:13:00+00:00,1224017887863635969,Share to show your ❤️ for Avocados From Mexico for a chance to win prizes from the #AvoNetwork! https://t.co/uaNsgPnu2K #SB54 #SBLIV #gno PLS RT,55,10,37,MomItForward,Mom It Forward,75632,22526,2,2,2020
https://twitter.com/TroyPattee/status/1224008827915231232,2020-02-02 16:37:00+00:00,1224008827915231232,Share to show your ❤️ for Avocados From Mexico for a chance to win prizes from the #AvoNetwork! https://t.co/ZnSNPUeQUt #SB54 #SBLIV #gno PLS RT,1,0,0,TroyPattee,Troy PatTee,45529,32000,2,2,2020
https://twitter.com/thesimpleparent/status/1224008074257670144,2020-02-02 16:34:00+00:00,1224008074257670144,PLS RT #ad Share to show your ❤️ for Avocados From Mexico for a chance to win prizes from the #AvoNetwork! https://t.co/J5ziBwgyww #SB54 #SBLIV #gno,1,0,1,thesimpleparent,Mariah Moon,146287,111138,2,2,2020
https://twitter.com/AvosFromMexico/status/1224003042179239937,2020-02-02 16:14:00+00:00,1224003042179239937,@Oh_So_Gucci #Guac for Game Day? Well how about a $15K prize? 😏 See why Avocados From Mexico are always worth it here 🥑 https://t.co/JBYy6dZSDb #SB54 #SBLIV https://t.co/JUrpailAN4,1,0,2,AvosFromMexico,Avocados From Mexico,54563,2984,2,2,2020
https://twitter.com/AvosFromMexico/status/1224002360701341697,2020-02-02 16:11:18+00:00,1224002360701341697,@pamelamaynard #Guac for Game Day? Well how about a $15K prize? 😏 See why Avocados From Mexico are always worth it here 🥑 https://t.co/JBYy6dZSDb #SB54 #SBLIV https://t.co/JUrpailAN4,2,2,3,AvosFromMexico,Avocados From Mexico,54563,2984,2,2,2020
https://twitter.com/RFIDlab/status/1224001782277378048,2020-02-02 16:09:00+00:00,1224001782277378048,Avocados from Mexico will be the first brand to use blockchain technology in a Super Bowl campaign.  https://t.co/W1Jopwf5o6 https://t.co/k8a4EFPW0e,1,0,3,RFIDlab,RFID Lab,1404,349,2,2,2020
https://twitter.com/LDYPrefers2Save/status/1224001585774321666,2020-02-02 16:08:13+00:00,1224001585774321666,RT Share to show your ❤️ for Avocados From Mexico for a chance to win prizes from the #AvoNetwork! https://t.co/FkkFFtkPzr  #SB54 #SBLIV #gno PLS RT,2,0,2,LDYPrefers2Save,Niki,33546,32660,2,2,2020
https://twitter.com/MomItForward/status/1224001278461739008,2020-02-02 16:07:00+00:00,1224001278461739008,A1: Another fave about the Big Game? The commercials. Who else is looking forward to #guac &amp; chips + creative commercials? Bring on the best of the best! Tune in at  https://t.co/Sla6WjrH8m for this year's Avocados From Mexico commercial! #gno #AvoNetwork #SB54 #SBLIV,33,20,43,MomItForward,Mom It Forward,75632,22526,2,2,2020
https://twitter.com/AvosFromMexico/status/1224000003548549120,2020-02-02 16:01:56+00:00,1224000003548549120,"RT for a chance to win! Who will reign supreme during the Big Game? Don’t know. But we do know you’ll rule in a $2,745 tiara. Avocados From Mexico are always worth it, just like you. Browse the 🧵for more products! #AvoNetwork #Sweepstakes #SB54 #SBLIV  https://t.co/Chum1GDRjp https://t.co/GnnzhP29S7",349,70,184,AvosFromMexico,Avocados From Mexico,54563,2984,2,2,2020
https://twitter.com/FSMMedia/status/1223999768743104521,2020-02-02 16:01:00+00:00,1223999768743104521,Share to show your 💚 for Avocados From Mexico for a chance to win prizes from the #AvoNetwork! https://t.co/uApieSpbr7   #SB54 #SBLIV #gno PLS RT,1,0,0,FSMMedia,FSM Media (Di),46840,1217,2,2,2020
https://twitter.com/MomItForward/status/1223999768352870400,2020-02-02 16:01:00+00:00,1223999768352870400,Share to show your ❤️ for Avocados From Mexico for a chance to win prizes from the #AvoNetwork! https://t.co/uaNsgPF4Ui  #SB54 #SBLIV #gno PLS RT,54,5,40,MomItForward,Mom It Forward,75632,22526,2,2,2020
https://twitter.com/whiskynsunshine/status/1223998761862483968,2020-02-02 15:57:00+00:00,1223998761862483968,Share to show your ❤️ for Avocados From Mexico for a chance to win prizes from the #AvoNetwork! https://t.co/JRG0C4wL2I  #SB54 #SBLIV #gno PLS RT,1,0,1,whiskynsunshine,Jana Seitzer ➡️ #BurnItAllDown,32159,9620,2,2,2020
https://twitter.com/energybbdo/status/1223995603622993922,2020-02-02 15:44:27+00:00,1223995603622993922,"Today’s the day! Tune into the 2nd quarter to see our @AvosFromMexico spot “The Avocados From Mexico Shopping Network.” If you can’t stand to wait until kick off, watch it on @WIRED’s “All the Best Super Bowl Ads Right Now” list! #AvoNetwork #SB54 #SBLIV  https://t.co/RO3CKVx2XS https://t.co/knvB2IYv3E",8,0,10,energybbdo,Energy BBDO,8321,1736,2,2,2020
https://twitter.com/steve_hanke/status/1223987553000402946,2020-02-02 15:12:27+00:00,1223987553000402946,"Nothing is safe from #Crime &amp; #Corruption in #Mexico. Not even avocados. The demand for the ""green gold"" (read: avocados) soars in anticipation of #SBLIV. With that, the cartels start picking (read: stealing). The theft is worth billions. https://t.co/1v6ck7modA",21,1,39,steve_hanke,Steve Hanke,491527,6792,2,2,2020
https://twitter.com/dallasnews/status/1223969826865020929,2020-02-02 14:02:01+00:00,1223969826865020929,"Super Bowl spots for Cheetos, Doritos and Avocados From Mexico mix nostalgia with pop culture #superbowlads #SuperBowLIV https://t.co/6AvQo1VK5G",1,0,5,dallasnews,Dallas Morning News,751699,776,2,2,2020
https://twitter.com/IvonneKinser/status/1223959428774473730,2020-02-02 13:20:42+00:00,1223959428774473730,Avocados From Mexico Brings Blockchain To The Big Game With Its New #AvoNetwork Platform https://t.co/NLqtbNp22N #AvoNetwork,10,0,9,IvonneKinser,Ivonne Kinser 🇺🇦 #StandWithUkraine,11339,9629,2,2,2020
https://twitter.com/jessilynne/status/1223868924355383297,2020-02-02 07:21:04+00:00,1223868924355383297,Avocados From Mexico opens the first polished-casual avocado-centric restaurant in the world! #AvoNetwork #AvoEatery #AvoNetworkSweeps https://t.co/FOSynsd2HX,2,0,1,jessilynne,Kristi Price,1322,4928,2,2,2020
https://twitter.com/SarantaTheWitch/status/1223822878291955713,2020-02-02 04:18:06+00:00,1223822878291955713,"I just entered for a chance to win this $2,745 #AvoTiara by sharing this post! Now off to get some delicious and always worth it Avocados From Mexico for #SB54! #AvoNetwork #Sweepstakes https://t.co/Hh5XtrQmzo",1,1,1,SarantaTheWitch,Stephy Sumner,2353,3521,2,2,2020
https://twitter.com/MsLaurie333/status/1223812834678788096,2020-02-02 03:38:11+00:00,1223812834678788096,Roast Beef &amp; Caramelized Onion Panini with Avo Horseradish Sauce - Avocados From Mexico https://t.co/oW1hL5VPAJ #AvoNetwork #Sweepstakes #SBLIV,1,0,0,MsLaurie333,Laurie Arnheim,591,4662,2,2,2020
