url,Datetime,Tweet Id,Text,Retweet Count,Reply Count,Like Count,Username,Display Name,Followers Count,Friends Count,Day,Month,Year
https://twitter.com/theurbanlabz/status/1358913749143404546,2021-02-08 23:00:59+00:00,1358913749143404546,"SUPER BOWL LV ADVERTISERS TACKLE DIVERSITY, INCLUSION WITH MIXED RESULTS https://t.co/CvOPynLUSP | @adage  #SuperBowl #Diversity #Inclusion #Ion @NFL @amazon @Logitech @squarespace @Klarna  @DoorDash",1,0,0,theurbanlabz,The Urban Labs,836,1806,8,2,2021
https://twitter.com/LordeRebel/status/1358904775174152193,2021-02-08 22:25:20+00:00,1358904775174152193,@whoisgodwin @trolls_queen @OfficialAPCNg @GovWike @ChibuikeAmaechi @HQNigerianArmy @YeleSowore @OfficialPDPNig @MBuhari @BashirAhmaad The JOKE is on anyone the gives you a job as WEB SITE builder or software developer when they can BUILD free websites on @squarespace 🤣😂🙌👽🤖🤟,1,2,2,LordeRebel,Rebel_Lorde,927,3542,8,2,2021
https://twitter.com/PraytellAgency/status/1358902786499375104,2021-02-08 22:17:26+00:00,1358902786499375104,"what i would pay to be in a room with maripat, our vp of creative strategy, going off about squarespace misusing the icon that is dolly parton https://t.co/ZBfUUe3Pyw",1,0,8,PraytellAgency,Praytell,1779,501,8,2,2021
https://twitter.com/nytimesbusiness/status/1358898458367840261,2021-02-08 22:00:14+00:00,1358898458367840261,"The song has been reimagined as an advertisement for Squarespace, the website builder. But with a gig economy twist. https://t.co/SEe9jwqY5J",2,0,3,nytimesbusiness,NYT Business,851120,472,8,2,2021
https://twitter.com/squarespace/status/1358888251197693952,2021-02-08 21:19:40+00:00,1358888251197693952,@Twitter memes trying to fight their expiration date https://t.co/eGkVP17rGc,1,0,6,squarespace,Squarespace,146181,6,8,2,2021
https://twitter.com/LonaPJ/status/1358875263522766852,2021-02-08 20:28:04+00:00,1358875263522766852,"Newcomer theme: freelance business/side hustle/job search 2020: Squarespace 2021: Squarespace, Fiverr, Shift4Shop, Indeed  https://t.co/q23NyNN5Bq",1,1,0,LonaPJ,Lona Price Jones,1661,806,8,2,2021
https://twitter.com/SmallPlanetApps/status/1358873632009818115,2021-02-08 20:21:35+00:00,1358873632009818115,"OwnBackup Raises $167 Million, SquareSpace's Super Bowl Ad + More NYC Tech Industry News: https://t.co/oTSAlDmM7u  #startups #startup #fintech #technews #technologynews #Funding #VentureCapital #VC #Techjobs",1,0,2,SmallPlanetApps,Small Planet,1178,1970,8,2,2021
https://twitter.com/TanairiVazquez/status/1358869366901727234,2021-02-08 20:04:38+00:00,1358869366901727234,@Dance_SpiritMag @LeighTVReporter  Thank you so much for interviewing me and this article! So grateful 💕✨🙏🏼 #dancespirit #5to9 #squarespace #dollyparton https://t.co/5SEXWxVlvk,1,0,3,TanairiVazquez,Tanairi Sade Vazquez,1810,777,8,2,2021
https://twitter.com/EBWworldwide/status/1358857823883587588,2021-02-08 19:18:46+00:00,1358857823883587588,"Rising entrepreneurs, sound on🔊for goosebumps! Did you catch this @squarespace Super Bowl ad? ⁠@dollyparton rewrote her song ""9 to 5"" in honor of entrepreneurs turning their daydream into the next big thing, &amp; we are loving it👏⁠ ⁠#FemaleEntrepreneur https://t.co/j2Z0GPimjj",2,0,4,EBWworldwide,Empowering A Billion Women,2979,2314,8,2,2021
https://twitter.com/downdetector/status/1358856539726094347,2021-02-08 19:13:40+00:00,1358856539726094347,User reports indicate Squarespace is having problems since 2:13 PM EST. https://t.co/AHta8JAtU1 RT if you're also having problems #squarespacedown,2,0,7,downdetector,Downdetector,108637,52,8,2,2021
https://twitter.com/CobholmCoins/status/1358854714595631107,2021-02-08 19:06:24+00:00,1358854714595631107,"@SquarespaceHelp @squarespace my customers can't add stock to their baskets, they're just getting a something went wrong message. Can you resolve? https://t.co/ZAhAgeNg6L",1,1,0,CobholmCoins,Cobholm Coins,290,1512,8,2,2021
https://twitter.com/SamGreszes/status/1358836487765303297,2021-02-08 17:53:59+00:00,1358836487765303297,"This is also not to say that it isn't extremely gross to turn 9 to 5 into a song about The Hustle and in doing so change the song's original point from an anticapitalist one to a song about shitty bosses! Yeah, that does suck! But squarespace fuckin wrote it, blame them too",1,0,13,SamGreszes,Sam Greszes,1692,4428,8,2,2021
https://twitter.com/ParSpec/status/1358834462755282946,2021-02-08 17:45:56+00:00,1358834462755282946,"when people say ""9 to 5"" I always got confused and assumed they meant the ""my baby takes the morning train"" song and now that dolly is bad for doing the squarespace ad my stupidity is praxis 😎",1,0,1,ParSpec,The Pumpkin Dipshit,952,829,8,2,2021
https://twitter.com/Chantaie/status/1358833574053621760,2021-02-08 17:42:24+00:00,1358833574053621760,The @Squarespace Dolly Parton campaign is 👌🏾 Love me some Dolly. But also taps into a relevant cultural force and true #insight about the changing dynamics of work and building your own business.  https://t.co/KOQTSBF6Sp,1,0,1,Chantaie,Chantaie,976,1165,8,2,2021
https://twitter.com/Gaius_Publius/status/1358831862290939906,2021-02-08 17:35:36+00:00,1358831862290939906,"Why America is a #PreRevolutionaryNation (Also, why the #squarespace Super Bowl commercial should never be shown again) . https://t.co/ePmARL8XoW",2,1,1,Gaius_Publius,Thomas Neuburger's politics feed,4167,605,8,2,2021
https://twitter.com/grannybot2/status/1358830094937059328,2021-02-08 17:28:35+00:00,1358830094937059328,"@EchoDoctrine @squarespace Difference is, long hours to achieve something is also a choice. If you  just want to work your straight eight for a paycheck, that's totally your choice.",1,1,0,grannybot2,GrannyBot2.0,180,262,8,2,2021
https://twitter.com/grannybot2/status/1358829736009494530,2021-02-08 17:27:09+00:00,1358829736009494530,"@EchoDoctrine @squarespace Right, no unions. This other stuff? Your imagination. ICs can take days off whenever they want. Did you know there's no law to offer Paid Time off?  And one's own business has nothing to do with Bezos. Did you watch the video?",1,1,1,grannybot2,GrannyBot2.0,180,262,8,2,2021
https://twitter.com/GuezMarketing/status/1358825727626514433,2021-02-08 17:11:13+00:00,1358825727626514433,Squarespace Vs. WordPress https://t.co/dGt94Z7Dzr #DigitalMarketing #SEO,6,0,5,GuezMarketing,Pierre Guez,5587,3107,8,2,2021
https://twitter.com/edzitron/status/1358824776320491530,2021-02-08 17:07:27+00:00,1358824776320491530,"To make matters worse this is not simply a commercial to help Squarespace make money but a commercial to sell Dolly Parton’s perfume, which she sells on Squarespace. Ha ha ha https://t.co/1pQvK27ROs",1,2,23,edzitron,Ed Zitron,50348,4161,8,2,2021
https://twitter.com/designmilk/status/1358823755661803534,2021-02-08 17:03:23+00:00,1358823755661803534,"Digital portfolios and online retail are the new norm for creators. With @Squarespace, it’s easier than ever to create a beautiful, unique space. #ad  https://t.co/gL8akxt9C1",1,0,7,designmilk,Design Milk,2170882,1354,8,2,2021
https://twitter.com/Konceptlights/status/1358815890410774529,2021-02-08 16:32:08+00:00,1358815890410774529,"We're honored to be a part of an incredible #superbowl commercial! @squarespace teamed up with @DollyParton to create this ""5 to 9"" ad, and our Z-Bar Desk Lamp adorns each desk.  https://t.co/2ADOd2He9t",1,0,2,Konceptlights,Koncept,442,151,8,2,2021
https://twitter.com/CrisWorthington/status/1358808443499417602,2021-02-08 16:02:33+00:00,1358808443499417602,Squarespace How-To for Therapists: Menu &amp; SEO #OnlineStore #EcommerceTips [Video] https://t.co/bo9uhOFO56,3,0,0,CrisWorthington,Cristian Worthington,50169,47158,8,2,2021
https://twitter.com/UrLeadingLady/status/1358802565195059206,2021-02-08 15:39:11+00:00,1358802565195059206,this was probably my fave commercial. @squarespace knows the 5-9 is work we WANT to do. 🔥 https://t.co/mGPgOPITU9,3,0,12,UrLeadingLady,✨Nakia Danielle✨,2023,1720,8,2,2021
https://twitter.com/nopolabs/status/1358798560351801344,2021-02-08 15:23:16+00:00,1358798560351801344,.@Squarespace me trying to choose a domain name for my new project  https://t.co/NanAY3SBps,1,2,11,nopolabs,Healthcare is a right,346,1091,8,2,2021
https://twitter.com/squarespace/status/1358796904654602241,2021-02-08 15:16:41+00:00,1358796904654602241,Me trying to figure out which template to use for my e-comm site https://t.co/xG9Oga9cAs,1,0,26,squarespace,Squarespace,146181,6,8,2,2021
https://twitter.com/CrisWorthington/status/1358794102578372608,2021-02-08 15:05:33+00:00,1358794102578372608,Adding a Store to Squarespace #OnlineStore #EcommerceTips [Video] https://t.co/7VT9Ju9XpB,3,0,0,CrisWorthington,Cristian Worthington,50169,47158,8,2,2021
https://twitter.com/RummaTumTums/status/1358786534963634176,2021-02-08 14:35:29+00:00,1358786534963634176,@NBCNews @NBCNewsTHINK This is a dumb criticism. Starting your own business is not nearly the same as working overtime or giving your extra time to Uber or Doordash. Why would you even think that it was? Would I need a SquareSpace site to signal my intent to work overtime?,4,1,27,RummaTumTums,Tiger Durden,4573,863,8,2,2021
https://twitter.com/DistractedAnna/status/1358776620732076033,2021-02-08 13:56:05+00:00,1358776620732076033,"I love Dolly Parton, but some of y’all acting like her doing a gig for SquareSpace is some glorious signal that everyone can follow their dreams look pretty silly.",1,2,10,DistractedAnna,Anna,4927,1931,8,2,2021
https://twitter.com/wgervais/status/1358769786767949824,2021-02-08 13:28:56+00:00,1358769786767949824,"Sigh. @universityofky @UKarts_sciences emailed (not for the first time!) asking for me personally to give them a check for $144 because @squarespace hasn't yet issued a refund for my website from when I left UKY months ago. My personal bank account is not getting involved, y'all https://t.co/pL0oDPH5gz",1,1,6,wgervais,Will Gervais,6432,1012,8,2,2021
https://twitter.com/BroadwayWorld/status/1358750050948636674,2021-02-08 12:10:31+00:00,1358750050948636674,".@DollyParton's '9 to 5' was reworked for a #SuperBowl ad for @SquareSpace, choreographed by Justin Peck, and featuring @robbiefairchild and more! https://t.co/qwIBctX80x",4,0,23,BroadwayWorld,BroadwayWorld,341046,1188,8,2,2021
https://twitter.com/ecarlesi/status/1358730274532519938,2021-02-08 10:51:56+00:00,1358730274532519938,Threat on hxxps://oentine[.]com/mazon/1802b/ #phishing #opendir  #amazon #squarespace,1,0,0,ecarlesi,Emiliano Carlesi,1004,941,8,2,2021
https://twitter.com/ecarlesi/status/1358730240718114817,2021-02-08 10:51:48+00:00,1358730240718114817,Threat on hxxps://oentine[.]com/mazon/ #phishing #opendir  #amazon #squarespace,1,0,0,ecarlesi,Emiliano Carlesi,1004,941,8,2,2021
https://twitter.com/ecarlesi/status/1358729275545956352,2021-02-08 10:47:57+00:00,1358729275545956352,Threat on hxxps://wetweertw[.]com/mazon/9d165/ #phishing #opendir  #amazon #squarespace,1,0,0,ecarlesi,Emiliano Carlesi,1004,941,8,2,2021
https://twitter.com/ecarlesi/status/1358728955877023745,2021-02-08 10:46:41+00:00,1358728955877023745,Threat on hxxps://wetweertw[.]com/mazon/ #phishing #opendir  #amazon #squarespace,1,0,0,ecarlesi,Emiliano Carlesi,1004,941,8,2,2021
https://twitter.com/ecarlesi/status/1358727309864353794,2021-02-08 10:40:09+00:00,1358727309864353794,Threat on hxxps://yekose21[.]com/mazon/55a29/ #phishing #opendir  #amazon #squarespace,1,0,0,ecarlesi,Emiliano Carlesi,1004,941,8,2,2021
https://twitter.com/ecarlesi/status/1358727290256056321,2021-02-08 10:40:04+00:00,1358727290256056321,Threat on hxxps://yekose21[.]com/mazon/ #phishing #opendir  #amazon #squarespace,1,0,0,ecarlesi,Emiliano Carlesi,1004,941,8,2,2021
https://twitter.com/Gabby_Hoffman/status/1358665807576850433,2021-02-08 06:35:45+00:00,1358665807576850433,"Ah, crapping on Dolly Parton for partaking in “gig economy propaganda.”  This oped and others like it criticizing Squarespace for positively highlighting the gig-economy misrepresents the workforce. 59M gig workers voluntarily grow hustles and see them blossom. (I did!) https://t.co/q9sOrj9K6h https://t.co/j2FHMdVbHy",3,3,10,Gabby_Hoffman,Gabriella Hoffman,50570,4853,8,2,2021
https://twitter.com/Gregoriancant/status/1358650454494728192,2021-02-08 05:34:45+00:00,1358650454494728192,"Well, unless that was 5 a.m. to 9 a.m. In which case, that's worse for not working enough. The reality is more 5 a.m. to some point three days later for far too many families. #DollyParton #Squarespace https://t.co/P4dnqyc85v",1,0,0,Gregoriancant,Greg Brian,795,2504,8,2,2021
https://twitter.com/0Waldeinsamkeit/status/1358646561094266880,2021-02-08 05:19:17+00:00,1358646561094266880,"@squarespace These comments, people offended &amp; upset by those who CHOOSE to follow their dreams.   @DollyParton is a beautiful example of following ones dreams, never giving up, &amp; paying it forward. If you don't have a dream, fine.  But don't put down those who do &amp; never come at Dolly!",1,5,8,0Waldeinsamkeit,Libertas,2150,1948,8,2,2021
https://twitter.com/ChattyEmu/status/1358626201632452610,2021-02-08 03:58:23+00:00,1358626201632452610,"@squarespace Wait, what? When I first heard about this song, I thought it would be an ode to the plight of the gig worker in a capitalist society. This is...wow, not what I expected.",1,1,10,ChattyEmu,I climb like peas and beans🦋🌹,1533,4978,8,2,2021
https://twitter.com/Cheyanne4UBI/status/1358624580806402049,2021-02-08 03:51:56+00:00,1358624580806402049,Am I the only one who didn't see @squarespace ad negatively? It's a good thing if people have the means do what they're passionate about for a living? One reason I advocate for #UBI is so people have the means to follow their passions &amp; leave a job they hate. #9to5ShouldBeEnough,1,2,3,Cheyanne4UBI,Chey (Shy) 🕯️6.2M+ 🟢#CBI 🎧#MTM 🗳️#VOTE,1703,2662,8,2,2021
https://twitter.com/Mad_dog_drake/status/1358622643444932610,2021-02-08 03:44:14+00:00,1358622643444932610,"@USATODAY @DollyParton @squarespace Love you, Dolly, but #9To5ShouldBeEnough ✌🏻",2,0,10,Mad_dog_drake,Drake AbbyChicka,573,843,8,2,2021
https://twitter.com/cortezbrothers/status/1358619770619273219,2021-02-08 03:32:49+00:00,1358619770619273219,"Directors w/2 ads tonight: Andreas Nilsson: TurboTax Live, Klarna Bryan Buckley: Bud Light, Cheetos Craig Gillespie: Jimmy John’s, Rocket Mortgage Damien Chazelle: Doritos, Squarespace David Shane: Paramount, Cadillac Mark Molloy: Chipotle, Huggies #3PercentSB #SuperBowlAds",1,0,3,cortezbrothers,Cortez Brothers,1217,1951,8,2,2021
https://twitter.com/ThatChristinaG/status/1358618265409511428,2021-02-08 03:26:51+00:00,1358618265409511428,Favorite spots (fun) - @sesamestreet/@DoorDash  - @Cadillac - @budlight  - @squarespace - @ChesterCheetah  #SuperBowl,2,0,12,ThatChristinaG,Christina Garnett,45766,7388,8,2,2021
https://twitter.com/OurDutyToRISE/status/1358618025205903360,2021-02-08 03:25:53+00:00,1358618025205903360,@Cadillac @squarespace #9To5ShouldBeEnough  Tone-deaf much?,1,0,8,OurDutyToRISE,KHitchcock,1905,2186,8,2,2021
https://twitter.com/chloeRbrooks/status/1358616233348915203,2021-02-08 03:18:46+00:00,1358616233348915203,"Hustle Culture is a scam, no matter what @squarespace and @fiverr tell you",1,0,4,chloeRbrooks,Chloe Brooks,925,806,8,2,2021
https://twitter.com/squarespace/status/1358612651308249089,2021-02-08 03:04:32+00:00,1358612651308249089,"@houseofbullock Thanks for the love, Will!",1,0,1,squarespace,Squarespace,146181,6,8,2,2021
https://twitter.com/ConroyForReal/status/1358612465362235394,2021-02-08 03:03:48+00:00,1358612465362235394,I don’t normally do “we’re in the mirror universe/darkest timeline” jokes but I will point out there’s a world where Dolly played the halftime and The Weeknd shilled for Squarespace and that feels a lot more cosmically balanced to me,1,1,13,ConroyForReal,Chris Conroy,12829,856,8,2,2021
https://twitter.com/squarespace/status/1358610907274780676,2021-02-08 02:57:36+00:00,1358610907274780676,@funkydeeeva We're glad to hear you liked the song! Check out the full ‘5 to 9’ commercial here: https://t.co/dUP6af1ybe,1,0,0,squarespace,Squarespace,146181,6,8,2,2021
https://twitter.com/dym_sh/status/1358609514468171776,2021-02-08 02:52:04+00:00,1358609514468171776,@ctrlshifti be your own boss you can earn up to 40k/month working from home selling dropship crap in my pyramid scheme as long as you just use ~~squarespace~~ shopify we empower individual business™ its not from 9 to 5 or 5 to 9 its from now till death,1,0,16,dym_sh,Dym Sohin,138,0,8,2,2021
https://twitter.com/AStoysich/status/1358609206547464199,2021-02-08 02:50:51+00:00,1358609206547464199,@squarespace Sell your mind and body from 9-5. Commodify your spirit 5-9. Everything is to be bought and sold. Capitalism 👍,2,0,30,AStoysich,Anna Stoysich🕊,1446,2268,8,2,2021
https://twitter.com/Brightstarbeing/status/1358608348543938560,2021-02-08 02:47:26+00:00,1358608348543938560,@squarespace Sorry. #9to5ShouldBeEnough What are you thinking glorifying people working themselves to death? It doesn’t matter how much you like your job. A job is time you’re not spending time with family and what really matters. GTFO @squarespace,5,0,13,Brightstarbeing,Charles F. 🏳️‍🌈🇺🇸🇺🇦 🌹,61,175,8,2,2021
https://twitter.com/thecultureofme/status/1358607120661364741,2021-02-08 02:42:33+00:00,1358607120661364741,i don’t think i’ve ever hated an ad more than dolly rewriting all of the lyrics for the squarespace spot about the never-ending hustle,2,5,57,thecultureofme,maybe: jeff,14580,7746,8,2,2021
https://twitter.com/IndyDogDad/status/1358607054458519553,2021-02-08 02:42:18+00:00,1358607054458519553,"@squarespace Way off target. How about advocating for living wages, universal healthcare?",1,0,6,IndyDogDad,Jason Sills,24,143,8,2,2021
https://twitter.com/heartoflife77/status/1358606730620452864,2021-02-08 02:41:00+00:00,1358606730620452864,"@squarespace @DollyParton, without #MedicareForAll, and other benefits available from a 9 to 5 being universal, this really isn't feasible for very many people to be able to make their 5 to 9 idea a reality. May want to start advocating for those first and then this would be more realistic.✌🏻",1,2,21,heartoflife77,Brenda (she/her) 🔥🌹,161,465,8,2,2021
https://twitter.com/johnny_seafood/status/1358606695799263232,2021-02-08 02:40:52+00:00,1358606695799263232,"@squarespace forget being paid fairly for the job you have and ignore the enormous and still growing pay gap, get another job!  grim grim grim",1,0,5,johnny_seafood,JohnnySeafood,43,492,8,2,2021
https://twitter.com/EchoDoctrine/status/1358606422318211073,2021-02-08 02:39:47+00:00,1358606422318211073,"@squarespace Work 9-9 ....the American dream.   No days off, no vacation, no unions, and only Bezos gets richer.  Screw this.  #9to5vsfreetime like #9to5ShouldBeEnough",18,3,138,EchoDoctrine,Echo Doctrine,730,1056,8,2,2021
https://twitter.com/RonRuggiero105/status/1358606398909784066,2021-02-08 02:39:41+00:00,1358606398909784066,@squarespace Disgusting ad. Glorifying everyone working all the time is not a good look.,1,4,59,RonRuggiero105,Ron Ruggiero,1243,824,8,2,2021
https://twitter.com/psuedofolio/status/1358605961594830851,2021-02-08 02:37:57+00:00,1358605961594830851,Superbowl Ad but it's just a McElroy reading ad copy for Squarespace.,5,5,73,psuedofolio,psudonym,51947,1925,8,2,2021
https://twitter.com/KippesRA/status/1358605903646318592,2021-02-08 02:37:43+00:00,1358605903646318592,@squarespace Gig work is exploitation.,2,0,127,KippesRA,Robert A Kippes,114,295,8,2,2021
https://twitter.com/indeed/status/1358604737864749056,2021-02-08 02:33:05+00:00,1358604737864749056,Make your main hustle helping people with their side hustle. @squarespace is #NowHiring on Indeed. #BigGame https://t.co/j4ppOSpDZE,2,1,11,indeed,Indeed,279474,1428,8,2,2021
https://twitter.com/ChicagoSports/status/1358603993702936576,2021-02-08 02:30:08+00:00,1358603993702936576,"High marks for Doritos, Squarespace and Bud Light. Less so for Cheetos, Uber Eats and Skechers. @StevenKJohnson rates the Super Bowl commercials. https://t.co/hd7IKIqBid",1,0,2,ChicagoSports,Chicago Tribune Sports,36682,276,8,2,2021
https://twitter.com/Adweek/status/1358603822176866306,2021-02-08 02:29:27+00:00,1358603822176866306,"SQUARESPACE: We'll always love Dolly Parton, but Squarespace falls short of the potential in bringing her to a Big Game ad. In a year when few of us are in an office and hustle culture feels downright toxic, this one misses the mark. #BigGameReviews https://t.co/jVbi0obqPO",5,3,41,Adweek,Adweek,690384,26538,8,2,2021
https://twitter.com/sandy_carter/status/1358603288938049538,2021-02-08 02:27:20+00:00,1358603288938049538,I never knew what @squarespace was until tonight with the 5 to 9 theme!   Web hosting but helping you with your passion projects  #SuperBowlAd from @squarespace 👏 👊   #startup #Entrepreneurs  #SuperBowl,2,0,11,sandy_carter,Sandy.blockchain - Metaverse,86771,75100,8,2,2021
https://twitter.com/212comms/status/1358603268629356544,2021-02-08 02:27:15+00:00,1358603268629356544,Here 👏🏻 for this remix on @DollyParton’s ‘9 to 5’ for this @squarespace spot. Genius celebration for #sidehustles &amp; passion projects #SuperBowl #freelance https://t.co/g2IRBZvsFd,3,0,2,212comms,212 Communications,116,993,8,2,2021
https://twitter.com/WithOnlyOneC/status/1358602810930135040,2021-02-08 02:25:26+00:00,1358602810930135040,I was excited to see #SquareSpace use Dolly Parton for their #SuperBowlAds spot and her iconic 9 to 5 song about female empowerment and collective action (those chicks were a UNION!) and spin it to be about having a sidehustle 5 to 9. So why am I depressed now? #brandtrue,1,0,2,WithOnlyOneC,Rebeca Arbona,297,243,8,2,2021
https://twitter.com/USATODAY/status/1358602761080885255,2021-02-08 02:25:14+00:00,1358602761080885255,".@DollyParton adds another first to her iconic career by participating in her first #SuperBowl commercial, remixing her hit 1980 hit, “9 to 5,” for @squarespace. Read more here: https://t.co/BhsXC12NOT https://t.co/OS3NrfZDAp",27,4,142,USATODAY,USA TODAY,4791387,923,8,2,2021
https://twitter.com/ispottv/status/1358602682991321091,2021-02-08 02:24:55+00:00,1358602682991321091,"Working 9 to 5 is so 1980 &amp; @DollyParton agrees. Remaking her country classic for @squarespace, this 5 to 9 spot really stood out for its 🎶, which was scored by viewers as the best thing in this captivating ad.  Amazing production, @kinjil &amp; team! https://t.co/mrovFxZ2os https://t.co/qg4el8chK5",1,0,8,ispottv,iSpot.tv,4198,2875,8,2,2021
https://twitter.com/MozFrame/status/1358602665756921856,2021-02-08 02:24:51+00:00,1358602665756921856,@squarespace More like #9to5ShouldBeEnough,8,1,89,MozFrame,Mo 💜✊🏽 #StopLine3,6632,3797,8,2,2021
https://twitter.com/ralphieaversa/status/1358602663789756418,2021-02-08 02:24:51+00:00,1358602663789756418,"We’ll chat with @DollyParton about the @squarespace ad that aired, her #SuperBowl traditions and more! #AdMeter https://t.co/ZQvJ90Sqof",2,0,11,ralphieaversa,🟣 Ralphie Aversa,8043,1429,8,2,2021
https://twitter.com/roxannemerket/status/1358602258837954561,2021-02-08 02:23:14+00:00,1358602258837954561,"Oh no. Squarespace glamorizing hustle culture again, aren’t they? Folks. It’s ok to grow slow. It’s ok to sleep and just be. It’s not a race. Take care of yourself.",1,0,7,roxannemerket,Roxanne Merket,355,2560,8,2,2021
https://twitter.com/ChiefMuse/status/1358602203536257024,2021-02-08 02:23:01+00:00,1358602203536257024,"Love seeing #EnTERPreneurs during the #SuperBowl! @squarespace, founded by @Maryland_Alumni supporting the American dream - #entrepreneurship. @UofMaryland where #InnovationHappensHere https://t.co/6GmYuKC4sD",2,2,7,ChiefMuse,Julie Lenzer,4042,3118,8,2,2021
https://twitter.com/ComicallyLarge/status/1358601851260854279,2021-02-08 02:21:37+00:00,1358601851260854279,Really hated the Squarespace commercial. Don’t promote working a full day and then another 4 hours at a side hustle. Promote paying every working American at least $15/hr. #FightFor15,1,0,3,ComicallyLarge,its hannah,375,555,8,2,2021
https://twitter.com/ScottsLawn/status/1358601750576566273,2021-02-08 02:21:13+00:00,1358601750576566273,"Huge shout out to custom squirrel-shaped hedge trimming professionals, @squarespace #SBLV https://t.co/YESIRYPy3y",3,6,41,ScottsLawn,Scotts Lawn,20566,4142,8,2,2021
https://twitter.com/ClioAwards/status/1358601553821786112,2021-02-08 02:20:26+00:00,1358601553821786112,"Next commercial in the #SuperBowl lineup is @squarespace's ""5 to 9 by Dolly Parton."" Will it win the 2021 #SuperClio? https://t.co/9tBqhOn8PQ",1,0,4,ClioAwards,Clio Awards,43914,11489,8,2,2021
https://twitter.com/Minions/status/1358601546540273664,2021-02-08 02:20:24+00:00,1358601546540273664,@amyisbabie @squarespace A minion's work is never done,1,0,5,Minions,#Minions,195020,9,8,2,2021
https://twitter.com/HunterGathered/status/1358601521739489280,2021-02-08 02:20:19+00:00,1358601521739489280,"Really loved the creativity of the @squarespace spot. Plus, adding in a splash of Dolly never hurt anything ✨ #CRSuperBowl #BrandBowl",2,2,7,HunterGathered,Hunter Taylor,297,264,8,2,2021
https://twitter.com/squarespace/status/1358601518316986376,2021-02-08 02:20:18+00:00,1358601518316986376,Don't be nutty. You're a 10/10. https://t.co/ryyJvwKMjW,1,0,20,squarespace,Squarespace,146181,6,8,2,2021
https://twitter.com/blakleybombs/status/1358601508556742656,2021-02-08 02:20:15+00:00,1358601508556742656,Love Dolly. Love the spin on 9 to 5. But wish they would’ve used the song as a soundtrack to one woman’s story about her side hustle versus the overly art directed vignettes &amp; choreographed dance. Made it feel v addy versus inspiring like the original song #BrandBowl #squarespace,1,0,2,blakleybombs,Julie Blakley,1301,594,8,2,2021
https://twitter.com/addysbaird/status/1358601410804391936,2021-02-08 02:19:52+00:00,1358601410804391936,i thought i was above being mad at the 9 to 5 squarespace commercial but then i saw it and was consumed with enormous rage. when it flipped to 5 to 9............ 🔪,2,2,64,addysbaird,Addy Baird,22627,1128,8,2,2021
https://twitter.com/llaurenkat/status/1358601355091464195,2021-02-08 02:19:39+00:00,1358601355091464195,"Ooof that squarespace commercial hits a little too hard.  9 to 5, then 5 to 9. Or like 7 to 10",2,1,9,llaurenkat,Lauren Schlusser 🤘🏼,1104,776,8,2,2021
https://twitter.com/TimothyCalkins/status/1358601310464057347,2021-02-08 02:19:28+00:00,1358601310464057347,"@squarespace has finished at the bottom of the #KelloggBowl more than any other brand. But not this year! That's a respectable spot. Still room for more linkage, but better. #kelloggbowl #SuperBowl",1,1,2,TimothyCalkins,Tim Calkins,4761,1620,8,2,2021
https://twitter.com/anneegibson/status/1358601218256490496,2021-02-08 02:19:06+00:00,1358601218256490496,"Squarespace understands the entrepreneurial spirit, those pursuing their dreams after the ‘job for now’ and that Dolly Parton is a national treasure. #plannerbowl #adbowl",1,1,6,anneegibson,Anne Gibson,886,761,8,2,2021
https://twitter.com/NM_Financial/status/1358601174153322501,2021-02-08 02:18:56+00:00,1358601174153322501,"Hey, innovative @squarespace users, we’re all about living the dream, too. Getting your site up is a great first step. We can handle the rest. #BigGame #AmericanDreams https://t.co/fiJTzTHX8J",2,0,14,NM_Financial,Northwestern Mutual,15495,654,8,2,2021
https://twitter.com/LeighTVReporter/status/1358601146089283585,2021-02-08 02:18:49+00:00,1358601146089283585,The Dolly Parton @squarespace commerical was filmed in Nashville. Check out my interview tomorrow(?) with the LEAD accountant @HamiltonMusical's @tanavazq13 who will be in the new West Side Story film. Choreography by Justin Peck (who did the WSS movie)  #dollyparton #squarespace https://t.co/J9LJh62QiC,1,0,4,LeighTVReporter,Leigh Scheps,2199,971,8,2,2021
https://twitter.com/carolinedettman/status/1358601088899891201,2021-02-08 02:18:35+00:00,1358601088899891201,"I’m waiting for a new anthem for all that women are going through right now - and that SquareSpace rewrite wasn’t it.  But points for women, lots of powerful, diverse women. #3percentSB #haveherback",1,0,12,carolinedettman,carolinedettman,750,735,8,2,2021
https://twitter.com/illumination/status/1358601064635748352,2021-02-08 02:18:30+00:00,1358601064635748352,@Minions @squarespace They weren’t harmed in the making of this commercial,1,0,9,illumination,Illumination,11915,38,8,2,2021
https://twitter.com/Hyperquake/status/1358601051633561601,2021-02-08 02:18:26+00:00,1358601051633561601,"""Mom, please stop screaming!"" Sorry, it was @DollyParton w/ her @SquareSpace ad, ""5 to 9. "" No monitor needed to gauge my emotional Rx. But we're tracking others w/@ImmersionNeuro #neuroscience #superbowlads #ProScienceProDolly",1,1,2,Hyperquake,Hyperquake,1005,894,8,2,2021
https://twitter.com/Dilly_Manilly/status/1358601002715348995,2021-02-08 02:18:15+00:00,1358601002715348995,@RunquistKarsten Karsten when he saw squarespace https://t.co/Qk1N3HRGi8,1,0,27,Dilly_Manilly,Dilly Manilly,31,138,8,2,2021
https://twitter.com/wheezywaiter/status/1358600993865408512,2021-02-08 02:18:13+00:00,1358600993865408512,"I just don’t think adding another workday to the workday is a good message, Squarespace.",8,4,178,wheezywaiter,Wheezy Waiter,93533,757,8,2,2021
https://twitter.com/SethMSherwood/status/1358600969680953345,2021-02-08 02:18:07+00:00,1358600969680953345,"So Squarespace shot that commercial thinking they would get Dolly for that last shot, didn’t they?",3,0,6,SethMSherwood,Seth Sherwood,596,374,8,2,2021
https://twitter.com/JimStengel/status/1358600969383276545,2021-02-08 02:18:07+00:00,1358600969383276545,Great use of music and a very clear and well branded celebration of the side hustle for @squarespace. #SuperBowl,1,2,11,JimStengel,Jim Stengel,13818,1067,8,2,2021
https://twitter.com/turbotax/status/1358600933849108481,2021-02-08 02:17:58+00:00,1358600933849108481,"Whether you've got a 9 to 5 or a #5to9 (looking at you, @Squarespace side hustlers), our TurboTax Live experts will be there to help you, on demand. 🕑  #SBLV #SuperBowl",2,2,36,turbotax,Intuit TurboTax,64669,927,8,2,2021
https://twitter.com/starbetter/status/1358600895878021121,2021-02-08 02:17:49+00:00,1358600895878021121,"Oh okay, I see you @squarespace. #MarketingTwitter #BrandBowl https://t.co/Srx0Hu1udO",1,0,5,starbetter,Stephanie Arbetter,3662,4247,8,2,2021
https://twitter.com/JustJared/status/1358600887745187840,2021-02-08 02:17:47+00:00,1358600887745187840,"Dolly Parton put a new spin on ""9 to 5"" for the #SuperBowl commercial from @squarespace - watch now! https://t.co/ICQGmYQuob",7,0,32,JustJared,JustJared.com,734415,2925,8,2,2021
https://twitter.com/KatyBaumbach/status/1358600866580856833,2021-02-08 02:17:42+00:00,1358600866580856833,"Ok, @squarespace. As a full time marketer and side hustler and dolly fan and squarespace customer, I feel very seen. #BrandBowl",4,2,24,KatyBaumbach,Katy Baumbach (she/her),253,721,8,2,2021
https://twitter.com/ant_pruitt/status/1358600833374384130,2021-02-08 02:17:34+00:00,1358600833374384130,And @GinaGrad is ugly crying after seeing the @squarespace ad featuring THE @DollyParton 😄,1,0,10,ant_pruitt,Ant Pruitt,6105,885,8,2,2021
https://twitter.com/MrPeanut/status/1358600795579707393,2021-02-08 02:17:25+00:00,1358600795579707393,".@squarespace on a scale of 1 to 5, I’m an 8. Dolly is a 9.",18,17,333,MrPeanut,Mr. Peanut,131587,197,8,2,2021
https://twitter.com/cathylanski/status/1358600784238239747,2021-02-08 02:17:23+00:00,1358600784238239747,Squarespace here to remind us people can’t make ends meet with just one job.,1,0,11,cathylanski,Amusing User Name Pending,1582,2588,8,2,2021
https://twitter.com/Minions/status/1358600742496468994,2021-02-08 02:17:13+00:00,1358600742496468994,A lot of you are asking and yes that *was* bob &amp; kevin in the @squarespace commercial https://t.co/piD9huAMoe,16,14,187,Minions,#Minions,195020,9,8,2,2021
https://twitter.com/vincenzolandino/status/1358600713765609472,2021-02-08 02:17:06+00:00,1358600713765609472,I know some think this @squarespace @DollyParton spot promotes hustle culture but I really like it. Plays off a famous song and the gig economy is real.,2,1,5,vincenzolandino,Vincenzo Landino,40658,1876,8,2,2021
https://twitter.com/luvTorrie/status/1358600710535991298,2021-02-08 02:17:05+00:00,1358600710535991298,"That was really cute @squarespace, 5-9",1,1,6,luvTorrie,Torrie,838,869,8,2,2021
https://twitter.com/AmberBenson/status/1358600678483066882,2021-02-08 02:16:57+00:00,1358600678483066882,I love Dolly with all my heart but I hate hustle culture. That’s a no for me @squarespace. #plannerbowl,3,1,16,AmberBenson,Amber Benson,4475,2485,8,2,2021
https://twitter.com/StormyClaussen/status/1358600664939696129,2021-02-08 02:16:54+00:00,1358600664939696129,I love @DollyParton’s “5 to 9!” #SuperBowl #countrymusic @SquareSpace,1,2,5,StormyClaussen,Joshua Claussen,1925,542,8,2,2021
https://twitter.com/megvondriska/status/1358600638775590912,2021-02-08 02:16:48+00:00,1358600638775590912,"Given the late 9-to-5 Dolly resurgence, that SquareSpace ad was ON POINT #SuperBowl",1,1,5,megvondriska,meg,1307,750,8,2,2021
https://twitter.com/LeoMcKayJr/status/1358600597482668036,2021-02-08 02:16:38+00:00,1358600597482668036,"I don’t understand that Squarespace commercial, but it’s got Dolly Parton in it so okay.",1,1,2,LeoMcKayJr,Leo McKay,1995,1087,8,2,2021
https://twitter.com/ThatChristinaG/status/1358600586309074947,2021-02-08 02:16:36+00:00,1358600586309074947,Squarespace nailed the story Fiverr should have told.  #SuperBowl,4,16,124,ThatChristinaG,Christina Garnett,45766,7388,8,2,2021
https://twitter.com/JamesonFleming/status/1358600549374042116,2021-02-08 02:16:27+00:00,1358600549374042116,"I love this inversion of Dolly Parton's song 9 to 5. It was criticized a bit for glorifying hustle culture, but I viewed as making your side-gig your full-time gig with the help of Squarespace.",13,3,101,JamesonFleming,Jameson Fleming,4208,1047,8,2,2021
https://twitter.com/itsmebecca/status/1358600516541042693,2021-02-08 02:16:19+00:00,1358600516541042693,Squarespace just got every Warren staffer watching the #SuperBowl to pay attention to their ad.,1,0,8,itsmebecca,Becca Brubaker,14903,4002,8,2,2021
https://twitter.com/DaksAhoy/status/1358600467572400129,2021-02-08 02:16:07+00:00,1358600467572400129,Love the @DollyParton remix ad for @squarespace #SuperBowlAds #BrandBowl,1,1,4,DaksAhoy,Dakota Snow,1604,2258,8,2,2021
https://twitter.com/AuraOfAzure/status/1358600457288040448,2021-02-08 02:16:05+00:00,1358600457288040448,"Coming 2 America Cheetos with Ashton, Mila, and Shaggy WeatherTech again Squarespace with Dolly Parton",1,1,0,AuraOfAzure,Queer Werewolf Wrestler (not really),1623,1206,8,2,2021
https://twitter.com/adage/status/1358600415051472899,2021-02-08 02:15:55+00:00,1358600415051472899,"First off Squarespace, who is done working at 5pm these days? Second, who is that peppy once they clock out? #SuperBowl",6,19,190,adage,Ad Age,1001873,73143,8,2,2021
https://twitter.com/thehill/status/1358596661476552704,2021-02-08 02:01:00+00:00,1358596661476552704,"WATCH: #SuperBowl commercials including Squarespace, Tide, Cheetos, General Motors and Mountain Dew https://t.co/dgOo60qk8q",12,3,57,thehill,The Hill,4410759,300,8,2,2021
https://twitter.com/squarespace/status/1358593277411414018,2021-02-08 01:47:33+00:00,1358593277411414018,Someone has been waiting for a sign to start that great idea...   |-------------------- |    |        IT'S TIME           | |-------------------- | (\__/) || (•ㅅ•) || / 　 づ,4,0,23,squarespace,Squarespace,146181,6,8,2,2021
https://twitter.com/davincidiva/status/1358579819068313600,2021-02-08 00:54:04+00:00,1358579819068313600,"@margaritareyes @DollyParton Agree! Great spot! To all the haters,  @squarespace did not create this ad in a Vacuum. It’s obviously the result of listening deeply to their customers. People want to be FREE and that’s what self-employment is. When did initiative and creativity become politically incorrect?",2,0,10,davincidiva,Lisa Rothstein #FightForFreelancers #NOPROAct,12513,12962,8,2,2021
https://twitter.com/jenbdasilva/status/1358577455376703488,2021-02-08 00:44:41+00:00,1358577455376703488,"Nostalgia is big again this year, with iconic songs and characters reimagined in new ways. The 90s rule w/ Shaggy (@ChesterCheetah) &amp; Wayne’s World (@UberEats), but the 80s (Dolly Parton @squarespace) &amp; 70s (John Travolta @MiracleGro) get their fair share too. #SuperBowlLV",1,0,3,jenbdasilva,jendasilva,1338,2814,8,2,2021
https://twitter.com/BlocLA/status/1358562440682876929,2021-02-07 23:45:01+00:00,1358562440682876929,"See the work of @Justin_Peck's Choreography in the Super Bowl SquareSpace ""5 to 9"" commercial by @DollyParton featuring bloc's @Doe_Minique! #dance #SBLV @squarespace https://t.co/cDzd7Uumah",1,0,4,BlocLA,Bloc LA,12931,1042,7,2,2021
https://twitter.com/KKilner/status/1358561311601291264,2021-02-07 23:40:32+00:00,1358561311601291264,Tuning into #brandbowl 2021 and on the look out for @Fritolay @DollyParton @squarespace @CutwaterSpirits @SamuelAdamsBeer @BudweiserHorse @ChipotleTweets @Oikos @michaelb4jordan @jimmyjohns @BradGarrett_411  @indeed @Matthew78506135 @awkwafina @LilNasX @amyschumer @LennyKravitz,1,0,3,KKilner,Kathryn Kilner,1238,2010,7,2,2021
https://twitter.com/NBCNewsTHINK/status/1358545574799290374,2021-02-07 22:38:00+00:00,1358545574799290374,"As much as we all love Dolly Parton, it’s still disappointing to hear her literally sing the praises of “working, working, working,” writes @GrimKim. Her #SuperBowl ad with @squarespace is a perfect storm of gig economy propaganda: https://t.co/qPKUYHuE9M",5,18,12,NBCNewsTHINK,NBC News THINK,25336,1129,7,2,2021
https://twitter.com/Briana_Sharp/status/1358533780554665985,2021-02-07 21:51:08+00:00,1358533780554665985,@davincidiva @thekimkavin @nytimes @nytopinion @NBCNews @TIME @squarespace I guess they missed the end of the commercial where she turns her 5-9 dream into a full time business and walks out of her office job? It’s annoying and inaccurate that anything outside the mold is immediately called precarious. #FightForFreelancers,6,3,20,Briana_Sharp,Briana Sharp #FightForFreelancers,748,426,7,2,2021
https://twitter.com/EhManana/status/1358531473289187332,2021-02-07 21:41:58+00:00,1358531473289187332,"https://t.co/KKefhNDjzK ""Rather than paying homage to the spirit of the original song, which made no bones about the exploitative nature of the daily grind, the commercial for Squarespace features a tinny ode to the side hustle""",1,0,0,EhManana,Amy Coney Island Barrett,273,2281,7,2,2021
https://twitter.com/thehill/status/1358517389076418563,2021-02-07 20:46:00+00:00,1358517389076418563,"WATCH: #SuperBowl commercials including Squarespace, Tide, Cheetos, General Motors and Mountain Dew https://t.co/kwosdSGuo1",15,3,39,thehill,The Hill,4410759,300,7,2,2021
https://twitter.com/CrisWorthington/status/1358492107149746177,2021-02-07 19:05:32+00:00,1358492107149746177,Squarespace Tutorial – How to remove your header and footer of the page #Ecommerce #DigitalMarketingTips [Video] https://t.co/w5bPZSDDBU,3,0,0,CrisWorthington,Cristian Worthington,50169,47158,7,2,2021
https://twitter.com/GoonrGrrl/status/1358490254966161416,2021-02-07 18:58:10+00:00,1358490254966161416,"Hey @squarespace -  @DollyParton notwithstanding, guess again if you think we're going to let you start NORMALIZING being forced to work two jobs to make ends meet.  #BoycottSquarespace  cc @davidsirota",1,0,1,GoonrGrrl,GoonrGrrl,3535,4993,7,2,2021
https://twitter.com/squarespace/status/1358486944934731779,2021-02-07 18:45:01+00:00,1358486944934731779,"have a business idea?     ______|______     |                     |  yes                 no     |                     |    😏             don't worry,                         you will",1,0,14,squarespace,Squarespace,146181,6,7,2,2021
https://twitter.com/chrisbrogan/status/1358475919648784384,2021-02-07 18:01:13+00:00,1358475919648784384,"Smart @squarespace ad! But once you learn you need a WEE bit of help, get @ChloeForbesK to make your site actually look amazing!  5 to 9 by Dolly Parton | Big Game Commercial 2021 | Squarespace https://t.co/uPmUnxG9PN via @YouTube",3,2,4,chrisbrogan,Chris Brogan/Chief of Staff,321650,733,7,2,2021
https://twitter.com/squarespace/status/1358473102871719938,2021-02-07 17:50:01+00:00,1358473102871719938,Who’s excited for the big game?  Yes             Yes             Yes 👇               👇                👇,2,3,10,squarespace,Squarespace,146181,6,7,2,2021
https://twitter.com/GetBenchmarkCo/status/1358468043278594048,2021-02-07 17:29:55+00:00,1358468043278594048,⚡️ Consumers ⚡️ Squarespace Coursera Petco* Mytheresa* Auto1* Kuaishou* Outbrain Cole Haan *IPO Done ⁉️ What is MISSING ⁉️ Primer on these coming SOON in your INBOX 📩 Don’t MISS it ✅ https://t.co/lQ6ay1zmm2,3,9,15,GetBenchmarkCo,Benchmark,35895,364,7,2,2021
https://twitter.com/nycballet/status/1358460520861294598,2021-02-07 17:00:01+00:00,1358460520861294598,"This @SuperBowl commercial by @squarespace is a fun twist on @DollyParton's hit ""9 to 5,"" with moves by NYCB Resident Choreographer Justin Peck and cameos by Rep. Director Craig Hall and former Principal Robbie Fairchild. Watch the ode to the hustle here: https://t.co/eSXJFRmh1U",2,0,13,nycballet,nycballet,134154,983,7,2,2021
https://twitter.com/TheNationalNews/status/1358458674918940674,2021-02-07 16:52:41+00:00,1358458674918940674,Business Extra #podcast: #SuperBowl LV ads play to a resilient American consumer #Robinhood #Chipotle #Squarespace Listen to the 12 minute episode here: https://t.co/UptIA1t0qJ,1,0,5,TheNationalNews,The National,1117998,218,7,2,2021
https://twitter.com/davincidiva/status/1358444014723231744,2021-02-07 15:54:26+00:00,1358444014723231744,@thekimkavin @nytimes @nytopinion Yeah and @nbcnews just ran a similar opinion piece. I think the “well funded cabal” that @TIME boasted about is still at work. @squarespace and Dolly captured the spirit of today’s self-employed person with a dream. #superbowlads,8,2,18,davincidiva,Lisa Rothstein #FightForFreelancers #NOPROAct,12513,12962,7,2,2021
https://twitter.com/rebekahdenise__/status/1358429162684493827,2021-02-07 14:55:25+00:00,1358429162684493827,• Squarespace has 20% off new website plans with code FEB20A. This expires 2.12.2021,2,0,3,rebekahdenise__,🐰BeautifulMindsetPlanHER+,2298,1833,7,2,2021
https://twitter.com/BotanistBee/status/1358410852932739073,2021-02-07 13:42:40+00:00,1358410852932739073,Squarespace has 20% off new website plans with code FEB20A. This expires 2.12.2021.,7,0,5,BotanistBee,Stay at home plant mom 🛸.,2609,1154,7,2,2021
https://twitter.com/CrisWorthington/status/1358401634070450176,2021-02-07 13:06:02+00:00,1358401634070450176,The smart Trick of Kenshi recruiting guide – Squarespace That Nobody is Talking About #Ecommerce #OnlineStore [Video] https://t.co/RPbhkYAk2Y,3,0,2,CrisWorthington,Cristian Worthington,50169,47158,7,2,2021
https://twitter.com/SteveHare/status/1358398472291049472,2021-02-07 12:53:28+00:00,1358398472291049472,"Ahead of tonight’s #SuperBowl, I am sharing this fantastic advert from @SquareSpace. @DollyParton’s classic #9to5 is reimagined with motivational lyrics for #SMB owners. A great watch! https://t.co/uJHRvb7Pe8",2,1,16,SteveHare,Steve Hare,7158,1784,7,2,2021
https://twitter.com/ClarksonUniv/status/1358397098425786370,2021-02-07 12:48:00+00:00,1358397098425786370,"A Super Bowl ad for @squarespace tonight flips Dolly Parton's ""9 to 5"" to challenge entrepreneurs to put in a personal shift from 5 to 9 in pursuit of their dreams, much the way so many do at #ClarksonU.  So, Golden Knights, what happens in your 5 to 9?  https://t.co/2TOMZZZT8d",2,0,2,ClarksonUniv,Clarkson University,13868,3248,7,2,2021
https://twitter.com/firstsiteguide/status/1358385961600757766,2021-02-07 12:03:45+00:00,1358385961600757766,#Squarespace is a well-known #website building site that’s tailored to beginners’ unique needs.  Squarespace #Review 2021 https://t.co/gsVsgihjH6 via @firstsiteguide,1,0,2,firstsiteguide,𝗙𝗶𝗿𝘀𝘁 𝗦𝗶𝘁𝗲 𝗚𝘂𝗶𝗱𝗲,1261,489,7,2,2021
https://twitter.com/CrisWorthington/status/1358370937440145410,2021-02-07 11:04:03+00:00,1358370937440145410,The 15-Second Trick For SquareSpace VS KingSumo Giveaways #EcommerceTips #Ecommerce [Video] https://t.co/IQJxiaafna,3,0,0,CrisWorthington,Cristian Worthington,50169,47158,7,2,2021
https://twitter.com/jackbremer/status/1358352891698941952,2021-02-07 09:52:21+00:00,1358352891698941952,"Other than me missing a digit off the end of a meeting ID, our migration from Squarespace + Zapier + GSheets to Squarespace + Thinkific for live #yoga went great! Lots of people watching @appleyoga right *now*! #noCode #buildInPublic https://t.co/7xhxWLOAXG",3,0,6,jackbremer,"Jack ""sagacious"" Bremer",10348,1149,7,2,2021
https://twitter.com/rwang0/status/1358320390058037248,2021-02-07 07:43:12+00:00,1358320390058037248,MyPOV: The 5 to 9 @dollyparton ad brings it all home for @squarespace  https://t.co/NZXNnJYRlS #SBLV @superbowl #AdBowl #BrandBowl,1,0,3,rwang0,R.NFT R “Ray” Wang 王瑞光 #1A #Metaverse #SVLife,139393,102025,7,2,2021
https://twitter.com/wolfcrane/status/1358248950852169735,2021-02-07 02:59:19+00:00,1358248950852169735,@EFF @mozilla @firefox @Outlook @Yahoo @gmail @Microsoft @Fastmail @bbb_us @TechFTC @FTC @FCC @ProtonMail @TutanotaTeam @hover @squarespace @WordPress @wordpressdotcom @IntelTechniques @haveibeenpwned @troyhunt I'd love to see your input on this thread. https://t.co/wqLiYHSoIu,2,1,4,wolfcrane,Jamie Todd,833,4989,7,2,2021
https://twitter.com/amgdev/status/1358232420223508482,2021-02-07 01:53:38+00:00,1358232420223508482,Do I know any competent webflowers on here that I can pass a project off to? It would involve transferring a marketplace-style website from squarespace to webflow and working with a really kind remote team. DM if interested and I'll give you details/connect you.,1,1,6,amgdev,Andrea | Webflow Developer,779,278,7,2,2021
