url,Datetime,Tweet Id,Text,Retweet Count,Reply Count,Like Count,Username,Display Name,Followers Count,Friends Count,Day,Month,Year
https://twitter.com/WSJ/status/1358916038491054080,2021-02-08 23:10:05+00:00,1358916038491054080,"Startups are developing open-source tech to monitor the environment, from equipment that records the sounds of the forest to devices that collect weather data https://t.co/BBqlC4YUjz",20,5,64,WSJ,The Wall Street Journal,19971514,1073,8,2,2021
https://twitter.com/RACERmag/status/1358908342366707713,2021-02-08 22:39:30+00:00,1358908342366707713,#Rolex24 LMP2 class-winning Era Motorsports has confirmed it will compete at all remaining 2021 @IMSA WeatherTech SportsCar races. https://t.co/AGM4WK0Qop,5,0,26,RACERmag,RACER,60586,5417,8,2,2021
https://twitter.com/IMSA/status/1358890680509222913,2021-02-08 21:29:19+00:00,1358890680509222913,LMP3 Cars Go the Distance in WeatherTech Championship Debut Read more: https://t.co/qKfzqhrwgJ #IMSA,11,0,90,IMSA,#IMSA,142280,455,8,2,2021
https://twitter.com/TheFeistyFinn/status/1358879907942645760,2021-02-08 20:46:31+00:00,1358879907942645760,"@jcjohnsen412 @Public_Citizen I'm not saying they shouldn't do marketing. They do a LOT of TV ads.  If I had a dollar for every WeatherTech ad I've seen on TV, I could afford WeatherTech floor mats. :) I'm just saying their $5M SB ad was weirdly tone deaf for me. Hope their workers were OK with its message.",1,0,0,TheFeistyFinn,Paul C. 🇺🇦,203,419,8,2,2021
https://twitter.com/eoctech/status/1358876553858478089,2021-02-08 20:33:11+00:00,1358876553858478089,"Due to adverse weather conditions, EOC Tech Center's evening classes and events are canceled tonight, Monday, February 8, 2021. Please be safe and stay weather aware! #EOCTech #EOCTechIguanas #careertech https://t.co/pPN0Fju7g0",2,0,2,eoctech,eoctech,690,222,8,2,2021
https://twitter.com/skillpointe/status/1358875780047114254,2021-02-08 20:30:07+00:00,1358875780047114254,"Props to @WeatherTech for its #BigGame ad. We also believe that doing the work that’s needed still means something, which is why we created the best resource for people to explore skills-based careers, training and local job opportunities. #WhereSkillsPay https://t.co/gffRq2L7sw https://t.co/0oNvG2qNs0",1,0,2,skillpointe,SkillPointe,134,312,8,2,2021
https://twitter.com/jamiearnoldWMBF/status/1358872064443224068,2021-02-08 20:15:21+00:00,1358872064443224068,Breaking out some new high tech methods of weather forecasting for the next 10-15 days or so. #SCwx #NCwx https://t.co/4PUvUcUemI,5,4,35,jamiearnoldWMBF,Jamie Arnold WMBF,9689,3756,8,2,2021
https://twitter.com/WSJ/status/1358872002493349894,2021-02-08 20:15:06+00:00,1358872002493349894,"Startups are developing open-source tech to monitor the environment, from equipment that records the sounds of the forest to devices that collect weather data https://t.co/KolkiI3Q6d",25,6,71,WSJ,The Wall Street Journal,19971514,1073,8,2,2021
https://twitter.com/Jetskigrizzly/status/1358866656060035072,2021-02-08 19:53:51+00:00,1358866656060035072,"@Vaimpir_ Beautiful weather, hot girls. Skiing+surfing. Culture + entrepreneur + tech capital of the world.",1,2,17,Jetskigrizzly,Jetski Grizzly,15725,135,8,2,2021
https://twitter.com/GoodKidDadCity/status/1358825159583539202,2021-02-08 17:08:58+00:00,1358825159583539202,@Public_Citizen Weathertech employees thinking about unionizing this morning after seeing their employer blow $10 million on ads https://t.co/kHXVb4eZ6F,10,2,202,GoodKidDadCity,Some Guy,265,223,8,2,2021
https://twitter.com/tulsatech/status/1358812723941933056,2021-02-08 16:19:33+00:00,1358812723941933056,"Due to deteriorating weather conditions, Tulsa Tech afternoon &amp; evening classes are canceled today (February 8).  Please use extra caution if you need to head out today. Stay safe! https://t.co/Tz6hqomx0b",2,0,3,tulsatech,Tulsa Tech,4872,1017,8,2,2021
https://twitter.com/MetroTechOK/status/1358805772172410883,2021-02-08 15:51:56+00:00,1358805772172410883,"Due to current weather conditions, campuses will be closed at 10:30 AM today. Metro Tech AM students will be transported home after the morning session. Classes for PM and evening students will be remote/virtual.  For further information please visit https://t.co/KCeffyihPX https://t.co/b4vd5poceC",1,0,1,MetroTechOK,Metro Tech OKC,1861,290,8,2,2021
https://twitter.com/ispottv/status/1358799421153148929,2021-02-08 15:26:41+00:00,1358799421153148929,"We know what it means to be proud of where we work. Early results show @WeatherTech’s #SuperBowl ad successfully drove positive purchase intent among 58% of viewers while evoking strong levels of empowerment 💪.  Great work, @Pinnacle_Ad! https://t.co/EI4RQv3UdC https://t.co/pvNcEWZ5tT",2,0,2,ispottv,iSpot.tv,4198,2875,8,2,2021
https://twitter.com/FZNPlayers/status/1358788124067954690,2021-02-08 14:41:48+00:00,1358788124067954690,"If you are auditioning or wanting to do tech for the musical, turn in your forms TODAY to room A1. If the workshop is cancelled, we will either Zoom a workshop or put up videos of people singing the songs to help you learn them. Stay tuned for weather updates!!",1,0,8,FZNPlayers,FZN Panther Players,743,67,8,2,2021
https://twitter.com/unrulyco/status/1358780226025779207,2021-02-08 14:10:25+00:00,1358780226025779207,"We've put several of this year's biggest #SuperBowlLV ads through their paces including spots from @amazon, @ChipotleTweets, @ChesterCheetah, @Logitech, @Pringles, @tide, @UberEats and @WeatherTech -- Check out all the scores: https://t.co/g1ekk6Sa8f https://t.co/YSDpHkpxHn",1,0,1,unrulyco,Unruly,15774,6780,8,2,2021
https://twitter.com/modex_tech/status/1358745883827965963,2021-02-08 11:53:57+00:00,1358745883827965963,Why marine weather forecasts are often inaccurate and how can we improve them and where does Modex’s Interoperability Suite (IS) shows its technological prowess in solving this issue. #ModexInnovation https://t.co/zcSTwjANjG,3,0,4,modex_tech,Modex Tech,6774,1191,8,2,2021
https://twitter.com/Agri_Tech_E/status/1358732313538961408,2021-02-08 11:00:02+00:00,1358732313538961408,"Most of the UK has seen a flurry or 2 of snow over the last month, but how can technology mitigate the impact of weather for farmers? Revisit conversations from our #weather event in 2020 around using #AI &amp; #Data modelling to manage risk.  https://t.co/Z62Ugd5jSB",2,0,1,Agri_Tech_E,Agri-TechE,7079,988,8,2,2021
https://twitter.com/OurBusinessHero/status/1358624572128432129,2021-02-08 03:51:54+00:00,1358624572128432129,"@NottaSheep Calls to boycott WeatherTech in 3, 2, 1...",1,0,1,OurBusinessHero,CivilRants,1215,1022,8,2,2021
https://twitter.com/maxsilvestri/status/1358607223954366469,2021-02-08 02:42:58+00:00,1358607223954366469,Did WeatherTech...how to say...win a contest?,2,0,47,maxsilvestri,Max Silvestri,51524,1106,8,2,2021
https://twitter.com/SusaHatch/status/1358604125055815680,2021-02-08 02:30:39+00:00,1358604125055815680,@mcnye_mcnye @DesignationSix @ProjectLincoln @Disney @hulu @CopperFit @SHEEX @PetSmart @Chewy @etrade @Depend @NordicTrack @DealDash @MyPillowUSA @LifeLock @symantec @KraftHeinzCo @tecovas @officedepot @WeatherTech @ATT @comcast @Xfinity @hulu @2Eagles3Heads  All send Fox $20 a year from each subscriber. https://t.co/ybYAqx7v6E,1,1,1,SusaHatch,Susan Hatch,4195,5000,8,2,2021
https://twitter.com/Adweek/status/1358603369900826627,2021-02-08 02:27:39+00:00,1358603369900826627,"WEATHERTECH 2: Another ""Made in America"" message from WeatherTech, reminding people that their manufacturing never left the country. A not-so-subtle political statement. Nothing to write home about. #BigGameReviews https://t.co/IBng0TuZ1a",3,3,6,Adweek,Adweek,690384,26538,8,2,2021
https://twitter.com/EbayBoostNow/status/1358603327416786948,2021-02-08 02:27:29+00:00,1358603327416786948,WeatherTech Land Rover Range Rover Sport Floor Mat Right Front Passenger - RT https://t.co/4rIuhCYakt https://t.co/Dn9ylFD3gL,9,0,5,EbayBoostNow,EbayBoostNow,9448,8365,8,2,2021
https://twitter.com/LivingUnited/status/1358601837453148160,2021-02-08 02:21:34+00:00,1358601837453148160,@bekiweki @WeatherTech @InspireBrands Employees and culture matter during covid. We've all learned this. Loved these commercials. 💚  Start with your people. #SuperBowl #adbowl,1,0,2,LivingUnited,Amanda P.,5650,5612,8,2,2021
https://twitter.com/kidkozay/status/1358601659346280448,2021-02-08 02:20:51+00:00,1358601659346280448,"*Tomorrow after super bowl Sitting in my Toyota Tundra with weather tech mats, tide pods in the backseat, in my Jason Alexander hoodie, switching between Doritos 3D &amp; Cheetos Crunch, washing them down with a bud light, and ordering some Uber eats.",1,0,16,kidkozay,gargoyle kozy 🦇,501,241,8,2,2021
https://twitter.com/meningioma/status/1358601275894595588,2021-02-08 02:19:20+00:00,1358601275894595588,“We never left.” —@WeatherTech. #SuperBowl #BrandBowl55 https://t.co/bPYd1btPcl,2,0,4,meningioma,Jennifer Lubrani Cisneros,1934,2011,8,2,2021
https://twitter.com/ispottv/status/1358601223197388800,2021-02-08 02:19:07+00:00,1358601223197388800,"Celebrating the decades @WeatherTech has kept its production line in 🇺🇸, this #SuperBowl spot generated positive purchase intent among 62% of viewers with its empowering message. As a trusted vehicles accessories brand, hear what their staff has to say: https://t.co/1SutsByrBU https://t.co/TxHC4Fjk0E",1,0,3,ispottv,iSpot.tv,4198,2875,8,2,2021
https://twitter.com/StevenDickens3/status/1358601196467068930,2021-02-08 02:19:01+00:00,1358601196467068930,@rwang0 @WeatherTech @SuperBowl Solid message,1,0,2,StevenDickens3,Steven Dickens,8794,3333,8,2,2021
https://twitter.com/ClioAwards/status/1358601166775595008,2021-02-08 02:18:54+00:00,1358601166775595008,"Next commercial in the #SuperBowl lineup is @Pinnacle_Ad's ""We Never Left"" for @WeatherTech. Will it win the 2021 #SuperClio? https://t.co/qoEYvCODSI",1,0,2,ClioAwards,Clio Awards,43914,11489,8,2,2021
https://twitter.com/JohnSGaynor/status/1358601075218079747,2021-02-08 02:18:32+00:00,1358601075218079747,Not for nothing but WeatherTech does make really good stuff.,1,0,1,JohnSGaynor,Mr. Bad Example,493,149,8,2,2021
https://twitter.com/keithehlis/status/1358601044230606849,2021-02-08 02:18:25+00:00,1358601044230606849,I can't wait to spill Pepsi and Cheetos on my WeatherTech mats while driving in my fuel efficient GM next Weeknd. #SuperBowl,1,0,7,keithehlis,Keith Ehlis,207,578,8,2,2021
https://twitter.com/KyKillian/status/1358600821882163200,2021-02-08 02:17:32+00:00,1358600821882163200,Just ordered my new floor mats from @WeatherTech #SuperBowl,1,1,7,KyKillian,Killian Timoney,1092,1362,8,2,2021
https://twitter.com/ritacolleen/status/1358600782854160389,2021-02-08 02:17:22+00:00,1358600782854160389,Never heard of @WeatherTech before Nov. Now they're all over. Great ads! Great PR work! Congrats! #weathertech #SuperBowl,1,0,2,ritacolleen,Rita Solnet,2609,1958,8,2,2021
https://twitter.com/bekiweki/status/1358600725023125505,2021-02-08 02:17:09+00:00,1358600725023125505,Hot take: More brands are going to go the @WeatherTech and @InspireBrands route and produce campaigns and ads featuring their employees/culture. #AdBowl #BrandBowl #SuperBowlAds,2,2,5,bekiweki,Beki Winchel,11662,9170,8,2,2021
https://twitter.com/RPG_volley/status/1358600705649606659,2021-02-08 02:17:04+00:00,1358600705649606659,God damn I’m about to throw it all away and find my life’s true purpose at 40 on the WeatherTech assembly line.,2,4,108,RPG_volley,@RPG_volley,14850,4377,8,2,2021
https://twitter.com/jacremes/status/1358600674011922433,2021-02-08 02:16:56+00:00,1358600674011922433,How does Weather Tech have such a big advertising budget?,2,11,46,jacremes,Jacob Remes,13251,2030,8,2,2021
https://twitter.com/PattiNH/status/1358600656706297859,2021-02-08 02:16:52+00:00,1358600656706297859,#WeatherTech is a great product made in the USA and glad they stress that!,1,0,3,PattiNH,Patti *This is the way* ⚾️ 🇺🇦☮️ 🏳️‍🌈,271,1117,8,2,2021
https://twitter.com/StarkeIndustrie/status/1358600630684770304,2021-02-08 02:16:46+00:00,1358600630684770304,I was a @WeatherTech stan before the #SuperBowl https://t.co/uEOBnaDYWN,1,0,3,StarkeIndustrie,m as in maverick,603,3627,8,2,2021
https://twitter.com/adland/status/1358600596144627714,2021-02-08 02:16:38+00:00,1358600596144627714,Weathertech reminds everyone once again that they are made in America. #Superbowlads  https://t.co/b7Pho9vJEy #adland #sbads #SB55ads,1,0,4,adland,adland ®,86252,14761,8,2,2021
https://twitter.com/PhilipWegmann/status/1358600534371037189,2021-02-08 02:16:23+00:00,1358600534371037189,. @WeatherTech: “We. Never. Left.”,1,1,20,PhilipWegmann,Philip Melanchthon Wegmann,38178,3463,8,2,2021
https://twitter.com/fugitivemama/status/1358600512245932033,2021-02-08 02:16:18+00:00,1358600512245932033,Best commercial. Buying @WeatherTech for my car. #SuperBowl,1,1,2,fugitivemama,FugitiveMama,3632,3000,8,2,2021
https://twitter.com/AuraOfAzure/status/1358600457288040448,2021-02-08 02:16:05+00:00,1358600457288040448,"Coming 2 America Cheetos with Ashton, Mila, and Shaggy WeatherTech again Squarespace with Dolly Parton",1,1,0,AuraOfAzure,Queer Werewolf Wrestler (not really),1623,1206,8,2,2021
https://twitter.com/TommyMcFLY/status/1358600445640474627,2021-02-08 02:16:02+00:00,1358600445640474627,HOW MUCH MONEY DOES WEATHER TECH HAVE ????????,4,6,39,TommyMcFLY,Tommy McFLY,39174,23543,8,2,2021
https://twitter.com/SteamboatUSA/status/1358600362861625347,2021-02-08 02:15:42+00:00,1358600362861625347,Weathertech is actually worth the money and a generally solid product,1,14,60,SteamboatUSA,SOTUS,5078,2827,8,2,2021
https://twitter.com/ShroomMeister/status/1358600274076655617,2021-02-08 02:15:21+00:00,1358600274076655617,More WeatherTech. #SuperBowl,1,1,0,ShroomMeister,"Date a Shroom @ Give me your blacks, gays, women",2667,1241,8,2,2021
https://twitter.com/BoziTatarevic/status/1358582172068835336,2021-02-08 01:03:25+00:00,1358582172068835336,Need to see a @WeatherTech commercial of the Cup Phone holder inside their race car going around Daytona. https://t.co/aObYD66jWK,1,3,26,BoziTatarevic,Bozi Tatarevic,18479,655,8,2,2021
https://twitter.com/cuttersstudios/status/1358581467065036806,2021-02-08 01:00:37+00:00,1358581467065036806,Family is all. Thank you to our friends at @Pinnacle_Ad and @WeatherTech for giving us something to be very proud of. Production Co.: @parkpictures; Director: Chris Wilcha. More credits: https://t.co/bekIsyqJWv https://t.co/eyvpsP3lXs #CuttersStudios,3,0,2,cuttersstudios,Cutters Studios,1362,1911,8,2,2021
https://twitter.com/Adweek/status/1358577485798072321,2021-02-08 00:44:48+00:00,1358577485798072321,"WEATHERTECH (1): WeatherTech keeps it simple again this year with a ""Made in America"" message. Not overly creative, but we don't necessarily expect it from this brand. #BigGameReviews https://t.co/a593GDqW5I",2,6,22,Adweek,Adweek,690384,26538,8,2,2021
https://twitter.com/WeatherTech/status/1358577248522141696,2021-02-08 00:43:51+00:00,1358577248522141696,"@iheartracism We took significant precautions during the production of each of the spots that aired today. All talent and crew were tested rigorously, N95 masks were mandatory and hand sanitizer was everywhere. We take the health and safety of our employees very seriously.",1,1,1,WeatherTech,WeatherTech,9739,1778,8,2,2021
https://twitter.com/metnix1/status/1358577071287582722,2021-02-08 00:43:09+00:00,1358577071287582722,"@DarthAmin @countthedings @LeBatardShow @SiriusXMNBA This guy said ""I'm so proud to tell people that I work at Weathertech"".... But why?????",1,0,5,metnix1,J. Mantooth,69,281,8,2,2021
https://twitter.com/BPRintl/status/1358576780957913092,2021-02-08 00:42:00+00:00,1358576780957913092,"I really liked @WeatherTech's commercial. They didn't go over the top as a scene pulled out of an adventure/action thriller movie. They went straight to your heart. Inspiring millions through highlighting their reliability, trustworthiness, and family mentality. #SuperBowlLV",3,0,10,BPRintl,BPR International,435,634,8,2,2021
https://twitter.com/nickmaraldo/status/1358576356477595649,2021-02-08 00:40:19+00:00,1358576356477595649,This is indeed me  #weathertech #ad https://t.co/MC9GktUHwL,15,24,1042,nickmaraldo,Nick Maraldo,99028,1391,8,2,2021
https://twitter.com/NockNewton/status/1358576276928425985,2021-02-08 00:40:00+00:00,1358576276928425985,@WeatherTech was showing how happy and proud their employees are. People want to buy from companies that treat their employees well. #MuleMKTG #ICMKTG #KelloggBowl #txadprbowl #BrandBowl55 #ManningMKTG #AdGradBowl #SB55ADS #SMprofsBowl,1,1,3,NockNewton,Nicholas Newton,7,58,8,2,2021
https://twitter.com/ClioAwards/status/1358575335617404929,2021-02-08 00:36:15+00:00,1358575335617404929,"Next commercial in the #SuperBowl lineup is @Pinnacle_Ad's ""Family"" for @WeatherTech.  Will it win the 2021 #SuperClio? https://t.co/y6yciWVt4Q",1,0,3,ClioAwards,Clio Awards,43914,11489,8,2,2021
https://twitter.com/locallytweeted/status/1358574937536143370,2021-02-08 00:34:40+00:00,1358574937536143370,I work at weather tech (no I don’t but I love telling people I do),1,0,3,locallytweeted,internet cowboy,208,245,8,2,2021
https://twitter.com/AppHarvest/status/1358574898789175298,2021-02-08 00:34:31+00:00,1358574898789175298,Working hard &amp; using your talents still means something. Shout out to our crop care specialists and packhouse employees. We hope you're as proud to work for us as we are to have you as part of the AppHarvest family. @WeatherTech #appalachiaproud  https://t.co/8U3NljBw9L,2,0,25,AppHarvest,AppHarvest,10294,393,8,2,2021
https://twitter.com/StateFarm/status/1358574769935966213,2021-02-08 00:34:00+00:00,1358574769935966213,Things that can cover your car's interior: ✅ Dog Hair ✅ @WeatherTech ✅ @StateFarm  #SBLV #SuperBowl #TeamStateFarm https://t.co/WRIlVpWvdo,11,0,45,StateFarm,State Farm,109570,8453,8,2,2021
https://twitter.com/adage/status/1358574762725933066,2021-02-08 00:33:59+00:00,1358574762725933066,"“Emotion is best expressed and interpreted through facial cues and expression and we felt it was important to allow these real employees to tell their stories and have the opportunity to communicate fully with the audience."" WeatherTech CEO on employees not wearing masks in ad",3,1,18,adage,Ad Age,1001873,73143,8,2,2021
https://twitter.com/DarthAmin/status/1358574547671289857,2021-02-08 00:33:07+00:00,1358574547671289857,WEATHERTECH YOU OUT YOUR MOTHERFUCKIN MIND BLOWING MONEH ON A SUPER BOWL AD  (unless you already/ are ready to sponsor #Cinephobe / @countthedings / @LeBatardShow / @SiriusXMNBA in which case great investment I can’t wait to purchase your products),4,4,85,DarthAmin,Chillin in my Bacta,121057,1204,8,2,2021
https://twitter.com/chrishandyblog/status/1358574518986547205,2021-02-08 00:33:01+00:00,1358574518986547205,I really like the Weathertech commercial. Sometimes the best product marketing is culture marketing.,1,0,2,chrishandyblog,Chris Handy 🎉,2010,1668,8,2,2021
https://twitter.com/YoungFreekoMack/status/1358574475609006081,2021-02-08 00:32:50+00:00,1358574475609006081,shoutout to big fam with the one gold tooth from the weather tech commercial. you made it my nigga. that’s black history,1,0,1,YoungFreekoMack,Neighborhood Nekkid Flick Watcha.,556,765,8,2,2021
https://twitter.com/elTrock7/status/1358574467488899072,2021-02-08 00:32:48+00:00,1358574467488899072,Weathertech marketing went and found the #BlackestBlack they could find lol,1,0,0,elTrock7,gotsta see it thru my boy,3046,2128,8,2,2021
https://twitter.com/blanc0hhhh/status/1358574408151953408,2021-02-08 00:32:34+00:00,1358574408151953408,Brotha: “I’d wear my WeatherTech shirt ANYWHERE.” Also Brotha: *immediately laughs after*,2,0,1,blanc0hhhh,🗣blanc0hhhh,837,2411,8,2,2021
https://twitter.com/bekiweki/status/1358574385918074881,2021-02-08 00:32:29+00:00,1358574385918074881,"Ah, interesting! @WeatherTech coming in with the first Super Bowl ad focused on company culture and employees. #AdBowl #BrandBowl #SuperBowlAds",1,0,5,bekiweki,Beki Winchel,11662,9170,8,2,2021
https://twitter.com/Data_Danny_11/status/1358574380431900677,2021-02-08 00:32:28+00:00,1358574380431900677,"WeatherTech is great btw, have been using their car mats for the past few years. High quality and super easy to clean. Couldn’t be happier. @WeatherTech",1,0,4,Data_Danny_11,Danny Gardner,537,479,8,2,2021
https://twitter.com/Anne_Bottaro/status/1358574344205721603,2021-02-08 00:32:19+00:00,1358574344205721603,WeatherTech is a garbage company with a horrible CEO. #SuperBowl,1,0,3,Anne_Bottaro,Anne Bottaro,669,544,8,2,2021
https://twitter.com/TommyMcFLY/status/1358574195559514112,2021-02-08 00:31:43+00:00,1358574195559514112,Seriously. What is @WeatherTech’s marketing budget.  They are everywhere all the time!,1,2,14,TommyMcFLY,Tommy McFLY,39174,23543,8,2,2021
https://twitter.com/adage/status/1358574071139737604,2021-02-08 00:31:14+00:00,1358574071139737604,"WeatherTech upped its #SuperBowl ad buy closer to game day, originally intending to just air one commercial. It once again features real employees.",11,4,48,adage,Ad Age,1001873,73143,8,2,2021
https://twitter.com/ANACMOMasters/status/1358530503629041664,2021-02-07 21:38:06+00:00,1358530503629041664,ICYMI - watch @ANAmarketers #CEO @BobLiodice explain how brands are using their voice to drive business growth and societal good during @SuperBowl #ActionsBeyondAds @WeatherTech @SpaceX @AnheuserBusch @GM 5:45 P (ET) https://t.co/XmzNCCdPGi https://t.co/ET4sma5cC5,1,0,3,ANACMOMasters,ANA Global CMO Growth Council,1154,532,7,2,2021
https://twitter.com/MSVU_Halifax/status/1358487436309979136,2021-02-07 18:46:58+00:00,1358487436309979136,"Due to anticipated weather conditions, on-campus services at #MSVU will not be available on Monday, February 8. All student services will be available online &amp; online classes will continue, tech permitting. Classes offered only in-person on-campus will be cancelled. https://t.co/iRTqNNIQDM",3,1,5,MSVU_Halifax,The Mount (MSVU),8977,680,7,2,2021
https://twitter.com/itlinchpin/status/1358446281719500801,2021-02-07 16:03:26+00:00,1358446281719500801,@rwang0 @WeatherTech @SuperBowl Love the commercial! Also love they make a great product.,1,0,3,itlinchpin,Jason James,2396,2825,7,2,2021
https://twitter.com/MayaSharmaNDTV/status/1358413484724129792,2021-02-07 13:53:07+00:00,1358413484724129792,Our weather 💕⛅️ The fertile earth where anything grows - if allowed!🌿 The diversity of people who live here The food! 😋 Specially the traditional south food in the darshinis #Bengaluru is many cities in one- the tradition of Gandhi Bazaar to the gleaming tech parks It is home https://t.co/tIhHxcdALL,2,2,26,MayaSharmaNDTV,Maya Sharma,10020,131,7,2,2021
https://twitter.com/shesabres/status/1358390659015729152,2021-02-07 12:22:25+00:00,1358390659015729152,"We have some Meteorologists at SHE this week. Ms.Cutler's grade 5's are learning to research &amp; prepare weather forecast, while using green screen tech @EddieSheerr you just may have some competition on the West Coast!! #GreenScreen #chromakeying #WeatherForecast #Science @NLESDCA https://t.co/2H8efjIEGJ",2,0,33,shesabres,Sacred Heart School,606,395,7,2,2021
https://twitter.com/rwang0/status/1358319709746155521,2021-02-07 07:40:29+00:00,1358319709746155521,"MyPOV: @weathertech breaks out the patriotism. ""We never left"" ad hammers home the fact they didn't sell out or outsource their manufacturing. https://t.co/qnraqQmFHk @superbowl #AdBowl #brandbowl #SBLV",2,2,11,rwang0,R.NFT R “Ray” Wang 王瑞光 #1A #Metaverse #SVLife,139393,102025,7,2,2021
https://twitter.com/ccarpos/status/1358253177968197633,2021-02-07 03:16:07+00:00,1358253177968197633,"Bolingbrook's very own @WeatherTech will have two 30-second spots in this year's 🏈 #SuperBowlLV. “Who better to deliver that message than our employees right here in our own production facilities in Bolingbrook, Illinois,” said CEO David MacNeil.  Link: https://t.co/JYakQleaFd",3,1,5,ccarpos,Michael Carpanzano,1298,3021,7,2,2021
https://twitter.com/ErisNyx7/status/1358220164240732160,2021-02-07 01:04:56+00:00,1358220164240732160,"Well, today consisted of me fixing stuff that was f'ed up by weather or a corp. Tech, didn't get much of anything done otherwise but I'm counting down the days until my psych apmt so I'm being more forgiving of myself #adhd #anxiety",1,1,4,ErisNyx7,ErisNyx,817,1816,7,2,2021
