url,Datetime,Tweet Id,Text,Retweet Count,Reply Count,Like Count,Username,Display Name,Followers Count,Friends Count,Day,Month,Year
https://twitter.com/AllGrowthJobs/status/1493349360142221312,2022-02-14 22:20:07+00:00,1493349360142221312,".@squarespace is seeking a Product Designer, Marketing Tools (Remote) (remote) https://t.co/SlyqfLEYGZ",1,0,0,AllGrowthJobs,📈 Growth Startup Jobs,1738,10,14,2,2022
https://twitter.com/CCWhiteFox/status/1493334072101425153,2022-02-14 21:19:22+00:00,1493334072101425153,Squarespace is totally not as easy as it’s made out to be,1,2,5,CCWhiteFox,Chris Christofi,61,95,14,2,2022
https://twitter.com/squarespace/status/1493294969234276352,2022-02-14 18:43:59+00:00,1493294969234276352,"Via @Adweek: ""Directed by film luminary Edgar Wright, #SallysSeashells soars with sharp copywriting, delightful choreography and, of course... #Zendaya. It’s totally charming, and the André 3000 kicker at the end elevates it from great to phenomenal."" 🐚https://t.co/tizzDY5Uo8",5,0,22,squarespace,Squarespace,146181,6,14,2,2022
https://twitter.com/geoffreyatm/status/1493289029789487112,2022-02-14 18:20:23+00:00,1493289029789487112,Wow @Zendaya and @squarespace stole my joke smdh https://t.co/GG2SQSlSnt,3,5,40,geoffreyatm,Geoffrey Asmus,6613,671,14,2,2022
https://twitter.com/rakgadinicetime/status/1493286552809652224,2022-02-14 18:10:32+00:00,1493286552809652224,"‘Murica is a whole other place hey.  Top 10 Super Bowl 2022 Commercials https://t.co/ahB4NXy7Ij via @YouTube Notable mentions: @clickup, @squarespace, @bookingcom  Laba abanye ja neh…",1,0,2,rakgadinicetime,"Zuzi, Aunt of the babies",555,1026,14,2,2022
https://twitter.com/PodcastMovement/status/1493280087202009094,2022-02-14 17:44:51+00:00,1493280087202009094,"Including:  -  @squarespace - @Julian - Plus: @edisonresearch, @adresultsmedia, @meonlylouder, @AndrewWarner, @LWCstudios",1,1,2,PodcastMovement,Podcast Movement,61907,7264,14,2,2022
https://twitter.com/squarespace/status/1493274347938664448,2022-02-14 17:22:02+00:00,1493274347938664448,Sally sold seashells but check out these small business on #Squarespace who sell beach-inspired and seaside must haves. 🐚🏖️ 👇 SHOP THE THREAD 🧵,1,2,4,squarespace,Squarespace,146181,6,14,2,2022
https://twitter.com/SLIEK_Media/status/1493270695144534019,2022-02-14 17:07:32+00:00,1493270695144534019,"Do you want to get in on the LinkInBio craze with your social media pages?  Maybe you have just heard about these services and would like to know more?  Well good news, your in the right place! #blog #Squarespace #Linktree #LinkInBio #Instagram  https://t.co/y8JdjJTtJD https://t.co/II4luJpYwK",1,0,1,SLIEK_Media,SLIEK Media,14,42,14,2,2022
https://twitter.com/app_cortex/status/1493261184887410697,2022-02-14 16:29:44+00:00,1493261184887410697,4/4 Cortex is similar to Squarespace for #Web3 and will be easy to make a “marketplace of you” and what you care about.  ✅We make it easy to purchase your domain and publish on top of it.  ✅Worrying less about disruptions is just one of the benefits we will enjoy on Web3!,1,0,2,app_cortex,Cortex Network and App,22170,6743,14,2,2022
https://twitter.com/app_cortex/status/1493261179988369417,2022-02-14 16:29:43+00:00,1493261179988369417,"1/4 ⚠️When major hosting sites like Squarespace go down, it reminds us of the problem with centralization in current Web2 ecosystems. #Web3 #Cortex https://t.co/i6QkDQPlgN",3,1,6,app_cortex,Cortex Network and App,22170,6743,14,2,2022
https://twitter.com/tonythecase/status/1493249256509091840,2022-02-14 15:42:20+00:00,1493249256509091840,And the best ads of the #SuperBowl were... #SuperBowlLVI #SuperBowlCommercials @chevrolet #Sopranos @amazon @Toyota @budweiserusa @TMobile @squarespace @PlanetFitness @Zendaya @DollyParton @MileyCyrus @lindsaylohan @SnoopDogg @MarthaStewart @serenawilliams https://t.co/XkIwpu73cG,1,1,2,tonythecase,tonythecase,2666,203,14,2,2022
https://twitter.com/RideoutSmith/status/1493244041991016451,2022-02-14 15:21:37+00:00,1493244041991016451,GR8s watched the Squarespace Super Bowl Commercial today in class.  We reviewed alliteration as well as Media literacy.  Why would companies want to have their commercial on yesterday? Why would they want big celebrities in them?  #RealLearning @JosephineOCSB #ocsb https://t.co/glDJriPeNa,1,0,5,RideoutSmith,Lesley Smith Rideout,125,202,14,2,2022
https://twitter.com/_richard_ong_/status/1493242619916619776,2022-02-14 15:15:58+00:00,1493242619916619776,@bblminiwheats @spiderlingdaya maybe if Rue set up a drug store on squarespace https://t.co/CCyBcAUOe0,2,0,11,_richard_ong_,DYSFUNCTIONAL(ly loving The Bear),7,155,14,2,2022
https://twitter.com/LWalshMusic/status/1493234409582985217,2022-02-14 14:43:20+00:00,1493234409582985217,Want to see more Sally and watch the full Super Bowl LVI commercial starring Zendaya and André 3000? Read more on Squarespace's MAKING IT Blog: https://t.co/nMnWJumKFh #ThisIsSquarespace https://t.co/YF6P9bafPf,3,0,3,LWalshMusic,lauren walsh,80709,3089,14,2,2022
https://twitter.com/ococomedia/status/1493232373000978433,2022-02-14 14:35:15+00:00,1493232373000978433,"#Squarespace made the most of their #SuperBowlLVI moment by teaming up with superstar Zendaya! A super recognisable face for #Spiderman and #Euphoria fans, Squarespace are targeting the younger generations with this one... https://t.co/oeCgstf3uK #SuperBowlAds #Advertising",1,0,1,ococomedia,OCOCO Media,4523,2152,14,2,2022
https://twitter.com/ebbandflowph/status/1493222742342381576,2022-02-14 13:56:59+00:00,1493222742342381576,Favorite Super Bowl commercials (in no particular order):  Salesforce  ClickUp  Squarespace,1,0,1,ebbandflowph,Eunice Beatrice Braga 🚢,1131,2585,14,2,2022
https://twitter.com/squarespace/status/1493215450553110532,2022-02-14 13:28:00+00:00,1493215450553110532,Inspired by our #BigGame spot? 🏈  Start exploring all the tools we offer for creators today – from website templates and @UnfoldHQ tools to member areas and video collections: https://t.co/3sGTfjawUQ,3,0,6,squarespace,Squarespace,146181,6,14,2,2022
https://twitter.com/CrisWorthington/status/1493198878060859393,2022-02-14 12:22:09+00:00,1493198878060859393,Super Bowl 2022 ad: Squarespace #OnlineStore #Ecommerce [Video] https://t.co/e2D6d5kQD0,3,0,1,CrisWorthington,Cristian Worthington,50169,47158,14,2,2022
https://twitter.com/EU_Startups/status/1493195570588131333,2022-02-14 12:09:00+00:00,1493195570588131333,🚀 In 2022 having an online presence is the difference between sailing and sinking your startup🚀 Website builder @squarespace can help take your online presence to the next level this year ✨ Check it out! https://t.co/9OQwVr2In7,1,0,2,EU_Startups,EU-Startups,43374,9437,14,2,2022
https://twitter.com/ELLEmagazine/status/1493179103020822528,2022-02-14 11:03:34+00:00,1493179103020822528,Zendaya Channeled Ariel in a Chic Shell Dress for Squarespace's Super Bowl Ad https://t.co/Dfb2dr8FWf,1,0,19,ELLEmagazine,ELLE Magazine (US),6928789,1168,14,2,2022
https://twitter.com/wwd/status/1493170668619317250,2022-02-14 10:30:03+00:00,1493170668619317250,"While the Los Angeles Rams and the Cincinnati Bengals compete for this year’s Vince Lombardi Super Bowl trophy, viewers have taken notice of the year’s star-studded commercials from major brands like @amazon , @squarespace . @TMobile , @LAYS and many more. https://t.co/QEEtPbHR88",2,0,4,wwd,WWD,2796352,534,14,2,2022
https://twitter.com/ConnorEatsPants/status/1493112346880921604,2022-02-14 06:38:18+00:00,1493112346880921604,@squarespace can u show her this tweet,5,6,1620,ConnorEatsPants,connor,992360,962,14,2,2022
https://twitter.com/nickeatbigfish/status/1493072965931524100,2022-02-14 04:01:49+00:00,1493072965931524100,Our @eatbigfish  #SuperBowl ads review is going to need ~4 axies @ListonPitman  1. Use of celebrity from unnecessary (squarespace) to instrumental (Greenlight) 2. Creative idea (irish spring) or big budget (Tundra) 3. Would anyone under 26 get the reference? 4. Fun or indulgent?,1,0,2,nickeatbigfish,Nick Geoghegan,351,305,14,2,2022
https://twitter.com/rileyseith/status/1493051582048579584,2022-02-14 02:36:51+00:00,1493051582048579584,"Love this, and @squarespace engagement in the thread is textbook brand humanization #BrandBowl https://t.co/W0UvF9SXFW",1,0,2,rileyseith,Riley Seith,93,148,14,2,2022
https://twitter.com/thaixx110/status/1493050618654904328,2022-02-14 02:33:01+00:00,1493050618654904328,Zendaya in Squarespace’s #SuperBowl ad. https://t.co/aBhYUoQvKA,1,0,1,thaixx110,Thaixx1🌹,65,313,14,2,2022
https://twitter.com/System1Research/status/1493038335828316161,2022-02-14 01:44:13+00:00,1493038335828316161,Straight Outta Halftime - the hip hop superstars on show aren’t the only appeals made to X-er and Millennial nostalgia tonight (did you spot Andre 3000 in the 3-Star SquareSpace ad?).  #S1Touchdown #PepsiHalftime https://t.co/XXJXIdWxJK,1,0,3,System1Research,System1,9854,1372,14,2,2022
https://twitter.com/squarespace/status/1493037696687783937,2022-02-14 01:41:40+00:00,1493037696687783937,a new screensaver from sally ... thank us later  #SallySeashells https://t.co/lEijffQIMq,4,1,16,squarespace,Squarespace,146181,6,14,2,2022
https://twitter.com/TheHavanaNation/status/1493032402427564033,2022-02-14 01:20:38+00:00,1493032402427564033,"So far, my favorite #SuperBowl commercials have been Zendaya for Squarespace, Arnold &amp; Selma for BMW Electric, Awkwafina for Disney+, Peyton, Serena, Alex &amp; Steve for Michelob ULTRA and Tommy, Leslie, Rashida &amp; Nick for Toyota. 🙂🤙🏻",1,0,3,TheHavanaNation,"Ryan, Pop Culture Junkie",11697,11062,14,2,2022
https://twitter.com/JohnDigles/status/1493031926764036100,2022-02-14 01:18:45+00:00,1493031926764036100,"My first half #SuperBowl ad faves: Rocket Mortgage w/ Anna Kendrick, Barbie &amp; He-Man Silverado Sopranos BMW w/ Arnold Schwarzenegger &amp; Salma Hayek Pinault Squarespace w/ Zendaya https://t.co/VRxNLK8rA5",1,1,8,JohnDigles,John Digles,11418,9404,14,2,2022
https://twitter.com/jlvanderkolk/status/1493030636432592896,2022-02-14 01:13:37+00:00,1493030636432592896,"OK, so far, I'm liking @AvosFromMexico the best, and the @squarespace ad was super cute! #SuperBowlAds But the star? The live tweeting brands. WOW SMMs... You are 🔥🔥!! https://t.co/mytxXrfsrA",2,1,7,jlvanderkolk,Jessica VanderKolk 😷,818,630,14,2,2022
https://twitter.com/RannaRoyce/status/1493030175939854337,2022-02-14 01:11:47+00:00,1493030175939854337,@workingoutwithm @squarespace Love back!!🙏🏽,1,0,1,RannaRoyce,RANNA,29419,30982,14,2,2022
https://twitter.com/kfreberg/status/1493029987426971649,2022-02-14 01:11:02+00:00,1493029987426971649,"First half takeaways for #SuperBowl ads and social media engagement: 🏆: 1. @coinbase 2. @Expedia &amp; @Hellmanns for social interactions 3. @squarespace  4. @AuntieAnnes for the RTM moment  ❌: @tmobile, @SalesforceOrg, @MrPeanut  #BrandBowl",1,0,9,kfreberg,Karen Freberg • Prof •Author •Consultant •Director,9766,3098,14,2,2022
https://twitter.com/RannaRoyce/status/1493029208456515585,2022-02-14 01:07:57+00:00,1493029208456515585,@workingoutwithm @squarespace Aww thank you!! Have a great weekend too Manny😁🙏🏽,1,1,1,RannaRoyce,RANNA,29419,30982,14,2,2022
https://twitter.com/squarespace/status/1493029026432176131,2022-02-14 01:07:13+00:00,1493029026432176131,that would be us 😎 https://t.co/vezOKXNfHY,3,3,782,squarespace,Squarespace,146181,6,14,2,2022
https://twitter.com/Meti_Major/status/1493026673905881095,2022-02-14 00:57:52+00:00,1493026673905881095,"#Superbowl   Commercial “W” update: 1. Coinbase  2. Larry David FTX commercial 3. “Nope” by Jordan Peele 4. Squarespace with Zendaya and 3 stacks 5. Michelin with Peyton, Serena and Jimmy Buckets",1,0,3,Meti_Major,MetiMajor.x🏁,237,344,14,2,2022
https://twitter.com/DarylHok/status/1493026468711919617,2022-02-14 00:57:03+00:00,1493026468711919617,"@Zendaya sells seashells during the Superbowl  @squarespace for her website, @getSeashell for her savings? 🔳 x 🐚 https://t.co/GfWVKR5wbh",5,0,27,DarylHok,Daryl Hok 🐚,1028,571,14,2,2022
https://twitter.com/Jasparina7/status/1493024342858674176,2022-02-14 00:48:37+00:00,1493024342858674176,"Zendaya’s #Squarespace, I love her #SuperBowl https://t.co/XhFRrthKR4",1,0,3,Jasparina7,Jas ⟭⟬ ⁷ Part of the 90% 💜,160,248,14,2,2022
https://twitter.com/squarespace/status/1493022415282216963,2022-02-14 00:40:57+00:00,1493022415282216963,.@UberEats any seaside snacks? 🐚🍽️,1,0,15,squarespace,Squarespace,146181,6,14,2,2022
https://twitter.com/rhonda_harbison/status/1493019438928609281,2022-02-14 00:29:07+00:00,1493019438928609281,@AdamKinzinger https://t.co/dDcTU2uzIL Lauren Boebert Full Rapsheet - Squarespace,3,1,10,rhonda_harbison,Rhonda Harbison,35979,27017,14,2,2022
https://twitter.com/DrCABerry/status/1493017734858383361,2022-02-14 00:22:21+00:00,1493017734858383361,Zendaya in Squarespace commercial as okay although it was so fast that I missed Andre 3000 #SuperBowl #SBLVI,2,0,3,DrCABerry,"Dr. Carlotta Berry, PhD #NoireSTEMinist® 👩🏾‍🎓🤖",8974,7486,14,2,2022
https://twitter.com/squarespace/status/1493017662041079810,2022-02-14 00:22:04+00:00,1493017662041079810,@theideanaire *sea* it time and time again right here! https://t.co/n3AuileKzv,1,1,1,squarespace,Squarespace,146181,6,14,2,2022
https://twitter.com/Abby_Lee_Miller/status/1493017151774593030,2022-02-14 00:20:02+00:00,1493017151774593030,Did you see amazing ALDC Alum Jesse Johnson @officialjessej in Super Bowl Commercial with @Zendaya @squarespace  Thank you @SIRHEFFINGTON for hiring another one of my kids!!! #SuperBowlSunday,1,4,42,Abby_Lee_Miller,Abby Lee Miller,658771,9974,14,2,2022
https://twitter.com/Meti_Major/status/1493016833347227648,2022-02-14 00:18:46+00:00,1493016833347227648,#Superbowl Commercial “W” update: 1. Coinbase  2. “Nope” by Jordan Peele 3. Squarespace with Zendaya and 3 stacks,1,0,4,Meti_Major,MetiMajor.x🏁,237,344,14,2,2022
https://twitter.com/RannaRoyce/status/1493016355401920513,2022-02-14 00:16:52+00:00,1493016355401920513,@workingoutwithm @squarespace Thank youuu☺️🙏🏽 and no not for this one haha,1,1,1,RannaRoyce,RANNA,29419,30982,14,2,2022
https://twitter.com/avinash/status/1493016223394582529,2022-02-14 00:16:21+00:00,1493016223394582529,#SuperBowl #ad #ratings 1/x McDonalds (Kanye): 7 Turbotax: 8 Toyota: 5 Squarespace: 6 Verizon (Dolly): 5 Rakuten: 5 Etrade: 4: Expedia: 5 Budlight Next: 3 Draftkings: 2 BMW IS: 6 Carvana: 6 Hologic: 3 Coinbase: 1 Peacock (Goal): 4 Doritos: 3 Metaverse: 1 1=0 4=meh 10=PROFITS!,2,5,9,avinash,Avinash Kaushik,186423,88,14,2,2022
https://twitter.com/zendayahours/status/1493014859273113600,2022-02-14 00:10:55+00:00,1493014859273113600,"Zendaya for Squarespace, featured during the #SuperBowl https://t.co/OYiddZAgXg",20,1,148,zendayahours,zendaya’s finest,543,111,14,2,2022
https://twitter.com/Meti_Major/status/1493014626304503819,2022-02-14 00:10:00+00:00,1493014626304503819,Commercial “W” leaders: 1. Coinbase 2. Squarespace with zendaya and 3 stacks.,1,0,1,Meti_Major,MetiMajor.x🏁,237,344,14,2,2022
https://twitter.com/CloudflareRadar/status/1493012073424596993,2022-02-13 23:59:51+00:00,1493012073424596993,Sally's Seashells drove a nice increase in traffic to @squarespace after their first #SuperBowlLVI advertisement at 6:40pm EST. https://t.co/cCzdNpY3sC,1,0,7,CloudflareRadar,Cloudflare Radar,3356,8,13,2,2022
https://twitter.com/JamaalBowmanNY/status/1493011199365193736,2022-02-13 23:56:23+00:00,1493011199365193736,Zendaya and 3 stacks Squarespace commercial best so far.,3,4,58,JamaalBowmanNY,Jamaal Bowman,357777,2309,13,2,2022
https://twitter.com/Toure/status/1493011000336990214,2022-02-13 23:55:35+00:00,1493011000336990214,Best commercial I’ve seen so far… Zendaya/Andre 3K/Squarespace.,10,5,122,Toure,Touré,232384,8217,13,2,2022
https://twitter.com/BayoBrahms/status/1493010860855414789,2022-02-13 23:55:02+00:00,1493010860855414789,My Favorite Ads.  1. Toyota ft. Paralympic Brothers 2. McDonald’s ft. Kanye  3. SquareSpace ft. Zendaya  #SuperBowl,1,2,9,BayoBrahms,Bayo Brahms,4042,592,13,2,2022
https://twitter.com/acefreshkobar/status/1493010669192552450,2022-02-13 23:54:16+00:00,1493010669192552450,Andre 3000 on the the @squarespace commercial who cares who wins #Superbowl,1,0,3,acefreshkobar,Ace Freshkobar,137,346,13,2,2022
https://twitter.com/Zendaya_Updated/status/1493010228593324033,2022-02-13 23:52:31+00:00,1493010228593324033,Claire shares her excitement seeing Zendaya’s Squarespace ad during the #SuperBowl on Instagram Stories! https://t.co/pFCSY9GyOJ,40,5,560,Zendaya_Updated,Zendaya Updates,32421,205,13,2,2022
https://twitter.com/datatv/status/1493010040533385218,2022-02-13 23:51:47+00:00,1493010040533385218,I think SquareSpace is a really bad web design platform. And I’ve attempted to develop with it. #WordPress #TravelTheAds #Sweepstakes https://t.co/idXzwrxa5x,1,0,0,datatv,Adam Bell,1109,1197,13,2,2022
https://twitter.com/MariaAmorusoPR/status/1493009967657402369,2022-02-13 23:51:29+00:00,1493009967657402369,#sally is a winner.  Very cute and you can def connect their product with your own success.  @squarespace #ADbowl #brandbowl #superbowlads #superbowl,1,1,4,MariaAmorusoPR,Maria Amoruso PR,22,355,13,2,2022
https://twitter.com/chriskatje/status/1493009947424137217,2022-02-13 23:51:24+00:00,1493009947424137217,"Super Bowl Commercial thread, updating as we go. From coin flip on. #SuperBowl #SuperBowlCommercials @benzinga Jurassic World $CMCSA Youtubetv $GOOG Toyota $TM Squarespace $SQSP T Mobile $TMUS Moon Knight, Dinsey+ $DIS Rakuten. Etrade $MS Expedia $EXPE Law and Order $CMCSA",9,3,26,chriskatje,Chris Katje (Chrisopedia),10661,3356,13,2,2022
https://twitter.com/anoncontent/status/1493009863089164289,2022-02-13 23:51:04+00:00,1493009863089164289,"🐚🏈 Did you catch our #SuperBowl commercial, directed by @edgarwright for @squarespace, starring @zendaya narrated by #Andre3000? Watch the full-length spot now. https://t.co/4HNocXXldJ",3,4,19,anoncontent,Anonymous Content,40559,1431,13,2,2022
https://twitter.com/UberEats/status/1493009784517193728,2022-02-13 23:50:46+00:00,1493009784517193728,@squarespace @Zendaya We CAN deliver sea salt #UberEats,3,0,12,UberEats,Uber Eats,275618,101,13,2,2022
https://twitter.com/ariloveshands/status/1493009652166139904,2022-02-13 23:50:14+00:00,1493009652166139904,GUYS IT HAPPENED I SAW THE COMMERCIAL @Zendaya @squarespace I actually told everyone at the party to shush,2,0,7,ariloveshands,moriya not mariah,160,89,13,2,2022
https://twitter.com/jasonzada/status/1493009531483295746,2022-02-13 23:49:45+00:00,1493009531483295746,Squarespace’s “Shell Anything” URL redirects to GoDaddy. 😂 https://t.co/gklqToocwf,2,1,3,jasonzada,Jason Zada,6433,484,13,2,2022
https://twitter.com/mauimami/status/1493009393696137217,2022-02-13 23:49:12+00:00,1493009393696137217,"Well, it's only the 1st quarter and I am buying a @Toyota and going to see the new @JurassicWorld movie and want to start an online business selling shells via @squarespace 🤦🏽‍♀️ #SuperBowl",1,0,12,mauimami,T. Ponce,264,266,13,2,2022
https://twitter.com/andrerevived/status/1493009306198888448,2022-02-13 23:48:52+00:00,1493009306198888448,Andre 3000 makes an appearance in a Squarespace Super bowl commercial! https://t.co/FSGppUIAjK,25,4,248,andrerevived,𝔸𝕟𝕕𝕣𝕖,577,873,13,2,2022
https://twitter.com/michaelmiraflor/status/1493009264243187713,2022-02-13 23:48:42+00:00,1493009264243187713,"None of these commercials have felt Super Bowl-spectacle quality yet tbh.  Squarespace had so much pre-game hype, didn’t live up to it IMO. But that’s the risk you run as a brand.  I appreciate the ads that come out of nowhere. But that strategy is incredibly rare now.",1,1,7,michaelmiraflor,michaelmiraflor.eth,14950,4661,13,2,2022
https://twitter.com/YulundaG/status/1493009079320543234,2022-02-13 23:47:57+00:00,1493009079320543234,@squarespace We saw Y’all sneak @Outkast Dré into that #SuperBowl commercial! 😉,1,0,3,YulundaG,"YULUNDA, MBA",4331,4150,13,2,2022
https://twitter.com/colmeetsworld/status/1493009057141116928,2022-02-13 23:47:52+00:00,1493009057141116928,Ugh this .@Zendaya .@squarespace ad. She literally can do nothing &amp; look F L A W L E S S #SuperBowl https://t.co/8SDAX067Nd,1,1,9,colmeetsworld,Colin Daniels,256,300,13,2,2022
https://twitter.com/Adweek/status/1493009055056642050,2022-02-13 23:47:52+00:00,1493009055056642050,What did you think of Squarespace's #SuperBowl ad? (Watch it here: https://t.co/RrG4ErCAsn),2,2,38,Adweek,Adweek,690384,26538,13,2,2022
https://twitter.com/cpaff/status/1493008654563483648,2022-02-13 23:46:16+00:00,1493008654563483648,Every super bowl there’s another do it yourself web design company. @squarespace @weebly @Wix @Shopify and they all suck if you actually want a good looking site without putting in 50+ hours. @WebTectonics can help you with building your website and marketing it at the same time,1,0,2,cpaff,corey paff,143,109,13,2,2022
https://twitter.com/illumination/status/1493008628365684741,2022-02-13 23:46:10+00:00,1493008628365684741,@Minions @Zendaya @squarespace Hmm who wore it better?,1,0,11,illumination,Illumination,11915,38,13,2,2022
https://twitter.com/Adweek/status/1493008362136604674,2022-02-13 23:45:06+00:00,1493008362136604674,"SQUARESPACE: A visual (and wordplay) triumph.  Stellar copywriting, Zendaya's enduring charisma, amplified by gorgeous cinematography—and topped with an Andre 3000 reveal at the end—make this an easy favorite. #BigGameReviews #SuperBowl https://t.co/6Kdjp56qcF",164,6,1798,Adweek,Adweek,690384,26538,13,2,2022
https://twitter.com/TwitterMktg/status/1493008319459606530,2022-02-13 23:44:56+00:00,1493008319459606530,"sheesh, @squarespace got sally swimming in shmoney",3,1,24,TwitterMktg,Twitter Marketing,1034811,842,13,2,2022
https://twitter.com/MarketingBrew/status/1493008265231351809,2022-02-13 23:44:43+00:00,1493008265231351809,"For @squarespace's ad, Zendaya is sort of the perfect combo of influencer and celeb, no? She has the social media followers rivaling the biggest influencers in the game (129 million on Instagram, for instance), but the household name of a bigger celeb. Thoughts? #SuperBrewLVI",2,4,41,MarketingBrew,Marketing Brew ☕️,24677,1025,13,2,2022
https://twitter.com/FastCompany/status/1493008216237776899,2022-02-13 23:44:32+00:00,1493008216237776899,"I'm a fan of how @Squarespace has used celebrity over the years -- Jeff Bridges, John Malkovich, and Keanu Reeves were all GOLD. Maybe best celeb signing of the #SuperBowl ad season here. https://t.co/4TifET1l5r",5,1,23,FastCompany,Fast Company,2346394,4243,13,2,2022
https://twitter.com/barkbox/status/1493008212836196354,2022-02-13 23:44:31+00:00,1493008212836196354,how many times do we have to tell you the commercials are BETTER WITH DOGS (don't worry we fixed it) @squarespace @jongraz #SuperBowl https://t.co/sKezAObNvQ,4,3,84,barkbox,BarkBox,306360,2959,13,2,2022
https://twitter.com/dereklwalker/status/1493008120821555201,2022-02-13 23:44:09+00:00,1493008120821555201,#superbowlads  SquareSpace relied too much on celebrities. You still need a message,1,1,11,dereklwalker,derek walker,8317,3691,13,2,2022
https://twitter.com/BTA_Jonathan/status/1493008086809780224,2022-02-13 23:44:01+00:00,1493008086809780224,Andre 3000's Squarespace commerical  just reminded everyone how much we miss him.,1,0,1,BTA_Jonathan,Jonathan McMillan: Professional Success Strategist,516,842,13,2,2022
https://twitter.com/robynhfrost/status/1493008057571463174,2022-02-13 23:43:54+00:00,1493008057571463174,squarespace spot making my non-ad pals smile. it’s so beautifully made – alliteration is a super smart way to make an ad stand out. could not be more envious #SuperBowlAds,6,4,122,robynhfrost,Robyn Frost,12786,1385,13,2,2022
https://twitter.com/PheonyxOfficial/status/1493008041893003265,2022-02-13 23:43:50+00:00,1493008041893003265,I Saw Andre 3 Stacks and Legit Screamed .. 🔥🤌🏾🤌🏾😍#SuperBowl #Andre3000 #Super Bowl #squarespace,1,0,3,PheonyxOfficial,Pheonyx,16,127,13,2,2022
https://twitter.com/ozskier/status/1493008038667513857,2022-02-13 23:43:49+00:00,1493008038667513857,"Squarespace has an ad? That's it, I'm dedicating the next 364 days of my life to making a @GoDaddy campaign that will crush them.  cc: @strebel",1,11,56,ozskier,Dave Amirault 🏳️‍🌈,14788,793,13,2,2022
https://twitter.com/HollywoodLife/status/1493008033370288129,2022-02-13 23:43:48+00:00,1493008033370288129,Zendaya &amp; Andre 3000 team up for Squarespace's #SuperBowl commercial https://t.co/RlXXLBBXgf https://t.co/rpKrdfyXpA,74,5,547,HollywoodLife,HollywoodLife,337399,4311,13,2,2022
https://twitter.com/vincenzolandino/status/1493008001275502601,2022-02-13 23:43:40+00:00,1493008001275502601,Give me Andre 3000 and @Zendaya in a @squarespace ad all day. Loved it. The Sally Sells Sea Shells makes it hard to forget.,2,1,12,vincenzolandino,Vincenzo Landino,40658,1876,13,2,2022
https://twitter.com/FOHMANNN/status/1493007984783413249,2022-02-13 23:43:36+00:00,1493007984783413249,"They got #andre3000 to make an appearance?! Bitch, in a Super Bowl commercial?! #Squarespace wins",1,0,4,FOHMANNN,r.n.a.,234,446,13,2,2022
https://twitter.com/TVLine/status/1493007927321448452,2022-02-13 23:43:23+00:00,1493007927321448452,#Euphoria and #SpiderManNoWayHome star Zendaya stars in Squarespace's #SuperBowl commercial: https://t.co/Uode9e5hlK https://t.co/rmgPcJce59,3,1,31,TVLine,TVLine.com,172698,126,13,2,2022
https://twitter.com/ShannonL_Miller/status/1493007866017501189,2022-02-13 23:43:08+00:00,1493007866017501189,"Squarespace’s “Sally Seashells” ad was directed by Edgar Wright. And it’s an early favorite. Zendaya can do anything, and how can you not smile profusely at any Andre 3000 encounter? #BigGameReviews",17,1,98,ShannonL_Miller,Shannon Miller,9738,1760,13,2,2022
https://twitter.com/poniewozik/status/1493007842676289542,2022-02-13 23:43:03+00:00,1493007842676289542,Nice of Squarespace to remind everyone that Euphoria’s on tonight,2,1,28,poniewozik,James Poniewozik,103628,838,13,2,2022
https://twitter.com/brfreed/status/1493007826276466695,2022-02-13 23:42:59+00:00,1493007826276466695,"If I’m to understand the message of that Squarespace ad, it’s that Edgar Wright, André 3000, and Zendaya should make a movie together.",1,1,2,brfreed,Benjamin Freed,9128,2914,13,2,2022
https://twitter.com/miami_jt/status/1493007818118602753,2022-02-13 23:42:57+00:00,1493007818118602753,Zendaya advertising @squarespace and Tom Holland advertising @Prada… can you say hottest couple in the US of A?,1,0,2,miami_jt,Miami Jack,272,277,13,2,2022
https://twitter.com/ltxadam20/status/1493007814943551494,2022-02-13 23:42:56+00:00,1493007814943551494,Zendaya looking amazing as ever 🤩!!! #Zendaya #Squarespace @Zendaya #SuperBowlSunday #SuperBowl,1,0,3,ltxadam20,Adam ⚓️🛳,359,1716,13,2,2022
https://twitter.com/genroflores/status/1493007814297534470,2022-02-13 23:42:56+00:00,1493007814297534470,Squarespace: Sally’s Sea Shells 8/10 all points for Zendaya,1,1,2,genroflores,Gen,216,439,13,2,2022
https://twitter.com/yoitsro/status/1493007779921108993,2022-02-13 23:42:48+00:00,1493007779921108993,Everyone who will be watching @euphoriaHBO later tonight is about to make a @Squarespace site. #SuperBowlAds,1,1,9,yoitsro,ro kalonaros,1341,543,13,2,2022
https://twitter.com/njh287/status/1493007768411787264,2022-02-13 23:42:45+00:00,1493007768411787264,Still disappointed Squarespace didn’t spin up even a simple website for Sally’s Seashells — seems like a lost opportunity. And they coulda sold some merch featuring the fake business + Zendaya on a t-shirt. #adbowl https://t.co/Tb4RdETEFd,1,0,3,njh287,Neil Horowitz,4889,788,13,2,2022
https://twitter.com/brwninja/status/1493007762325860355,2022-02-13 23:42:43+00:00,1493007762325860355,"At this point, #Zendaya could sell pigeon poo by the sea and we would all be here for it 😆 #SuperBowlCommercials #squarespace",1,1,5,brwninja,AnjniSingh,913,2624,13,2,2022
https://twitter.com/HenrySaysKF/status/1493007758316167168,2022-02-13 23:42:42+00:00,1493007758316167168,Andre 3000 and @Zendaya just sold me @squarespace why am I so excited,1,0,7,HenrySaysKF,The Zeppo,502,110,13,2,2022
https://twitter.com/DiscussingFilm/status/1493007757636685827,2022-02-13 23:42:42+00:00,1493007757636685827,"Zendaya’s Squarespace ad, directed by Edgar Wright, just aired during the #SuperBowl https://t.co/CNZxUrJP6Q",354,27,2274,DiscussingFilm,DiscussingFilm,477599,862,13,2,2022
https://twitter.com/TheBGates/status/1493007747922673664,2022-02-13 23:42:40+00:00,1493007747922673664,I’m so hungry for new Andre 3000 music that I yelled when I heard his voice on the @squarespace #SuperBowl commercial. lol https://t.co/q4qA5hpxFD,1,0,21,TheBGates,BG,4085,990,13,2,2022
https://twitter.com/Mr_McFly/status/1493007711050551309,2022-02-13 23:42:31+00:00,1493007711050551309,Sally's Swanky Squarespace Spot Solidified any Space Surrendered Subsequent to her Standard Sunday Slot. #SUPERJUNIOR,1,0,1,Mr_McFly,Gary J. Nix: strategist | disruptor | Web3 on deck,7671,6664,13,2,2022
https://twitter.com/GeeeeeeFlan/status/1493007701869223936,2022-02-13 23:42:29+00:00,1493007701869223936,yeah that Zendaya/Andre3000 Squarespace commercial is my early favorite,1,0,3,GeeeeeeFlan,legenGarry™,1509,1520,13,2,2022
https://twitter.com/TMobile/status/1493007691022835723,2022-02-13 23:42:26+00:00,1493007691022835723,"@squarespace @Zendaya Sally sells seashells by the seashore. The shells she sells are surely seashells. So if she sells shells on the seashore, I'm sure she sells seashore shells.  Phew, try tweeting that 5 times fast 🥵",2,0,8,TMobile,T-Mobile,1486085,12623,13,2,2022
https://twitter.com/Minions/status/1493007681660940288,2022-02-13 23:42:24+00:00,1493007681660940288,Happy to be ur first customer @zendaya (cc: @squarespace) https://t.co/79bhQrMfhn,61,14,426,Minions,#Minions,195022,9,13,2,2022
https://twitter.com/Foxworth24/status/1493007616368381953,2022-02-13 23:42:09+00:00,1493007616368381953,I don't understand 3000 at all. A random Squarespace commercial. Why?,8,36,330,Foxworth24,Domonique Foxworth,125685,1773,13,2,2022
https://twitter.com/AngelCam7/status/1493007610559320074,2022-02-13 23:42:07+00:00,1493007610559320074,Jeez... Now that's a tongue twister of a tongue twister tale. #Squarespace #SuperBowlCommercials,1,0,2,AngelCam7,Angel Camacho,329,139,13,2,2022
https://twitter.com/neco_ornot/status/1493007580750299142,2022-02-13 23:42:00+00:00,1493007580750299142,"""Sally the Shellebrity"" should've been the name for that #SuperBowl  Squarespace ad!!! What a missed opportunity!!!!",1,0,6,neco_ornot,Nicole Ortiz,2412,922,13,2,2022
https://twitter.com/Expedia/status/1493007537427271681,2022-02-13 23:41:50+00:00,1493007537427271681,🖥🐚👗 But where is she? @Squarespace Do you think Sally sells seashells by the seashore in Seychelles??? Quote RT with #TravelTheAds for a chance to go sea for yourshellf. #Sweepstakes 🇸🇨 https://t.co/M2fN4MgSVx,369,197,944,Expedia,Expedia,448489,15108,13,2,2022
https://twitter.com/TeesePeese/status/1493007510424412161,2022-02-13 23:41:43+00:00,1493007510424412161,Zendaya + 3 Stacks deserved better than that squarespace ad,1,0,0,TeesePeese,Teese,835,515,13,2,2022
https://twitter.com/Adweek/status/1493007492950937601,2022-02-13 23:41:39+00:00,1493007492950937601,".@Zendaya is trading in her glitter make-up for seashells in @SquareSpace's #SuperBowl ad. 🐚 The star proves that with the right entrepreneurial spirit and a shining Squarespace storefront, business can boom. https://t.co/bcm5xefVbO https://t.co/Fxx8yXbOjl",8,1,33,Adweek,Adweek,690384,26538,13,2,2022
https://twitter.com/AvosFromMexico/status/1493007470708596747,2022-02-13 23:41:34+00:00,1493007470708596747,Sweet spot Sally Seashells! So surprisingly sensational! A masterpiece. @squarespace #AlwaysGood #SBLVI #adbowl https://t.co/eoemwn6Wfy,56,32,308,AvosFromMexico,Avocados From Mexico,54563,2984,13,2,2022
https://twitter.com/advocaczi/status/1493007452073250820,2022-02-13 23:41:29+00:00,1493007452073250820,Squarespace decided to lean into celebrity equity. And damn do I miss Andre 3000 #SuperBowl #SuperBowlAd #SuperBowlAds #MarketingTwitter,1,1,1,advocaczi,Alexander Ferenczi,94,166,13,2,2022
https://twitter.com/bristei/status/1493007432758579203,2022-02-13 23:41:25+00:00,1493007432758579203,Zendaya in 1B for Squarespace https://t.co/aWJVsfHqmr,1,1,2,bristei,Brian Steinberg,16353,2045,13,2,2022
https://twitter.com/thejessica_j/status/1493007428064989184,2022-02-13 23:41:24+00:00,1493007428064989184,Squarespace won the Super Bowl 🙌🏽,1,0,0,thejessica_j,"JJW,PhD",1068,557,13,2,2022
https://twitter.com/AuraOfAzure/status/1493007426915913729,2022-02-13 23:41:23+00:00,1493007426915913729,Oh OF COURSE a commercial about Paralympic athletes is for Toyota. How obvious. Squarespace wasted $7 million on a bad joke. But T-Mobile used it wisely with Dolly Parton.,1,0,0,AuraOfAzure,Queer Werewolf Wrestler (not really),1623,1206,13,2,2022
https://twitter.com/every_daydad/status/1493007421870153730,2022-02-13 23:41:22+00:00,1493007421870153730,Even the super bowl is sponsored by Squarespace 🤣,16,11,333,every_daydad,Gary,25189,467,13,2,2022
https://twitter.com/FastCompany/status/1493007415675133962,2022-02-13 23:41:21+00:00,1493007415675133962,Did you catch @Zendaya x @squarespace?   https://t.co/4TifET1l5r,4,0,16,FastCompany,Fast Company,2346394,4243,13,2,2022
https://twitter.com/theeravensimone/status/1493007401548763138,2022-02-13 23:41:17+00:00,1493007401548763138,Zendaya &amp; Andre 3k for Squarespace&gt;,2,0,1,theeravensimone,theeravensimone,1002,649,13,2,2022
https://twitter.com/adage/status/1493007373320994817,2022-02-13 23:41:11+00:00,1493007373320994817,What a weird use of Zendaya for just that one word in Squarespace's #SuperBowl ad,8,6,49,adage,Ad Age,1001873,73143,13,2,2022
https://twitter.com/rexcastillotv/status/1493007332619468801,2022-02-13 23:41:01+00:00,1493007332619468801,OK shoutout to Andre 3000 for that seashell @squarespace commercial. That was impressive #SuperBowl,2,0,9,rexcastillotv,Rex Castillo,3778,3935,13,2,2022
https://twitter.com/FashionweekNYC/status/1493007330824306691,2022-02-13 23:41:01+00:00,1493007330824306691,Zendaya in the Seashells @squarespace Ad #SuperBowl https://t.co/C3PhaPMFRn,23,0,143,FashionweekNYC,Spread Love and Kindness 🙏,556238,15722,13,2,2022
https://twitter.com/FastCompany/status/1493007321274130435,2022-02-13 23:40:58+00:00,1493007321274130435,The unique idea behind Zendaya’s fun Super Bowl ad for Squarespace https://t.co/zSPpAo0sS2,2,0,25,FastCompany,Fast Company,2346394,4243,13,2,2022
https://twitter.com/Hellmanns/status/1493007306728120323,2022-02-13 23:40:55+00:00,1493007306728120323,.@SquareSpace Methinks some Mayo merch might be a marvelous move for the meal-making masses.,1,0,13,Hellmanns,Hellmann's,40327,1863,13,2,2022
https://twitter.com/turbotax/status/1493007273647607811,2022-02-13 23:40:47+00:00,1493007273647607811,"Did you take your side-hustle to the next level? No matter what you #shell, we’ve got a TurboTax Live expert that is your perfect match. @squarespace #MyTurboTaxMatch #SBLVI #SuperBowl",1,0,17,turbotax,Intuit TurboTax,64669,927,13,2,2022
https://twitter.com/squarespace/status/1493007268295626754,2022-02-13 23:40:46+00:00,1493007268295626754,"Sally sold seashells by the seashore. But the seashells didn’t sell so well. So Sally signed-up for #Squarespace. She set-up a seashell store, and suddenly her seashells were a success: https://t.co/3sGTfjawUQ #BigGame @Zendaya #Andre3000 #SallysSeashells https://t.co/hJTQWdHbQr",65,19,217,squarespace,Squarespace,146181,6,13,2,2022
https://twitter.com/JamesonFleming/status/1493007250209845248,2022-02-13 23:40:41+00:00,1493007250209845248,I appreciate the detail of the boat names in this Squarespace ad. https://t.co/w7js5LP4Y0,7,1,42,JamesonFleming,Jameson Fleming,4208,1047,13,2,2022
https://twitter.com/ShroomMeister/status/1493007153606668291,2022-02-13 23:40:18+00:00,1493007153606668291,SquareSpace commercial with a tongue twister. Cute. I'll give 'em that. #SuperBowl,1,1,1,ShroomMeister,"Date a Shroom @ Give me your blacks, gays, women",2667,1241,13,2,2022
https://twitter.com/adage/status/1493007111437045761,2022-02-13 23:40:08+00:00,1493007111437045761,Squarespace’s #SuperBowl ad is the first they developed in-house by their relatively new LA-based creative team.,3,0,11,adage,Ad Age,1001873,73143,13,2,2022
https://twitter.com/squarespace/status/1493006678618484738,2022-02-13 23:38:25+00:00,1493006678618484738,Game time🏈 ... 🐏 vs. 🐅 We'll sea you soon!  #SallySeashells,1,1,10,squarespace,Squarespace,146181,6,13,2,2022
https://twitter.com/CrisWorthington/status/1493002820517187585,2022-02-13 23:23:05+00:00,1493002820517187585,Zendayas Super Bowl 2022 Commercial: Sallys Seashells for Squarespace Watch Now! #OnlineStore #Ecommerce [Video] https://t.co/GwzUN2aorh,3,0,0,CrisWorthington,Cristian Worthington,50169,47158,13,2,2022
https://twitter.com/JonErlichman/status/1492997213399699458,2022-02-13 23:00:48+00:00,1492997213399699458,Some companies with Super Bowl ads: Amazon Booking .com Carvana Caesars Sportsbook ClickUp Coinbase Crypto .com DraftKings eToro E*Trade Expedia FTX Google Greenlight Headspace Hologic Intuit Meta Monday .com Polestar Rakuten Salesforce Squarespace Tonal Uber Eats Vroom Wallbox,38,15,182,JonErlichman,Jon Erlichman,291281,107,13,2,2022
https://twitter.com/Zendaya_Updated/status/1492984334772740096,2022-02-13 22:09:38+00:00,1492984334772740096,Zendaya photographed by Craig Reynolds for Squarespace. https://t.co/PcMgpbS9wZ,157,1,2364,Zendaya_Updated,Zendaya Updates,32421,205,13,2,2022
https://twitter.com/thaz7/status/1492957093124444160,2022-02-13 20:21:23+00:00,1492957093124444160,"Winner of Super Bowl for me is @squarespace with @Zendaya. Beautiful, playful, fun and a little whimsy. We all need a little whimsy right now. https://t.co/BAORtDWeaU Brava @dmklee and crew this one’s a special one 👏🏽👏🏽",3,0,22,thaz7,Thas Naseemuddeen,4331,605,13,2,2022
https://twitter.com/CrisWorthington/status/1492948208875499521,2022-02-13 19:46:05+00:00,1492948208875499521,Clickable Folders [for Squarespace 7.1] #OnlineStore #DigitalMarketing [Video] https://t.co/zH3n3AIDqH,3,0,2,CrisWorthington,Cristian Worthington,50169,47158,13,2,2022
https://twitter.com/CBR/status/1492935877789728773,2022-02-13 18:57:05+00:00,1492935877789728773,"In a new Super Bowl ad narrated by André 3000, Spider-Man and Euphoria star Zendaya portrays Sally, known for selling seashells and growing her own beachside business with Squarespace. https://t.co/69VYXv8azh @Zendaya @squarespace https://t.co/OUETjDZN1d",2,1,25,CBR,Comic Book Resources,318920,775,13,2,2022
https://twitter.com/ToolsTipsNews/status/1492912479034171394,2022-02-13 17:24:06+00:00,1492912479034171394,Squarespace or BOWWE: Best website builder. What to choose #WebsiteDesign #WebsiteMaker [Video] https://t.co/2lEkrm8O3y,4,0,0,ToolsTipsNews,DigitalMarketingNews,218,2,13,2,2022
https://twitter.com/sjgoldstein/status/1492896703158095876,2022-02-13 16:21:25+00:00,1492896703158095876,How Did Squarespace Know Podcasts Would Get This Big? https://t.co/UQc3Czw4YE #podcasting,1,0,3,sjgoldstein,Steven Goldstein,2953,1956,13,2,2022
https://twitter.com/CrisWorthington/status/1492892711958970372,2022-02-13 16:05:33+00:00,1492892711958970372,Create a newsletter opt in in Squarespace #OnlineStore #EcommerceTips [Video] https://t.co/0tyvrqoGvm,3,0,0,CrisWorthington,Cristian Worthington,50169,47158,13,2,2022
https://twitter.com/squarespace/status/1492891315268427782,2022-02-13 16:00:00+00:00,1492891315268427782,Start selling like Sally 🐚🐚🐚 https://t.co/xAVxqTmuRF,36,2,192,squarespace,Squarespace,146181,6,13,2,2022
https://twitter.com/RannaRoyce/status/1492889982066827264,2022-02-13 15:54:42+00:00,1492889982066827264,Super Bowl commercial anniversary dayyyym it’s been 8 years…these prosthetic lips still have me 😂🤣😭 @squarespace https://t.co/2nhUcw0ZUS,1,6,19,RannaRoyce,RANNA,29419,30982,13,2,2022
https://twitter.com/JamesMordechai/status/1492877626276552704,2022-02-13 15:05:37+00:00,1492877626276552704,📚📚 A question to the fellow authors: what's the best blog platform that you would recommend for an author? I've been suggested Wix and Squarespace but I'm not sure. #amwriting #WritingCommunity #writerslift #booktwt #BookTwitter,1,1,6,JamesMordechai,James Mordechai 📚,796,1737,13,2,2022
https://twitter.com/squarespace/status/1492876229883891719,2022-02-13 15:00:04+00:00,1492876229883891719,📈 ENTREPRENEUR PROMO POST📈  Drop your portfolio here to find new potential customers ⬇️,4,13,12,squarespace,Squarespace,146181,6,13,2,2022
https://twitter.com/JJPhoto_/status/1492849152715276293,2022-02-13 13:12:28+00:00,1492849152715276293,I think I've used @squarespace since the very beginning of my business. every sunday I update it with newer work to make sure I'm ready for whoever is clicking on my site. https://t.co/9hNlFhCw9u,1,3,8,JJPhoto_,Joshua,427,268,13,2,2022
https://twitter.com/wpnewsio/status/1492840019920404486,2022-02-13 12:36:11+00:00,1492840019920404486,How to Migrate From #Squarespace to WordPress (7 Steps) https://t.co/TyGcukIeyx #WordPress #Guides #Migration,3,0,3,wpnewsio,WPNEWS.io,2055,1609,13,2,2022
https://twitter.com/MarsdenMktg/status/1492814557441572865,2022-02-13 10:55:00+00:00,1492814557441572865,"How can companies like Squarespace, Hologic, monday(dot)com, Gong, and Quickbooks justify spending $6 million in 30 seconds at the #Superbowl?https://t.co/VtMfgVKAzd by @DrewNeisser",2,0,5,MarsdenMktg,Marsden Marketing,13059,10353,13,2,2022
https://twitter.com/FastCompany/status/1492786820261761026,2022-02-13 09:04:47+00:00,1492786820261761026,"“She just has an aura and charisma to her, and she’s one of the few people who could get the country’s attention in 30 seconds,” Squarespace CCO David Lee says. https://t.co/nsFxKn3zFl",2,0,5,FastCompany,Fast Company,2346394,4243,13,2,2022
https://twitter.com/CrisWorthington/status/1492671127230971906,2022-02-13 01:25:03+00:00,1492671127230971906,Zendaya x Squarespace Super Bowl Ad | Sally’s Seashells #EcommerceTips #Ecommerce [Video] https://t.co/TPV0LjFVvT,3,0,0,CrisWorthington,Cristian Worthington,50169,47158,13,2,2022
https://twitter.com/Free_LanceTools/status/1492658996330868739,2022-02-13 00:36:51+00:00,1492658996330868739,"How to Migrate From Squarespace to WordPress (7 Steps) Squarespace is an intuitive platform that makes it easy to create simple websites and online stores. However, its features are limited. So, you may be #WordPress #Guides #migration #Squarespace https://t.co/DE80Eer0G9",2,0,0,Free_LanceTools,Ivica Delic,519,289,13,2,2022
