url,Datetime,Tweet Id,Text,Retweet Count,Reply Count,Like Count,Username,Display Name,Followers Count,Friends Count,Day,Month,Year
https://twitter.com/evannex_com/status/1493296295150297089,2022-02-14 18:49:15+00:00,1493296295150297089,"NEW PRODUCT: WEATHERTECH CHILD CAR SEAT PROTECTOR FOR EV OWNERS.  Protect your vehicle’s upholstery from sticky messes. Made of High-Density TPE material, anti-skid top and bottom.  Check it out..https://t.co/8BDvv02Pv4 https://t.co/rckN5w6hx5",1,0,1,evannex_com,EVANNEX for Tesla Community,16964,4289,14,2,2022
https://twitter.com/weathertechca/status/1493269513265160193,2022-02-14 17:02:50+00:00,1493269513265160193,My Valentine has paws 🐾💝 #WeatherTech #WeatherTechCanada #ValentinesDay2022 https://t.co/dXdULPUmef,1,0,4,weathertechca,WeatherTech Canada,891,270,14,2,2022
https://twitter.com/WhoAdvertisesOn/status/1493214945634181121,2022-02-14 13:26:00+00:00,1493214945634181121,Which companies that ran #SuperBowlAds last night are also current sponsors of #FoxNews Channel?  @Toyota (@Lexus) @GM (@Chevrolet) @WeatherTech  @GreenlightCard @Verizon @ProcterGamble (@Gillette) @Meta Source: https://t.co/N16lNL0wXU,4,0,3,WhoAdvertisesOn,WhoAdvertisesOn,1572,983,14,2,2022
https://twitter.com/_NPOB1/status/1493083343520370688,2022-02-14 04:43:03+00:00,1493083343520370688,Hmm @WeatherTech or @Commanders ? #TakeCommand https://t.co/LJoSmhPOTM,2,0,3,_NPOB1,@_NPOB1⛳🏜,466,166,14,2,2022
https://twitter.com/CloudflareRadar/status/1493044763943219202,2022-02-14 02:09:45+00:00,1493044763943219202,"Neither rain nor snow could keep traffic from the @WeatherTech website after their #SuperBowlLVI ad aired, driving traffic nearly 90x higher than baseline. https://t.co/43duWRcEDY",3,3,20,CloudflareRadar,Cloudflare Radar,3356,8,14,2,2022
https://twitter.com/lesterspeight/status/1493027775644528641,2022-02-14 01:02:15+00:00,1493027775644528641,"From one Special Ops member to another, you run a tight squad @Weathertech #TerryTate #HellmannsPartner #HellmannsSpecialOps💯💯💯 https://t.co/NGLetoUKiv",2,1,8,lesterspeight,Terry Tate Special Ops #Hellmannsparter 💯,6040,1271,14,2,2022
https://twitter.com/PatrickCoffee/status/1493024834737082375,2022-02-14 00:50:34+00:00,1493024834737082375,I love how much weathertech just doesn’t care.,2,3,46,PatrickCoffee,Patrick Coffee,16348,1582,14,2,2022
https://twitter.com/ccarpos/status/1493023683304210433,2022-02-14 00:45:59+00:00,1493023683304210433,Bolingbrook's very own WeatherTech (of course) is back with a Super Bowl LVI commercial! Proud to have you a part of our community!    WATCH IT 📺: https://t.co/7KZqxmGIRV      #ShopBolingbrook #ShopLocal  -  We💙Bolingbrook - @WeatherTech #Bolingbrook - Made in the USA 🇺🇸 https://t.co/kvRh4Ks4ir,3,0,6,ccarpos,Michael Carpanzano,1298,3021,14,2,2022
https://twitter.com/Adweek/status/1493023619877904391,2022-02-14 00:45:44+00:00,1493023619877904391,What did you think of WeatherTech's #SuperBowl ad? (Watch it here: https://t.co/pSXfNtLY7u),2,0,2,Adweek,Adweek,690384,26538,14,2,2022
https://twitter.com/AviFelman/status/1493023253836836869,2022-02-14 00:44:17+00:00,1493023253836836869,I love how excited people are that “crypto has super bowl commercials!!!!!” I mean yea….but so does weathertech…lmao,5,13,154,AviFelman,Avi,63708,95,14,2,2022
https://twitter.com/jla504/status/1493022293047582721,2022-02-14 00:40:28+00:00,1493022293047582721,@shashib @WeatherTech Me too!  @WeatherTech are awesome investment for your cars!,1,0,1,jla504,June,192,1003,14,2,2022
https://twitter.com/RTraino/status/1493021944039591946,2022-02-14 00:39:05+00:00,1493021944039591946,@JimStengel @ANACMOMasters @WeatherTech but why did the guy get his car done first? feels like same old norms.,2,0,3,RTraino,RTraino,2052,2098,14,2,2022
https://twitter.com/WeatherTech/status/1493021754914181125,2022-02-14 00:38:20+00:00,1493021754914181125,"@shashib Thanks so much, Shashi!",1,0,1,WeatherTech,WeatherTech,9739,1778,14,2,2022
https://twitter.com/MacklinHogan/status/1493021464747905025,2022-02-14 00:37:10+00:00,1493021464747905025,weathertech just ran a superbowl ad. they know tv exists it’s all over for automotive print media,7,8,186,MacklinHogan,mack,3278,921,14,2,2022
https://twitter.com/BlaiseInKC/status/1493021456892141570,2022-02-14 00:37:08+00:00,1493021456892141570,"That WeatherTech ad was effective because I never heard of that product and I thought, “I want to know more about that.”",1,10,10,BlaiseInKC,B. Miller,6257,754,14,2,2022
https://twitter.com/StateFarm/status/1493021431801823237,2022-02-14 00:37:02+00:00,1493021431801823237,".@WeatherTech do you have a solution to catch spilled Big Game snacks? Asking for a friend, #TeamMayo. @Hellmanns is watching! #SBLVI https://t.co/alB3EJ3bel",2,3,12,StateFarm,State Farm,109570,8453,14,2,2022
https://twitter.com/ashandtwitties/status/1493021424910573571,2022-02-14 00:37:01+00:00,1493021424910573571,Lord grant me the confidence of Weather Tech in the super bowl,1,0,5,ashandtwitties,Asher Stamell,375,157,14,2,2022
https://twitter.com/himmelsblog/status/1493021381566648322,2022-02-14 00:36:51+00:00,1493021381566648322,So is anyone else concerned that weathertech has gone full paramilitary? #plannerbowl,1,4,10,himmelsblog,Mark Himmelsbach,2006,1171,14,2,2022
https://twitter.com/EnriqueSports/status/1493021325127929858,2022-02-14 00:36:37+00:00,1493021325127929858,#ExpressPoll: Which TV commercial was best in the second break of the second quarter?#SuperBowl #Rams #Bengals #NFL #RocketMortgage #DisneyPlus #WeatherTech,1,1,2,EnriqueSports,Enrique A. Gutiérrez,2322,915,14,2,2022
https://twitter.com/shashib/status/1493021316567474179,2022-02-14 00:36:35+00:00,1493021316567474179,Love the @WeatherTech Ad #SuperBowlLVI #SuperBowl ads,1,2,1,shashib,Shashi Bellamkonda+,32155,23362,14,2,2022
https://twitter.com/krissmarpal/status/1493021311437873152,2022-02-14 00:36:34+00:00,1493021311437873152,How do I hire the #weathertech gimps?,1,0,0,krissmarpal,Gregory Stevens,103,286,14,2,2022
https://twitter.com/dereklwalker/status/1493021288616574976,2022-02-14 00:36:28+00:00,1493021288616574976,"#superbowlads Rocket Homes - I laughed, this is how to use a celebrity, and I'm talking about Barbie Disney Plus - Not the GOAT of Super Bowl spots Weather Tech -  does not care, they are going to bore us into buying at all cost",3,2,21,dereklwalker,derek walker,8317,3691,14,2,2022
https://twitter.com/TheHestercution/status/1493021283843551232,2022-02-14 00:36:27+00:00,1493021283843551232,The Super Bowl commercial was a better use of Weather Tech’s money than funding the career of Coop[SIGNAL LOST],2,1,16,TheHestercution,Hester,1443,570,14,2,2022
https://twitter.com/JimStengel/status/1493021261827555328,2022-02-14 00:36:22+00:00,1493021261827555328,.@WeatherTech compelling and clear with the strong branding we have come to know. #SuperBowl,2,4,9,JimStengel,Jim Stengel,13818,1067,14,2,2022
https://twitter.com/JustinTarnation/status/1493021247285964800,2022-02-14 00:36:19+00:00,1493021247285964800,Never heard of WeatherTech and now I’m aware of them,1,1,0,JustinTarnation,Close The Orgasm Gap,5499,680,14,2,2022
https://twitter.com/MarkEnnis/status/1493021247063605249,2022-02-14 00:36:18+00:00,1493021247063605249,“Weather Tech: Your husband is a dick.”,1,1,21,MarkEnnis,Mark Ennis,23961,2693,14,2,2022
https://twitter.com/corhvyes/status/1493021227916607489,2022-02-14 00:36:14+00:00,1493021227916607489,Let me get some weathertech mats immediately. This will be the only ad to move me to do something.,1,0,2,corhvyes,hayes,614,471,14,2,2022
https://twitter.com/P_ConnerJr/status/1493021210833309698,2022-02-14 00:36:10+00:00,1493021210833309698,Good to see WeatherTech wearing the new black Commanders helmet.,1,1,7,P_ConnerJr,Paul Conner,9406,194,14,2,2022
https://twitter.com/edwinontwit/status/1493021161558458368,2022-02-14 00:35:58+00:00,1493021161558458368,"Yo, weather tech and avocados de Mexico, there are better uses for your money.",2,0,2,edwinontwit,Edwin,61,547,14,2,2022
https://twitter.com/ZwiezenZ/status/1493021139244920837,2022-02-14 00:35:53+00:00,1493021139244920837,WeatherTech operatives have yet to confirm their involvement in the assassination of Osama Bin Laden.,1,0,4,ZwiezenZ,Zack Zwiezen,2174,1548,14,2,2022
https://twitter.com/ShroomMeister/status/1493021128452890625,2022-02-14 00:35:50+00:00,1493021128452890625,WeatherTech commercial. They always have a commercial. They're rarely ever good. #SuperBowl,1,1,0,ShroomMeister,"Date a Shroom @ Give me your blacks, gays, women",2667,1241,14,2,2022
https://twitter.com/korkedbats/status/1493021113470832641,2022-02-14 00:35:47+00:00,1493021113470832641,Hold up… did the Commanders steal their helmet design from WeatherTech? https://t.co/zw7YiBcDJQ,7,1,50,korkedbats,Korked Bats,18500,608,14,2,2022
https://twitter.com/adage/status/1493021111973515266,2022-02-14 00:35:46+00:00,1493021111973515266,"Ad Age gives WeatherTech’s #SuperBowl ad 1/5 stars:​""WeatherTech’s ad has been the one predictable thing about the Super Bowl: For the last nine years, it’s always been there, and it’s always been boring.”",6,5,43,adage,Ad Age,1001873,73143,14,2,2022
https://twitter.com/_Gnarsenic/status/1493021089815015428,2022-02-14 00:35:41+00:00,1493021089815015428,I wanna weather tech my wiener.,1,0,3,_Gnarsenic,-,693,122,14,2,2022
https://twitter.com/noimnotmason/status/1493021065832017922,2022-02-14 00:35:35+00:00,1493021065832017922,weather tech same “W” as commanders lol,1,1,1,noimnotmason,〽️ason,314,1238,14,2,2022
https://twitter.com/Adweek/status/1493021063109820417,2022-02-14 00:35:35+00:00,1493021063109820417,Installing car protection gear is a job for a Special Ops Unit in WeatherTech's #SuperBowl spot. https://t.co/qGCCC8Cs2u https://t.co/ZrRDntnH01,1,0,0,Adweek,Adweek,690384,26538,14,2,2022
https://twitter.com/shaylarz/status/1493021055975260162,2022-02-14 00:35:33+00:00,1493021055975260162,Today I learned weather tech has super bowl money.,3,0,8,shaylarz,Shayla - The Way Better Commish,3398,2586,14,2,2022
https://twitter.com/SpaceflightNow/status/1493020069135273988,2022-02-14 00:31:38+00:00,1493020069135273988,"Liftoff of the Polar Satellite Launch Vehicle, hauling into orbit the Indian EOS 4 radar remote sensing satellite, a tech demo thermal imaging spacecraft, and a space weather research satellite for US, Indian, Taiwanese, and Singaporean scientists. https://t.co/bpM3ByEAUy https://t.co/X0UABGTO65",22,2,88,SpaceflightNow,Spaceflight Now,464781,135,14,2,2022
https://twitter.com/rwang0/status/1492909935906070528,2022-02-13 17:14:00+00:00,1492909935906070528,MYPOV: @WeatherTech showcases its full line up RATING: 7/10  https://t.co/2ERniqtQvO #superbowlads #SuperBowl @superbowl #SB56 #SBLVI #SuperBowlLVI,2,0,1,rwang0,R.NFT R “Ray” Wang 王瑞光 #1A #Metaverse #SVLife,139393,102025,13,2,2022
https://twitter.com/scepterinc/status/1492906811397083138,2022-02-13 17:01:35+00:00,1492906811397083138,How Better Weather Tech Can Provide Safeguards Against Climate Change   https://t.co/9AcbpKLaq1 #atmospheric #satellitehttps://shar.es/aWUpqs #atmospheric #ClimateCrisis #climatechane #ESG #scepter,1,0,1,scepterinc,SCEPTER INC & SCEPTER SPACE,54,1509,13,2,2022
https://twitter.com/dbeilis/status/1492901274991448064,2022-02-13 16:39:35+00:00,1492901274991448064,"Hey @LGCanada, I know we all miss warmer weather in Canada, but we don’t want these warm temperatures in our fridges. My backyard is my fridge now, but not sure for how long … any help? Your tech support is challenged. I don’t need #AI, WiFi... All I need is just some ice. https://t.co/8t6d1RGGY4",1,2,3,dbeilis,David Beilis {hu-man},350,987,13,2,2022
https://twitter.com/UKsoftball/status/1492824117413830656,2022-02-13 11:32:59+00:00,1492824117413830656,Today's game with Virginia Tech has been delayed two hours due to weather in the Central Florida area.   The game is expected to start at 12:30 p.m. ET.  #WeAreUK x #BeTheStandard https://t.co/SgvQZZI3mc,2,0,56,UKsoftball,Kentucky Softball,56104,211,13,2,2022
https://twitter.com/KiraguTK/status/1492808650355843081,2022-02-13 10:31:31+00:00,1492808650355843081,"@ankahira @kinjeketile Startups especially tech, thrive in a community that's made up established corporates, competing start ups, college students, investors, visitors etc. The major point of convergence for all that in our case is Nairobi. (Mombasa weather isn't that perfect too, is it?)",1,2,1,KiraguTK,KiraguTK,398,54,13,2,2022
https://twitter.com/JohnRMoffitt/status/1492739191104589826,2022-02-13 05:55:31+00:00,1492739191104589826,"@DesignationSix @balanceofnature @nflnetwork @amazon @Nutrisystem @southbeachdiet @WeatherTech @Arbys @goldencorral @IHOP @PapaJohns @KraftHeinzCo @PetSmart @officedepot Companies supporting a Russian invasion of Ukraine? If not, stand up &amp; speak! Otherwise #FoxNews speaks for you. @balanceofnature  @nflnetwork  @amazon  @Nutrisystem  @southbeachdiet  @WeatherTech  @Arbys  @goldencorral  @IHOP  @PapaJohns  @KraftHeinzCo  @PetSmart  @officedepot https://t.co/nOsnYWBnAs",29,1,47,JohnRMoffitt,John Moffitt 🌊🌊🧢🧢,109612,111648,13,2,2022
