url,Datetime,Tweet Id,Text,Retweet Count,Reply Count,Like Count,Username,Display Name,Followers Count,Friends Count,Day,Month,Year
https://twitter.com/thelastcostanza/status/1493373227325964290,2022-02-14 23:54:57+00:00,1493373227325964290,@budlight I need this to go with my fit https://t.co/IyP1uYXpyY,1,2,2,thelastcostanza,Mickey,177,515,14,2,2022
https://twitter.com/NattyBDC/status/1493369307451035651,2022-02-14 23:39:23+00:00,1493369307451035651,@bostondg @Russellmania621 @team980 @Audacy @budlight Thanks for the reminder that fans can check out @AnheuserBusch @budlight's corporate policies on discrimination and sexual harassment at https://t.co/XsSZkrvRo9,2,0,1,NattyBDC,Natty,760,1025,14,2,2022
https://twitter.com/bostondg/status/1493368389779136514,2022-02-14 23:35:44+00:00,1493368389779136514,@NattyBDC @Russellmania621 @team980 @Audacy Good bye Crusader - come talk to me when @budlight drops them https://t.co/DbjsQcliZ0,1,1,0,bostondg,Fionn mac Cumhaill,76,130,14,2,2022
https://twitter.com/Anand_Savani/status/1493361337967259649,2022-02-14 23:07:42+00:00,1493361337967259649,Did not see the twist in the @budlight Seltzer spot coming - what was your fav? #SuperBowl #Marketing https://t.co/YdFbx1DW7V,1,0,1,Anand_Savani,Anand Savani,837,1544,14,2,2022
https://twitter.com/AlligatorTres/status/1493360921351053314,2022-02-14 23:06:03+00:00,1493360921351053314,"@budlight Violets are blue but I cannot lie, if I won this fridge I might just die! #LoudestFlavorsEver  #Sweepstakes",1,1,1,AlligatorTres,Secret Agent Randy Beans🧩,491,2193,14,2,2022
https://twitter.com/budlight/status/1493359782056628232,2022-02-14 23:01:31+00:00,1493359782056628232,"Roses are red, so is this fridge. ​ RT if you think winning one would be sweet! #LoudestFlavorsEver #sweepstakes https://t.co/w3Z6aIZnWn",3870,630,1913,budlight,Bud Light,265045,254,14,2,2022
https://twitter.com/budlight/status/1493347354065395722,2022-02-14 22:12:08+00:00,1493347354065395722,The right decisions https://t.co/sZSecygHBE,64,12,581,budlight,Bud Light,265045,254,14,2,2022
https://twitter.com/michael_nakon/status/1493343744267108366,2022-02-14 21:57:48+00:00,1493343744267108366,"Got a Big Jeff Carter jersey, had to break it in the right way Shoutout @PenguinsJesus, shoutout @JeffCarter_77 @Megan_Carter_ @penguins @budlight https://t.co/CwDF7aXFBg",12,9,223,michael_nakon,a salty dog,567,463,14,2,2022
https://twitter.com/budlight/status/1493335996104073228,2022-02-14 21:27:00+00:00,1493335996104073228,@cathmclaughlin_ Happy Valentines Day Cath!,1,0,1,budlight,Bud Light,265045,254,14,2,2022
https://twitter.com/LJ_Reyna/status/1493334981686349824,2022-02-14 21:22:59+00:00,1493334981686349824,Among the reactions: @budlight  #RamsHouse  #SuperBowl  https://t.co/hZQquMnlGC,1,0,1,LJ_Reyna,Lorenzo J. Reyna,5352,5379,14,2,2022
https://twitter.com/UHCougars/status/1493333483212750854,2022-02-14 21:17:01+00:00,1493333483212750854,From the hardwood to the diamond..It's another big week in H-Town! #GoCoogs | @budlight,9,0,18,UHCougars,Houston Athletics,44545,391,14,2,2022
https://twitter.com/vaynernft/status/1493323885302984712,2022-02-14 20:38:53+00:00,1493323885302984712,2/4 @budlight kicked it off 🏈 w/ a commercial featuring a N3XT Collection NFT &amp; @nounsdao glasses in an art gallery ⌐◨-◨,1,1,14,vaynernft,VaynerNFT,40132,1423,14,2,2022
https://twitter.com/trapp07/status/1493314844363145217,2022-02-14 20:02:58+00:00,1493314844363145217,@budlight Holding you guys to that!! 🍻🤣🤣,2,2,64,trapp07,Taylor Rapp,10779,121,14,2,2022
https://twitter.com/BuffaloSabres/status/1493297587226619907,2022-02-14 18:54:23+00:00,1493297587226619907,"Of all your buds, who's the biggest life of the party? Bring them to Bring Your Buds Night tomorrow! 🎟: https://t.co/H1r7hvdNPA #LetsGoBuffalo | @budlight https://t.co/DTpN5jkcxL",14,5,157,BuffaloSabres,Buffalo Sabres,887567,421,14,2,2022
https://twitter.com/NattyBDC/status/1493282348225474566,2022-02-14 17:53:50+00:00,1493282348225474566,"@budlight Roses are red, violets are blue, stop supporting Dan Snyder, or we'll stop drinking you.",1,0,2,NattyBDC,Natty,760,1025,14,2,2022
https://twitter.com/budlight/status/1493282248233299973,2022-02-14 17:53:26+00:00,1493282248233299973,Get yours here: https://t.co/cR71ZDWKny,2,2,30,budlight,Bud Light,265045,254,14,2,2022
https://twitter.com/budlight/status/1493275025385963524,2022-02-14 17:24:44+00:00,1493275025385963524,"You got her flowers, I got her a heart-shaped 12-pack. We are not the same. https://t.co/vcR3om4beI",55,24,360,budlight,Bud Light,265045,254,14,2,2022
https://twitter.com/budlight/status/1493271118404276231,2022-02-14 17:09:12+00:00,1493271118404276231,Victory’s never tasted so crisp @RamsNFL #RamsHouse https://t.co/6vAmfHisHM,11,0,148,budlight,Bud Light,265045,254,14,2,2022
https://twitter.com/hhhoustonk/status/1493267278581927938,2022-02-14 16:53:57+00:00,1493267278581927938,"I am between @BuschBeer, @budlight, @budweiserusa and @MichelobULTRA as the official beer for my trip to the #Daytona500. Who ever replies first wins. 🏁",1,1,2,hhhoustonk,houstoñ🔑,223,239,14,2,2022
https://twitter.com/lekh27/status/1493247492636700675,2022-02-14 15:35:20+00:00,1493247492636700675,@SBMusicFest @MileyCyrus @cryptocomarena @budlight @instabaeth Most beloved Miley https://t.co/7lN97KfPxe,1,0,2,lekh27,vijay banga,921,2018,14,2,2022
https://twitter.com/OxfordYazuka/status/1493238042483564545,2022-02-14 14:57:47+00:00,1493238042483564545,I got a POAP last night because I’m @Noundles and @budlight next holder! https://t.co/CZYKId9t8t,2,1,24,OxfordYazuka,3537.eth,139,237,14,2,2022
https://twitter.com/skeffdist/status/1493231116618248193,2022-02-14 14:30:15+00:00,1493231116618248193,Mondays got us feeling like: 😴 #budlight #sleepypup #mondaymood https://t.co/jDekkcglUw,1,0,1,skeffdist,Skeff Distributing,576,489,14,2,2022
https://twitter.com/sharkdao/status/1493226996968693761,2022-02-14 14:13:53+00:00,1493226996968693761,"@vaynernft @supergremplin @budlight @nounsdao @poapxyz Thank you, @supergremplin!! We love it! https://t.co/DlmdTALKwH",1,0,3,sharkdao,SharkDAO ⌐◨-◨,8502,134,14,2,2022
https://twitter.com/BrettTheBrewer/status/1493200044438298624,2022-02-14 12:26:47+00:00,1493200044438298624,"Watching these @budlight NFTs melt down. Man, I hope it was worth the $5 million you raked in @abinbev because you pissed off a LOT of people with your cash grab…I mean #NFTdrop 🤣 at least sweep the floor 😂 #beer #NFT #NFTs #NFTCommunity #nftart #BudLightNext #cryptocurrency",2,1,8,BrettTheBrewer,Brett the Brewer,763,911,14,2,2022
https://twitter.com/JnMadness1/status/1493178734966452224,2022-02-14 11:02:06+00:00,1493178734966452224,@budlight @kendricklamar LMAOOOOO 😂😂🤣,2,0,3,JnMadness1,JnMadness 🤟💯🔥,222,2276,14,2,2022
https://twitter.com/esm_magazine/status/1493148192963244033,2022-02-14 09:00:45+00:00,1493148192963244033,"From mind-reading apps to The Cable Guy – here are some of this year's best #SuperBowl ads. Featuring commercials from @Pringles, @budlight, @LAYS, @SamsClub, @MichelobULTRA, @Hellmanns, @amazon  and more.  https://t.co/MEBrev7773 #ads #commercials Follow @esm_magazine.",1,0,0,esm_magazine,European Supermarket Magazine,12473,279,14,2,2022
https://twitter.com/Pablos_innit/status/1493145013580038145,2022-02-14 08:48:07+00:00,1493145013580038145,"No idea what's N3XT (geddit?) for the @budlight NFT project, but this was a cute lil collab with @nounsdao 👏👏👏 Here's to the year ahead. 🍻 #NFT #NFTs #NFTCommunity #NFTdrop #SuperBowlLVI https://t.co/klTLCsa4SI",1,2,4,Pablos_innit,Pablos.eth✌️,719,505,14,2,2022
https://twitter.com/PANONYGroup/status/1493123165047824385,2022-02-14 07:21:18+00:00,1493123165047824385,2022.02.14 Top volume #NFT project ranking by @PANONYGroup and @nftscan_com @PunkMfers @ensdomains @ALPACADABRAZ @TastyBonesNFT @audioglyphs @apemfers @sartoshi_nft @AzukiZen @BoredApeYC @grumpetsNFT @budlight @cryptoadpunks @NotoriousAliens https://t.co/rBspiTpTs0,1,1,6,PANONYGroup,PANONY,18481,1004,14,2,2022
https://twitter.com/YourRainbowShop/status/1493108753268305921,2022-02-14 06:24:02+00:00,1493108753268305921,"We're very thankful that Noundles was included in the airdropped POAP for Super Bowl LVI 🏈 Designed by the incomparable @supergremplin, this digital memento was minted in celebration of the Nouns cameo in the ad introducing @budlight NEXT [1/2] https://t.co/D7CXcwdDWu",1,3,26,YourRainbowShop,🌈 Noundles Rainbow Shop ⌐◨-◨,3720,385,14,2,2022
https://twitter.com/imstingray/status/1493099703281410049,2022-02-14 05:48:04+00:00,1493099703281410049,#NewNFTProfilePic NFT by BudLight https://t.co/jjmqBREa66,1,0,7,imstingray,LawrenceTorres.eth,3293,1736,14,2,2022
https://twitter.com/CryptoGucci/status/1493083581853405186,2022-02-14 04:44:00+00:00,1493083581853405186,2/ @nounsdao makes history by being the 1st NFT to appear in a Super Bowl commercial for @budlight  https://t.co/PExh5R05QJ,2,1,24,CryptoGucci,Crypto-Gucci.eth ᵍᵐ🦇🔊,40275,2760,14,2,2022
https://twitter.com/inkfinance/status/1493082753893830656,2022-02-14 04:40:43+00:00,1493082753893830656,The 6 #crypto Super Bowl 🏈🍾 ads   1) @FTX_Official  2) @cryptocom  3) @coinbase  4) @eToro   5) @bitbuy  6) @budlight ft. Nouns #NFT #SuperBowl  #defi #web3,1,0,5,inkfinance,Ink Finance,22902,86,14,2,2022
https://twitter.com/Ap7bB/status/1493082357787623428,2022-02-14 04:39:08+00:00,1493082357787623428,@nikolamotor @budlight Anymore stupid “downhill rolling”comments ? Looks like the trolls are quite lately.,1,0,7,Ap7bB,Allan B.,8,58,14,2,2022
https://twitter.com/pbhnft/status/1493077900903555074,2022-02-14 04:21:26+00:00,1493077900903555074,@nounsdao did we see you in a super bowl ad? @budlight #nft #nounsdao #budlight #SBLVI https://t.co/4YMSUtU1UG,1,1,4,pbhnft,Paper Bag Heads NFT,31,193,14,2,2022
https://twitter.com/notmbwNFT/status/1493071926603890692,2022-02-14 03:57:41+00:00,1493071926603890692,Soooo.. @nounsdao made an appearance with @budlight and @AdamBombSquad sold official gear at the event. While some may be disappointed? This was a huge W.,1,1,4,notmbwNFT,MBW,1873,1871,14,2,2022
https://twitter.com/budlight/status/1493067897148686339,2022-02-14 03:41:41+00:00,1493067897148686339,@macsjuicebox You ready for flavor?,1,1,1,budlight,Bud Light,265045,254,14,2,2022
https://twitter.com/budlight/status/1493067853695795201,2022-02-14 03:41:30+00:00,1493067853695795201,@PunishedTinfoil @nounsdao The real ones know!,1,0,4,budlight,Bud Light,265045,254,14,2,2022
https://twitter.com/0xgerk/status/1493067340149248001,2022-02-14 03:39:28+00:00,1493067340149248001,Can't wait to see what's Next! @Noundles  @budlight #BudLightNext https://t.co/mTheBTdKXZ,1,1,1,0xgerk,0xGerk.ethΞ🅿️ ⌐◨-◨,71,992,14,2,2022
https://twitter.com/budlight/status/1493066766574137345,2022-02-14 03:37:11+00:00,1493066766574137345,Just guys being guys! https://t.co/V2MeTmchFO,19,5,185,budlight,Bud Light,265045,254,14,2,2022
https://twitter.com/budlight/status/1493065907517763587,2022-02-14 03:33:46+00:00,1493065907517763587,Let us know where to send the beer for the wedding https://t.co/cGchQNuptK,39,12,440,budlight,Bud Light,265045,254,14,2,2022
https://twitter.com/MsWrightSays/status/1493064879061753858,2022-02-14 03:29:41+00:00,1493064879061753858,"Random #SuperBowl Musings #1: How many y’all drink or will drink the beers marketed on the commercials: Budweiser, Bud Light Hard Selter, Busch Light, Michelob Ultra? If not what's your beer/alcohol drink of choice?  #Beer #Alcohol #Budweiser #Budlight #BuschLight #MichelobUltra",1,1,1,MsWrightSays,Ramona Wright,1134,885,14,2,2022
https://twitter.com/budlight/status/1493063991219867650,2022-02-14 03:26:09+00:00,1493063991219867650,Get your merch here: https://t.co/NwcvOylof2,5,1,29,budlight,Bud Light,265045,254,14,2,2022
https://twitter.com/budlight/status/1493063928179576846,2022-02-14 03:25:54+00:00,1493063928179576846,Stock up on your #SBLVI Champs @RamsNFL gear! https://t.co/UKQ0ptAWpY,27,10,111,budlight,Bud Light,265045,254,14,2,2022
https://twitter.com/GuyFieri/status/1493063239630008322,2022-02-14 03:23:10+00:00,1493063239630008322,The Flavor has landed!! @budlight  #LOUDESTFLAVORSEVER https://t.co/y5SCMoKf4K,119,49,1997,GuyFieri,Mayor Guy Fieri,3532172,419,14,2,2022
https://twitter.com/budlight/status/1493062845629616132,2022-02-14 03:21:36+00:00,1493062845629616132,@xX_Nice_Guy_Xx The mayor is pretty convincing. #LoudestFlavorsEver,1,1,3,budlight,Bud Light,265045,254,14,2,2022
https://twitter.com/malachiobrien/status/1493061641889628161,2022-02-14 03:16:49+00:00,1493061641889628161,No order. Just moments that stood out to me  @SuperBowl #SuperBowl  1. @coinbase QR code  2. @budlight ⌐◨-◨ 3. @pepsi Portal  4. @binance #POAP  5. #nfts &amp; #crypto  6. @TheRock Opening,1,3,11,malachiobrien,DrMalachi.eth - Ultrarunner NFTs & POAPS,43089,32641,14,2,2022
https://twitter.com/finatic1972/status/1493061171116654593,2022-02-14 03:14:57+00:00,1493061171116654593,@cwilkins42 @budlight I love @cwilkins42 that was #BudLightCellyoftheYear and this is the #BudLightUssyOfTheYear🤩 https://t.co/T32nqEDzRb,1,0,6,finatic1972,Lisa I’m Fighting Cancer for you mom😇😭💔,2622,1608,14,2,2022
https://twitter.com/JoelCares_/status/1493061125428154371,2022-02-14 03:14:46+00:00,1493061125428154371,"@budlight @nounsdao @LadyApeFundy In the beginning, there was noggles. Nouns 3:16",1,0,4,JoelCares_,Joel Cares ⌐◨-◨,602,2361,14,2,2022
https://twitter.com/TheMatticusFits/status/1493060903654281216,2022-02-14 03:13:53+00:00,1493060903654281216,&gt;the announcement Expectation: world shattering NFT add ushers in giga bull Reality: out of context/no purpose 3 second spotlight in Budlight commercial.  #CC0 https://t.co/Nglo7a7AZU,1,0,10,TheMatticusFits,𝕸𝖆𝖙𝖙𝖎,1395,357,14,2,2022
https://twitter.com/budlight/status/1493060413302394886,2022-02-14 03:11:56+00:00,1493060413302394886,Whose house? Champs house!  Congratulations to @RamsNFL for winning #SBLVI https://t.co/lRFpRuoyTS,32,10,137,budlight,Bud Light,265045,254,14,2,2022
https://twitter.com/budlight/status/1493059524504264704,2022-02-14 03:08:25+00:00,1493059524504264704,Whose House? Champs House! https://t.co/sHz0D5sBQ6,18,8,110,budlight,Bud Light,265045,254,14,2,2022
https://twitter.com/budlight/status/1493059058596732932,2022-02-14 03:06:33+00:00,1493059058596732932,@timthetatman We never doubted you for a second.,1,3,44,budlight,Bud Light,265045,254,14,2,2022
https://twitter.com/budlight/status/1493058039443824644,2022-02-14 03:02:30+00:00,1493058039443824644,@mattmcqueen Hit that RT.,1,1,1,budlight,Bud Light,265045,254,14,2,2022
https://twitter.com/budlight/status/1493057921160294403,2022-02-14 03:02:02+00:00,1493057921160294403,"@budweiserusa @GuyFieri Looking forward to it, 👑",4,2,25,budlight,Bud Light,265045,254,14,2,2022
https://twitter.com/budlight/status/1493057778268659715,2022-02-14 03:01:28+00:00,1493057778268659715,"Congrats to @RobertWoods, @VonMiller and the @RamsNFL for winning #SBLVI! Beers on us champs!",30,8,195,budlight,Bud Light,265045,254,14,2,2022
https://twitter.com/budlight/status/1493055749995511812,2022-02-14 02:53:25+00:00,1493055749995511812,Last chance to score a fridge! RT for a chance to win! #LoudestFlavorsEver #sweepstakes https://t.co/H15dqFBu3w,3087,429,1606,budlight,Bud Light,265045,254,14,2,2022
https://twitter.com/budlight/status/1493054957599268866,2022-02-14 02:50:16+00:00,1493054957599268866,@BdubKnows Noted.,2,0,2,budlight,Bud Light,265045,254,14,2,2022
https://twitter.com/budlight/status/1493054277153136647,2022-02-14 02:47:33+00:00,1493054277153136647,@CaucasianJames What size jacket you wear? 🔥  #LoudestFlavorsEver,1,14,854,budlight,Bud Light,265045,254,14,2,2022
https://twitter.com/gamedaymomma/status/1493052759234342912,2022-02-14 02:41:32+00:00,1493052759234342912,@budlight Dreamin’ 😍🔥 #LoudestFlavorsEver #Sweepstakes Love the Cherry 🍒 Color and ALL!,1,0,0,gamedaymomma,Amy Corpas,34,935,14,2,2022
https://twitter.com/AvosFromMexico/status/1493050235446247430,2022-02-14 02:31:30+00:00,1493050235446247430,@budlight She agrees. #AlwaysGood #SBLVI #adbowl https://t.co/L6AeYOBhLZ,5,3,17,AvosFromMexico,Avocados From Mexico,54563,2984,14,2,2022
https://twitter.com/vaynernft/status/1493050030609022981,2022-02-14 02:30:41+00:00,1493050030609022981,Thanks @supergremplin for a legendary Super Bowl memento ✊ if you’re a @budlight @nounsdao (or select Nounish) NFT holder check your @poapxyz or 🌈 👀 https://t.co/Xu4D0JyasV,41,41,278,vaynernft,VaynerNFT,40132,1423,14,2,2022
https://twitter.com/budlight/status/1493049396933627912,2022-02-14 02:28:10+00:00,1493049396933627912,@wendykrafferty We've got the Mayor! #LoudestFlavorsEver https://t.co/i55mJdjaLM,3,1,6,budlight,Bud Light,265045,254,14,2,2022
https://twitter.com/fivecabrinis/status/1493048989247098883,2022-02-14 02:26:33+00:00,1493048989247098883,@budlight @Valeries386 Yes please! #LoudestFlavorsEver #Sweepstakes https://t.co/QzBcKUEoyh,1,0,1,fivecabrinis,Robin Cabrini,909,2964,14,2,2022
https://twitter.com/JoseSure75/status/1493048515479674885,2022-02-14 02:24:40+00:00,1493048515479674885,@budlight I actually need that #loudestflavorsever #sweepstakes,1,0,0,JoseSure75,Joseph Fah-door,126,1442,14,2,2022
https://twitter.com/bookingcom/status/1493047049176109057,2022-02-14 02:18:50+00:00,1493047049176109057,"@budlight 📍 Need a ride to Flavortown? It's on us, just tag us @bookingcom with #sendmethere #sweepstakes Official Rules: https://t.co/jD4klRKbVp",30,265,167,bookingcom,Booking.com,186310,3962,14,2,2022
https://twitter.com/budlight/status/1493046717113147392,2022-02-14 02:17:31+00:00,1493046717113147392,@AvosFromMexico Your graphic designer needs a raise #LoudestFlavorsEver,2,4,33,budlight,Bud Light,265045,254,14,2,2022
https://twitter.com/vinessavasquez/status/1493046690709839877,2022-02-14 02:17:25+00:00,1493046690709839877,@budlight Wow! This is nice! #LoudestFlavorsEver #sweepstakes,1,0,0,vinessavasquez,Vee,1865,4726,14,2,2022
https://twitter.com/gm8xx8/status/1493046551291301888,2022-02-14 02:16:51+00:00,1493046551291301888,Me when I saw @nounsdao in the @budlight commercial https://t.co/o7CVzbdruR,1,0,2,gm8xx8,gm8xx8.eth,1230,3311,14,2,2022
https://twitter.com/budweiserusa/status/1493046516013060096,2022-02-14 02:16:43+00:00,1493046516013060096,"@budlight @GuyFieri The mayor needs to meet the KING. We'll throw some time on your cal, @guyfieri.",9,8,106,budweiserusa,Budweiser.beer.eth,244685,1340,14,2,2022
https://twitter.com/budlight/status/1493046175079014401,2022-02-14 02:15:22+00:00,1493046175079014401,"You saw the commercial, now get the fridge. RT for a chance to win! #LoudestFlavorsEver #sweepstakes https://t.co/CBQXXXEuz5",4211,553,2115,budlight,Bud Light,265045,254,14,2,2022
https://twitter.com/budlight/status/1493045563570409474,2022-02-14 02:12:56+00:00,1493045563570409474,@Rakuten @GuyFieri All hail the Mayor of Flavor 👑,1,0,18,budlight,Bud Light,265045,254,14,2,2022
https://twitter.com/budlight/status/1493045089316265985,2022-02-14 02:11:03+00:00,1493045089316265985,@stevis2point0 Louder for the people in the back. #LoudestFlavorsEver,1,0,2,budlight,Bud Light,265045,254,14,2,2022
https://twitter.com/budlight/status/1493044403115544578,2022-02-14 02:08:19+00:00,1493044403115544578,@haleyp711 Let it be known! #LoudestFlavorsEver,2,0,1,budlight,Bud Light,265045,254,14,2,2022
https://twitter.com/budlight/status/1493044396295606274,2022-02-14 02:08:18+00:00,1493044396295606274,@BaileyCarlin That's exactly how we came up with it. #LoudestFlavorsEver,1,1,39,budlight,Bud Light,265045,254,14,2,2022
https://twitter.com/budlight/status/1493044204402003968,2022-02-14 02:07:32+00:00,1493044204402003968,@trevorxzak Stamped by the one and only! #LoudestFlavorsEver,1,0,4,budlight,Bud Light,265045,254,14,2,2022
https://twitter.com/budlight/status/1493044051876134914,2022-02-14 02:06:56+00:00,1493044051876134914,@uggo69 You're about it!,1,0,2,budlight,Bud Light,265045,254,14,2,2022
https://twitter.com/budlight/status/1493043929859698693,2022-02-14 02:06:26+00:00,1493043929859698693,@Aye_Skyler That's it. That's the tweet.,1,0,1,budlight,Bud Light,265045,254,14,2,2022
https://twitter.com/budlight/status/1493043783591727107,2022-02-14 02:05:52+00:00,1493043783591727107,@JWhittNC Dubs all around.,1,0,2,budlight,Bud Light,265045,254,14,2,2022
https://twitter.com/budlight/status/1493043686095167492,2022-02-14 02:05:28+00:00,1493043686095167492,@trevorxzak The mayor has spoken.,1,0,4,budlight,Bud Light,265045,254,14,2,2022
https://twitter.com/budlight/status/1493043503357739010,2022-02-14 02:04:45+00:00,1493043503357739010,@burkemade @toriexrose The mayors official declaration.,1,0,6,budlight,Bud Light,265045,254,14,2,2022
https://twitter.com/Nicholasmexia/status/1493043377293742080,2022-02-14 02:04:15+00:00,1493043377293742080,Y’all all talking about the halftime show but the @GuyFieri @budlight Flavortown commercial was 10x better,2,0,4,Nicholasmexia,N🅿️M,681,1519,14,2,2022
https://twitter.com/barkbox/status/1493043291922780160,2022-02-14 02:03:54+00:00,1493043291922780160,BACK AGAIN WITH ANOTHER DOG-LESS COMMERCIAL (but we fixed it). Come on @GuyFieri !! @budlight @BarkyBo #SuperBowl https://t.co/di6s9WaIvr,2,3,34,barkbox,BarkBox,306358,2959,14,2,2022
https://twitter.com/budlight/status/1493043227406045184,2022-02-14 02:03:39+00:00,1493043227406045184,@GuyFieri We’ve got a new bar in the #LandofLoudFlavors… Richard Horn’s Saloon! Congrats to Richard for winning our Name in the Big Game contest! https://t.co/rYtcOrmthf,8,6,149,budlight,Bud Light,265045,254,14,2,2022
https://twitter.com/budlight/status/1493043109265133569,2022-02-14 02:03:11+00:00,1493043109265133569,@Brokeeefe Welcome to flavor!,1,0,7,budlight,Bud Light,265045,254,14,2,2022
https://twitter.com/lisalacy/status/1493043006030626820,2022-02-14 02:02:46+00:00,1493043006030626820,".@BudLight Seltzer and @GuyFieri: 😬. Then again, I’m not the target demo. #SuperBowl",1,1,9,lisalacy,Lisa Lacy,3760,993,14,2,2022
https://twitter.com/danimccleish/status/1493042893942104065,2022-02-14 02:02:19+00:00,1493042893942104065,@budlight  @GuyFieri  Seltzer Hard Soda ad was definitely the best campaign this season #Budlight #guyfieri https://t.co/BPHeHPotDM,1,1,1,danimccleish,dani 🤠🐇🪩🫶🏻,706,746,14,2,2022
https://twitter.com/budlight/status/1493042871208927236,2022-02-14 02:02:14+00:00,1493042871208927236,@B_Marsh92 There's a new flavor in town.,1,1,12,budlight,Bud Light,265045,254,14,2,2022
https://twitter.com/hardmountaindew/status/1493042808290217994,2022-02-14 02:01:59+00:00,1493042808290217994,@budlight @GuyFieri Ratio 😏,19,6,616,hardmountaindew,Hard Mountain Dew,35190,7,14,2,2022
https://twitter.com/Rakuten/status/1493042726845104130,2022-02-14 02:01:40+00:00,1493042726845104130,*Shows up to work tomorrow in @GuyFieri wig* @budlight,3,1,44,Rakuten,Rakuten,93736,38,14,2,2022
https://twitter.com/kweencarly/status/1493042707467436033,2022-02-14 02:01:35+00:00,1493042707467436033,Budlight Hard Seltzer flavored… sodas… https://t.co/jZo39DvrpS,1,0,1,kweencarly,Carly Michelle 🌚,323,238,14,2,2022
https://twitter.com/LCSOfficial/status/1493042707022766081,2022-02-14 02:01:35+00:00,1493042707022766081,It's @JamesDash and @VulcanLoL up against @LeTigress and @Impact today on the @budlight League Lounge!  📺 https://t.co/nHSA59EgNR https://t.co/SYpXgJsVOR,2,0,31,LCSOfficial,LCS,243202,282,14,2,2022
https://twitter.com/turbotax/status/1493042637850361856,2022-02-14 02:01:18+00:00,1493042637850361856,".@budlight in the #LandofLoudFlavors, what is the perfect match for a seltzer hard soda? #MyTurboTaxMatch #SBLVI #SuperBowl",3,3,9,turbotax,Intuit TurboTax,64669,927,14,2,2022
https://twitter.com/BeerLeaguePod/status/1493042629822623752,2022-02-14 02:01:16+00:00,1493042629822623752,It’s almost like we knew @budlight was gonna make a (insert game name) Commercial about these hard sodas. #BudLightCelly https://t.co/3MVCUbkPeF,1,0,1,BeerLeaguePod,The Beer League,726,218,14,2,2022
https://twitter.com/AvosFromMexico/status/1493042583785910273,2022-02-14 02:01:06+00:00,1493042583785910273,Introducing the Mayor’s SGA (Secretary of Guac Affairs). @Budlight #AlwaysGood #SBLVI #adbowl https://t.co/c81KWfxq52,36,15,76,AvosFromMexico,Avocados From Mexico,54563,2984,14,2,2022
https://twitter.com/budlight/status/1493042532263026695,2022-02-14 02:00:53+00:00,1493042532263026695,Name this @GuyFieri album https://t.co/8865lEzKuP,72,165,639,budlight,Bud Light,265045,254,14,2,2022
https://twitter.com/JimStengel/status/1493042492442394626,2022-02-14 02:00:44+00:00,1493042492442394626,".@budlight nails it on the Hard Seltzer - bold flavors, a point of difference. #superbowl",1,1,3,JimStengel,Jim Stengel,13818,1067,14,2,2022
https://twitter.com/budlight/status/1493042436515450890,2022-02-14 02:00:30+00:00,1493042436515450890,@CDuff3346 We know what you like.,2,3,11,budlight,Bud Light,265045,254,14,2,2022
https://twitter.com/budlight/status/1493042407113297921,2022-02-14 02:00:23+00:00,1493042407113297921,@commentormush2 @GuyFieri He's the one and only!,1,2,1,budlight,Bud Light,265045,254,14,2,2022
https://twitter.com/Adweek/status/1493042275122884609,2022-02-14 01:59:52+00:00,1493042275122884609,"🚪 Take a journey to the Land of Loud Flavors, where everyone has bleached hair and loves big flavor—just like the mayor, @GuyFieri—in @BudLight Seltzer Hard Soda's #SuperBowl ad. https://t.co/elSP6VS6TU",2,2,23,Adweek,Adweek,690383,26538,14,2,2022
https://twitter.com/Kody_Blevins8/status/1493042223834927106,2022-02-14 01:59:40+00:00,1493042223834927106,Channeling the full power of the Stafford Staff for this come back @budlight https://t.co/dS1mGqox5K,1,1,14,Kody_Blevins8,Kody Blevins,470,419,14,2,2022
https://twitter.com/cortesbjj/status/1493041250357944320,2022-02-14 01:55:48+00:00,1493041250357944320,Guys who saw @nounsdao @budlight  noun glasses . My batz retweet and like if you think @CryptoBatzNFT  needs to collab with @budlight #NFTs #NFTCommumity https://t.co/x9Mqmi304g,1,0,3,cortesbjj,Nic,311,397,14,2,2022
https://twitter.com/budlight/status/1493040040062197761,2022-02-14 01:50:59+00:00,1493040040062197761,@alexabarks It's a yes from all of us.,1,0,0,budlight,Bud Light,265045,254,14,2,2022
https://twitter.com/budlight/status/1493038630071324676,2022-02-14 01:45:23+00:00,1493038630071324676,If you need more guys @kendricklamar #HalfTimeShow https://t.co/yZUBK3JSUd,72,17,719,budlight,Bud Light,265045,254,14,2,2022
https://twitter.com/ChantalRapport/status/1493038263199834113,2022-02-14 01:43:55+00:00,1493038263199834113,"The @budlight seltzer ad blew my mind, and not in a good way. overproduced and a lot of creative $$ that took too long to get to point. I appreciate the talent and creative skills, but I do not want to go to flavor town. @Forbes",2,0,9,ChantalRapport,Chantal Rapport,497,257,14,2,2022
https://twitter.com/budlight/status/1493038040859750407,2022-02-14 01:43:02+00:00,1493038040859750407,@Brittzbits The dopest!,1,0,3,budlight,Bud Light,265045,254,14,2,2022
https://twitter.com/budlight/status/1493037700160663553,2022-02-14 01:41:41+00:00,1493037700160663553,Flavor awaits… https://t.co/Ar8AHfMp3h,19,10,178,budlight,Bud Light,265045,254,14,2,2022
https://twitter.com/passingbags/status/1493037141139640320,2022-02-14 01:39:28+00:00,1493037141139640320,this is the most interesting super bowl ever.... @HeliumUSA @moon_cataz @dcost11 a certain negotiation of race and sports.... like a real first or something @budlight @NounPunks,1,1,2,passingbags,PẶṨഗ유₦❡ ₿Ặⓖ$,837,1507,14,2,2022
https://twitter.com/budlight/status/1493036816458563587,2022-02-14 01:38:10+00:00,1493036816458563587,I picked the worst time to get a beer https://t.co/MwHbFuyQmx,31,25,229,budlight,Bud Light,265045,254,14,2,2022
https://twitter.com/CryptoPittz/status/1493032278577930240,2022-02-14 01:20:09+00:00,1493032278577930240,"TOMORROW! Valentine's Day #NFT Minting! 1000 NFT Presale Whitelist 2 will go LIVE @18UTC!! Grab yourself a piece of real metaverse and NFT 2.0 tech in our whitelist 2 presale. If you missed this round, then hop in Discord&amp; get on WL3!! #NFT #Budlight #SuperBowl #HalfTimeShow https://t.co/6b46e3m2p5",19,0,33,CryptoPittz,CryptoPittz,4859,864,14,2,2022
https://twitter.com/JSamanka/status/1493030806729723906,2022-02-14 01:14:18+00:00,1493030806729723906,"@budlight No clearance issues here, but how's those fumes, Granny? #SpotAZero  #Sweepstakes https://t.co/4tViSfuwVe",1,0,1,JSamanka,Mudshuvel82,111,301,14,2,2022
https://twitter.com/budlight/status/1493030596884500482,2022-02-14 01:13:28+00:00,1493030596884500482,@TheModernMango What a gem!,1,1,1,budlight,Bud Light,265045,254,14,2,2022
https://twitter.com/avery_akkineni/status/1493029899598241792,2022-02-14 01:10:41+00:00,1493029899598241792,"Fun way to celebrate today 🏈 if you’re a nouns, toadz, bud light, or nounish project holder, check your 🌈 @nounsdao @supergremplin @poapxyz @budlight  https://t.co/OT4SMEvwkS",21,23,124,avery_akkineni,Avery,8527,2731,14,2,2022
https://twitter.com/budlight/status/1493028913806774276,2022-02-14 01:06:46+00:00,1493028913806774276,@Kevin_NFT_23 @PRD_ALPHA @prd We're proud of them!,3,0,3,budlight,Bud Light,265045,254,14,2,2022
https://twitter.com/RyNyeDaScynzguy/status/1493027570249523200,2022-02-14 01:01:26+00:00,1493027570249523200,Missin the Bud knight right now.@budlight #SuperBowl,1,0,3,RyNyeDaScynzguy,Riley Nichols,18,101,14,2,2022
https://twitter.com/budlight/status/1493027069701369856,2022-02-14 00:59:27+00:00,1493027069701369856,@PRD_ALPHA Glad you're on board for what's NEXT!,3,1,3,budlight,Bud Light,265045,254,14,2,2022
https://twitter.com/budlight/status/1493026127648104452,2022-02-14 00:55:42+00:00,1493026127648104452,Lots of zeros in the first half of #SBLVI! You can still enter #SpotAZero #Sweepstakes for your chance to win $10k. https://t.co/99PpgKbsIb,152,718,654,budlight,Bud Light,265045,254,14,2,2022
https://twitter.com/PRD_ALPHA/status/1493026002490044420,2022-02-14 00:55:12+00:00,1493026002490044420,History has definitely been made! @budlight 🙌🏼 I'm Bud Light Next #NFT holder x2. I'm all about it 💯 been printing to my alpha community.  I knew you guys would deliver! 🔥 Cheers 🍻 https://t.co/MLfVayXWbU https://t.co/PjlXCIURe8,4,3,13,PRD_ALPHA,+PRD | prdalpha.eth,4594,1861,14,2,2022
https://twitter.com/rust_Iord/status/1493025786361786368,2022-02-14 00:54:21+00:00,1493025786361786368,"@budlight now that i’ve got your attention, nfts are dumb + ratio https://t.co/hyscEsEegz",6,0,17,rust_Iord,rust lord,25,27,14,2,2022
https://twitter.com/budlight/status/1493025401869905922,2022-02-14 00:52:49+00:00,1493025401869905922,@Doritos @ChesterCheetah Hey @ChesterCheetah &amp; @Doritos are those 0’s or O’s in #Doritos? Asking for some friends #SpotAZero https://t.co/9WvFIvcGMc,7,6,51,budlight,Bud Light,265045,254,14,2,2022
https://twitter.com/budlight/status/1493024284654063622,2022-02-14 00:48:23+00:00,1493024284654063622,@GuyFieri You're on FIERI right now,9,0,112,budlight,Bud Light,265045,254,14,2,2022
https://twitter.com/0xDiiu/status/1493024199975313413,2022-02-14 00:48:02+00:00,1493024199975313413,Thanks for the care package for Super Bowl Sunday @budweiserusa I’ll make sure to have a bud in hand @budlight https://t.co/gU4W0CCwXk,1,1,20,0xDiiu,Diiu,272,1073,14,2,2022
https://twitter.com/budlight/status/1493023195997380611,2022-02-14 00:44:03+00:00,1493023195997380611,@bwallsus Would ya look at that. https://t.co/5xODXLn95h,3,1,5,budlight,Bud Light,265045,254,14,2,2022
https://twitter.com/salman78600/status/1493022598183202819,2022-02-14 00:41:41+00:00,1493022598183202819,Excited to be part of #BudLight Super Bowl 2022. Checkout the collection https://t.co/oRSaMFA8Ir.   Profile nft - 1315 #BrewedForWhatsNext #SpotAZero #BudLightNext,1,0,1,salman78600,Salman Lakhani,562,1969,14,2,2022
https://twitter.com/brendeng55/status/1493022333472321538,2022-02-14 00:40:37+00:00,1493022333472321538,@MillerLite Woahhhh @budlight,1,0,2,brendeng55,bgoldman.eth,389,556,14,2,2022
https://twitter.com/YourRainbowShop/status/1493022217445076993,2022-02-14 00:40:10+00:00,1493022217445076993,"Wow, did you see it? @nounsdao glasses on a @budlight  ad. We just crossed a threshold, folks! Quite a moment for Nounish communities and Noundles are happy to be along for the vibe! ⬇️⬇️",29,7,108,YourRainbowShop,🌈 Noundles Rainbow Shop ⌐◨-◨,3720,385,14,2,2022
https://twitter.com/Mutant16928/status/1493021977459793921,2022-02-14 00:39:13+00:00,1493021977459793921,Loved the NFT imagery in @budlight commercial tonight. They’ve consistently nailed the light touch.,1,1,3,Mutant16928,Atticus,5736,3145,14,2,2022
https://twitter.com/HODLadrenaline/status/1493021478698115072,2022-02-14 00:37:14+00:00,1493021478698115072,#NFT commercials so far @coinbase @budlight missing any others? Figured there would be more at this point,2,0,5,HODLadrenaline,Chanman,1051,1759,14,2,2022
https://twitter.com/budlight/status/1493020842497871889,2022-02-14 00:34:42+00:00,1493020842497871889,More like TeeD Higgins @teehiggins5 https://t.co/BLz5di32r7,9,3,88,budlight,Bud Light,265045,254,14,2,2022
https://twitter.com/budlight/status/1493020404193112068,2022-02-14 00:32:57+00:00,1493020404193112068,@SaraEisen Here's to many more!,1,0,3,budlight,Bud Light,265045,254,14,2,2022
https://twitter.com/SaraEisen/status/1493018478529310720,2022-02-14 00:25:18+00:00,1493018478529310720,First super bowl. first @budlight https://t.co/KpVNhGA9pJ,17,165,1395,SaraEisen,Sara Eisen,155254,786,14,2,2022
https://twitter.com/AsherahEth/status/1493018330541834247,2022-02-14 00:24:43+00:00,1493018330541834247,"Technically @nounsdao and @budlight we're first, but that was more of a #IYKYK kinda thing...",1,1,9,AsherahEth,asherah.eth 🇺🇦☮️♥️,21755,951,14,2,2022
https://twitter.com/sidenoun/status/1493017094530686983,2022-02-14 00:19:48+00:00,1493017094530686983,That was 🤌🍺 ⌐◨-◨  @NounsDAO 🤝 @BudLight,1,0,53,sidenoun,"Nouns, Sidenoun ⌐◨-◨",1470,753,14,2,2022
https://twitter.com/funominalle/status/1493016846588514304,2022-02-14 00:18:49+00:00,1493016846588514304,@budlight @budlight likes the @Noundles,1,0,3,funominalle,Flying Crypto Cat,4166,1188,14,2,2022
https://twitter.com/CryptoNCoffeee/status/1493016621199376384,2022-02-14 00:17:56+00:00,1493016621199376384,@budlight feat @nounsdao https://t.co/rUxPnvbT2Q,2,0,7,CryptoNCoffeee,Jess💙,35836,3505,14,2,2022
https://twitter.com/malachiobrien/status/1493016616006787073,2022-02-14 00:17:54+00:00,1493016616006787073,Live tweeting #SuperBowl #SuperBowlCommercials thoughts and opinions.  @budlight social media team for the win on interacting.  I absolutely should have grabbed their #NFT,1,1,2,malachiobrien,DrMalachi.eth - Ultrarunner NFTs & POAPS,43089,32641,14,2,2022
https://twitter.com/NRv_gg/status/1493016335810449408,2022-02-14 00:16:48+00:00,1493016335810449408,@budlight The apes like @budlight @WealthyApeSC https://t.co/CkhLJOyu0S,1,1,5,NRv_gg,NRv.eth,1164,1548,14,2,2022
https://twitter.com/budlight/status/1493016276322721793,2022-02-14 00:16:33+00:00,1493016276322721793,@49ers_756 @TodayInSports3 Not the worst thing that's ever happened...,1,1,3,budlight,Bud Light,265045,254,14,2,2022
https://twitter.com/avinash/status/1493016223394582529,2022-02-14 00:16:21+00:00,1493016223394582529,#SuperBowl #ad #ratings 1/x McDonalds (Kanye): 7 Turbotax: 8 Toyota: 5 Squarespace: 6 Verizon (Dolly): 5 Rakuten: 5 Etrade: 4: Expedia: 5 Budlight Next: 3 Draftkings: 2 BMW IS: 6 Carvana: 6 Hologic: 3 Coinbase: 1 Peacock (Goal): 4 Doritos: 3 Metaverse: 1 1=0 4=meh 10=PROFITS!,2,5,9,avinash,Avinash Kaushik,186423,88,14,2,2022
https://twitter.com/pxlmnml/status/1493015903902044164,2022-02-14 00:15:05+00:00,1493015903902044164,@CryptoCvnts @nounsdao @budlight This. Is. Epic. I think that cvnt can see into my soul,1,1,1,pxlmnml,pxl💯⌐◨-◨ 🦹‍♀️🤗🦡🌸womxn~nonbinary,761,1666,14,2,2022
https://twitter.com/pharmacyshirt/status/1493015425524715520,2022-02-14 00:13:10+00:00,1493015425524715520,@budlight Whoa!!!!!  I see some @Noundles Glasses! https://t.co/jbihxxBaQc,1,1,5,pharmacyshirt,PigeonHustle,397,824,14,2,2022
https://twitter.com/budlight/status/1493015331530493952,2022-02-14 00:12:48+00:00,1493015331530493952,@malachiobrien Making history is a habit around here.,1,3,5,budlight,Bud Light,265045,254,14,2,2022
https://twitter.com/KingJagers/status/1493015178878672898,2022-02-14 00:12:12+00:00,1493015178878672898,"@budlight This is my bby, isn’t she pretty 🤩  @NFL  #nftart #nft #nftcollector #SuperBowl #SuperBowlLVI #BudLightNext #Budlight https://t.co/yXjKPUJf1G",1,0,6,KingJagers,Reggie Jagers III ‘OLY’,2775,466,14,2,2022
https://twitter.com/CloudflareRadar/status/1493015100453801986,2022-02-14 00:11:53+00:00,1493015100453801986,The first @budlight ad during #SuperBowlLVI drove a 25x increase in traffic to their site. https://t.co/h6H7OKGtvl,10,1,35,CloudflareRadar,Cloudflare Radar,3356,8,14,2,2022
https://twitter.com/PlasticLoveLA/status/1493014683762130949,2022-02-14 00:10:14+00:00,1493014683762130949,@BrodyLogan @budlight Milky pennies,1,0,0,PlasticLoveLA,Plastic Bas,1334,1341,14,2,2022
https://twitter.com/budlight/status/1493014673532366851,2022-02-14 00:10:11+00:00,1493014673532366851,@droellius @nounsdao Big things are happening!,1,0,5,budlight,Bud Light,265045,254,14,2,2022
https://twitter.com/budlight/status/1493014578506223616,2022-02-14 00:09:49+00:00,1493014578506223616,@niftyalphagirl Correct! The Bud Light N3xt Collection.,1,1,3,budlight,Bud Light,265045,254,14,2,2022
https://twitter.com/budlight/status/1493014419038691330,2022-02-14 00:09:11+00:00,1493014419038691330,@Trolled803 @Noundles Nothing gets past you!,5,1,7,budlight,Bud Light,265045,254,14,2,2022
https://twitter.com/ImTheArtHustler/status/1493014344552128518,2022-02-14 00:08:53+00:00,1493014344552128518,"Yo, in light of this new reality, do I have any serious offers for ⌐◨‐◨.eth? @budlight",2,3,6,ImTheArtHustler,Hustler ⌐◨‐◨.eth,4021,810,14,2,2022
https://twitter.com/mintfaced/status/1493014331067609088,2022-02-14 00:08:50+00:00,1493014331067609088,@budlight Feeling @sidenoun'ish https://t.co/AwbBjjoqpk,1,0,5,mintfaced,MintFace.eth 🍒,11274,5260,14,2,2022
https://twitter.com/noun12LFG/status/1493014252357144576,2022-02-14 00:08:31+00:00,1493014252357144576,"Second 37 was when it became especially tight. The moment that commercial became Art.  Well done, brother. @nounsdao @budlight https://t.co/8Eo4OnbmNQ",1,0,4,noun12LFG,noun12.eth ⌐◨-◨,1046,142,14,2,2022
https://twitter.com/SpectraArt_NFT/status/1493014175957676032,2022-02-14 00:08:13+00:00,1493014175957676032,"@nounsdao @budlight on-chain in 3D, soon https://t.co/r8nzLgrSEv",5,4,24,SpectraArt_NFT,SPECTRA.ART,4403,182,14,2,2022
https://twitter.com/budlight/status/1493014142273400836,2022-02-14 00:08:05+00:00,1493014142273400836,@blazeonbob That's how you do it.,1,0,5,budlight,Bud Light,265045,254,14,2,2022
https://twitter.com/niftyalphagirl/status/1493013850484101126,2022-02-14 00:06:55+00:00,1493013850484101126,@gayboredape @ImliterallyETH @budlight @coinbase I just saw the @Coinbase_NFT commercial!!!!,1,2,6,niftyalphagirl,Euro | 欧丽,365,214,14,2,2022
https://twitter.com/ProfWerder/status/1493013807060471817,2022-02-14 00:06:45+00:00,1493013807060471817,Right after the @budlight ad I got an offer on my #BudLightNext NFT —um yeah that’s gonna need to be at least double before we can talk. And not planning to let that go until I get my ⌐◨-◨ https://t.co/efdvyBnLTt,1,2,2,ProfWerder,thenounishprof.eth ᵍᵐ,1488,2811,14,2,2022
https://twitter.com/YaristotleGMI/status/1493013325042626564,2022-02-14 00:04:50+00:00,1493013325042626564,Congrats to @budlight and @nounsdao for organizing the first ever NFT to be featured in a Super Bowl ad ⌐◨-◨ #cryptobowl @leslieGMI https://t.co/MXYDM9cRpb,5,2,35,YaristotleGMI,Yaristotle,1993,1139,14,2,2022
https://twitter.com/budlight/status/1493013182193016842,2022-02-14 00:04:16+00:00,1493013182193016842,@nicholascarreno Nothing gets past you!,1,0,1,budlight,Bud Light,265045,254,14,2,2022
https://twitter.com/superBLOXvx/status/1493013151935311872,2022-02-14 00:04:08+00:00,1493013151935311872,@budlight we see you https://t.co/6gGRHZ3Drd,1,0,14,superBLOXvx,superBLOX.eth (MINT LIVE!),1267,337,14,2,2022
https://twitter.com/niftyalphagirl/status/1493013128854085632,2022-02-14 00:04:03+00:00,1493013128854085632,@ImliterallyETH @gayboredape I feel like @budlight commercial hinted to NFTs?,1,1,4,niftyalphagirl,Euro | 欧丽,365,214,14,2,2022
https://twitter.com/budlight/status/1493013016299909122,2022-02-14 00:03:36+00:00,1493013016299909122,@PRD_ALPHA Just out here making history.,4,2,5,budlight,Bud Light,265045,254,14,2,2022
https://twitter.com/LArams4L/status/1493013000445255681,2022-02-14 00:03:32+00:00,1493013000445255681,@RamsNFL @obj @budlight Please never leave the rams obj 😭,1,0,25,LArams4L,𝐣𝐮𝐢𝐜𝐞,6554,6269,14,2,2022
https://twitter.com/WWMLD/status/1493012851937751040,2022-02-14 00:02:57+00:00,1493012851937751040,@budlight @kylmnsn @mattgee To my understanding first brand to have a commercial with a nft project and first nft project to be included in a commercial,1,1,4,WWMLD,Lugo.eth 🅿️ 👽🅰️🖖,6883,3310,14,2,2022
https://twitter.com/RamsNFL/status/1493012849458700288,2022-02-14 00:02:56+00:00,1493012849458700288,Iconic celly from @obj. #BudLightCelly | @budlight https://t.co/UKbkhnFDRf,866,64,3866,RamsNFL,Los Angeles Rams,1166566,414,14,2,2022
https://twitter.com/budlight/status/1493012787701899265,2022-02-14 00:02:42+00:00,1493012787701899265,@nicholascarreno Zero's everywhere!,1,0,1,budlight,Bud Light,265045,254,14,2,2022
https://twitter.com/NYDoorman/status/1493012580146855938,2022-02-14 00:01:52+00:00,1493012580146855938,"In terms of ads, loved the @nounsdao @budlight obvs. Millions of people were just exposed to NFTs in one of the most mainstream televised events of the year.",1,2,11,NYDoorman,nydoorman.tez,26183,936,14,2,2022
https://twitter.com/MrsGrendalFaust/status/1493012434763792393,2022-02-14 00:01:17+00:00,1493012434763792393,The bf ( @garrett_emery ) just looked at me and said I wondered my whole life who commercials are really for.. who could really just be like oh I see it i need to buy it ...  and it's you 😂🤣 Yes I will buy @budlight Next went I go shop. #Superbowl,1,2,5,MrsGrendalFaust,JustAnother,2155,1339,14,2,2022
https://twitter.com/decentralistdan/status/1493012365096456197,2022-02-14 00:01:01+00:00,1493012365096456197,Thread of #Crypto + Fintech #SuperBowlCommercials I catch… 1. @budlight + @nounsdao https://t.co/9paz8TTmQW,1,2,7,decentralistdan,decentralistdan🛡ᙇ,1664,5001,14,2,2022
https://twitter.com/BrokenJarhead/status/1493012330518614017,2022-02-14 00:00:53+00:00,1493012330518614017,I suppose having a @budlight #NFT is decent to have with #superbowl commercials...prob nothin... https://t.co/5soZ9lQPag,1,0,3,BrokenJarhead,𝔹𝕣𝕠𝕜𝕖𝕟 𝕁𝕒𝕣𝕙𝕖𝕒𝕕,8722,6304,14,2,2022
https://twitter.com/budlight/status/1493012222754312196,2022-02-14 00:00:27+00:00,1493012222754312196,@notnathan It's NEXT level.,1,0,1,budlight,Bud Light,265045,254,14,2,2022
https://twitter.com/TimbrTech/status/1493012184690933761,2022-02-14 00:00:18+00:00,1493012184690933761,1st #NFT of the #SuperBowl in the @budlight spot. #SuperBowlAd https://t.co/JrvddpHpgk,1,1,2,TimbrTech,Timbr,605,334,14,2,2022
https://twitter.com/budlight/status/1493012157298053128,2022-02-14 00:00:11+00:00,1493012157298053128,@kylmnsn @mattgee We sure did!,2,5,12,budlight,Bud Light,265045,254,14,2,2022
https://twitter.com/budlight/status/1493012122309218308,2022-02-14 00:00:03+00:00,1493012122309218308,@rodolfus_ @dbson @nounsdao We're just getting started!,3,1,11,budlight,Bud Light,265045,254,14,2,2022
https://twitter.com/ClaytonHartford/status/1493012046736248834,2022-02-13 23:59:45+00:00,1493012046736248834,⌐◨-◨ x @budlight  clayt0n.ETH #nounish https://t.co/PXe2l8MH3I,1,0,9,ClaytonHartford,CL⟁YTON H⟁RTFORD 🇨🇦,1940,4827,13,2,2022
https://twitter.com/budlight/status/1493011994085052419,2022-02-13 23:59:32+00:00,1493011994085052419,@LadyApeFundy @nounsdao This is just the beginning!,16,13,85,budlight,Bud Light,265045,254,13,2,2022
https://twitter.com/Theunsecretman/status/1493011980361379843,2022-02-13 23:59:29+00:00,1493011980361379843,@budlight !vibe we love the noun glasses ⌐◨-◨ #nounpunks #nounpunksquad https://t.co/Pen48fi9M6,1,1,5,Theunsecretman,The_Unsecret_Man ⌐◨-◨ (bancasella.eth),1846,2335,13,2,2022
https://twitter.com/WizardX_0x/status/1493011764044251140,2022-02-13 23:58:38+00:00,1493011764044251140,"@Sjoef86 Well, budlight announced that they'd include NFT references in their NEXT commercial. Maybe that's all.",1,0,2,WizardX_0x,WizardX,8460,843,13,2,2022
https://twitter.com/LadyApeFundy/status/1493011620531896323,2022-02-13 23:58:03+00:00,1493011620531896323,We all just lost it on @nounsdao plug by @budlight 🤣 I’m so excited for the future of #NFTs 🙌,4,6,73,LadyApeFundy,LadyApe.eth 🎀🦍🍌,4880,3892,13,2,2022
https://twitter.com/budlight/status/1493011386330398720,2022-02-13 23:57:07+00:00,1493011386330398720,Zero carbs beer that puts zero in the way of possibility. Bud Light NEXT is #BrewedForWhatsNext. https://t.co/OVha3OPSVj,54,80,279,budlight,Bud Light,265045,254,13,2,2022
https://twitter.com/womansnft/status/1493011370576646148,2022-02-13 23:57:04+00:00,1493011370576646148,@budlight leading with the first nft commercial featuring the iconic pixel glasses  Let’s see who might top it shall we?,1,1,2,womansnft,the woman’s NFT,199,690,13,2,2022
https://twitter.com/trapdaddyvoss/status/1493011219569000450,2022-02-13 23:56:28+00:00,1493011219569000450,Nfts on @budlight #SuperBowl commercial #GACC,1,0,4,trapdaddyvoss,Trapdaddyvoss.eth,27253,8681,13,2,2022
https://twitter.com/bozonit/status/1493011212115668993,2022-02-13 23:56:26+00:00,1493011212115668993,I predict nobody outside the NFT community gets the Super Bowl commercial NFT references. Just saw it with my own eyes in the @budlight commercial. Looks of confusion just like when explaining NFTs in general womp womp,2,0,3,bozonit,Boris,405,436,13,2,2022
https://twitter.com/0xEthie/status/1493011207535706114,2022-02-13 23:56:25+00:00,1493011207535706114,something about this Bud Light SuperBowl commercial is looking pretty familiar ⌐◨‒◨🍺 @Noundles @budlight https://t.co/ROY9oYWVgQ,3,3,11,0xEthie,ethiee.eth,2377,1302,13,2,2022
https://twitter.com/WWMLD/status/1493011203840528387,2022-02-13 23:56:24+00:00,1493011203840528387,BREAKING There we have it - to my understanding @budlight’s #SuperBowl commercial featuring @nounsdao is the first commercial to feature an #NFT https://t.co/TDf4x1MCCx https://t.co/r6fFJuHQXG,1,0,5,WWMLD,Lugo.eth 🅿️ 👽🅰️🖖,6883,3310,13,2,2022
https://twitter.com/thevoadz/status/1493011039788560387,2022-02-13 23:55:45+00:00,1493011039788560387,@budlight Nounish Super Bowl LFG! https://t.co/KTSVkDWIPc,1,1,11,thevoadz,Voadz ⌐◨-◨,646,895,13,2,2022
https://twitter.com/kellyokeefe/status/1493010976958033921,2022-02-13 23:55:30+00:00,1493010976958033921,"An epic escape story from @BudLight Next, classic music combines surprisingly well with the modernist madness. #AdBowl #BrandFederation",1,1,6,kellyokeefe,Kelly O'Keefe,4695,2616,13,2,2022
https://twitter.com/council_band/status/1493010945840496640,2022-02-13 23:55:22+00:00,1493010945840496640,@budlight Need to try this right away!! Thank you for this!!! #BudLightNext #budlight #SuperBowlCommercials,1,1,3,council_band,Council Band,12098,10616,13,2,2022
https://twitter.com/PRD_ALPHA/status/1493010894405746692,2022-02-13 23:55:10+00:00,1493010894405746692,There we have it!!! The first NFT commercial of the Super Bowl.  Did you catch the Nouns image in the Budlight next commercial?! #NFT #BudLightNext https://t.co/YWjCd7ZC94,6,4,10,PRD_ALPHA,+PRD | prdalpha.eth,4594,1861,13,2,2022
https://twitter.com/brandenberger/status/1493010852177489920,2022-02-13 23:55:00+00:00,1493010852177489920,Zero carb @budlight ad was visually appealing but I couldn’t make any sense of it. Fail or win? …  #SuperBowl    #ads #marketing,2,0,1,brandenberger,Nic,344,854,13,2,2022
https://twitter.com/bostonwriter/status/1493010840991186947,2022-02-13 23:54:57+00:00,1493010840991186947,"Wow. Just… wow. That BudLight spot looks like what happens when a bunch of boomers, hire a bunch of GenXers, to manage millennials making a spot to appeal to GenZ.",4,3,10,bostonwriter,BostonWriter,5298,3910,13,2,2022
https://twitter.com/MillerTime_NFT/status/1493010834511077376,2022-02-13 23:54:56+00:00,1493010834511077376,NFT commercial tracker! Just saw @budlight collection of sweet looking NFTs! #NFTCommumity #NFTs #NFTProject,1,1,3,MillerTime_NFT,MillerTime,1051,1205,13,2,2022
https://twitter.com/budlight/status/1493010815145943048,2022-02-13 23:54:51+00:00,1493010815145943048,@MrSnowy10 IT'S HERE!,1,0,7,budlight,Bud Light,265045,254,13,2,2022
https://twitter.com/Coldie/status/1493010794979598338,2022-02-13 23:54:46+00:00,1493010794979598338,". @budlight ....Well fucking done. and ya, we saw the NFT reference",1,3,11,Coldie,Coldie,55178,3144,13,2,2022
https://twitter.com/benpankonin/status/1493010793859801089,2022-02-13 23:54:46+00:00,1493010793859801089,"Budlight has a huge challenge in preserving marketshare...  Their new brand ""Zero"" is how I feel about it too. Coke Zero did market research when they launched suggesting better adoption than diet by men in particular. #superbowl",1,0,0,benpankonin,Ben Pankonin,3121,2030,13,2,2022
https://twitter.com/damaderoca/status/1493010766710067204,2022-02-13 23:54:40+00:00,1493010766710067204,Touchdown @obj and saw some noun glasses in the BudLight commercial. Kk I’m good.,1,0,4,damaderoca,Anjali Young,1505,277,13,2,2022
https://twitter.com/EnriqueSports/status/1493010742357872642,2022-02-13 23:54:34+00:00,1493010742357872642,#ExpressPoll: Which tv commercial was best in the third break of the fist qtr? #budLight #DraftKings #NFL #SuperBowlLVI #BMW,2,1,5,EnriqueSports,Enrique A. Gutiérrez,2322,915,13,2,2022
https://twitter.com/Trolled803/status/1493010733910609926,2022-02-13 23:54:32+00:00,1493010733910609926,#budlight DID I SEE A @Noundles IN THE BUDLIGHT COMMERCIAL #NFT #BudLightNext,1,2,3,Trolled803,TrollTrades,13,121,13,2,2022
https://twitter.com/droellius/status/1493010653895925766,2022-02-13 23:54:13+00:00,1493010653895925766,First commercial of the Super Bowl was @budlight NFT commercial with @nounsdao 👀👀,2,1,6,droellius,Nutty Nate,1313,850,13,2,2022
https://twitter.com/brendeng55/status/1493010535385862144,2022-02-13 23:53:45+00:00,1493010535385862144,@budlight Nice glasses,1,0,1,brendeng55,bgoldman.eth,389,556,13,2,2022
https://twitter.com/Alex_E_Benton/status/1493010533045321732,2022-02-13 23:53:44+00:00,1493010533045321732,Wow @budlight! Let’s gooooooo,1,0,5,Alex_E_Benton,aventurine.eth 🎟️ 🧱,2816,4727,13,2,2022
https://twitter.com/n8NFT/status/1493010433489481728,2022-02-13 23:53:20+00:00,1493010433489481728,NOUNS X BUDLIGHT IN SUPER BOWL,1,0,3,n8NFT,n8,1683,2419,13,2,2022
https://twitter.com/thisismcgregor/status/1493010420180955137,2022-02-13 23:53:17+00:00,1493010420180955137,Let’s go @nounsdao! I see those nouns glasses @budlight,1,5,41,thisismcgregor,Alex McGrΞgor ⌐◨-◨,1790,2769,13,2,2022
https://twitter.com/turbotax/status/1493010371040403457,2022-02-13 23:53:05+00:00,1493010371040403457,Who said you can't do your taxes while you crack open a cool one?  Hand 'em off to a TurboTax Live expert + hit the couch = zero in the way of possibility with a match like ours @BudLight 😎🍻 #MyTurboTaxMatch #SBLVI #SuperBowl,6,2,15,turbotax,Intuit TurboTax,64669,927,13,2,2022
https://twitter.com/DigitalGal_/status/1493010368502849537,2022-02-13 23:53:05+00:00,1493010368502849537,Budlight #NFT commercial👀,3,3,17,DigitalGal_,🌸Digi Gal,16933,589,13,2,2022
https://twitter.com/DEXB0T/status/1493010308872425472,2022-02-13 23:52:51+00:00,1493010308872425472,wtf was that commercial @budlight,1,4,9,DEXB0T,Dex,38687,975,13,2,2022
https://twitter.com/Adweek/status/1493010278384087046,2022-02-13 23:52:43+00:00,1493010278384087046,"💫 Splashy, flashy, bright and surreal, this #SuperBowl ad for @BudLight Next speaks to Gen Zers with its message about endless possibility. https://t.co/lot3IOME6e https://t.co/Yo3YQJjMQE",1,0,6,Adweek,Adweek,690383,26538,13,2,2022
https://twitter.com/FinalFenwayFict/status/1493008762562506753,2022-02-13 23:46:42+00:00,1493008762562506753,"And loved the food (@RamsNFL inspired French Dip pie) and @budlight commemorative beer bucket! No, I didn’t eat or drink them all, but was fortified for my next destination... https://t.co/PJQjPYSs7i",1,1,3,FinalFenwayFict,Madam I'm Adam,6091,6706,13,2,2022
https://twitter.com/noun12LFG/status/1493007792965402624,2022-02-13 23:42:51+00:00,1493007792965402624,"Been tailgating all day, marinating in the moment and in myself and my family, let's go!!!! @nounsdao @SuperBowl @budlight https://t.co/1EemYRMjIg",1,0,15,noun12LFG,noun12.eth ⌐◨-◨,1046,142,13,2,2022
https://twitter.com/SBMusicFest/status/1493007075433091072,2022-02-13 23:40:00+00:00,1493007075433091072,"We had the time of our life with @GreenDay! @BudLight #SuperBowlMusicFest has come and passed, but these memories at @CryptocomArena will forever last. 🤘 📸: IG/paranoidtrooper https://t.co/quBldSvISO",21,1,53,SBMusicFest,Super Bowl Music Fest,10735,46,13,2,2022
https://twitter.com/BuckyTheButcher/status/1493006481180053504,2022-02-13 23:37:38+00:00,1493006481180053504,Bucky went for his pick because the @Bengals colors matches his hair... Shout out to @nounsdao @budlight @garyvee @vaynernft @punk4156 @supergremplin @TimpersHD and the numerous people across the teams making history today. Bucky was feeling #nounish. #SuperBowl https://t.co/0d3v5BMKRw,2,2,14,BuckyTheButcher,Bucky The Butcher,453,144,13,2,2022
https://twitter.com/budlight/status/1493006437022326786,2022-02-13 23:37:27+00:00,1493006437022326786,@jbook37 Who could forget? https://t.co/zRMaeUZKie,4,2,69,budlight,Bud Light,265045,254,13,2,2022
https://twitter.com/coolpips1r/status/1493005614473121792,2022-02-13 23:34:11+00:00,1493005614473121792,"Kickoff Time!! Lets go @Bengals !! come cheer with us @MartiansVs !! 🏈🏈🏈🏈🏈🏈🏈🏈🏈🏈💰metaverse, p2e, badass scifi art!  #nft #nfts #nftcommunity #superbowl #rednecks @budlight #budlight #budweiser https://t.co/6TGDF6Qzgb",1,0,13,coolpips1r,CoolBeans1r.eth,420,771,13,2,2022
https://twitter.com/JetsTank/status/1493005065468235776,2022-02-13 23:32:00+00:00,1493005065468235776,Re-air the wazzup commercial @budlight,2,0,5,JetsTank,J.J.,1921,428,13,2,2022
https://twitter.com/budlight/status/1493004460460814342,2022-02-13 23:29:36+00:00,1493004460460814342,"0-0 on the board Zero carbs in Bud Light NEXT Share any 0 you see using #SpotAZero #Sweepstakes for your chance to win $10k! There’s a few in our commercial, coming soon… https://t.co/WywCC2FzMX",111,574,479,budlight,Bud Light,265045,254,13,2,2022
https://twitter.com/BusyBeaglesNFT/status/1493003788776529922,2022-02-13 23:26:56+00:00,1493003788776529922,@sandboxed_eth @budlight @SuperBowl This ☝️,1,0,1,BusyBeaglesNFT,Busy Beagles,1796,41,13,2,2022
https://twitter.com/JustB_Great/status/1493002518225379333,2022-02-13 23:21:53+00:00,1493002518225379333,@budlight @gkittle46 @Noundles got me presale entry and I bought 5 🥳🥳🥳,1,0,6,JustB_Great,B Great,1376,4128,13,2,2022
https://twitter.com/BrendanDarr/status/1493002042553499650,2022-02-13 23:20:00+00:00,1493002042553499650,"Ok, no data takes on props: First Performer to Speak at Halftime: Dr. Dre (+100) First Song: California Love (-115) First commercial H2H: Guy Fieri Budlight Seltzer (-115) over Idris Elba https://t.co/5573HPKKls  National Anthem: Under 1:42 (+105)",1,3,1,BrendanDarr,Brendan Darr,3829,1669,13,2,2022
https://twitter.com/leoclark/status/1493000430607306753,2022-02-13 23:13:35+00:00,1493000430607306753,It's almost time! @nounsdao +@budlight 🍻 leoclark.eth #nounish #SuperBowlLVI  Nounify the super bowl 🏈 https://t.co/r9SFNzs65A https://t.co/17Hg7k2ZBG,2,1,13,leoclark,leoclark.eth ⌐◧-◧,1142,1071,13,2,2022
https://twitter.com/budlight/status/1493000107603681281,2022-02-13 23:12:18+00:00,1493000107603681281,"@timthetatman Tim, if the curse is broken, beers are on us.",8,12,439,budlight,Bud Light,265045,254,13,2,2022
https://twitter.com/Molo14_eth/status/1492999330353094660,2022-02-13 23:09:13+00:00,1492999330353094660,@thedreemlife @budlight Also I LOVE your cc,1,1,0,Molo14_eth,Mo,908,982,13,2,2022
https://twitter.com/STLMediaHistory/status/1492997012660363272,2022-02-13 23:00:01+00:00,1492997012660363272,"Seconds left...who is going to win #BudBowl I played at #BuschStadium II? @budweiserusa or @budlight? Wait!?! What?? D'Arcy Masius Benton &amp; Bowles, January 1989. #historyfound #advertising #STLMade #beer https://t.co/skczF9pTeY",3,0,4,STLMediaHistory,StL Media History,699,1126,13,2,2022
https://twitter.com/LcxNwo/status/1492996185396817924,2022-02-13 22:56:43+00:00,1492996185396817924,"Had to take advantage of the @budlight #N3XT NFT sale!  Got a super rare trait too!  😎👍 Mint 11,788/12,722 https://t.co/4z0pcPy9rh",1,0,4,LcxNwo,LCX | NWO,64,95,13,2,2022
https://twitter.com/budlight/status/1492993228999733249,2022-02-13 22:44:58+00:00,1492993228999733249,"If that isn't a #SpotAZero, I don't know what is. https://t.co/lSuVTjMwS3",32,29,191,budlight,Bud Light,265045,254,13,2,2022
https://twitter.com/mrbelfortio/status/1492992218990264320,2022-02-13 22:40:58+00:00,1492992218990264320,#SuperBowl 56 is the prof 2022 marks the year of mainstream #crypto adoption. 1) #FTX 2) Crypto com 3) #Coinbase 4) #eToro  5) #Bitbuy 6) #BudLight ft. Nouns #NFT,1,0,3,mrbelfortio,MR.BELFORT 🐺,902,442,13,2,2022
https://twitter.com/budweiserusa/status/1492991735970025474,2022-02-13 22:39:02+00:00,1492991735970025474,@budlight You speak facts.,3,3,76,budweiserusa,Budweiser.beer.eth,244684,1340,13,2,2022
https://twitter.com/budlight/status/1492990865685594115,2022-02-13 22:35:35+00:00,1492990865685594115,@SamsungMobileUS Ready when you are! https://t.co/ZGw1aIXGQ6,3,1,24,budlight,Bud Light,265045,254,13,2,2022
https://twitter.com/budlight/status/1492989706342211586,2022-02-13 22:30:59+00:00,1492989706342211586,"@budweiserusa Every day is the biggest day for beers, but this one is a little more biggest.",12,6,118,budlight,Bud Light,265045,254,13,2,2022
https://twitter.com/are_emm_pee/status/1492988764641243139,2022-02-13 22:27:14+00:00,1492988764641243139,NFTs took over NYC during @NFTNYC and Miami during @NFTBaselMiami now we take the Super Bowl and show the world!  If your pfp is an NFT ygmi @budlight @muratpak @cryptoadzNFT,1,0,2,are_emm_pee,rmp,353,1124,13,2,2022
https://twitter.com/budlight/status/1492987833489010691,2022-02-13 22:23:32+00:00,1492987833489010691,And just like that the Bud Light N3XT Collection is tapped out. Thanks to all our HODLers and cheers to what’s NEXT! 🍻,66,20,331,budlight,Bud Light,265045,254,13,2,2022
https://twitter.com/0xAbstracti/status/1492986336537681921,2022-02-13 22:17:35+00:00,1492986336537681921,WELP.  LET’S SEE WHAT HAPPENS #N3XT. @budlight 👀👀 https://t.co/Pqe6e3oHFS,2,0,6,0xAbstracti,ANNI niM.A.T.,3707,4193,13,2,2022
https://twitter.com/0xDivineComedy/status/1492984833848528896,2022-02-13 22:11:37+00:00,1492984833848528896,"It will be interesting to see how mainstream NFT exposure evolves over the next few hours on legacy media’s biggest stage, #SuperBowlLVI. Love it or hate it, @budlight just sold out of their 12,722 collection leading up to kickoff. Let us watch history unfold. @vaynernft https://t.co/d3jrx3D4Cs",4,0,8,0xDivineComedy,Dante Alighieri Ø,6026,918,13,2,2022
https://twitter.com/TheLoeraFlores/status/1492984536489099266,2022-02-13 22:10:26+00:00,1492984536489099266,@budlight I’m ready for the reveal. Locked in 3 #BudLightNext NFTs. Lets gooo https://t.co/EgeFmJSQvN,1,1,1,TheLoeraFlores,Xavier,47,213,13,2,2022
https://twitter.com/nft_uhn/status/1492982880233922562,2022-02-13 22:03:51+00:00,1492982880233922562,@budlight NFTS ARE GOING TO MOON AT KICKOFF..ITS YOUR LAST CHANCE TO GET IN!!!!!! #NFT #nfts #SuperBowl,1,1,4,nft_uhn,ryan.eth,1426,1172,13,2,2022
https://twitter.com/budlight/status/1492980362326286339,2022-02-13 21:53:51+00:00,1492980362326286339,@Bengals Exactly what I say when drinking a beer,1,1,9,budlight,Bud Light,265045,254,13,2,2022
https://twitter.com/budlight/status/1492977714168541190,2022-02-13 21:43:19+00:00,1492977714168541190,Look who's stoked on the Bud Light N3XT NFT Collection…the people’s tight end @gkittle46!  Just a few hundred NFTs left - grab yours before it’s too late. https://t.co/QZuWwGqqWN https://t.co/g2xJd8NoIl,60,17,184,budlight,Bud Light,265045,254,13,2,2022
https://twitter.com/WeberShandwick/status/1492977633285525508,2022-02-13 21:43:00+00:00,1492977633285525508,"You mostly know him as the king of a different town, but this famous food figure is adding a new title: King of Flavor in the “Land of Loud Flavors”. Look inside this new spot with client @budlight. https://t.co/ErbuiitY0k",1,0,2,WeberShandwick,Weber Shandwick,39351,752,13,2,2022
https://twitter.com/JoshBobrowsky/status/1492977076428853249,2022-02-13 21:40:47+00:00,1492977076428853249,"Just watching how the @budlight @budweiserusa NFTs are still in minting with 50 minutes left until their reveal.  Not giving advice as to if you should or should not mint, but I will say there are roughly 1,000 NFTs left out of 12,700 https://t.co/PnEB1JRu83",1,1,2,JoshBobrowsky,JoshBobrowsky,33673,7662,13,2,2022
https://twitter.com/SamsungMobileUS/status/1492976089072873475,2022-02-13 21:36:52+00:00,1492976089072873475,"Send us a pic of you and your #BestBuds enjoying the big game 🏈. Get in here @BudLight, we’ve got a selfie to take 🤳.",6,6,78,SamsungMobileUS,Samsung Mobile US,4798789,18416,13,2,2022
https://twitter.com/thevoadz/status/1492975964275417091,2022-02-13 21:36:22+00:00,1492975964275417091,Hello guys! Voadz #101 - Beer Superbowl Special Edition has just listed on our collection 🍻🍺🍻 It is a special drop for Superbowl event that will be happening soon. Act fast before it is stolen! 😍 Official Link to OS  https://t.co/UJLAXwW0AP @nounsdao @budlight  #wenvoadz https://t.co/7MOtAHWbcK,1,2,9,thevoadz,Voadz ⌐◨-◨,646,895,13,2,2022
https://twitter.com/CaptainFlowers/status/1492974944753360899,2022-02-13 21:32:19+00:00,1492974944753360899,@LCSOfficial @AzaelOfficial @budlight We got this bro @AzaelOfficial,1,2,157,CaptainFlowers,Clayton Raines,128186,685,13,2,2022
https://twitter.com/LCSOfficial/status/1492974384268468225,2022-02-13 21:30:05+00:00,1492974384268468225,Who wants to see @CaptainFlowers and @AzaelOfficial cast football? 🏈 @budlight #WhatsNext https://t.co/66gbcdjEj9,76,21,865,LCSOfficial,LCS,243202,282,13,2,2022
https://twitter.com/calbear_eth/status/1492972540066557952,2022-02-13 21:22:46+00:00,1492972540066557952,YO! Let me just say to @budweiserusa /@budlight...it is not too late to adopt the @cryptoadzNFT/@CROAKZ_ community by airing this as a Superbowl spot...LFG! https://t.co/ddQ7tkz1Qu,1,0,4,calbear_eth,calbear.eth,2050,5000,13,2,2022
https://twitter.com/budlight/status/1492971966063693826,2022-02-13 21:20:29+00:00,1492971966063693826,@Tammy1074 @Bengals Shiestybowl Sunday!,1,1,2,budlight,Bud Light,265045,254,13,2,2022
https://twitter.com/budlight/status/1492971715516841984,2022-02-13 21:19:29+00:00,1492971715516841984,Who’s feeling shiesty? @bengals #RuleItAll #WhoDey https://t.co/8Y3fVdhc9a,49,25,296,budlight,Bud Light,265045,254,13,2,2022
https://twitter.com/STLMediaHistory/status/1492966480891236355,2022-02-13 20:58:41+00:00,1492966480891236355,"Who can forget #Budweiser Freezer's goal-line drive? It's the end of the half with @budweiserusa up 10-7 vs. @budlight. Who are you rooting for in #BudBowl I at #BuschStadium II? D'Arcy Masius Benton &amp; Bowles, January 1989. #historyfound #advertising #STLMade #beer https://t.co/2PQVHdsEx2",2,0,2,STLMediaHistory,StL Media History,699,1126,13,2,2022
https://twitter.com/TreyPezzetti/status/1492964727043067909,2022-02-13 20:51:43+00:00,1492964727043067909,@budlight + #nounish. Definitely ready for the Super Bowl  Pezzetti.eth https://t.co/N0aNpQTRrP https://t.co/2yyMcrNst9,1,0,2,TreyPezzetti,TREY,510,654,13,2,2022
https://twitter.com/budlight/status/1492963677292662786,2022-02-13 20:47:33+00:00,1492963677292662786,@ErinBAdams Need a slice of this zero!,1,1,1,budlight,Bud Light,265045,254,13,2,2022
https://twitter.com/CryptoGucci/status/1492961764308242434,2022-02-13 20:39:57+00:00,1492961764308242434,"1/ This week in #NFTs, a thread🧵 #OpenSea has done $2b vol in February @budlight to feature @nounsdao in Super Bowl ad @BovadaOfficial lists Super Bowl bet about @BoredApeYC  1st #NFT auction of a house in the US sells for 210Ξ @AssangeDAO acquires @muratpak Clock for 16593Ξ https://t.co/O6cN97F9mk",23,8,73,CryptoGucci,Crypto-Gucci.eth ᵍᵐ🦇🔊,40275,2760,13,2,2022
https://twitter.com/casanova_queenn/status/1492961172517097472,2022-02-13 20:37:36+00:00,1492961172517097472,"How do you think the Super Bowl will effect NFTs? And, which crypto ad are you most intrigued by? 1) @FTX_Official  2) @cryptocom  3) @coinbase  4) @eToro  5) @bitbuy  6) @budlight ft. @nounsdao  #NFT #SuperBowl #NFTCommunity #crypto #SuperbowlSunday",1,10,15,casanova_queenn,Cas 👑,13278,1795,13,2,2022
https://twitter.com/budlight/status/1492959337370861573,2022-02-13 20:30:18+00:00,1492959337370861573,"Big game, zero carbs. This is your chance to win big and put zero in the way of possibility. Share any zeros you see during #SBLVI using #SpotAZero #Sweepstakes and you could win $10,000! https://t.co/MC0sDZFpSu",115,337,421,budlight,Bud Light,265045,254,13,2,2022
https://twitter.com/TheBoanez/status/1492950134732300292,2022-02-13 19:53:44+00:00,1492950134732300292,Gm ! ⛅️🪦 Who's ready for some Superbowl Football? 🏈 In this cemetery we're not afraid to break some Boanez! ⌐◨-◨ @nounsdao @budlight https://t.co/EzKjS2MfgN,2,0,11,TheBoanez,Boanez ⌐◨-◨,631,458,13,2,2022
https://twitter.com/aclouden84/status/1492946840525942784,2022-02-13 19:40:39+00:00,1492946840525942784,@BuffaloSabres @budlight You guys really employed Ralph Krueger,1,0,4,aclouden84,Alex Clouden,1213,2902,13,2,2022
https://twitter.com/MattyB_923/status/1492946749467594753,2022-02-13 19:40:17+00:00,1492946749467594753,"@BuffaloSabres @budlight These are the same picture, change my mind https://t.co/XzV5pAI6Lu",1,0,10,MattyB_923,𝖂𝖍𝖎𝖙𝖊 𝕮𝖍𝖔𝖈𝖔𝖑𝖆𝖙𝖊 🍫,472,661,13,2,2022
https://twitter.com/EichelFearsTuch/status/1492946659759865860,2022-02-13 19:39:55+00:00,1492946659759865860,@BuffaloSabres @budlight Contract is worth it again,1,0,0,EichelFearsTuch,RIP Cheap Heat 2022-2022. Ratio'd to death,57,214,13,2,2022
https://twitter.com/Goalofsson_68/status/1492946646803619849,2022-02-13 19:39:52+00:00,1492946646803619849,@BuffaloSabres @budlight The least exciting hat trick goal in history,1,3,15,Goalofsson_68,Victor Goalofsson,147,73,13,2,2022
https://twitter.com/nyrcammy/status/1492946645662765058,2022-02-13 19:39:52+00:00,1492946645662765058,@BuffaloSabres @budlight SKINNER HATTY SKINNER HATTY LETS GOOOO,1,0,5,nyrcammy,cammy :) #LGR,437,562,13,2,2022
https://twitter.com/_BillsMafia/status/1492946638150803456,2022-02-13 19:39:50+00:00,1492946638150803456,@BuffaloSabres @budlight ralph punching the air,1,0,0,_BillsMafia,Big McLargehuge,552,566,13,2,2022
https://twitter.com/BuffaloSabres/status/1492946566004494341,2022-02-13 19:39:33+00:00,1492946566004494341,JEFF SKINNER GETS THE HATTY‼️ 🎩🎩🎩 #LetsGoBuffalo | @budlight https://t.co/HvWSNq2pZC,152,42,1282,BuffaloSabres,Buffalo Sabres,887567,421,13,2,2022
https://twitter.com/GuyImprov/status/1492946270079623171,2022-02-13 19:38:23+00:00,1492946270079623171,The #SuperBowlLVI is almost here so let's have a @budlight 😎🏈 Cheers 🍻 Good luck to both team's 🤞🏆 #SuperBowl2022 #BudLightNext @budweiserusa @Bengals @RamsNFL https://t.co/j0qnQMFDSg,1,0,5,GuyImprov,GuyNFT.eth,7003,5602,13,2,2022
https://twitter.com/budlight/status/1492943491411894277,2022-02-13 19:27:20+00:00,1492943491411894277,Who's ready for some FLAVOR-packed surprises tonight? @guyfieri 👀 https://t.co/kyhGjWFpex,45,36,355,budlight,Bud Light,265045,254,13,2,2022
https://twitter.com/nikolamotor/status/1492941441047404544,2022-02-13 19:19:11+00:00,1492941441047404544,More pre-game #ZeroEmissionsBeerDelivery highlights coming your way! 🍻 The alpha #NikolaTreFCEV received cheers all around for delivering a load of @BudLight NEXT to local retailers just in time for the big game! 🏈 https://t.co/rWfYCkwuMm,56,27,403,nikolamotor,Nikola Motor Company,88835,263,13,2,2022
https://twitter.com/HOMAGE/status/1492940042087669763,2022-02-13 19:13:38+00:00,1492940042087669763,Who will be the ruler of the cooler? Budweiser or Budlight 🍻VOTE BELOW🍻 https://t.co/ND2AUQ8v9J,5,2,18,HOMAGE,HOMAGE,83419,17427,13,2,2022
https://twitter.com/CynKllr13/status/1492937783429582850,2022-02-13 19:04:39+00:00,1492937783429582850,@CryptoGMIeth @SuperBowl @SNFonNBC @Dans_morgtech @AAPEQueens @apocalypticapes @TheHaddy @Fityeth @Bengals @RamsNFL @SnoopDogg @budlight @Eminem @maryjblige @kendricklamar @drdre @AApeCommunity @Gatorade Let's just pray for a good game https://t.co/jSyLwyBrkq,1,0,9,CynKllr13,C͓̽a͓̽n͓̽y͓̽o͓̽n͓̽K͓̽i͓̽l͓̽l͓̽e͓̽r͓̽.͓̽E͓̽T͓̽H͓̽,5374,5076,13,2,2022
https://twitter.com/BuffaloSabres/status/1492933063789223939,2022-02-13 18:45:54+00:00,1492933063789223939,Jeff Skinner gets his second of the game! 🔥 #LetsGoBuffalo | @budlight https://t.co/BcPC9eg4h8,21,13,291,BuffaloSabres,Buffalo Sabres,887567,421,13,2,2022
https://twitter.com/P1X37/status/1492932815318564868,2022-02-13 18:44:55+00:00,1492932815318564868,Bucky's drinking @budlight today. @nounsdao https://t.co/ns7CP9B9Ro,1,1,5,P1X37,(Mrs)P1X37,451,1020,13,2,2022
https://twitter.com/Capitals/status/1492931630947831809,2022-02-13 18:40:12+00:00,1492931630947831809,Keep grinding @budlight | #BudLightCelly https://t.co/ldwgjvBb88,10,2,124,Capitals,Washington Capitals,808053,134,13,2,2022
https://twitter.com/budlight/status/1492929479655759877,2022-02-13 18:31:39+00:00,1492929479655759877,@nft_uhn Call that a SUPER Sunday!,1,0,2,budlight,Bud Light,265045,254,13,2,2022
https://twitter.com/hanickmontanick/status/1492928643097497600,2022-02-13 18:28:20+00:00,1492928643097497600,@SBMusicFest @mileyworld @MileyCyrus @cryptocomarena @budlight @instabaeth It was EVERYTHING https://t.co/zLv5MUkdO9,2,0,8,hanickmontanick,🩸🪩✨icon-nick✨🪩🩸,690,607,13,2,2022
https://twitter.com/nft_uhn/status/1492926453809180672,2022-02-13 18:19:38+00:00,1492926453809180672,@budlight  NFT’s are revealing today AND airdropping during the Super Bowl… can still mint on their website almost sold out GOGOGO #nft #SuperBowlLVI,1,1,2,nft_uhn,ryan.eth,1426,1172,13,2,2022
https://twitter.com/budlight/status/1492924835101655042,2022-02-13 18:13:12+00:00,1492924835101655042,"@KittieKad Oh, we see it!",1,0,1,budlight,Bud Light,265045,254,13,2,2022
https://twitter.com/budlight/status/1492924414660390912,2022-02-13 18:11:32+00:00,1492924414660390912,@davidzhorvath We got you: ⌐◨-◨,1,2,11,budlight,Bud Light,265045,254,13,2,2022
https://twitter.com/steve2010201/status/1492922751799246848,2022-02-13 18:04:55+00:00,1492922751799246848,"@mrtimchan @MileyCyrus @Madonna @budlight Miley can cover anyone's music , and do it with class . Right now , the best voice in pop/rock music singing one of the best pop songs ever written .",1,1,13,steve2010201,Steve Williams,344,766,13,2,2022
https://twitter.com/SBMusicFest/status/1492922561046319104,2022-02-13 18:04:10+00:00,1492922561046319104,"Hometown throwdown: @MileyCyrus blew the roof off @CryptocomArena, like yeah, helping us go out with a BANG(erz) at @BudLight #SuperBowlMusicFest, like yeah! 📸: IG/baeth https://t.co/OdJ1BduNUH",368,15,1467,SBMusicFest,Super Bowl Music Fest,10735,46,13,2,2022
https://twitter.com/StreisandStyle/status/1492922144711393282,2022-02-13 18:02:31+00:00,1492922144711393282,"Can’t wait to hear ""Gotta Move"" featured in the @budlight NEXT commercial during #SuperbowlLVI! A while back I wrote about the beautiful Ken Scott dress that @barbraStreisand wore while filming this scene. Find out all the details here! https://t.co/db4ym7lLEl #barbrastreisand https://t.co/7hzrFD5L7R",2,1,20,StreisandStyle,The Streisand Style Files,130,30,13,2,2022
https://twitter.com/BuffaloSabres/status/1492919489096212484,2022-02-13 17:51:57+00:00,1492919489096212484,"Alex Tuch got an assist on Jeff Skinner's goal, which means... He now has 15 points in 15 games in blue and gold. 🤩 @alextuch89 | @budlight https://t.co/oXFLCn41RR",45,21,915,BuffaloSabres,Buffalo Sabres,887567,421,13,2,2022
https://twitter.com/NFTpfpPurchaser/status/1492918512905605125,2022-02-13 17:48:05+00:00,1492918512905605125,"Snagged a few more @budlight NFTs. Collection is almost sold out. Super Bowl today. Worth a try. About 1,000 left to mint.",2,1,8,NFTpfpPurchaser,NFTPFPPurchaser,5506,4741,13,2,2022
https://twitter.com/budlight/status/1492918350695051269,2022-02-13 17:47:26+00:00,1492918350695051269,@JamOnStella Good choices!,1,0,1,budlight,Bud Light,265045,254,13,2,2022
https://twitter.com/JamOnStella/status/1492917765912551425,2022-02-13 17:45:07+00:00,1492917765912551425,@budlight What’s your pick tonight? I went with @budlight Bud Light Seltzer Sour &amp; Blabk Cherry for game time!!! Let's Go Rams 🏈 SoFi Stadium. https://t.co/hZWivULR3s,1,1,1,JamOnStella,Estella Wilkerson (STELLA),319,940,13,2,2022
https://twitter.com/budlight/status/1492916484011614210,2022-02-13 17:40:01+00:00,1492916484011614210,@RDM_41 It'll be NEXT level.,1,1,11,budlight,Bud Light,265045,254,13,2,2022
https://twitter.com/budlight/status/1492914079396208640,2022-02-13 17:30:28+00:00,1492914079396208640,Get your beer delivered here: https://t.co/CB0kYdLhGk,2,0,24,budlight,Bud Light,265045,254,13,2,2022
https://twitter.com/budlight/status/1492914023305822214,2022-02-13 17:30:14+00:00,1492914023305822214,What’s your pick tonight? Stock up before the game! https://t.co/YviWkLg9zY,27,55,233,budlight,Bud Light,265045,254,13,2,2022
https://twitter.com/budlight/status/1492905660996014086,2022-02-13 16:57:01+00:00,1492905660996014086,@Falc_15 She's a legend.,1,0,1,budlight,Bud Light,265045,254,13,2,2022
https://twitter.com/myjpeg/status/1492903062679310338,2022-02-13 16:46:41+00:00,1492903062679310338,"expectations are too high for nft's to be featured in the superbowl commercials. I can bet that we'll see some crypto exchange/ platform ads and something subtle like budlight's ad. No project will have their own ad, sorry. #nfts #SuperBowlLVI",1,1,3,myjpeg,kirt.eth,312,482,13,2,2022
https://twitter.com/Orangeolive7/status/1492902710882062338,2022-02-13 16:45:17+00:00,1492902710882062338,@AlTheBoss03 @PLANETBEER1 budlight,1,1,1,Orangeolive7,Orangeolive7 ➐⚡️,7166,6842,13,2,2022
https://twitter.com/sabhyac26/status/1492898687944638472,2022-02-13 16:29:18+00:00,1492898687944638472,@eth_pls @budlight sad to see really :(,1,0,1,sabhyac26,sab,4258,4319,13,2,2022
https://twitter.com/Blockchainz_NFT/status/1492884587734880257,2022-02-13 15:33:16+00:00,1492884587734880257,@budlight Hey Bud! Remember the budweiser frogs? Well how about extending the love to some budweiser Chams? The #ChamFam are thirsty for a cold one 🍺 #Bud #Weis #Er @Chameleon_NFT https://t.co/anijfOnfks,1,0,4,Blockchainz_NFT,Blockchainz,608,886,13,2,2022
https://twitter.com/HeidelbergBuds/status/1492876220333273091,2022-02-13 15:00:01+00:00,1492876220333273091,WE DO! WE DO! WE DO!!! #WHODEY 🙌🏈🍻@BUDLIGHT https://t.co/0ZB2cL7Fpo,1,0,1,HeidelbergBuds,HeidelbergBudweiser,459,1173,13,2,2022
https://twitter.com/coffeehustler/status/1492875103209607174,2022-02-13 14:55:35+00:00,1492875103209607174,@sidenoun @budlight Let’s go! https://t.co/1qv2l2fmzp,2,0,5,coffeehustler,Martino,12728,997,13,2,2022
https://twitter.com/GoodJuJu1111/status/1492874174326624262,2022-02-13 14:51:54+00:00,1492874174326624262,"So, are we all waiting for these to 🚀🚀 during the Superbowl? 🏈 @budlight https://t.co/ohhOQRuMKU",2,2,15,GoodJuJu1111,GoodJuju.eth,3309,3048,13,2,2022
https://twitter.com/sidenoun/status/1492870799128150022,2022-02-13 14:38:29+00:00,1492870799128150022,Our #NewProfilePic by @Sidenoun ready for tonight’s #SuperBowl advert featuring @BudLight LFG 🔥🚀  #nouns #budlight #sidenoun https://t.co/8kruM24WfA,2,1,17,sidenoun,"Nouns, Sidenoun ⌐◨-◨",1470,753,13,2,2022
https://twitter.com/rivaldare/status/1492855493320007681,2022-02-13 13:37:40+00:00,1492855493320007681,Current play: bought this @budlight NFT yesterday at 0.085 eth. Floor is now 0.139. Imma probs sell right after the super bowl when we see the first NFT featured in a super bowl ad. https://t.co/jgm7MumeKO,5,2,15,rivaldare,RC Pajar⭕️ 🇵🇭,3142,433,13,2,2022
https://twitter.com/LakeBeverage/status/1492851275897217031,2022-02-13 13:20:54+00:00,1492851275897217031,Choose your @budlight team for the big game! https://t.co/B6Udt4Xd4t,1,0,1,LakeBeverage,Lake Beverage,348,388,13,2,2022
https://twitter.com/mrtimchan/status/1492821532938100739,2022-02-13 11:22:43+00:00,1492821532938100739,Watch: @MileyCyrus channels @Madonna (circa “Music” album?) as she covers “Like a Prayer” at the @budlight #SuperBowl concert https://t.co/V0G4FW4cg0,113,7,564,mrtimchan,Tim Chan,3998,937,13,2,2022
https://twitter.com/StruttersOFCL/status/1492786754423861251,2022-02-13 09:04:31+00:00,1492786754423861251,.@TheStruts at #superbowlmusicfest this evening 🤩✌️    📷: Jesse Grant for @budlight via Getty Images https://t.co/VaikOWht1S,8,1,48,StruttersOFCL,Strutters Official Fans of The Struts,2349,173,13,2,2022
https://twitter.com/MartiansVs/status/1492785794284769280,2022-02-13 09:00:42+00:00,1492785794284769280,A special #SuperBowl sneak peek for you! 🔥 He’ll be grabbing a @budlight and enjoying the game for sure.  🍀 Good luck to both the #Bengals 🐯 and the #Rams 🐏! Have a great game everyone 🚀 #martiansvs #SuperBowl2022 #SuperBowlHalftimeShow #nft #NFTCommunity #nftart #nfts https://t.co/v6sHxWUmYc,36,12,78,MartiansVs,Martians VS Rednecks,8381,734,13,2,2022
https://twitter.com/xoxoLizza/status/1492784249186893828,2022-02-13 08:54:34+00:00,1492784249186893828,"We all have our phases, but I betcha the only thing the moon prefers over @budlight is gravi-tea! 😏 #SpotAZero #Sweepstakes #BudLightNext https://t.co/jakf4qHHm2 https://t.co/yz3TjdIWKw",1,0,2,xoxoLizza,🟣Lizza Monét Morales 🌻 #LoveBugNation #Clubhouse,29949,7966,13,2,2022
https://twitter.com/kay_hennessey/status/1492768821651783683,2022-02-13 07:53:16+00:00,1492768821651783683,Thank you @budlight for the amazing @MileyCyrus concert  #BudLightNext #BudLightCelly https://t.co/eafW9blYRJ,1,0,7,kay_hennessey,𝓚𝓪𝓽𝓲𝓮 𝓗𝓮𝓷𝓷𝓮𝓼𝓼𝓮𝔂,1397,836,13,2,2022
https://twitter.com/Falc_15/status/1492749358277693442,2022-02-13 06:35:55+00:00,1492749358277693442,@MileyCyrus crushed that @budlight Super Bowl concert 💯🙌🏼,1,1,0,Falc_15,Matt Falcone,943,715,13,2,2022
https://twitter.com/krlwytt/status/1492742665535905792,2022-02-13 06:09:19+00:00,1492742665535905792,@budlight $399??? I don’t understand this verbiage you’re using. ETH please. https://t.co/3SpDnA3GkT,2,0,4,krlwytt,Karl Wyatt,1812,2258,13,2,2022
https://twitter.com/Lexmaan92/status/1492738706884612098,2022-02-13 05:53:36+00:00,1492738706884612098,"@MileyCyrus just converted a bunch of @GreenDay fans. Such an amazing performance Miley, I’m speechless.. @budlight #budlightmusicfest",1,0,6,Lexmaan92,lexx,254,394,13,2,2022
https://twitter.com/SBMusicFest/status/1492734676435443714,2022-02-13 05:37:35+00:00,1492734676435443714,.@BudLight Seltzer Hard Soda and @GuyFieri are making some noise and it's gonna be LOUD... Whoa! 👑 https://t.co/SsuIWCLfag,5,1,6,SBMusicFest,Super Bowl Music Fest,10735,46,13,2,2022
https://twitter.com/SBMusicFest/status/1492731109834207233,2022-02-13 05:23:24+00:00,1492731109834207233,The Mayor of #Flavortown has arrived... @GuyFieri just heated things up on the @BudLight #SuperBowlMusicFest blue carpet! 🔥 https://t.co/g2bVdtAxi5,6,2,68,SBMusicFest,Super Bowl Music Fest,10735,46,13,2,2022
https://twitter.com/SBMusicFest/status/1492727944283885570,2022-02-13 05:10:50+00:00,1492727944283885570,"Kickin' it with @AbbyWambach, @GlennonDoyle, and fam on the @BudLight #SuperBowlMusicFest blue carpet. ⚽️ https://t.co/fRFXq7bWxo",6,2,258,SBMusicFest,Super Bowl Music Fest,10735,46,13,2,2022
https://twitter.com/SBMusicFest/status/1492724714715889664,2022-02-13 04:58:00+00:00,1492724714715889664,Heeeeere's @JohnnyBerchtold coming down the @BudLight #SuperBowlMusicFest blue carpet! 💀 https://t.co/Yu5smdRfZH,4,2,141,SBMusicFest,Super Bowl Music Fest,10735,46,13,2,2022
https://twitter.com/SBMusicFest/status/1492723622301077505,2022-02-13 04:53:39+00:00,1492723622301077505,Just had @Scheana make her way down the @BudLight #SuperBowlMusicFest blue carpet before heading in for the show! 💅 https://t.co/D7cxXkQBqm,3,0,3,SBMusicFest,Super Bowl Music Fest,10735,46,13,2,2022
https://twitter.com/onlocationexp/status/1492717432682602502,2022-02-13 04:29:03+00:00,1492717432682602502,Live and direct from the @budlight blue carpet! #SuperBowlMusicFest 😍 https://t.co/LZKFOZyl6N,1,0,3,onlocationexp,On Location,18532,509,13,2,2022
https://twitter.com/SBMusicFest/status/1492716879110103041,2022-02-13 04:26:51+00:00,1492716879110103041,".@RaquelLeviss is rocking this stunning, all black look on the @BudLight #SuperBowlMusicFest blue carpet tonight! 🖤 https://t.co/Hn1E9vNd58",4,1,10,SBMusicFest,Super Bowl Music Fest,10735,46,13,2,2022
https://twitter.com/BabeRainbow_NFT/status/1492715236595490817,2022-02-13 04:20:20+00:00,1492715236595490817,"Actually, to be crystal clear, THIS is why i bought the @budlight NFT... Yes, the drop of @nounsdao glasses are cool, but know what's even cooler? Smart, talented creative leaders who are making cool shit. @GIToadz, @davidzhorvath, @SuperTightWoody — I'm in for whatever you do... https://t.co/dWV0xZjxqS",3,1,14,BabeRainbow_NFT,BabeRainbow.eth,508,1301,13,2,2022
https://twitter.com/comfydevil/status/1492714940653662209,2022-02-13 04:19:09+00:00,1492714940653662209,"During the Super Bowl tomorrow, @budlight will announce its new #NFT collection to one of the largest television audiences possible. Agreed, this is a great step forward. But I think it will not help with NFT adoption and acceptance by this primary audience.",1,1,8,comfydevil,comfydevil.eth,11613,6267,13,2,2022
https://twitter.com/SBMusicFest/status/1492714894059352067,2022-02-13 04:18:58+00:00,1492714894059352067,"Yaaas, strike a pose @KelsyKarter! Enjoy tonight's @BudLight #SuperBowlMusicFest show! 😜 https://t.co/AG1qaH6yR7",10,4,48,SBMusicFest,Super Bowl Music Fest,10735,46,13,2,2022
https://twitter.com/SBMusicFest/status/1492713956338769922,2022-02-13 04:15:15+00:00,1492713956338769922,We've got @TheStruts strutting their stuff on the @BudLight #SuperBowlMusicFest blue carpet! 🤩 https://t.co/uKupugb1s0,25,9,200,SBMusicFest,Super Bowl Music Fest,10735,46,13,2,2022
https://twitter.com/ryan_the_ryan/status/1492713617732476931,2022-02-13 04:13:54+00:00,1492713617732476931,Thank u 2 my besties @budlight @GreenDay https://t.co/0p1RvTXUzf,4,7,137,ryan_the_ryan,Ryan Simpkins,27327,475,13,2,2022
https://twitter.com/MileyNation13/status/1492712986104025088,2022-02-13 04:11:23+00:00,1492712986104025088,@SBMusicFest @budlight this legend ✨ https://t.co/tz5Re7z7En,3,0,18,MileyNation13,Miley Nation,27025,365,13,2,2022
https://twitter.com/SBMusicFest/status/1492712499942207490,2022-02-13 04:09:27+00:00,1492712499942207490,"Hiiii, @Ryan_The_Ryan! Thanks for stopping by the @BudLight #SuperBowlMusicFest blue carpet. 👋 https://t.co/FeVLA5eMOW",3,0,17,SBMusicFest,Super Bowl Music Fest,10735,46,13,2,2022
https://twitter.com/SBMusicFest/status/1492711884700758016,2022-02-13 04:07:01+00:00,1492711884700758016,Tell us... Who are you hoping to see walk down the @BudLight #SuperBowlMusicFest blue carpet tonight? 🤔 https://t.co/AA55ibEeGh,11,26,63,SBMusicFest,Super Bowl Music Fest,10735,46,13,2,2022
https://twitter.com/CryptoBoomNews/status/1492708157352820736,2022-02-13 03:52:12+00:00,1492708157352820736,There will be 6 Super Bowl ads featuring #Crypto tomorrow 🔥  1)  @coinbase 2) @eToro  3) @FTX_Official  4) @cryptocom  5) @bitbuy  6) @budlight featuring Nouns #NFT https://t.co/C52jDoPfXT,11,14,26,CryptoBoomNews,CryptoCurrency News,419984,1154,13,2,2022
https://twitter.com/SBMusicFest/status/1492692586460504066,2022-02-13 02:50:20+00:00,1492692586460504066,"Last but not least, it's NIGHT 3 of @BudLight #SuperBowlMusicFest with @GreenDay &amp; @MileyCyrus! Doors: 7PM. A LIMITED number of tickets remain at the box office. Guests 2 &amp; older must show proof of full vaccination or neg test &amp; ID. Info: https://t.co/eLJu7BzQsQ https://t.co/I3WHOVNJ4B",4,0,26,SBMusicFest,Super Bowl Music Fest,10735,46,13,2,2022
https://twitter.com/EvilGeniuses/status/1492686720760008707,2022-02-13 02:27:01+00:00,1492686720760008707,"EG will debut during the big game tomorrow in the latest @budlight commercial for #BudLightNext! The first 5️⃣  people to take a picture of the logo on the screen and tag us will win. Simple right? Good luck, we will be watching... 👀 https://t.co/h7GotWgVnR",9,15,118,EvilGeniuses,Evil Geniuses,592747,191,13,2,2022
https://twitter.com/SBMusicFest/status/1492671290586587138,2022-02-13 01:25:42+00:00,1492671290586587138,"We had a good ol’ time last night with the Country Boy himself, @BlakeShelton, closing out night two of @BudLight #SuperBowlMusicFest! 🤠 📸: Kevin Winter/Getty Images for Bud Light https://t.co/AwglWPrrW0",34,6,163,SBMusicFest,Super Bowl Music Fest,10735,46,13,2,2022
https://twitter.com/unbank_today/status/1492664132050423809,2022-02-13 00:57:16+00:00,1492664132050423809,"Bud Light to Give NFT Holders Physical Glasses Inspired by Nouns NFTs: https://t.co/X7IMcFiACY Holders of #N3XT #NFTs can now lay claim to a ""very real"" physical perk. #BudLight #BudLightNFT",1,1,4,unbank_today,unbank today,295,272,13,2,2022
https://twitter.com/alto_city/status/1492664120314765312,2022-02-13 00:57:13+00:00,1492664120314765312,"#BudLight to Give NFT Holders physical products, in the form of glasses inspired by the brands upcoming #SuperBowl ad.  Maybe you need them to catch the play on the field? #AltoCityNFT Available to mint during Drop 2 at https://t.co/LSxmpgFchH. https://t.co/VZzA9TIJiU",12,0,11,alto_city,Alto city,19167,135,13,2,2022
https://twitter.com/WB6DYN/status/1492658710178451459,2022-02-13 00:35:43+00:00,1492658710178451459,"This @budlight says, “we’re adding $10k to your bank account…” Attn: @budlight 👉🏻I HEREBY IMMEDIATELY ACCEPT YOUR OFFER TO GIVE ME $10k thus creating a BINDING written contract w/offer &amp; acceptance. I have already used the money for charity relying upon your generous offer👈🏻 https://t.co/Xfaa9HXfND",3,0,4,WB6DYN,"Dan Thom,B.S.,J.D. ⚖️🖤💙🖤",6425,6692,13,2,2022
https://twitter.com/decryptmedia/status/1492649729129431041,2022-02-13 00:00:02+00:00,1492649729129431041,"Just days after @budlight revealed its #SuperBowl ad shows a pair of @nounsdao specs, the beer brand announced today that holders of its own N3XT NFTs will get a physical pair of Nouns-inspired glasses. https://t.co/pRf0mex071 by @justindoom",16,5,64,decryptmedia,Decrypt,116133,1299,13,2,2022
