company_id,product_type,company_name,stock_ticker
0,soft drink,mountain dew,PEP
1,beer,budweiser,BUD
2,candy,mars,MNBP
3,car,jeep,STLA
4,car,toyota,TM
5,food,doritos,PEP
6,soft drink,pepsi,PEP
7,food,avocado from mexico,CVGW
8,food,pringles,K
9,soft drink,coca-cola,KO
10,phone,t-mobile,TMUS
11,laundry,tide,PG
12,software,turbotax,INTU
13,website,wix.com,WIX
14,website,squarespace,SQSP
15,technology,amazon alexa,AMZN
16,delivery,uber eats,UBER
17,car accessories,weather tech,
18,beer,bud light,BUD
19,phone,sprint,TMUS