url,Datetime,Tweet Id,Text,Retweet Count,Reply Count,Like Count,Username,Display Name,Followers Count,Friends Count,Day,Month,Year
https://twitter.com/IAmSpilly/status/561651639699136512,2015-01-31 22:26:00+00:00,561651639699136512,TURBOTAX: TELL YOUR FRIENDS* *as long as your friends are white people http://t.co/ofc26BC2Ji,7,0,2,IAmSpilly,ACC / STANLEY CUP CHAMPION SPILLIAM,9811,513,31,1,2015
https://twitter.com/binarybits/status/561643058396426240,2015-01-31 21:51:54+00:00,561643058396426240,TurboTax feels a need to explain itself for asking whether peoples are in same-sex marriages. http://t.co/XfTdXNSIrt,1,2,4,binarybits,Timothy B. Lee,38474,1318,31,1,2015
https://twitter.com/turbotaxfraud/status/561641791083270144,2015-01-31 21:46:52+00:00,561641791083270144,$5 billion dollars in fraudulent refunds were processed last year @turbotax wants their cut,1,0,1,turbotaxfraud,turbo taxfraud,13,15,31,1,2015
https://twitter.com/turbotaxfraud/status/561641410668290048,2015-01-31 21:45:21+00:00,561641410668290048,@turbotax doesn't care about your info they just want your $$ for using their service,1,0,1,turbotaxfraud,turbo taxfraud,13,15,31,1,2015
https://twitter.com/PunditReview/status/561638111827226624,2015-01-31 21:32:15+00:00,561638111827226624,"You're not GOP, so no worries ""@steveannear: Every time I use TurboTax I feel like I missed something, and IRS is gonna kick my door in.""",2,0,3,PunditReview,Pundit Review,2591,1273,31,1,2015
https://twitter.com/Christy41970/status/561635114699194368,2015-01-31 21:20:20+00:00,561635114699194368,Get your taxes (1040/EZ) done for FREE! Absolutely NO hidden costs with TurboTax! #ad http://t.co/TOXYEeNhcF,8,0,0,Christy41970,Christy Maurer,17759,4831,31,1,2015
https://twitter.com/Clever_Network/status/561630386317701120,2015-01-31 21:01:33+00:00,561630386317701120,Join us to take control of your #taxes! Tune in for tips at the @turbotax Twitter Party 2/5 12pm PT #Absolute0 http://t.co/RqshjHrZqt,4,0,2,Clever_Network,CLEVER Network,13582,6964,31,1,2015
https://twitter.com/turbotax/status/561630053230841856,2015-01-31 21:00:13+00:00,561630053230841856,Share the love! Invite a friend to use #TurboTax &amp; get a $10 @Amazon gift card when they file. http://t.co/t0IKU3UODm http://t.co/jDZYqkh81j,2,0,3,turbotax,Intuit TurboTax,64669,927,31,1,2015
https://twitter.com/HerNamesKayla_/status/561621505680105472,2015-01-31 20:26:16+00:00,561621505680105472,“@turbotax: Still waiting on your W-2? Check here if it's available to import directly from your employer http://t.co/IA6bMu6LHU” @DM_Bussin,1,1,1,HerNamesKayla_,that girl.,983,400,31,1,2015
https://twitter.com/TeresaKopec/status/561605585293291520,2015-01-31 19:23:00+00:00,561605585293291520,Hello TurboTax my old enemy. We meet again.,1,1,3,TeresaKopec,Teresa,5777,1308,31,1,2015
https://twitter.com/Gooden_Uggla/status/561595990449217536,2015-01-31 18:44:52+00:00,561595990449217536,Looks like @intuit @turbotax tried to fuck over their self-employed customers. http://t.co/zRui8zyYJF,1,1,0,Gooden_Uggla,Dave Z,1541,894,31,1,2015
https://twitter.com/Dattswright/status/561586754504097793,2015-01-31 18:08:10+00:00,561586754504097793,I just filed my taxes with TurboTax for free. #bam #Absolute0 #sponsored http://t.co/J3pgvvdctS,1,0,1,Dattswright,Angela Mitchell,82,625,31,1,2015
https://twitter.com/turbotax/status/561569652187205632,2015-01-31 17:00:13+00:00,561569652187205632,"File today for #free, &amp; start the weekend knowing your max #refund is on its way. http://t.co/TPh4upEh6n #Absolute0 http://t.co/COKHF2UUGk",1,0,3,turbotax,Intuit TurboTax,64669,927,31,1,2015
https://twitter.com/rhsabat/status/561562770890846208,2015-01-31 16:32:52+00:00,561562770890846208,The TurboTax Tussle of 2015 is over. But the firm handed competitors a chance to show their stuff http://t.co/x0pPKhMhmM via @WSJpersfinance,1,0,0,rhsabat,Robert Sabat,1146,1000,31,1,2015
https://twitter.com/FreeFurFun/status/561543012103516160,2015-01-31 15:14:21+00:00,561543012103516160,"Get the MAXIMUM refund, guaranteed, when you file your taxes FREE with TurboTax!! ➨ http://t.co/GwrOM81jqb http://t.co/HSNdWz5tSl",1,0,0,FreeFurFun,"Freebies, Furbabies, Fun",23223,16175,31,1,2015
https://twitter.com/nielsj_/status/561532566432645122,2015-01-31 14:32:51+00:00,561532566432645122,"Me, too, TurboTax http://t.co/4YuEoQZlP1",1,2,1,nielsj_,Niels Joaquin,807,463,31,1,2015
https://twitter.com/edc_tj/status/561530464876630016,2015-01-31 14:24:30+00:00,561530464876630016,h&amp;r block or turbotax.....hmmm,1,0,0,edc_tj,TJ,2781,1152,31,1,2015
https://twitter.com/WSJpersfinance/status/561530233988612096,2015-01-31 14:23:35+00:00,561530233988612096,TurboTax Tussle of 2015 is over. But the firm gave competitors a chance to show their stuff http://t.co/9j6JrDpLhV http://t.co/1CrPKxa3HA,5,0,0,WSJpersfinance,WSJ Personal Finance,379624,22,31,1,2015
https://twitter.com/247WallSt/status/561516025800572928,2015-01-31 13:27:07+00:00,561516025800572928,TurboTax Free for 60 Million Americans? http://t.co/2AoiHBBmHe,1,0,1,247WallSt,24/7 Wall St.,196531,211,31,1,2015
https://twitter.com/GrantdeBruin82/status/561403191649398785,2015-01-31 05:58:45+00:00,561403191649398785,"Woohoo! Thanks to TurboTax, my taxes are done!  Start yours now for free. http://t.co/MbXkSY9l0g",1,0,0,GrantdeBruin82,Grant deBruin,1113,515,31,1,2015
https://twitter.com/MidlifeHealthy/status/561351328983965697,2015-01-31 02:32:40+00:00,561351328983965697,"The best things in life are free, including #taxes! Get tax tips at the @turbotax Twitter Party 2/5 12pmPT #Absolute0 http://t.co/JF2is1j2vf",1,0,0,MidlifeHealthy,Michele Brosius,25720,20114,31,1,2015
https://twitter.com/NicoleDariz/status/561350034772725760,2015-01-31 02:27:32+00:00,561350034772725760,"Someone else filed my taxes @turbotax basically said ""you're a fraud victim, have a nice day"" #turbotaxfixyourshit",1,2,1,NicoleDariz,Nicole Armendariz,224,866,31,1,2015
https://twitter.com/BrosephJoey/status/561344354283839489,2015-01-31 02:04:57+00:00,561344354283839489,TurboTax is the shit,1,0,1,BrosephJoey,Joey ☠,430,247,31,1,2015
https://twitter.com/pragmaticmom/status/561343581810483203,2015-01-31 02:01:53+00:00,561343581810483203,"The best things in life are free, including #taxes! Get tax tips at the @turbotax Twitter Party 2/5 12pmPT #Absolute0 http://t.co/3kl13xWKbQ",1,0,0,pragmaticmom,PragmaticMom,74542,30555,31,1,2015
https://twitter.com/turbotax/status/561328071974735874,2015-01-31 01:00:15+00:00,561328071974735874,The #tax penalty for going w/o #HealthInsurance could be 1% of your income this year. Find out if you’re exempt: http://t.co/bou1hP6DZK,3,0,0,turbotax,Intuit TurboTax,64669,927,31,1,2015
https://twitter.com/JohnnieCrunch/status/561310598215266304,2015-01-30 23:50:49+00:00,561310598215266304,"$77 to file with TurboTax for a $2 refund. Kiss my ass, Intuit! I'm going to paper and pen this year.",1,0,3,JohnnieCrunch,Johnnie Crunch,581,1362,30,1,2015
https://twitter.com/pcworld/status/561291011003908096,2015-01-30 22:32:59+00:00,561291011003908096,TurboTax puts it in reverse after user uproar over features cut from the popular tax app. http://t.co/ZWbKHtUCf3 http://t.co/06iSH8cPwe,4,0,3,pcworld,PCWorld,398526,235,30,1,2015
https://twitter.com/doug_gross/status/561272750656851968,2015-01-30 21:20:26+00:00,561272750656851968,"Angry TurboTax customers win, will get a refund or free upgrade -- http://t.co/oSx1hcz50k (via @NerdWallet)",3,0,1,doug_gross,Doug Gross 🌻,4423,1752,30,1,2015
https://twitter.com/Christy41970/status/561272733104103424,2015-01-30 21:20:22+00:00,561272733104103424,Get your taxes (1040/EZ) done for FREE! Absolutely NO hidden costs with TurboTax! #ad http://t.co/TOXYEeNhcF,4,0,0,Christy41970,Christy Maurer,17759,4831,30,1,2015
https://twitter.com/turbotax/status/561267718549037056,2015-01-30 21:00:26+00:00,561267718549037056,Have you entered our #Absolute0 @Instagram contest yet? You could win $500! Here’s how: http://t.co/DGGhTaLr46,5,3,4,turbotax,Intuit TurboTax,64669,927,30,1,2015
https://twitter.com/Clever_Network/status/561260210959175682,2015-01-30 20:30:36+00:00,561260210959175682,"The best things in life are free, including #taxes! Get tax tips at the @turbotax Twitter Party 2/5 12pmPT #Absolute0 http://t.co/RqshjHrZqt",6,0,5,Clever_Network,CLEVER Network,13582,6964,30,1,2015
https://twitter.com/mindbusinessron/status/561244170061639682,2015-01-30 19:26:52+00:00,561244170061639682,sometimes changing your number feels just as good as getting ya tax returns back fast as fuck from TurboTax. if not better.,1,0,0,mindbusinessron,Mind My Business Ron,5633,1657,30,1,2015
https://twitter.com/turbotax/status/561237707007852547,2015-01-30 19:01:11+00:00,561237707007852547,"Everyone is raving about #AbsoluteZero this year. Don’t just take our word for it: @MamasonaDime thinks so, too! http://t.co/vj6xOLIV6g",3,0,3,turbotax,Intuit TurboTax,64669,927,30,1,2015
https://twitter.com/Team_Shea/status/561234144156712961,2015-01-30 18:47:01+00:00,561234144156712961,Doing my taxes by myself through @turbotax,1,0,0,Team_Shea,Good Job Shea 🍊,2594,2160,30,1,2015
https://twitter.com/OneNevada/status/561231707417108480,2015-01-30 18:37:20+00:00,561231707417108480,"If you haven't filed your taxes yet, take a look at these 10 most overlooked deductions from @TurboTax:: https://t.co/VQO2lUoQHo",2,0,1,OneNevada,One Nevada Credit Union,25456,814,30,1,2015
https://twitter.com/turbotax/status/561207683177410560,2015-01-30 17:01:53+00:00,561207683177410560,The Earned Income Tax Credit helps millions of Americans out of poverty every year. Watch to learn more: http://t.co/KZDEDPRPlE #EITC,1,0,0,turbotax,Intuit TurboTax,64669,927,30,1,2015
https://twitter.com/gkeizer/status/561196157209034752,2015-01-30 16:16:05+00:00,561196157209034752,Intuit backpedals from TurboTax changes after upgrade uproar. http://t.co/kJoE0N97zw,4,0,1,gkeizer,Gregg Keizer,8575,18,30,1,2015
https://twitter.com/ima_lil_galaxy/status/561193714211905536,2015-01-30 16:06:22+00:00,561193714211905536,I just filed my taxes with TurboTax for free. #bam #Absolute0 #sponsored http://t.co/3nY2OqqLtc,1,0,1,ima_lil_galaxy,Rachel B,402,570,30,1,2015
https://twitter.com/ima_lil_galaxy/status/561193393280548864,2015-01-30 16:05:06+00:00,561193393280548864,I just filed my taxes with TurboTax for free. #bam #Absolute0 #sponsored http://t.co/EllCSUKvcU,1,0,1,ima_lil_galaxy,Rachel B,402,570,30,1,2015
https://twitter.com/consumerist/status/561185139086991361,2015-01-30 15:32:18+00:00,561185139086991361,"Intuit Caves To Pressure: Offers Free TurboTax Upgrades, Will Undo Changes To Software For Next Year http://t.co/Zap9dDzV4S",5,0,3,consumerist,consumerist,45024,200,30,1,2015
https://twitter.com/hiltzikm/status/561184710937038848,2015-01-30 15:30:36+00:00,561184710937038848,"Intuit finally makes good on its TurboTax fiasco, quelling consumer outrage--but why did it take so long? http://t.co/DRAx1Zb38D",2,3,0,hiltzikm,Michael Hiltzik,20225,1899,30,1,2015
https://twitter.com/terriSMASHEM/status/561156038481960960,2015-01-30 13:36:40+00:00,561156038481960960,I use TurboTax every year . 🐣,1,0,0,terriSMASHEM,Terrilyn,1288,1063,30,1,2015
https://twitter.com/fonnesbeck/status/561143476533084160,2015-01-30 12:46:45+00:00,561143476533084160,Just your annual reminder that @TurboTax lobbies congress to prevent the simplification of the American tax code. Hire a CPA.,2,0,1,fonnesbeck,Chris Fonnesbeck,3925,1506,30,1,2015
https://twitter.com/supersat/status/561046430425436160,2015-01-30 06:21:07+00:00,561046430425436160,H&amp;R Block bought a sponsored link on a Gannett news site linking to a WSJ article about TurboTax price gouging. The article is paywalled.,1,1,4,supersat,Karl,3727,2860,30,1,2015
https://twitter.com/itsmeblueeyes/status/561030582873096192,2015-01-30 05:18:09+00:00,561030582873096192,You are creeping me out @turbotax #SomebodysWatchinMe http://t.co/wUgUk7iPkd,1,0,1,itsmeblueeyes,Amanda,246,223,30,1,2015
https://twitter.com/Tullysgaming/status/561025032907132930,2015-01-30 04:56:05+00:00,561025032907132930,Top 5 Tax Benefits for Canadian Families Filing an Income Tax Return from TurboTax http://t.co/kFAMj37kYD via @mommykatandkids,1,0,1,Tullysgaming,TullysGaming,5672,4937,30,1,2015
https://twitter.com/That9thCloud/status/561017676886048768,2015-01-30 04:26:52+00:00,561017676886048768,💯I just filed my taxes with TurboTax for free. #bam #Absolute0 #sponsored #Cloudmovement supports @cloudmovementSQ http://t.co/scRKz3aFGY,1,0,0,That9thCloud,That9thcloud,9579,10473,30,1,2015
https://twitter.com/USATODAYmoney/status/561004658463088640,2015-01-30 03:35:08+00:00,561004658463088640,TurboTax totally caves in price hike outcry http://t.co/xIj4YPQ20m,4,0,1,USATODAYmoney,USA TODAY Money,437623,1505,30,1,2015
https://twitter.com/RollWill_/status/560980275082330112,2015-01-30 01:58:14+00:00,560980275082330112,I just filed my taxes with TurboTax for free and I'm gonna spend my refund at @Geeklycon ! http://t.co/Tw09VaUpRi,2,0,6,RollWill_,Will of the Hive Mind,434,320,30,1,2015
https://twitter.com/ATC_N_MQB/status/560968592955420672,2015-01-30 01:11:49+00:00,560968592955420672,This TurboTax commercial messy I know ya'll seen it where the bride runaway and her bridesmaid marry her groom.,1,0,0,ATC_N_MQB,Arie Tenae,725,1790,30,1,2015
https://twitter.com/krstnfx/status/560967669436788736,2015-01-30 01:08:09+00:00,560967669436788736,Congrats to @turbotax mobile team for getting featured by Apple today! @lwdupont http://t.co/n1QApdWXPU,1,1,1,krstnfx,Kristina Fox 🦊,16960,198,30,1,2015
https://twitter.com/turbotax/status/560965688412495873,2015-01-30 01:00:17+00:00,560965688412495873,Betting on #TheBigGame? Find out how your #football winnings could be #taxed: http://t.co/3q7XrUlGDP #Infographic,1,1,0,turbotax,Intuit TurboTax,64669,927,30,1,2015
https://twitter.com/hanneebananee33/status/560963430237372416,2015-01-30 00:51:18+00:00,560963430237372416,I just filed my taxes with TurboTax for free. #bam #Absolute0 #sponsored http://t.co/33SaV5Rqti,1,0,2,hanneebananee33,Mrs. Smith Outta 316,261,408,30,1,2015
https://twitter.com/Forbes/status/560950771546857472,2015-01-30 00:01:00+00:00,560950771546857472,Intuit will provide users of its TurboTax Deluxe desktop product with free upgrades this year: http://t.co/fIZEPiID4H,29,1,17,Forbes,Forbes,18071541,5136,30,1,2015
