url,Datetime,Tweet Id,Text,Retweet Count,Reply Count,Like Count,Username,Display Name,Followers Count,Friends Count,Day,Month,Year
https://twitter.com/Yammez95/status/561672880308887552,2015-01-31 23:50:24+00:00,561672880308887552,Sometimes my dog smells like Doritos,2,2,4,Yammez95,JaMeS,11181,9996,31,1,2015
https://twitter.com/jaqueline_belle/status/561672705045299200,2015-01-31 23:49:42+00:00,561672705045299200,I want this so bad!! #doritos #chips #sweater #hoodie #food #blewmymindaway #fav #retweet #follow http://t.co/hec416LpnP,4,0,0,jaqueline_belle,jaqueline_belle,37,59,31,1,2015
https://twitter.com/DanJLutz/status/561669267998142464,2015-01-31 23:36:03+00:00,561669267998142464,@adage It's official: @Doritos #crowdsourcing tv in top ten! http://t.co/PM8sZBeGBH @BoomIdeanet eBook shows how: http://t.co/WYzYxU4xBu,1,0,0,DanJLutz,Dan Lutz,129,311,31,1,2015
https://twitter.com/erinhess_23/status/561668734298128384,2015-01-31 23:33:56+00:00,561668734298128384,Hate @GoDaddy? Excited for @Doritos? I'm co-hosting the #awchat during #SBXLIX from @advertisingweek - tweet @ me! http://t.co/YG35PQsUrK,6,1,6,erinhess_23,Erin,373,575,31,1,2015
https://twitter.com/GraceTheFace_/status/561668022755397633,2015-01-31 23:31:06+00:00,561668022755397633,*goes on a hike* *comes home and eats Doritos and cookie dough*,1,0,1,GraceTheFace_,g,434,177,31,1,2015
https://twitter.com/green_eyed_doll/status/561667478666104832,2015-01-31 23:28:56+00:00,561667478666104832,There is nothing as relaxing as sitting naked on a futon on a pile of broken Doritos and banana peels playing video games. Or so thinks 11.,3,0,13,green_eyed_doll,Green Eyed Doll,16252,17365,31,1,2015
https://twitter.com/jenny_giirl/status/561665335699714049,2015-01-31 23:20:25+00:00,561665335699714049,when you look fly af but hungry for some Doritos http://t.co/7i16XRGZy0,5,2,12,jenny_giirl,jenny girl,537,559,31,1,2015
https://twitter.com/TylerLinkin/status/561665058954964993,2015-01-31 23:19:19+00:00,561665058954964993,"Legal marijuana is the fastest growing industry in the U.S.  2nd fastest, Doritos.",5,0,21,TylerLinkin,Try The Veal,4190,683,31,1,2015
https://twitter.com/Anthony_M96/status/561665011425476611,2015-01-31 23:19:08+00:00,561665011425476611,You just gotta go balls deep in a bag of Doritos,3,0,4,Anthony_M96,Pacha,197,210,31,1,2015
https://twitter.com/JackieHotmai/status/561663783420956673,2015-01-31 23:14:15+00:00,561663783420956673,.@Doritos @PepsiCo Make it a happy ending &amp; adopt a responsible palm oil policy. http://t.co/1wzsaS8R57 via @SumOfUs,1,0,1,JackieHotmai,Jackie,4812,5177,31,1,2015
https://twitter.com/mic/status/561662761021997057,2015-01-31 23:10:12+00:00,561662761021997057,Watch the Doritos “ad” Frito-Lay doesn’t want you to see — especially the 44 second mark http://t.co/9qSSGjMQGM http://t.co/EMKWTVySk1,10,0,6,mic,Mic,174089,1220,31,1,2015
https://twitter.com/_MatheusHM_/status/561661066837360641,2015-01-31 23:03:28+00:00,561661066837360641,I liked a @YouTube video from @starkvfx http://t.co/fza6npiSVj INTRO #19 ll Doritos ll By StarkVFX and Nation,1,0,1,_MatheusHM_,Matheus!,32,39,31,1,2015
https://twitter.com/CoolOnFoolery/status/561660785588318208,2015-01-31 23:02:21+00:00,561660785588318208,Doritos have ya breath stank as fuck,1,0,0,CoolOnFoolery,🚶🏾‍♂️,2836,877,31,1,2015
https://twitter.com/EleanoreFrances/status/561660066110382080,2015-01-31 22:59:29+00:00,561660066110382080,One part of me is on a quest for meditative inner peace and the other wants to get drunk and eat Doritos.,1,0,3,EleanoreFrances,Eleanore Frances • she/her,609,885,31,1,2015
https://twitter.com/alanatrotto/status/561655565316001793,2015-01-31 22:41:36+00:00,561655565316001793,R.I.P to the DORITOS @GVincequere,1,0,0,alanatrotto,alana,554,438,31,1,2015
https://twitter.com/DopestMelody/status/561655259559641088,2015-01-31 22:40:23+00:00,561655259559641088,"@Nameless_Bee I already have, I also bought some doritos.",1,0,0,DopestMelody,melody ♥,195,553,31,1,2015
https://twitter.com/zarawilliamss_/status/561652769745301505,2015-01-31 22:30:29+00:00,561652769745301505,"all I care about is wifi,doritos and concert tickets honestly",1,0,1,zarawilliamss_,zara,341,451,31,1,2015
https://twitter.com/AboveAverage/status/561652703458111488,2015-01-31 22:30:14+00:00,561652703458111488,"You’re Invited To A Super Specific, Possibly Dangerous, #SuperBowl Party! Plz bring Doritos: http://t.co/cpPEod3Cw3 http://t.co/wbZxo3wT49",2,0,3,AboveAverage,Above Average,34982,1923,31,1,2015
https://twitter.com/abutter10/status/561651126940889088,2015-01-31 22:23:58+00:00,561651126940889088,Dew is to Doritos as Jordan is to Pippen,1,0,4,abutter10,Ar(ch)ie,494,489,31,1,2015
https://twitter.com/CliffDuffy/status/561645707355238400,2015-01-31 22:02:26+00:00,561645707355238400,"I just turned down a date so I could finish this bag of Doritos.  Plus, it's my turn on Trivia Crack.",26,3,71,CliffDuffy,Cliff Duffy,94779,98653,31,1,2015
https://twitter.com/VerdeBrandComm/status/561645673620049920,2015-01-31 22:02:18+00:00,561645673620049920,#VerdeVoice you don't have to be @doritos to win #superbowl social media-tips for small brands http://t.co/cekbeSkbF2 http://t.co/AtI6rto0Aq,2,1,1,VerdeBrandComm,Verde Brand Communications,5712,2722,31,1,2015
https://twitter.com/BustedHalo/status/561645120181637120,2015-01-31 22:00:06+00:00,561645120181637120,You can do better than #Doritos! May we offer some suggestions for your #SuperBowl party menu? http://t.co/FFigmLryGK http://t.co/misJ9KTSfU,1,0,1,BustedHalo,Busted Halo,26362,1521,31,1,2015
https://twitter.com/daniellee_fishh/status/561644086177067008,2015-01-31 21:55:59+00:00,561644086177067008,Time flies when you're eating Doritos,1,0,2,daniellee_fishh,Danielle Fisher,163,282,31,1,2015
https://twitter.com/alexjvasquez/status/561634616029638659,2015-01-31 21:18:21+00:00,561634616029638659,"I don't eat @doritos all the time but when I do I eat 40 bags in one sitting, crying the whole time...",1,0,0,alexjvasquez,Vah--skezz,2433,560,31,1,2015
https://twitter.com/leBRONjamezzzz/status/561632332617351169,2015-01-31 21:09:17+00:00,561632332617351169,“@maybachsosa300: When her breathe smells like Doritos 😍😍😍😩😩” @angeldowness,1,0,1,leBRONjamezzzz,Bronwyn Hertler,648,919,31,1,2015
https://twitter.com/SqueakyKiki78/status/561632146428014593,2015-01-31 21:08:32+00:00,561632146428014593,"Erm I'd like to thank @ShefCrispie 4 my fake award, my parents 4 creating me ....oh &amp; my sponsors Doritos 4 making such tasty snacks :P",1,1,1,SqueakyKiki78,Kiki Elmer,466,3531,31,1,2015
https://twitter.com/buckleytadhg/status/561631929817399297,2015-01-31 21:07:41+00:00,561631929817399297,Absolutely class Doritos ad for this years Super Bowl http://t.co/DWCExYXjIY,1,0,1,buckleytadhg,Tadhg Buckley,1823,911,31,1,2015
https://twitter.com/chasingthevine/status/561631677706170368,2015-01-31 21:06:41+00:00,561631677706170368,#Wine and #Doritos? Heck yea. #SuperBowlFoods #SuperBowlWine http://t.co/tZCQZmS9d4,2,1,1,chasingthevine,Lauren Mowery,21565,23470,31,1,2015
https://twitter.com/marissa_yob/status/561628763184988162,2015-01-31 20:55:06+00:00,561628763184988162,“@maybachsosa300: When her breathe smells like Doritos 😍😍😍😩😩”@giovanina_,1,0,1,marissa_yob,Yob,632,598,31,1,2015
https://twitter.com/_iTevin/status/561627047756578818,2015-01-31 20:48:17+00:00,561627047756578818,Somebody get me a big ass bag of Doritos,1,0,1,_iTevin,TR,532,245,31,1,2015
https://twitter.com/MellowSnorlax/status/561620988711157760,2015-01-31 20:24:12+00:00,561620988711157760,“@DariusTheWZRD: @MellowSnorlax lmao what is that?”1/4 lb big bite 2 Bags of Doritos &amp; 2 Brisk Teas lmao http://t.co/l0UPK7LLV2,1,1,0,MellowSnorlax,Full Jello Alchemist,1948,1891,31,1,2015
https://twitter.com/Piccola_Venezia/status/561616870416326656,2015-01-31 20:07:50+00:00,561616870416326656,Vote 4 this great video &amp; Astoria resident!.  Great job @alexjpepper @yelpqueens  #Doritos #CrashtheSuperBowl https://t.co/lEipMCFMFN,1,0,2,Piccola_Venezia,Piccola Venezia Rest,145,74,31,1,2015
https://twitter.com/lauraoster_/status/561613244725755904,2015-01-31 19:53:26+00:00,561613244725755904,I would like to point out that yesterday Ashley walked into my study hall to give me a bag of Doritos #mvp ❤️❤️😂 http://t.co/YluwrwGaC5,1,2,2,lauraoster_,lar,188,203,31,1,2015
https://twitter.com/lisa_halpern/status/561613138064187392,2015-01-31 19:53:01+00:00,561613138064187392,OUR RESPONSE to PepsiCo's statement on Doritos: http://t.co/YWUQAdCf8v via @YouTube #Pepsi #PalmOil #Deforestation,1,0,0,lisa_halpern,lisamariehalpern,261,364,31,1,2015
https://twitter.com/MattWestlake_/status/561613088156569600,2015-01-31 19:52:49+00:00,561613088156569600,original red Doritos are still the best Doritos..,1,0,2,MattWestlake_,Matt Westlake,683,319,31,1,2015
https://twitter.com/BethanyAnnCan/status/561612967192854528,2015-01-31 19:52:20+00:00,561612967192854528,"not as flashy as @SumOfUs' 1st @Doritos ad, but it tells what's missing in @PepsiCo's ""commitment"" 2 #sustainability http://t.co/pkYi8BeziC",1,0,2,BethanyAnnCan,Bethany Ann Davidson,250,580,31,1,2015
https://twitter.com/Birdman710/status/561607500622213120,2015-01-31 19:30:36+00:00,561607500622213120,"""@Nikkiriddle_: “@_gennx3: I need Chilaquilles in my life” I make the best http://t.co/KvkUYD7Ba9"" them shits look like doritos",1,1,1,Birdman710,MAGA KING,179,209,31,1,2015
https://twitter.com/Indian_stats/status/561607072689967105,2015-01-31 19:28:54+00:00,561607072689967105,my mom keeps tellin me i should start thinking of having a family some day &amp; all it did was remind me to grab 2 bags of family size doritos,36,4,92,Indian_stats,Indian Stats v2,53712,523,31,1,2015
https://twitter.com/PerfectJulia/status/561606071480242177,2015-01-31 19:24:56+00:00,561606071480242177,Now this is different - Layered Doritos Casserole! #SuperBowlFood http://t.co/aJIEgsMKWS,2,1,3,PerfectJulia,Julia Hull,33855,29688,31,1,2015
https://twitter.com/twhools78/status/561605295273947137,2015-01-31 19:21:51+00:00,561605295273947137,I want purple Doritos,3,0,0,twhools78,t,442,371,31,1,2015
https://twitter.com/TheTechnicolors/status/561602194219085824,2015-01-31 19:09:31+00:00,561602194219085824,@_ondirecting yesss!:) we'll have a lot more time to hang before an after the show! Bring some Doritos n it'll be a party🙀🎉🎉,1,0,1,TheTechnicolors,The Technicolors,11331,1,31,1,2015
https://twitter.com/DebbyBruck/status/561600392887160832,2015-01-31 19:02:22+00:00,561600392887160832,OUR RESPONSE to PepsiCo's statement on Doritos. http://t.co/Xc6iDYupxl via @SumOfUs,1,0,1,DebbyBruck,DebbyBruck,17886,16514,31,1,2015
https://twitter.com/NathieVR/status/561599123347230720,2015-01-31 18:57:19+00:00,561599123347230720,@RonaldSchakenra interdasting I thought it tastes like mlg and doritos,1,1,1,NathieVR,Nathie,36675,311,31,1,2015
https://twitter.com/alleeexisss/status/561597850669166593,2015-01-31 18:52:16+00:00,561597850669166593,I found a have eaten bag of Doritos under my bed. Lunch time.,2,1,1,alleeexisss,lex 🙃,123,286,31,1,2015
https://twitter.com/_veryspicy/status/561596338849452034,2015-01-31 18:46:15+00:00,561596338849452034,my mom keeps tellin me i should start thinking of having a family some day &amp; all it did was remind me to grab 2 bags of family size doritos,6,0,21,_veryspicy,♡ kiran ♡,6465,347,31,1,2015
https://twitter.com/TheTechnicolors/status/561595276272488449,2015-01-31 18:42:02+00:00,561595276272488449,@Mexicaint 👍 don't forget the Doritos,1,1,1,TheTechnicolors,The Technicolors,11331,1,31,1,2015
https://twitter.com/DasherLogistics/status/561591909966045185,2015-01-31 18:28:39+00:00,561591909966045185,"Busting a Spread right now, Some hot, Doritos, Top Ramon, Beef jerky,Cheeses, and a tortilla. Wont be right till all my niggas free.",1,2,5,DasherLogistics,Anonymous,67445,921,31,1,2015
https://twitter.com/theJohnnyRoles/status/561590718645272576,2015-01-31 18:23:55+00:00,561590718645272576,#Gourmet #Doritos How are those 2 words on the same bag? #JapaneseSnacks #OnlyinJapan http://t.co/rOcAfRz5PA,1,0,0,theJohnnyRoles,John 🌏,5811,5099,31,1,2015
https://twitter.com/MPlatt4/status/561590548449230850,2015-01-31 18:23:15+00:00,561590548449230850,A Cheesy Love Story-The Ad #Doritos &amp; #Pepsi Don't Want You to See -**Warning** may contain traces of #Rainforest https://t.co/rNfN7aeX7S,1,0,0,MPlatt4,@mplatt4 Mike Platt,295,790,31,1,2015
https://twitter.com/senor_adolfo/status/561590182189617152,2015-01-31 18:21:47+00:00,561590182189617152,One day I hope to make a Super Bowl Doritos commercial.,1,1,3,senor_adolfo,Adolfo,233,213,31,1,2015
https://twitter.com/OMSBeqaj/status/561588547937792000,2015-01-31 18:15:18+00:00,561588547937792000,.@Doritos @PepsiCo Make it a happy ending &amp; adopt a responsible palm oil policy. http://t.co/HLFgOTHTOD via @SumOfUs,1,0,1,OMSBeqaj,Omar Beqaj,46,171,31,1,2015
https://twitter.com/JudithDWinston/status/561588372523581440,2015-01-31 18:14:36+00:00,561588372523581440,.@Doritos @PepsiCo Make it a happy ending &amp; adopt a responsible palm oil policy. http://t.co/8w7YZ0sJNY via @SumOfUs,1,0,0,JudithDWinston,Judith Diana Winston,959,1495,31,1,2015
https://twitter.com/MeanieStranger/status/561587344193904640,2015-01-31 18:10:31+00:00,561587344193904640,.@Doritos @PepsiCo Make it a happy ending &amp; adopt a responsible palm oil policy. http://t.co/h3h4roPjRN via @SumOfUs,1,0,0,MeanieStranger,MeanieStranger,1615,1847,31,1,2015
https://twitter.com/dominiquerimas/status/561585234492530688,2015-01-31 18:02:08+00:00,561585234492530688,Once you start eating Doritos you can't stop 😩,1,0,4,dominiquerimas,Dominique Rimas,791,357,31,1,2015
https://twitter.com/Change/status/561584993542365184,2015-01-31 18:01:10+00:00,561584993542365184,"Your Doritos chips could be causing massive deforestation, @SumOfUs says. You can ask @PepsiCo to cut it out: https://t.co/JcDlghgbWO",27,1,6,Change,Change.org,1544580,753,31,1,2015
https://twitter.com/Queenhayleyy/status/561584188466667521,2015-01-31 17:57:58+00:00,561584188466667521,Doritos with hot sauce &amp; sour cream 😍😋,1,0,1,Queenhayleyy,❣❣❣❣,580,485,31,1,2015
https://twitter.com/pgoeltz/status/561581467738705920,2015-01-31 17:47:10+00:00,561581467738705920,OUR RESPONSE to PepsiCo's statement on Doritos http://t.co/5sWllASJ7z,1,0,0,pgoeltz,ANONdaisypgöeltz,5554,5800,31,1,2015
https://twitter.com/AlisaRusBuffo/status/561579670454677504,2015-01-31 17:40:01+00:00,561579670454677504,.@Doritos @PepsiCo Make it a happy ending &amp; adopt a responsible palm oil policy. http://t.co/hSWP3FQaKJ via @SumOfUs,1,0,1,AlisaRusBuffo,Алиса Фонарь,6912,6885,31,1,2015
https://twitter.com/annasw11/status/561576501376606208,2015-01-31 17:27:26+00:00,561576501376606208,fyi those doritos got downed real fast 😂 http://t.co/YB4zHOOT0K,2,0,4,annasw11,ANNA,347,249,31,1,2015
https://twitter.com/i4unews/status/561576498172555264,2015-01-31 17:27:25+00:00,561576498172555264,Watch All 10 Doritos Super Bowl Ad Finalists and you've seen the Doritos Super Bowl 2015 Ads http://t.co/adBtTJpj1v http://t.co/NQmAfDfmGS,1,0,0,i4unews,I4U News,12039,4640,31,1,2015
https://twitter.com/kimt205/status/561569022874222593,2015-01-31 16:57:43+00:00,561569022874222593,"Almost choked to death on Doritos in my kitchen just now, if you're wondering how awesome the single life is.",3,2,5,kimt205,Kim 🙋🏻‍♀️,7282,6580,31,1,2015
https://twitter.com/JeanGoto/status/561563254955446273,2015-01-31 16:34:47+00:00,561563254955446273,.@Doritos @PepsiCo Make it a happy ending &amp; adopt a responsible palm oil policy. http://t.co/2Eh9g3lPTl via @SumOfUs,1,0,1,JeanGoto,Jean Goto,342,250,31,1,2015
https://twitter.com/GunstickULM/status/561560628737765377,2015-01-31 16:24:21+00:00,561560628737765377,Just telling @Doritos and @PepsiCo that I don't want to eat dead rainforst products. #palmoil #answer https://t.co/R5AtIkk42h,2,0,0,GunstickULM,Gunstick,631,252,31,1,2015
https://twitter.com/bobbijokelly/status/561559566568001537,2015-01-31 16:20:08+00:00,561559566568001537,@Doritos finalists for $1 million dollar #SuperBowl contest @devon_Ferguson @Davehorowitz @doritosangler http://t.co/fqlzv35qIY,3,1,2,bobbijokelly,Bobbi Jo Kelly,2946,1780,31,1,2015
https://twitter.com/sumwin10/status/561559105660526592,2015-01-31 16:18:18+00:00,561559105660526592,.@Doritos @PepsiCo Make it a happy ending &amp; adopt a responsible palm oil policy. http://t.co/mVvJLQepBz via @SumOfUs,1,0,1,sumwin10,louise bjorknas,4229,4434,31,1,2015
https://twitter.com/yagirlG/status/561554788195008512,2015-01-31 16:01:09+00:00,561554788195008512,"""Smoking weed is so bad for you""  Yes bc eating Doritos and falling asleep is some destructive behavior",2,1,8,yagirlG,dale pooper,491,229,31,1,2015
https://twitter.com/PeggyTV/status/561554153030561793,2015-01-31 15:58:37+00:00,561554153030561793,McLean's Jason Johnson is hoping his  Super Bowl Doritos ad wins him $1 million. He's in Phoenix for the big day. http://t.co/8PVd9tFOlY,2,1,0,PeggyTV,Peggy Fox,7035,2101,31,1,2015
https://twitter.com/Doritos/status/561553728067481600,2015-01-31 15:56:56+00:00,561553728067481600,Missed your chance to #CrashtheSuperBowl? Enter #Doritos #BoldParody with a Finalist ad parody for a shot at 5K! https://t.co/Uhs3rpebWA,18,2,13,Doritos,Doritos,834473,242,31,1,2015
https://twitter.com/rockfordrocked/status/561546561814282240,2015-01-31 15:28:28+00:00,561546561814282240,"Get your canned goods, Doritos and beer this morning Rockford.. This could be a good storm! http://t.co/90dIB2J3xA",2,0,1,rockfordrocked,Rockfordstillrocks,750,609,31,1,2015
https://twitter.com/hecates_girl/status/561542559491969024,2015-01-31 15:12:33+00:00,561542559491969024,.@Doritos @PepsiCo Make it a happy ending &amp; adopt a responsible palm oil policy. http://t.co/fxuIRLNaqg via @SumOfUs,3,0,0,hecates_girl,Debbie,13124,13110,31,1,2015
https://twitter.com/drakefenton/status/561541570600914944,2015-01-31 15:08:38+00:00,561541570600914944,"@amkfoote @CBCKamil ""the expected high is -13 C. The expected low was two weeks ago when my GF left me and I just cried and ate Doritos.""",1,1,1,drakefenton,Drake Fenton,5777,813,31,1,2015
https://twitter.com/Vineboxco/status/561539697563148288,2015-01-31 15:01:11+00:00,561539697563148288,Hmm cheese!!!! A Doritos Super Bowl commercial remake feat Greg252. — #vine clip by Matty D http://t.co/QqAopB5qVM @Vineboxco,1,0,0,Vineboxco,Vinebox,1204,1,31,1,2015
https://twitter.com/SunainaKC/status/561537357078622209,2015-01-31 14:51:53+00:00,561537357078622209,"Best @Doritos #CrashtheSuperbowl ad! http://t.co/lK9n9FvYzX @SumOfUs  @PepsiCo, counting on you to bring your humanity into the boardroom!",2,0,0,SunainaKC,Sunaina Chugani Marquez,412,704,31,1,2015
https://twitter.com/lheathcote147/status/561535956600516608,2015-01-31 14:46:19+00:00,561535956600516608,All you have to do is give me and Courtney some chilli Doritos and that's us sorted😂,1,0,0,lheathcote147,Louis,1950,1344,31,1,2015
https://twitter.com/ebonytorrance/status/561533411987558400,2015-01-31 14:36:12+00:00,561533411987558400,Just want burgers and pizza and nachos and fajitas and lasagne and Doritos and cheesy toast and cake and ice cream and fillet steak,1,1,1,ebonytorrance,Ebony Torrance,194,336,31,1,2015
https://twitter.com/brooksey1010/status/561531983344713728,2015-01-31 14:30:32+00:00,561531983344713728,.@Doritos @PepsiCo Make it a happy ending &amp; adopt a responsible palm oil policy. http://t.co/OJiv5eRqTt via @SumOfUs,1,0,0,brooksey1010,Ashley Brooks,6,49,31,1,2015
https://twitter.com/lilly_wayne_/status/561531348889124864,2015-01-31 14:28:00+00:00,561531348889124864,“@ShtFatGirlsSay: My favorite lipstick color is Doritos.” @OSulll,1,0,2,lilly_wayne_,Lilly,239,158,31,1,2015
https://twitter.com/brianringley/status/561527704504504320,2015-01-31 14:13:32+00:00,561527704504504320,If you eat @Doritos your breath will smell like Doritos until you finish paying your student loans,1,0,1,brianringley,Brian Ringley,5157,525,31,1,2015
https://twitter.com/OneHundredRoads/status/561525413340790784,2015-01-31 14:04:25+00:00,561525413340790784,"Save the rainforest, make it happen @Doritos @PepsiCo Adopt a responsible palm oil policy http://t.co/Yb2yxHaTy4 #superbowl",1,1,2,OneHundredRoads,One Hundred Roads,29,167,31,1,2015
https://twitter.com/HamKold/status/561524338223243264,2015-01-31 14:00:09+00:00,561524338223243264,.@Doritos @PepsiCo Make it a happy ending &amp; adopt a responsible palm oil policy. http://t.co/MHldf25h0t via @SumOfUs,1,0,0,HamKold,Kevin☮,4106,4999,31,1,2015
https://twitter.com/maepreception1/status/561517357601128448,2015-01-31 13:32:25+00:00,561517357601128448,@Maepyear56 thank you for teaching us Spanish and I would recommend hiring the 'spicy Doritos'. Great entertainment.,1,0,2,maepreception1,Mrs Thomas R/Y1,110,36,31,1,2015
https://twitter.com/adopt_dont_buy/status/561511570233376768,2015-01-31 13:09:25+00:00,561511570233376768,.@Doritos @PepsiCo Make it a happy ending &amp; adopt a responsible palm oil policy. http://t.co/l9FdvCRBOC via @SumOfUs,1,0,0,adopt_dont_buy,Mike A,3630,3546,31,1,2015
https://twitter.com/MargaretAtwood/status/561506671458279424,2015-01-31 12:49:57+00:00,561506671458279424,.@Doritos @PepsiCo Make it a happy ending &amp; adopt a responsible palm oil policy. http://t.co/uCoPeuujdc via @SumOfUs,26,2,24,MargaretAtwood,Margaret E. Atwood,2047237,1538,31,1,2015
https://twitter.com/MargaretAtwood/status/561506568551034882,2015-01-31 12:49:32+00:00,561506568551034882,OUR RESPONSE to PepsiCo's statement on Doritos: http://t.co/VHOaRdjL9K via @YouTube #rainforest #palmoil @birdlife_news @WorldWildlife,12,0,10,MargaretAtwood,Margaret E. Atwood,2047237,1538,31,1,2015
https://twitter.com/PhillyMike18/status/561503577739636736,2015-01-31 12:37:39+00:00,561503577739636736,.@wired965philly: The @BigPhillyShow asked @BarackObama what his favorite #doritos flavor is- http://t.co/ZIu00czlVo @WhiteHouse,1,0,3,PhillyMike18,PhillySocial.com,17420,7741,31,1,2015
https://twitter.com/JDEstradawriter/status/561501463357431810,2015-01-31 12:29:15+00:00,561501463357431810,.@Doritos @PepsiCo Make it a happy ending &amp; adopt a responsible palm oil policy. http://t.co/bkfAEdXe3g via @SumOfUs,1,0,1,JDEstradawriter,J.D. Estrada,6722,5996,31,1,2015
https://twitter.com/Cutwitts/status/561495373605519360,2015-01-31 12:05:03+00:00,561495373605519360,.@Doritos @PepsiCo Make it a happy ending &amp; adopt a responsible palm oil policy. http://t.co/OHRRvsS4T0 via @SumOfUs  #orangutans,1,0,0,Cutwitts,HF Ⓥ 🇺🇦,2493,3369,31,1,2015
https://twitter.com/abbiellam/status/561490012769124352,2015-01-31 11:43:45+00:00,561490012769124352,She enjoyed the Doritos @FridaWaywell http://t.co/WU67Gjq3eD,1,1,1,abbiellam,abbi🍉,536,375,31,1,2015
https://twitter.com/MairouTV/status/561479202558726145,2015-01-31 11:00:48+00:00,561479202558726145,@benatkin Awesome! You should try this recipe sometime. McEuphoria is the best burger ever! #McEuphoria #BestBurgerEver #doritos,1,0,2,MairouTV,Mairou,514,130,31,1,2015
https://twitter.com/mr_stephen_moss/status/561478315706687489,2015-01-31 10:57:16+00:00,561478315706687489,.@Doritos @PepsiCo Please make it a happy ending &amp; adopt a responsible #palmoil policy. http://t.co/j4VPsGAk19 via @SumOfUs,1,0,0,mr_stephen_moss,STEVE MOSS 💙Ⓥ☘️ #GTTO #toryliars #savetheplanet,14529,11198,31,1,2015
https://twitter.com/LisaSchirch/status/561467744764583936,2015-01-31 10:15:16+00:00,561467744764583936,.@Doritos @PepsiCo Make it a happy ending &amp; adopt a responsible palm oil policy. http://t.co/CLLvfd6juB via @SumOfUs,2,0,1,LisaSchirch,Lisa Schirch,2303,898,31,1,2015
https://twitter.com/EdLeake/status/561451097970466816,2015-01-31 09:09:07+00:00,561451097970466816,How Doritos Turned User-Generated Content Into the Biggest Super Bowl Campaign of the Year | http://t.co/uP60ITJtCb,1,0,0,EdLeake,Ed Leake,29783,577,31,1,2015
https://twitter.com/Poppywrightx/status/561442235431280640,2015-01-31 08:33:54+00:00,561442235431280640,I just can't stop thinking about how delicious them chilli heatwave Doritos were last night they brought me happiness,1,0,1,Poppywrightx,pew,717,594,31,1,2015
https://twitter.com/trevordude_24/status/561442140623224832,2015-01-31 08:33:32+00:00,561442140623224832,"Hey bruh you are eating a lot of doritos r u ok? ""Yes fuck you mom I just like doritos""",1,0,3,trevordude_24,Trevor Haggerty,69,69,31,1,2015
https://twitter.com/Northernlion/status/561435580903354368,2015-01-31 08:07:28+00:00,561435580903354368,Twitter knows me well enough to know I won't be mad for getting the same Doritos ad twice in a row http://t.co/oIjthLE3B6,2,9,17,Northernlion,Ryan Letourneau,180091,820,31,1,2015
https://twitter.com/devynmitchell/status/561433379485548544,2015-01-31 07:58:43+00:00,561433379485548544,"David is eating Doritos out of his shoes, we all have bandaids on our nose and hugh Jackman is serenading us",2,0,4,devynmitchell,Devyn Mitchell,578,433,31,1,2015
https://twitter.com/KWheeler251/status/561429111537934337,2015-01-31 07:41:45+00:00,561429111537934337,Hannah just said she brought Doritos into this world hahah,1,0,0,KWheeler251,Karli Wheeler,386,205,31,1,2015
https://twitter.com/GoddessofDoggos/status/561427640218025984,2015-01-31 07:35:54+00:00,561427640218025984,"meekly steps forward.holds out bowl for more doritos*Pls sir,i want some more..alittle more*more boldly*go on..come on now,man!Fill 'er up!",1,0,1,GoddessofDoggos,Turtle,1530,2402,31,1,2015
https://twitter.com/casseroleeee/status/561426318483791872,2015-01-31 07:30:39+00:00,561426318483791872,“@Dyl_Smith22: Doritos and queso changed my life” surprised we've never tried this @oliviamoser,1,0,1,casseroleeee,Cassie Walters,711,461,31,1,2015
https://twitter.com/AAnupatel/status/561425615954669568,2015-01-31 07:27:52+00:00,561425615954669568,"""@Shreepea: @DesiRascals @AAnupatel  @vaneets0721 yummmmm doritos #desidoritos #DesiRascals 🍷🍷🍷🍷"" wining!!",2,0,2,AAnupatel,Anu Patel,889,368,31,1,2015
https://twitter.com/missandistoll/status/561423166141394945,2015-01-31 07:18:08+00:00,561423166141394945,How I feel after eating half a bag of taco flavored Doritos by myself. @missalexstoll http://t.co/wX0KMBrzSk,2,0,12,missandistoll,andi stoll,80,78,31,1,2015
https://twitter.com/johngrunewald/status/561420086968197121,2015-01-31 07:05:54+00:00,561420086968197121,The man at Taco Bell gave me a free Doritos Locos Taco. Best half birthday ever. I'm crying.,1,0,9,johngrunewald,john grunewald (it’s a / long story),424,389,31,1,2015
https://twitter.com/mirnavargas4/status/561417602254520320,2015-01-31 06:56:01+00:00,561417602254520320,Doritos with tapatio and lemon 👅💦,1,0,1,mirnavargas4,Mirna,199,157,31,1,2015
https://twitter.com/rheagaan/status/561417050669592576,2015-01-31 06:53:50+00:00,561417050669592576,"""I don't like doritos loco tacos""  Mel: ""that is fuckin fucked up savanna"" 😂😂😂",1,1,3,rheagaan,rheagan,486,309,31,1,2015
https://twitter.com/ShelbeeeeBabee/status/561411631507582976,2015-01-31 06:32:18+00:00,561411631507582976,And pickles with nacho cheese Doritos.... 👅👅,1,0,1,ShelbeeeeBabee,go follow @shahelby,547,836,31,1,2015
https://twitter.com/ModernaFlo/status/561411476695818240,2015-01-31 06:31:41+00:00,561411476695818240,The only thing i need is Doritos criminal minds and bae,1,0,0,ModernaFlo,ItsPickleRick,351,617,31,1,2015
https://twitter.com/pizzapopniall/status/561408014352388096,2015-01-31 06:17:55+00:00,561408014352388096,I WANT TO KEEP EATING SPICY DORITOS BUT MY MOUTH FEELS LIKE THE PIT OF HELL DO U SEE MY PROBLEM,1,1,14,pizzapopniall,hey savannah,28303,2198,31,1,2015
https://twitter.com/felicityerns/status/561407998036570112,2015-01-31 06:17:51+00:00,561407998036570112,“@delilahhk: The pics @felicityerns &amp; I just sent each other 😂😂😂😂” Doritos and root beer = my babies Grey = urs 😂,1,0,1,felicityerns,Felicity Ernspiker,521,420,31,1,2015
https://twitter.com/0MC18/status/561404668949970945,2015-01-31 06:04:38+00:00,561404668949970945,@Thailander chips n dips! Doritos just aren't the same here 😔,1,0,0,0MC18,Olivia,200,493,31,1,2015
https://twitter.com/bbyrhey/status/561402530559561728,2015-01-31 05:56:08+00:00,561402530559561728,Craving Doritos &amp; a Dr. Pepper,1,0,1,bbyrhey,Rheyna Tanedo,712,531,31,1,2015
https://twitter.com/Gelissa__/status/561402194847477760,2015-01-31 05:54:48+00:00,561402194847477760,@xllx__ sad ass 😂 come on I got Doritos 💀💀,1,0,1,Gelissa__,Ge Lisa,1923,426,31,1,2015
https://twitter.com/nards_deli11/status/561397617184497664,2015-01-31 05:36:36+00:00,561397617184497664,Eating cool ranch Doritos.... Enough said,1,0,2,nards_deli11,Eric Nardelli,551,795,31,1,2015
https://twitter.com/omgFactsWow/status/561393320967294977,2015-01-31 05:19:32+00:00,561393320967294977,oh sweet jesus oh sour jesus    oh BBQ jesus    oh cool ranch jesus    oh doritos locos tacos jesus,1,0,7,omgFactsWow,OMG Facts,17971,1973,31,1,2015
https://twitter.com/AlejandroDaGr8/status/561392467099283458,2015-01-31 05:16:08+00:00,561392467099283458,#FoodieTwitter keeps rejecting my application probably because I enjoy Doritos Locos Tacos from Taco Bell.,2,0,0,AlejandroDaGr8,Alejandro NIGlesias,2562,440,31,1,2015
https://twitter.com/StaceyKaniu/status/561388156998922240,2015-01-31 04:59:01+00:00,561388156998922240,"""@angelicaarmijo_: someone bring me some food , these doritos ain't enough 😪"" my bestfriend ladies &amp; gentlemen",1,1,1,StaceyKaniu,Stacey🌸,389,499,31,1,2015
https://twitter.com/ItsEmilyRod/status/561385476326965248,2015-01-31 04:48:22+00:00,561385476326965248,"""@sabrinaaegan: Emily: get me four Doritos locos tacos Her dad: four?! Emily: I NEED A FAT ASS FOR PROM Me:"" OH MY GOD YOU DIDN'T",1,0,3,ItsEmilyRod,Rod™,228,222,31,1,2015
https://twitter.com/kersy_blair_/status/561385466369290240,2015-01-31 04:48:19+00:00,561385466369290240,"""Your feet smell like Doritos"" @ToriHunterr 💯💜 #betarocks15",1,0,2,kersy_blair_,Kerstyn Blair,109,202,31,1,2015
https://twitter.com/_trufactx_/status/561384499783958528,2015-01-31 04:44:29+00:00,561384499783958528,Licking your fingers while eating Doritos and then putting your fingers back in the bag is like double dippin shit Nasty 😂😂,15,0,7,_trufactx_,TRUFACTX,1610,3564,31,1,2015
https://twitter.com/marissaann_22/status/561383791789236224,2015-01-31 04:41:40+00:00,561383791789236224,@20_angelicaa no my stale Doritos were better 😏👌,1,1,0,marissaann_22,Riss💋,996,604,31,1,2015
https://twitter.com/_HeyItsLauryn_/status/561381108131307520,2015-01-31 04:31:00+00:00,561381108131307520,@Te_Moneey30 fucking starburst and Doritos . Lmfao . From that day we had Taco Bell down here . 😂😂,1,1,1,_HeyItsLauryn_,Lo 💋,1153,1539,31,1,2015
https://twitter.com/blaksideprod/status/561377742633967616,2015-01-31 04:17:38+00:00,561377742633967616,@ELOSchaz Super Bowl winner is based on Doritos comercial comedic stats.,1,0,2,blaksideprod,BŁAKSîDE,65,222,31,1,2015
https://twitter.com/megthebrennan/status/561372675835432960,2015-01-31 03:57:30+00:00,561372675835432960,@awkwanaut @Boxed_Hobo Doritos: Fourth Impact. The ultimate dorito experience,1,1,1,megthebrennan,Megan Brennan,5414,773,31,1,2015
https://twitter.com/MsXaviB/status/561371385151651840,2015-01-31 03:52:22+00:00,561371385151651840,Wine &amp; Doritos!  *sings* I'm so fancyyyyyyyyyy.....,1,0,0,MsXaviB,Xavi-IceCreamConvos,5275,3082,31,1,2015
https://twitter.com/MonicoPromo/status/561371172441698304,2015-01-31 03:51:31+00:00,561371172441698304,"It's like a koala bear eating Doritos in a black SUV wih tinted windos, its just always gonna be tweeting, like me TMRW!!! 🐼😂@sebs_eyebrows",9,7,72,MonicoPromo,Monicolights,8949,3572,31,1,2015
https://twitter.com/stacey_alfonso/status/561370358318915585,2015-01-31 03:48:17+00:00,561370358318915585,@michelle_arrigo @bugcrewnj not when it comes to Doritos. Doritos &amp; people,1,1,0,stacey_alfonso,stacey,688,1670,31,1,2015
https://twitter.com/unOriginaal/status/561368082254282753,2015-01-31 03:39:15+00:00,561368082254282753,If @Doritos tweeted me and said that they would fly me out to the Super Bowl right now ... I would drop everything and go #thinkbold,1,0,0,unOriginaal,.,528,515,31,1,2015
https://twitter.com/ABsnachnsouls__/status/561361809199071232,2015-01-31 03:14:19+00:00,561361809199071232,TL GOIN UP!! On a Friday  Got my Doritos and my Tea  So im chillin!! 😎☕️🐸😂,1,2,2,ABsnachnsouls__,Tholli🤙🏾,942,1779,31,1,2015
https://twitter.com/Ben_McVean/status/561359787330256896,2015-01-31 03:06:17+00:00,561359787330256896,@daretoya maybe they can throw chalmers in and then get the Doritos,1,0,1,Ben_McVean,Ben_McV,33,94,31,1,2015
https://twitter.com/certifiiedmilf/status/561359747324968961,2015-01-31 03:06:07+00:00,561359747324968961,i wish i was talented like all im good at is finishing a bag of doritos in 5 minutes and being annoying,5,0,8,certifiiedmilf,alicia,6312,194,31,1,2015
https://twitter.com/isvbelx/status/561359283028520960,2015-01-31 03:04:17+00:00,561359283028520960,Doritos with tapatio so bomb for no reason,1,0,0,isvbelx,isabel,7169,2789,31,1,2015
https://twitter.com/rvnforcover/status/561358774032924672,2015-01-31 03:02:15+00:00,561358774032924672,@hemmofire come eat Doritos with me http://t.co/n2b1W9sWJ0,1,0,1,rvnforcover,ashley,1893,1662,31,1,2015
https://twitter.com/PokerUSAFree/status/561357663209279488,2015-01-31 02:57:51+00:00,561357663209279488,"#Grimm frog patee, the new doritos flovor",1,1,2,PokerUSAFree,PokerUSA Free,10,4,31,1,2015
https://twitter.com/juliaguilardi/status/561355575930671104,2015-01-31 02:49:33+00:00,561355575930671104,@Rachelliott5 @abbby_coooper AND COOL RANCH DORITOS,1,0,1,juliaguilardi,jules,528,342,31,1,2015
https://twitter.com/CharlesLazelle/status/561354437747163136,2015-01-31 02:45:02+00:00,561354437747163136,Another one of Doritos Babies https://t.co/i549BFTYzr She must be so proud #CDCWhistleblower,1,0,0,CharlesLazelle,Charles Lazel ☘️🍀⏳#freeassange⏳🍀☘️ #hex #pulse,1205,4995,31,1,2015
https://twitter.com/mikebilenki/status/561354060658245632,2015-01-31 02:43:32+00:00,561354060658245632,If anybody is near/going to TYC tonight in Winnipeg Pls bring me raspberries and maybe a bag of Doritos? It’s important. #trapped,1,0,4,mikebilenki,The Coyote,867,329,31,1,2015
https://twitter.com/madgej2716/status/561352843547148288,2015-01-31 02:38:41+00:00,561352843547148288,*7yo puts crushed up Doritos on his pizza* I don't care what your teachers say. You're a goddamn genius.,8,0,24,madgej2716,Jenny Onassis,4430,4210,31,1,2015
https://twitter.com/ethan_hori/status/561351742411898880,2015-01-31 02:34:19+00:00,561351742411898880,"Doritos, Gatorade, surround sound, xbox! 👌",1,0,4,ethan_hori,•HORI•,539,729,31,1,2015
https://twitter.com/Air_Fonzo/status/561351396931690497,2015-01-31 02:32:57+00:00,561351396931690497,"Yall say everything relationship goals, it could be red and blue bag of Doritos together and here yall goo ""yasss ❤️💙 #RelationshipGoals "" 😑",3,0,2,Air_Fonzo,Macaroni Toni🥷🏿,58248,3611,31,1,2015
https://twitter.com/itsmekrista_/status/561348436377997312,2015-01-31 02:21:11+00:00,561348436377997312,Does your cat eat Doritos and Subway with you? Mine does.,1,2,2,itsmekrista_,Krista,2415,529,31,1,2015
https://twitter.com/badlydrawnhugz/status/561343048617979904,2015-01-31 01:59:46+00:00,561343048617979904,ppl sweat what weed they got like they even know the difference. Dude shut up you're just gonna eat Doritos anyway http://t.co/Nt2tbr6AWK,3,0,4,badlydrawnhugz,Wizard of Loneliness,2951,2240,31,1,2015
https://twitter.com/lilychandlerx/status/561340157786210304,2015-01-31 01:48:17+00:00,561340157786210304,cool original are the best doritos,1,0,2,lilychandlerx,lily,2829,1252,31,1,2015
https://twitter.com/_TomasGonzalez/status/561338613237952512,2015-01-31 01:42:09+00:00,561338613237952512,"There's going to be 20 lbs of beef. Chicken, Drank, 6,785 grams of Doritos. I'll also be taking any requested food orders. All day Sunday.",1,1,0,_TomasGonzalez,Pablo Flexcobar,200,179,31,1,2015
https://twitter.com/transitorieta_/status/561337943965437953,2015-01-31 01:39:29+00:00,561337943965437953,"It's almost 2am and all I want to do is binge eat, someone bring me some Doritos I'd appreciate that",1,0,3,transitorieta_,Will,507,362,31,1,2015
https://twitter.com/glitterealm/status/561337223032107009,2015-01-31 01:36:37+00:00,561337223032107009,u know what fuck ayse i got doritos jalapeño chips,1,0,1,glitterealm,van is inactive,1578,265,31,1,2015
https://twitter.com/BigBoyRadio/status/561335703951257600,2015-01-31 01:30:35+00:00,561335703951257600,I interviewed the President of the United States @BarackObama today! I asked him what his fave @Doritos are! http://t.co/0GCyUrDbtg,2,1,6,BigBoyRadio,Evan Paul • Taste of Country Nights,10842,2747,31,1,2015
https://twitter.com/lifeofzizzle/status/561331770281308160,2015-01-31 01:14:57+00:00,561331770281308160,this bitch eats Doritos and sounds like she chewing gum.. like how.,1,0,1,lifeofzizzle,ez,311,153,31,1,2015
https://twitter.com/Lindzdwhite/status/561323703859163136,2015-01-31 00:42:54+00:00,561323703859163136,This fatty gets a doritos crumb in his eye😂😂😂 @JOSHUAJONESS #fatgirlprobs,1,0,3,Lindzdwhite,Lindz🌴,287,304,31,1,2015
https://twitter.com/CBSPhilly/status/561323029427281920,2015-01-31 00:40:13+00:00,561323029427281920,President Obama Reveals His Favorite Flavor Of #Doritos On @wired965philly: http://t.co/J9srXXZIzq,8,2,3,CBSPhilly,CBS Philly,214150,1269,31,1,2015
https://twitter.com/SELFmagazine/status/561321480818933760,2015-01-31 00:34:04+00:00,561321480818933760,We're totally making @doritos from scratch for the #SuperBowl and you can too http://t.co/NhfqQG29N9 http://t.co/59FtdEVCBg,8,1,20,SELFmagazine,SELF,496308,2043,31,1,2015
https://twitter.com/allltooswift/status/561313437003698176,2015-01-31 00:02:06+00:00,561313437003698176,"Sat in bed, listening to drunk lara, eating doritos, living the dream",1,0,1,allltooswift,kristina,2675,208,31,1,2015
https://twitter.com/contently/status/561312981682618369,2015-01-31 00:00:18+00:00,561312981682618369,"No, this isn't actually a @Doritos ad. http://t.co/afNQScffeu http://t.co/zIi5AEoRfi",1,1,2,contently,Contently,67121,4125,31,1,2015
https://twitter.com/mikegrand1/status/561309665418809345,2015-01-30 23:47:07+00:00,561309665418809345,Here's predictions for who will win the #SuperBowl — of #advertisements.  http://t.co/Ki8IRAtMAQ #adage #adweek #adclub #Budweiser #Doritos,1,0,1,mikegrand1,Mike Grandinetti,3525,2911,30,1,2015
https://twitter.com/RuthVarga/status/561309327743787008,2015-01-30 23:45:47+00:00,561309327743787008,"Yeah but Hollie has ordered Doritos and dip 😈guess who will be munching them,...... OH YEAH ME",1,0,0,RuthVarga,Ruth Varga💕,492,239,30,1,2015
https://twitter.com/_Magallon_/status/561308182581346306,2015-01-30 23:41:13+00:00,561308182581346306,"""Boy give me my bag of Doritos before I pop a pellet in yo ass!"" http://t.co/Yp9dEjwkQM",1,0,3,_Magallon_,Tobi,560,364,30,1,2015
https://twitter.com/1210WPHT/status/561306786289156096,2015-01-30 23:35:41+00:00,561306786289156096,"#priorities RT@wired965philly: The @BigPhillyShow asked @BarackObama, what his favorite #doritos flavor was - http://t.co/929A5ox75b",2,0,2,1210WPHT,Talk Radio 1210 WPHT,8068,1113,30,1,2015
https://twitter.com/Curalate/status/561305368387919872,2015-01-30 23:30:03+00:00,561305368387919872,Super Bowl weekend is almost here! A look @Doritos’ campaign strategy: http://t.co/Hz6rlXhNk1 (via @momentologyNews) http://t.co/ulRknO4BUP,2,0,2,Curalate,Curalate,35782,2479,30,1,2015
https://twitter.com/______chase/status/561303419848101888,2015-01-30 23:22:18+00:00,561303419848101888,◀▼▶▲◀▼▶▲◀▼▶▲◀▶▲◀▼▶▲◀▼▶▲◀▼▶▲◀▼▶▲▶▲◀◀▶▲◀▼▶▲◀▼▶▶▲◀▲◀▼▶▶▲◀▲◀▼▶▶▲◀▶▲◀▲▶▲◀◀▼▶▲◀▼▶▲◀▼▶▲▶▲◀▶▲◀◀▼▶▲◀▼▶▲◀▼▶▲◀▼▶▲◀▼▶▲◀▼▶▲◀▼ sorry i dropped my doritos,1,0,3,______chase,Chase Finch,2114,318,30,1,2015
https://twitter.com/nickeldoodle/status/561300017202221058,2015-01-30 23:08:47+00:00,561300017202221058,The air in my room is 23% Doritos. I know this because a really cool scientist that tried to sell me weed told me.,1,0,5,nickeldoodle,Nickronomicon,51857,1665,30,1,2015
https://twitter.com/SFU/status/561296282967220227,2015-01-30 22:53:56+00:00,561296282967220227,"@evgenyvinnik Good point. Have to watch and see if the ""Pigs Can Fly"" commercial air/wins the Doritos commercial slot-made by #SFU alumnus!",1,0,1,SFU,Simon Fraser University,49782,4971,30,1,2015
https://twitter.com/cdileonardo12/status/561294269416497152,2015-01-30 22:45:56+00:00,561294269416497152,Regular Doritos are the best chips and there's nothing you can say that will change my mind,1,0,1,cdileonardo12,Cody DiLeonardo,535,195,30,1,2015
https://twitter.com/kwoods324/status/561293869178814465,2015-01-30 22:44:21+00:00,561293869178814465,If Ashley gives a boy her Doritos you know he's the one,1,1,2,kwoods324,Kendall Woods,268,132,30,1,2015
https://twitter.com/allvesmn/status/561292472153022464,2015-01-30 22:38:48+00:00,561292472153022464,@Ame_doritos hahaha ❤️❤️,1,0,1,allvesmn,i.,10942,612,30,1,2015
https://twitter.com/Jordann_Gilbert/status/561289327338999808,2015-01-30 22:26:18+00:00,561289327338999808,If you have never put Doritos on your sandwich you have never lived,2,1,7,Jordann_Gilbert,Jordan 🐘,279,217,30,1,2015
https://twitter.com/WildcatStatue/status/561288459483348994,2015-01-30 22:22:51+00:00,561288459483348994,Doritos Locos Tacos will fail and cause the bankruptcy of Taco Bell. #ThingsClayTravisWroteInStone,1,1,2,WildcatStatue,Wildcat Statue,1436,798,30,1,2015
https://twitter.com/notxedge/status/561287840680521729,2015-01-30 22:20:24+00:00,561287840680521729,I'm craving some mothafuckin beer and Doritos!,1,0,0,notxedge,N F Tiki🍥,513,395,30,1,2015
https://twitter.com/STitusR/status/561285844141871105,2015-01-30 22:12:28+00:00,561285844141871105,That's it. Give me the Doritos and no one gets hurt. I'm not sharing so don't even ask! Don't look at me in that tone of voice! I need them!,5,0,9,STitusR,Sweets for Short,4013,3653,30,1,2015
https://twitter.com/SakChaser9/status/561284414756622336,2015-01-30 22:06:47+00:00,561284414756622336,Boa them Doritos was fye asl 😂😂😂💯💯 @BossJayJ_ did my lil ass right oms,1,1,0,SakChaser9,SAKCHASERSOCIETY🌬💰,495,776,30,1,2015
https://twitter.com/Emford06/status/561284196698951680,2015-01-30 22:05:55+00:00,561284196698951680,Sitting next too @Fern0792 on the settee while he eats Doritos and dip and I'm biting my nails not to knick one #JanDietFail #badboyfriend 🙈,1,0,1,Emford06,Emma Ford,294,290,30,1,2015
https://twitter.com/BoomIdeanet/status/561283480672534529,2015-01-30 22:03:04+00:00,561283480672534529,Doritos has been tapping the crowd for its Super Bowl campaigns for years. But it's still anyone's game out there... http://t.co/kvIi1Y2Ge1,1,0,0,BoomIdeanet,Boom Ideanet,457,1477,30,1,2015
https://twitter.com/__myaamyaa/status/561282144966680577,2015-01-30 21:57:46+00:00,561282144966680577,This nigga is eating cool ranch Doritos and celery...Dragon breath fashooo,1,0,0,__myaamyaa,Myaa 🍭,4473,921,30,1,2015
https://twitter.com/hwatkins23/status/561279592426905600,2015-01-30 21:47:37+00:00,561279592426905600,"These Doritos are soon good, I can't stop eating them😭😩",1,1,0,hwatkins23,Heather Watkins♚,490,948,30,1,2015
https://twitter.com/WISN12News/status/561278588251414528,2015-01-30 21:43:38+00:00,561278588251414528,Video:  Wauwatosa native is a finalist for Doritos Super Bowl commercial http://t.co/gyPrRWBOnz,1,0,1,WISN12News,WISN 12 NEWS,104431,1041,30,1,2015
https://twitter.com/NFLCanada/status/561277447426281474,2015-01-30 21:39:06+00:00,561277447426281474,Find out which 2 Canadians made it as finalists for the “@Doritos Crash the Super Bowl” contest here: http://t.co/RKyeMoSBqY @DoritosCanada,1,0,0,NFLCanada,NFL Canada,58677,1944,30,1,2015
https://twitter.com/DanJLutz/status/561273802273722368,2015-01-30 21:24:37+00:00,561273802273722368,Seahawks Legion of Boom has nothin' on Legion of @BoomIdeanet @Doritos believes! #crowdsourcing #superbowlads See it: http://t.co/G6eAYjOKov,3,0,1,DanJLutz,Dan Lutz,129,311,30,1,2015
https://twitter.com/kcampdesign/status/561271920671604739,2015-01-30 21:17:08+00:00,561271920671604739,When the vending machine has regular Doritos instead of reduced fat https://t.co/pBwx2GaJZn,27,2,36,kcampdesign,KCamp,8984,906,30,1,2015
https://twitter.com/Momables/status/561271848022048768,2015-01-30 21:16:51+00:00,561271848022048768,HOMEMADE DORITOS. The Perfect Snack for GAME DAY! 🏈 Plus much healthier than store bought!… http://t.co/aUHp4gJQU8,1,0,0,Momables,MOMables,18009,11612,30,1,2015
https://twitter.com/heyrhodri/status/561267966336315393,2015-01-30 21:01:25+00:00,561267966336315393,I don't get why people do drugs when you can get doritos for £1 in Tesco right now,1,0,0,heyrhodri,Irdöhr 🏴󠁧󠁢󠁷󠁬󠁳󠁿,246,213,30,1,2015
https://twitter.com/hannahgaiil/status/561267720747253760,2015-01-30 21:00:27+00:00,561267720747253760,I want Doritos,1,0,1,hannahgaiil,hannah,322,482,30,1,2015
https://twitter.com/TheTrueHman/status/561266423897808896,2015-01-30 20:55:17+00:00,561266423897808896,"Remember a time when Superbowl ads were saved until the actual Superbowl to surprise us with Doritos, Bud Light, and Movie ads? I miss that.",1,0,3,TheTrueHman,H-Man aka The Moon Squire 🌙,1291,1425,30,1,2015
https://twitter.com/tropicauhlbiebs/status/561266057160433666,2015-01-30 20:53:50+00:00,561266057160433666,"@sizzlingmuke it's always better to eat doritos alone, you don't have to share then",1,1,2,tropicauhlbiebs,Han,8941,9882,30,1,2015
https://twitter.com/_IkeUdeh/status/561264507373490176,2015-01-30 20:47:41+00:00,561264507373490176,"""@Na_naYaa: Dear @Doritos i see you are into air production...what happened to making chips?? http://t.co/ZEKoEpOLkC""😂😂😂",2,0,0,_IkeUdeh,Ike,735,615,30,1,2015
https://twitter.com/BoomIdeanet/status/561263676540207104,2015-01-30 20:44:22+00:00,561263676540207104,@IHAForum: Crowdsourced #advertising works for Doritos. Can it work for you? Answers- http://t.co/uAli3Lblr2  #crowdsourcing #inhouse,1,0,0,BoomIdeanet,Boom Ideanet,457,1477,30,1,2015
https://twitter.com/BoomIdeanet/status/561263508327632896,2015-01-30 20:43:42+00:00,561263508327632896,@insource members: Crowdsourced #advertising works for Doritos. Can it work for you? Answers- http://t.co/uAli3Lblr2 #crowdsourcing #inhouse,1,0,0,BoomIdeanet,Boom Ideanet,457,1477,30,1,2015
https://twitter.com/zee_khumalo/status/561263384457654272,2015-01-30 20:43:13+00:00,561263384457654272,Ntwana Over Some Doritos 😕😦🔫 @SirNcube_MT,1,0,0,zee_khumalo,zimmy khumalo 🌚🇿🇦,1511,768,30,1,2015
https://twitter.com/paigetweetz/status/561260657853865984,2015-01-30 20:32:23+00:00,561260657853865984,"""It turns me on that you have so much Doritos intel."" @MissEmilyCath expressing her affection for Doritos to our resident expert @meghaufe",1,0,1,paigetweetz,PL,193,580,30,1,2015
https://twitter.com/shane_barker/status/561257644355100672,2015-01-30 20:20:24+00:00,561257644355100672,The current video is more about the girl &amp; less about Doritos. I think they should change the music &amp; main focus of the video. @ecoustics,14,0,3,shane_barker,Shane Barker,29966,10066,30,1,2015
https://twitter.com/rosiewoodgate/status/561257639817248768,2015-01-30 20:20:23+00:00,561257639817248768,haha @Shreepea makes me laugh! bring the doritos!!! #DesiRascals,1,0,1,rosiewoodgate,rosiew,21,243,30,1,2015
https://twitter.com/_kennydidthat/status/561257132587102208,2015-01-30 20:18:22+00:00,561257132587102208,lightskin niggas who have severe acne look like cool ranch doritos,6,1,8,_kennydidthat,whoDIDthat,4164,630,30,1,2015
https://twitter.com/FS_Abandoned/status/561256872364494848,2015-01-30 20:17:20+00:00,561256872364494848,@Revalued_ NICE MEME BRO XDDDDDD MNT DEW DORITOS XX_420_N0SK0P3Z_XX ROFLMAO ILLUMINATI CONFIRMED,1,0,1,FS_Abandoned,FS,122,0,30,1,2015
https://twitter.com/lindifritz3/status/561255671287406594,2015-01-30 20:12:34+00:00,561255671287406594,"@Katie_TG :""Yeah I have Doritos in my locker""  @BailieRose19 :""Katie, a drug dog isn't gonna catch you for Doritos"" 😂😂😂",1,0,9,lindifritz3,Lindi Fritz,330,257,30,1,2015
https://twitter.com/NadalHernan/status/561254043197386752,2015-01-30 20:06:06+00:00,561254043197386752,The Ad Doritos Don't Want You To See | SumOfUs http://t.co/siDTMEz8kh,1,0,0,NadalHernan,Her Nadal,5353,4714,30,1,2015
https://twitter.com/ChrisHounchell/status/561253063026282496,2015-01-30 20:02:12+00:00,561253063026282496,A local man has a chance to win $1 million for his homemade Doritos commercial. http://t.co/0wE4CeGq0V,1,0,0,ChrisHounchell,Chris Hounchell - RE/MAX Metro,693,634,30,1,2015
https://twitter.com/casey_knox/status/561251586639687683,2015-01-30 19:56:20+00:00,561251586639687683,@BUSSdatass @smuckers @KelloggsUS @hersheys @pepsi @LAYS @Doritos there r GMOfree version of all those taste better &amp; won't give ya cancer!😉,1,0,0,casey_knox,cj,1060,655,30,1,2015
https://twitter.com/piltpx/status/561250432865943552,2015-01-30 19:51:45+00:00,561250432865943552,doritos would be the bees knees right now,1,0,0,piltpx,PiLT PETEY,833,795,30,1,2015
https://twitter.com/RaulLightknight/status/561249341206454274,2015-01-30 19:47:25+00:00,561249341206454274,Rt &amp; follow to enter Cheetos &amp; Doritos Giveaway 8 winners Ends whenever http://t.co/knkwsL1iwM,136,19,19,RaulLightknight,Luz muerta,1114,380,30,1,2015
https://twitter.com/ytt3r3ng/status/561248089240272896,2015-01-30 19:42:26+00:00,561248089240272896,"The looks you get when you show up to class with two pepsi's, two bags of candy and a bag of doritos... #mentalgains #movieday",1,0,1,ytt3r3ng,Mathias Yttereng,60,86,30,1,2015
https://twitter.com/kenzie_bwell/status/561247598846439424,2015-01-30 19:40:29+00:00,561247598846439424,"""She took away my Doritos. Don't touch my Doritos."" -AJ Carter on Michelle Obama",1,1,9,kenzie_bwell,mack,733,803,30,1,2015
https://twitter.com/harconsulting/status/561246625864351744,2015-01-30 19:36:37+00:00,561246625864351744,"A7: Brosnan &amp; Kia- perfect match, story &amp; point, “No More” sexual abuse (simple, dramatic &amp; powerful) &amp; Doritos “Middle Seat.” #BizChats",3,0,0,harconsulting,Hayes Roth,498,762,30,1,2015
https://twitter.com/addthis/status/561245503434665985,2015-01-30 19:32:10+00:00,561245503434665985,"[DATA] @Doritos fans love #lolcats, drinking @Pepsi, and using @Instagram. http://t.co/hXV1n6RY6K http://t.co/fmhvGEemaD",3,0,1,addthis,AddThis,2044680,796,30,1,2015
https://twitter.com/shamshandwich/status/561245341811363842,2015-01-30 19:31:31+00:00,561245341811363842,DORITOS: Not a real word. An enigma. Chip bag full of air. #accuratefood,1,1,11,shamshandwich,Alex Kramer,5051,611,30,1,2015
https://twitter.com/karldunn/status/561243615729418240,2015-01-30 19:24:40+00:00,561243615729418240,"For my money, I'm not a fan of full reveals before the big day. Prefer @doritos, @Nissan and @Skittles approach. Leave some surpise #BizChat",3,0,2,karldunn,Karl Dunn,102,77,30,1,2015
https://twitter.com/seojiuk/status/561243268244324354,2015-01-30 19:23:17+00:00,561243268244324354,how do ppl think fake tan looks natural there is nothing natural about looking like u rubbed doritos on ur skin,1,1,4,seojiuk,c,22018,198,30,1,2015
https://twitter.com/jawd0n/status/561242377302867971,2015-01-30 19:19:44+00:00,561242377302867971,"@_SheScreamDri man I been lock up they caught a nigga stealin a Pepsi, Oreo cookies , and a got Doritos chips !!!! 😂😂😂",1,1,0,jawd0n,〽️🅰️CH🅾️,1384,1648,30,1,2015
https://twitter.com/ElsjeNeethling/status/561241831988801536,2015-01-30 19:17:34+00:00,561241831988801536,There's a fine line between being tan and looking like you were rolled in Doritos.,2,0,0,ElsjeNeethling,Elsje Neethling,2146,1003,30,1,2015
https://twitter.com/AboutFunn/status/561240705004101632,2015-01-30 19:13:06+00:00,561240705004101632,There's a fine line between tan and looking liked you rolled around in Doritos.,2,0,0,AboutFunn,About Fun,2091,2797,30,1,2015
https://twitter.com/miliondollameat/status/561237305604976640,2015-01-30 18:59:35+00:00,561237305604976640,come 2 my party we gon smoke hella kush and eat doritos with a fork,4,1,6,miliondollameat,one of ur hoes,122587,424,30,1,2015
https://twitter.com/Doritos/status/561236579394404352,2015-01-30 18:56:42+00:00,561236579394404352,You know you’d use it. Enter #InstaGrubMatch for a chance to win a trip to @CIACulinary! See: http://t.co/aUzuXMzbOu http://t.co/p9SwC7R3Bo,16,2,38,Doritos,Doritos,834473,242,30,1,2015
https://twitter.com/rsvpster/status/561235771395289088,2015-01-30 18:53:29+00:00,561235771395289088,"ICYMI: no iTunes Fest, no Doritos, yes to free shows at Auditorium Shores for #SXSW 2015: http://t.co/Ho14MhoEUi",4,1,6,rsvpster,RSVPster | SXSW Parties & RSVPs,26275,643,30,1,2015
https://twitter.com/SimonSchool/status/561234931842830338,2015-01-30 18:50:09+00:00,561234931842830338,#Simon Prof. George Cook previews the #SuperBowl ad outlook including the #Rochester @Pepsi and @Doritos connections. http://t.co/nGHyYXyOpv,2,0,1,SimonSchool,Simon,3494,1143,30,1,2015
https://twitter.com/getlukedrunk/status/561233908914991104,2015-01-30 18:46:05+00:00,561233908914991104,I bet 5sos bunks smells like Cheetos and Doritos,2,0,2,getlukedrunk,ana ♡⋆*ೃ,4728,3336,30,1,2015
https://twitter.com/Nooralaa23/status/561233719143321600,2015-01-30 18:45:20+00:00,561233719143321600,@brittyy44 cant wait for the new vid !!!! Got my doritos ready!!!!!'!!!!!!!!!,1,1,1,Nooralaa23,Noor Alaa,21,87,30,1,2015
https://twitter.com/BoomIdeanet/status/561233663732768768,2015-01-30 18:45:07+00:00,561233663732768768,Most excited for the #SuperBowlAds this weekend? Us too. @Doritos and others have used #crowdsourcing. Learn more: http://t.co/hWc86geUTE,1,0,0,BoomIdeanet,Boom Ideanet,457,1477,30,1,2015
https://twitter.com/BradCaldana/status/561230202466873345,2015-01-30 18:31:22+00:00,561230202466873345,If you haven't yet watch the video @Doritos don't want you to see http://t.co/UHUayd5RcK #CrashtheSuperBowl #PalmOil #NachoRainforest,4,0,1,BradCaldana,Brad (Schenck) Caldana 🇺🇦,31534,31293,30,1,2015
https://twitter.com/SportsBlog/status/561229661644918784,2015-01-30 18:29:13+00:00,561229661644918784,@nicole_perez1 @Orbitz Doritos always has good commercial spots!,1,1,0,SportsBlog,SportsBlog.com,18408,4699,30,1,2015
https://twitter.com/desmarieeburton/status/561224041667649536,2015-01-30 18:06:53+00:00,561224041667649536,Hey guys stop by OHS cheer booth today at the food fair and buy a Doritos taco!! Much love for y'all support 💋,1,0,1,desmarieeburton,Desmariee,969,590,30,1,2015
https://twitter.com/prestonjones/status/561223440602906624,2015-01-30 18:04:29+00:00,561223440602906624,.@AustinChronicle also reporting no giant @Doritos vending machine &amp; no @itunesfestival at this yr's @sxsw: http://t.co/30vVMUVbUb,2,0,0,prestonjones,Preston Jones,5239,1378,30,1,2015
https://twitter.com/NylaVox/status/561221880527716352,2015-01-30 17:58:17+00:00,561221880527716352,@MacBerg Doritos?? O_o You are a Neumah!! LOL....,1,0,0,NylaVox,✨🍃🌸𝕺𝖑𝖎𝖛𝖎𝖆 𝕾𝖙𝖆𝖓𝖙𝖔𝖓🎠🌿✨,25201,27707,30,1,2015
https://twitter.com/GabzOlivares/status/561220846896021504,2015-01-30 17:54:11+00:00,561220846896021504,https://t.co/joVTyb7zMb  A Cheesy Love Story #Doritos,1,0,0,GabzOlivares,G A B Z 💬,3334,899,30,1,2015
https://twitter.com/MacBerg/status/561220764285030401,2015-01-30 17:53:51+00:00,561220764285030401,@NylaVox With béarnaise sauce and jalapeños and crushed doritos and maybe one shouldn't decide toppings w severe munchies...,1,2,1,MacBerg,Mac Berg,11,67,30,1,2015
https://twitter.com/ChronSXSW/status/561219964707692544,2015-01-30 17:50:41+00:00,561219964707692544,#SXSW2015 news: Who crashed his way out of the keynote? No Doritos stage or iTunesFest. Yes Aud Shores for free shows http://t.co/2BtCspFMu4,3,1,3,ChronSXSW,Chronicle SXSW,9776,233,30,1,2015
https://twitter.com/casey_knox/status/561217855098990592,2015-01-30 17:42:18+00:00,561217855098990592,Boycott brands like @smuckers @KelloggsUS @hersheys and all @pepsi products including @LAYS @Doritos &amp; Cheetos for blocking GMO labeling!!,13,1,6,casey_knox,cj,1060,655,30,1,2015
https://twitter.com/lisaxy424/status/561216955076861952,2015-01-30 17:38:43+00:00,561216955076861952,Do you think this Doritos truck driver would toss over a bag of cool ranch if I flashed him?,10,5,33,lisaxy424,bananafanafofisa,24753,2088,30,1,2015
https://twitter.com/MfsLuuvRiah/status/561214792120418304,2015-01-30 17:30:07+00:00,561214792120418304,“@KasWinning: Smell like fat people havin sex on top of a pissy bed eatin doritos.” 😂,1,0,0,MfsLuuvRiah,RIAH 🖤,2537,1538,30,1,2015
https://twitter.com/logganpim10/status/561213450324418560,2015-01-30 17:24:48+00:00,561213450324418560,Doritos No Words Needed: http://t.co/rA35smobHv every one watch this!!!,4,0,9,logganpim10,Loggan Pimentel,267,424,30,1,2015
https://twitter.com/TeamLance/status/561212788316463104,2015-01-30 17:22:10+00:00,561212788316463104,My favorite Super Bowl #FBF @LanceBass and @Skulleeroz 'Roommates' - Doritos 2012 Superbowl Contest: http://t.co/jJJcjgORlU,2,0,4,TeamLance,TeamLanceBass,3054,410,30,1,2015
https://twitter.com/ManChapGraham/status/561212471952687104,2015-01-30 17:20:54+00:00,561212471952687104,@Brendangriffin I'm looking forward to the ad for Doritos/Huckabee 2016 featuring CHVRCHES,1,1,2,ManChapGraham,Graham,155,109,30,1,2015
https://twitter.com/paigeypalooza/status/561209467862540288,2015-01-30 17:08:58+00:00,561209467862540288,someone send help and doritos to 74 south chestnut😳 @alexbizub @megbrewha @allicoolman @shayna_burgess1 @katy_herbst http://t.co/3gGnC30tdw,1,0,3,paigeypalooza,paige carson.,215,104,30,1,2015
https://twitter.com/ryanstrang/status/561207547873755136,2015-01-30 17:01:20+00:00,561207547873755136,The power of @twitter. @DoritosCanada delivers a case of Ketchup Doritos to @PeelSchools comm. office. #Fridaysnack http://t.co/Sx9G5yaG2Q,2,4,8,ryanstrang,"Ryan Strang, APR",2774,3027,30,1,2015
https://twitter.com/doveraddictt/status/561204519829528579,2015-01-30 16:49:18+00:00,561204519829528579,if someone brought me nacho cheese Doritos right now. I will seriously love you forever,1,0,0,doveraddictt,nat.,88,178,30,1,2015
https://twitter.com/WillPHarrison/status/561204045067878401,2015-01-30 16:47:25+00:00,561204045067878401,"For my neighbors, ""Super Bowl"" means something entirely different. Yet they still eat lots of Doritos....",1,0,1,WillPHarrison,Will Payne Harrison,2631,1196,30,1,2015
https://twitter.com/dirtybandconfes/status/561201229607731201,2015-01-30 16:36:14+00:00,561201229607731201,Imagine meeting your fave but they smell like lunch meat and stale Doritos,28,1,39,dirtybandconfes,dm me ur fantasies,8097,2209,30,1,2015
https://twitter.com/erzodkiewicz/status/561200634398248960,2015-01-30 16:33:52+00:00,561200634398248960,"@chelsey_zimmer: ""my mom is buying cool ranch Doritos""",2,1,1,erzodkiewicz,Emily Rzodkiewicz,628,249,30,1,2015
https://twitter.com/AIandAnalytic/status/561198626496454656,2015-01-30 16:25:53+00:00,561198626496454656,#SuperBowl win? #Patriots? #Seahawks? How about #Bud or #Doritos? Check it all out on this week's Data Driven Digest http://t.co/l7ysTN2KwT,4,0,2,AIandAnalytic,AI & Analytics,15577,1683,30,1,2015
https://twitter.com/DougEcklund/status/561198084911554560,2015-01-30 16:23:44+00:00,561198084911554560,When @Hannah_Schau opens a new bag of #doritos Happy B-Day! http://t.co/vLQagdEkB4,2,1,5,DougEcklund,Doug Ecklund,554,488,30,1,2015
https://twitter.com/Brainzooming/status/561194754508341249,2015-01-30 16:10:30+00:00,561194754508341249,Crowdsourcing #advertising works for Doritos. Will it work for you? Answers-&gt; http://t.co/qU0Xj96Kc9 #AdBowl #SuperBowlAds,2,0,2,Brainzooming,Brainzooming Group,18294,8618,30,1,2015
https://twitter.com/dangheckfrick/status/561194708530368514,2015-01-30 16:10:19+00:00,561194708530368514,Top reasons to drink Mountain Dew: 1. Gamer 2. Excellent pairing with Doritos  3. Does not love self,1,1,1,dangheckfrick,Señor Awesome,212,1094,30,1,2015
https://twitter.com/skyladawn/status/561193056767340544,2015-01-30 16:03:45+00:00,561193056767340544,"I am going to start using that term, btw. ""Food insecure."" Also ""rent insecure."" And ""vodka insecure."" But mostly ""Doritos insecure"".",1,3,0,skyladawn,AID AND ABET ABORTION,1549,211,30,1,2015
https://twitter.com/UncleRico23/status/561192145621901312,2015-01-30 16:00:08+00:00,561192145621901312,I cant wait for the #NFL domestic violence ad during the #SuperBowl &amp; for it to be followed by a group of wacky guys eating #doritos ad,1,1,2,UncleRico23,Unclerico23,1054,2767,30,1,2015
https://twitter.com/Kabakkay/status/561181341254164480,2015-01-30 15:17:12+00:00,561181341254164480,"Me  w/ raisins ""@VoOv_vMeNt: Me: Cheese Doritos ""@AtomiC_Pluto: Once I open a packet of Lays I never stop ☹""""",1,0,0,Kabakkay,Keaobaka Matlhodi,1030,634,30,1,2015
https://twitter.com/vuyanii_s/status/561180939678932992,2015-01-30 15:15:36+00:00,561180939678932992,"Co-Lays""@MezMazibuko: «- Sweet Chilli Doritos ""@VoOv_vMeNt: Me: Cheese Doritos ""@AtomiC_Pluto: Once I open a packet of Lays I never stop ☹""",2,0,0,vuyanii_s,King Already.,2178,674,30,1,2015
https://twitter.com/siphe__x/status/561180535532572672,2015-01-30 15:14:00+00:00,561180535532572672,"Co""@MezMazibuko: «- Sweet Chilli Doritos ""@VoOv_vMeNt: Me: Cheese Doritos ""@AtomiC_Pluto: Once I open a packet of Lays I never stop ☹""""""",1,0,0,siphe__x,siphe,1203,329,30,1,2015
https://twitter.com/MezMazibuko/status/561180022321729536,2015-01-30 15:11:58+00:00,561180022321729536,"«- Sweet Chilli Doritos ""@VoOv_vMeNt: Me: Cheese Doritos ""@AtomiC_Pluto: Once I open a packet of Lays I never stop ☹""""",3,0,0,MezMazibuko,Melusi,1730,1105,30,1,2015
https://twitter.com/_Mavuma/status/561177784723468289,2015-01-30 15:03:04+00:00,561177784723468289,"Me: Cheese Doritos ""@AtomiC_Pluto: Once I open a packet of Lays I never stop ☹""",1,1,0,_Mavuma,𝑽𝒐𝒐𝒎𝒂𝒔,6422,2000,30,1,2015
https://twitter.com/ArkBlogs/status/561174069614493696,2015-01-30 14:48:18+00:00,561174069614493696,@jackiewolven @Doritos It's the small things😀,1,0,1,ArkBlogs,Arkansas Bloggers,1400,1119,30,1,2015
https://twitter.com/RobertaAnding/status/561172949277753345,2015-01-30 14:43:51+00:00,561172949277753345,"Dump Your Doritos, Fritos and Cheetos! There's No Excuse for Eating Junk Food Anymore http://t.co/xvRyxX6C0r via @HuffPostLA",3,1,0,RobertaAnding,Roberta Anding,6022,1535,30,1,2015
https://twitter.com/OutOfLeftField_/status/561170284188016640,2015-01-30 14:33:16+00:00,561170284188016640,"5 year old neighbour: Give me your Doritos and I'll give you my Furby. Me: I'm sorry, I don't negotiate with terrorists.",4,1,19,OutOfLeftField_,OutOfLeftField,11138,5351,30,1,2015
https://twitter.com/ChicanoBlanco/status/561169492093333504,2015-01-30 14:30:07+00:00,561169492093333504,If there is anything that smells worse than cool ranch Doritos I haven't found it yet,2,1,3,ChicanoBlanco,Hunter Reaves,270,448,30,1,2015
https://twitter.com/TC_in_AthensGA/status/561168762083483648,2015-01-30 14:27:13+00:00,561168762083483648,"Sausage balls, little wieners and Doritos #TitansBillSuperBowlParty @SwainEvent @SethStokesTSE",1,0,1,TC_in_AthensGA,"TC in Athens, GA",3262,2326,30,1,2015
https://twitter.com/BoomIdeanet/status/561158285764882433,2015-01-30 13:45:35+00:00,561158285764882433,@doritos is using #crowdsourcing for #superbowlads. See Boom's eBook for answers to your top crowdsourcing questions http://t.co/VA7q2LHTjj,1,0,0,BoomIdeanet,Boom Ideanet,457,1477,30,1,2015
https://twitter.com/Yannigroth/status/561155468618641408,2015-01-30 13:34:24+00:00,561155468618641408,Which Doritos ads will Crash the Super Bowl on Sunday? http://t.co/tLFffbmoRB This one made ME laugh! https://t.co/5vnFgrfpm6,1,0,0,Yannigroth,Yannig Roth,1227,94,30,1,2015
https://twitter.com/Jeres_Rant/status/561154429236150272,2015-01-30 13:30:16+00:00,561154429236150272,A Cheesy Love Story - The #Ad #Doritos Don't Want You to See - #Pepsico http://t.co/0FOkpYICKW,1,0,0,Jeres_Rant,Tell It Like It Is!,1589,1221,30,1,2015
https://twitter.com/9inefour/status/561147488036741120,2015-01-30 13:02:41+00:00,561147488036741120,"crush up ""Spicy Nacho"" doritos &amp; put it on your panera salad, yes i kno i should be a chef but i dont got time for that shit im a rapper bro",1,0,4,9inefour,joey wav.,1394,191,30,1,2015
https://twitter.com/bgordonauthor/status/561135533980942336,2015-01-30 12:15:11+00:00,561135533980942336,"@CHEZ106Eric @YouTube Americans get lifelong Superbowl memories of Ali's Doritos commercials, we get lifelong scarrings of Budweiser's Brad!",1,0,0,bgordonauthor,Bruce G,513,435,30,1,2015
https://twitter.com/MikesRoddy/status/561129781606236160,2015-01-30 11:52:19+00:00,561129781606236160,Cheese in them bags like there cheetos Wotsit called yh buds Doritos,1,1,0,MikesRoddy,M RODDY,954,24,30,1,2015
https://twitter.com/meatballhinsda1/status/561120263291420672,2015-01-30 11:14:30+00:00,561120263291420672,DORITOS Superbowl Commercial 2011 Pug Attack: http://t.co/6vARukAggo My favorite all time superbowl commercial.😃 http://t.co/DfMXIJeaXX,6,3,20,meatballhinsda1,MEATBALLS,2890,2925,30,1,2015
https://twitter.com/ItsSonaOne/status/561095252002734080,2015-01-30 09:35:07+00:00,561095252002734080,The wonders of a bag of Doritos and a few Editing Apps! Get ready to see a few more of these Dorito… http://t.co/gB9bVAXxgA,2,0,17,ItsSonaOne,SonaOne Kenobi,25186,166,30,1,2015
https://twitter.com/YahooAnswersTXT/status/561074272290877440,2015-01-30 08:11:45+00:00,561074272290877440,"Getting fat, too many doritos, dads horrible.. Help?",60,2,98,YahooAnswersTXT,Bzeep.TXT,53085,35,30,1,2015
https://twitter.com/YahooAnswersTXT/status/561074144989564929,2015-01-30 08:11:15+00:00,561074144989564929,I cant stop eating doritos?,77,6,61,YahooAnswersTXT,Bzeep.TXT,53085,35,30,1,2015
https://twitter.com/crf_Vieira_/status/561074102396792832,2015-01-30 08:11:04+00:00,561074102396792832,@Nutella_doritos kkkkk Ook,1,0,1,crf_Vieira_,Matheus Vieira,2284,1615,30,1,2015
https://twitter.com/DMetal4me87/status/561066719243153408,2015-01-30 07:41:44+00:00,561066719243153408,@edenburning high five! See totally doing it the canadian way! Throw some doritos in the mix too :D XD,1,0,1,DMetal4me87,💀🤘Ashley Hanna🤘💀🇨🇦,116,133,30,1,2015
https://twitter.com/ChickenColeman/status/561065274469007361,2015-01-30 07:36:00+00:00,561065274469007361,Ever since Taco Bell started making Doritos tacos I can't eat a regular taco,6,2,2,ChickenColeman,Depressed Cowboys Fan,21939,1153,30,1,2015
https://twitter.com/DontWorryMommy/status/561064817277276160,2015-01-30 07:34:11+00:00,561064817277276160,THIS #Doritos #commercial gets MY #Vote for #SuperBowlSunday http://t.co/YpkJ7zbL91 #director #producer #filming #Indie @stuntguzz RT,1,0,1,DontWorryMommy,DontWorryMommy,3746,4293,30,1,2015
https://twitter.com/suchAvibe/status/561061903573999618,2015-01-30 07:22:36+00:00,561061903573999618,Those Doritos in the purple bag are....disgusting.,1,2,0,suchAvibe,A.,1269,1162,30,1,2015
https://twitter.com/FM_mediamusic/status/561055191295078400,2015-01-30 06:55:56+00:00,561055191295078400,Did that man really just check a bag of Doritos into the aeroplane hold. Had its own sticker and everything!,1,0,2,FM_mediamusic,Faber Music Media Composers,4913,4116,30,1,2015
https://twitter.com/auqeno/status/561052366540406785,2015-01-30 06:44:42+00:00,561052366540406785,i feel like eating an entire bag of Doritos.,1,0,0,auqeno,fat daddy,16432,1072,30,1,2015
https://twitter.com/abrochu3/status/561049722010750977,2015-01-30 06:34:12+00:00,561049722010750977,Chasing vodka with doritos,2,0,10,abrochu3,alyssa,264,88,30,1,2015
https://twitter.com/eyelawnah/status/561047413880659968,2015-01-30 06:25:01+00:00,561047413880659968,Jason is single and ready to be sold for a weenier dog and three bags of Doritos hmu for inquiries,1,0,0,eyelawnah,❁,119,158,30,1,2015
https://twitter.com/_veryspicy/status/561047113098747905,2015-01-30 06:23:50+00:00,561047113098747905,relationship status: cool ranch doritos,8,1,14,_veryspicy,♡ kiran ♡,6465,347,30,1,2015
https://twitter.com/wadohh4/status/561046978717437952,2015-01-30 06:23:18+00:00,561046978717437952,"I hate night when I crave pizza, doritos, nachos, watermelon, pineapple, chocolate milk, and tacos. all at the same time.",1,1,5,wadohh4,WADE,385,522,30,1,2015
https://twitter.com/stripperkim/status/561037267234750464,2015-01-30 05:44:42+00:00,561037267234750464,@jphillipss14 are u chasing those Doritos with beer,1,1,0,stripperkim,kimberly.,827,346,30,1,2015
https://twitter.com/aliveinthewired/status/561034388704460800,2015-01-30 05:33:16+00:00,561034388704460800,"""he's dual wielding!"" says the advertisement as kirito holds both a bag of Doritos and a bottle of mountain dew",7,0,6,aliveinthewired,Inaki,358,98,30,1,2015
https://twitter.com/PointlessPol/status/561032549410279424,2015-01-30 05:25:57+00:00,561032549410279424,I'm the stoner brother with less pot and more doritos. @Artist_Angie @PolitiBunny @atm_show @staffordvoice,1,1,4,PointlessPol,4th-Party Pol,28364,21782,30,1,2015
https://twitter.com/rinank_/status/561025899177320449,2015-01-30 04:59:32+00:00,561025899177320449,iggy azalea eats doritos for breakfast she is so messed up,1,0,2,rinank_,Miss Rina Baby,1999,2280,30,1,2015
https://twitter.com/ItalianBratikus/status/561023981705117696,2015-01-30 04:51:55+00:00,561023981705117696,"If you leave me alone with my thoughts, there's a pretty good chance I'll be covered in Doritos dust when you come back.",42,1,70,ItalianBratikus,Italian Bratikus,40422,14670,30,1,2015
https://twitter.com/save_ferriss/status/561023264622133249,2015-01-30 04:49:04+00:00,561023264622133249,According to Doritos I am a family,1,0,9,save_ferriss,Ferriss Bailey,186,274,30,1,2015
https://twitter.com/bossladiee21/status/561021077376090112,2015-01-30 04:40:22+00:00,561021077376090112,I want some Doritos tacos from Taco Bell.,1,0,1,bossladiee21,Kay'Perryman,209,250,30,1,2015
https://twitter.com/Joshua_Greene14/status/561020104469938176,2015-01-30 04:36:30+00:00,561020104469938176,"Marissa: ""do you know what never lets you down... Doritos, Doritos are always there for me.""",2,1,3,Joshua_Greene14,Josh Greene,433,570,30,1,2015
https://twitter.com/jenyb4/status/561013591202353152,2015-01-30 04:10:37+00:00,561013591202353152,I have Doritos crumbs in my cleavage so yeah I know how to be sexy.,42,4,99,jenyb4,JuneBug,6175,2123,30,1,2015
https://twitter.com/NotoriousMPK/status/561012308408012800,2015-01-30 04:05:32+00:00,561012308408012800,“@NastehaaJimale: @NotoriousMPK Omg did you have a nice trip in mexico?” Yeah I got that Doritos glow can't you tell?,1,2,2,NotoriousMPK,Mariah Sokhoeun,363,63,30,1,2015
https://twitter.com/featuringstix11/status/561012133732048896,2015-01-30 04:04:50+00:00,561012133732048896,When a whole bag of Doritos is dirt because there is no cheese on any chips,1,0,1,featuringstix11,BMalone,596,630,30,1,2015
https://twitter.com/ScottJames1995/status/561010379678302208,2015-01-30 03:57:52+00:00,561010379678302208,How do @Doritos taste in chocolate syrup? I tested it...for science. http://t.co/y60SD1osK3,2,0,0,ScottJames1995,Scott,122,123,30,1,2015
https://twitter.com/Deividcova/status/561003413723705344,2015-01-30 03:30:11+00:00,561003413723705344,Doritos negros are my relationship goals.,7,2,4,Deividcova,Cova,2962,856,30,1,2015
https://twitter.com/cclarke0/status/561003340436623360,2015-01-30 03:29:53+00:00,561003340436623360,.@tyleroakley @koreykuhl I just wanna rap itty bitty piggy and get doritos los tacos. 💁,1,0,1,cclarke0,Caitlin Clarke,330,660,30,1,2015
https://twitter.com/rachelbearinger/status/561003220315549697,2015-01-30 03:29:25+00:00,561003220315549697,@tessacone @tannerhelms_ the way Tyler feels about these doritos is how i feel about you tessa. #TyleratUNI http://t.co/SepXPE7g6p,1,0,4,rachelbearinger,Rachel Bearinger,857,772,30,1,2015
https://twitter.com/iSarcasmOk/status/561002888710086656,2015-01-30 03:28:06+00:00,561002888710086656,I’m the kind of girl that would eat Doritos on her wedding day and accidentally wipe her hands on her dress.,13,1,24,iSarcasmOk,Sarcasm,22368,13736,30,1,2015
https://twitter.com/_crownedangel/status/561002711257079808,2015-01-30 03:27:23+00:00,561002711257079808,@CooL_vibes_ eat nacho Doritos off girls booty holes.,1,0,0,_crownedangel,A N G E L 👑,1271,808,30,1,2015
https://twitter.com/Mitza_07/status/561002318200446977,2015-01-30 03:25:50+00:00,561002318200446977,I just witnessed my boyfriend get a dorito out of a Doritos bag with chopsticks... #what?,1,0,0,Mitza_07,Sleeping Beauty,201,135,30,1,2015
https://twitter.com/BLu___02/status/561001449430470657,2015-01-30 03:22:23+00:00,561001449430470657,"Arizonas, doritos, dogs and corner stores @blvcktay",1,1,2,BLu___02,BRAVECOOLWORLD,859,384,30,1,2015
https://twitter.com/jaycehovey/status/561000864383389696,2015-01-30 03:20:03+00:00,561000864383389696,@tyleroakley loves Doritos more than anyone you know. And is also adorable. #TyleratUNI http://t.co/GbNoejo1xi,1,0,2,jaycehovey,Jayce Hovey | BLM,194,376,30,1,2015
https://twitter.com/FloppySteamer69/status/560994823402823682,2015-01-30 02:56:03+00:00,560994823402823682,The Internet is the greatest invention ever maaaaann. Pass the Doritos. What's your gamertag? Jet fuel can't melt steel beams maaaan,1,0,1,FloppySteamer69,Cholo Swearengen,215,71,30,1,2015
https://twitter.com/Im_Da_Tw33T/status/560992073927897089,2015-01-30 02:45:07+00:00,560992073927897089,"Got my pizza, my corona, my 211, my doritos, my newports, my rillo, came out out these work clothes. I am scandal and netflix ready",1,1,0,Im_Da_Tw33T,Vee ♈,833,835,30,1,2015
https://twitter.com/MollyOnMars/status/560989940306444289,2015-01-30 02:36:39+00:00,560989940306444289,Keep your hands off my momma. Keep your hands off my Doritos. #neverforget,1,0,0,MollyOnMars,Molly Scott,144,89,30,1,2015
https://twitter.com/ChasingBristol/status/560989063470391296,2015-01-30 02:33:10+00:00,560989063470391296,"""Do we have to speak Spanish when we see him? Because I only know Doritos and chihuahua."" #MichaelWatchesBTVS",1,0,0,ChasingBristol,Michael Henson: A Star Wars Story 🇺🇦,640,1061,30,1,2015
https://twitter.com/Jon__HP/status/560989008877350912,2015-01-30 02:32:57+00:00,560989008877350912,I want some doritos,2,0,0,Jon__HP,db4d...,1313,475,30,1,2015
https://twitter.com/CorreaLeniah/status/560988450665824257,2015-01-30 02:30:43+00:00,560988450665824257,Slushy+Doritos+Reese's = Love🙌😍😋,1,1,0,CorreaLeniah,Uconn1234,533,412,30,1,2015
https://twitter.com/FieldAgentInc/status/560988023148793856,2015-01-30 02:29:02+00:00,560988023148793856,Sign up for our FREE #SuperBowl #ConsumerInsights Report on #BrandWars http://t.co/H00rpCe95j @CocaColaCo @Doritos http://t.co/ybrQBfmMgm,1,0,0,FieldAgentInc,Field Agent®,4363,1768,30,1,2015
https://twitter.com/DanStapleton/status/560986763057831936,2015-01-30 02:24:01+00:00,560986763057831936,@JennOfHardwire I know. It makes no sense. Mt. Dew &amp; Doritos are non-endemic advertisers - supposedly what people WANT us to have.,1,1,2,DanStapleton,Dan Stapleton,20880,583,30,1,2015
https://twitter.com/perry_florio/status/560985737068568576,2015-01-30 02:19:56+00:00,560985737068568576,@TheDanielGerth Bring it! Wait you're in college now. Shouldn't you be drinking cheap beer and eating Doritos?,1,1,0,perry_florio,Perry Florio,548,1232,30,1,2015
https://twitter.com/Grunderkei/status/560984763474137089,2015-01-30 02:16:04+00:00,560984763474137089,@DeadwingDuck What if it is in cupcake form?  Plus doritos http://t.co/oPqP78fRXQ,1,2,2,Grunderkei,Grundy,365,197,30,1,2015
https://twitter.com/LandoSoReal/status/560984264100298752,2015-01-30 02:14:05+00:00,560984264100298752,"What Liv Saying, Translator Please, Talking Like she got Doritos in her mouth",4,0,4,LandoSoReal,LANDO,44733,19489,30,1,2015
https://twitter.com/NBCDFW/status/560983100600356864,2015-01-30 02:09:28+00:00,560983100600356864,".@Doritos has announced the 10 finalists of its ""Crash the Super Bowl"" commercial contest. Check them out: http://t.co/cvYdyhAtk0 #SB49",1,0,1,NBCDFW,NBC DFW,499580,2183,30,1,2015
https://twitter.com/ScoDal/status/560982762900176896,2015-01-30 02:08:07+00:00,560982762900176896,"@NoelleNair @RagingZen well if you're a bag of doritos, i wanna be a bag of skittles!",1,1,1,ScoDal,Scott Dallas,17523,16457,30,1,2015
https://twitter.com/RagingZen/status/560981450850590721,2015-01-30 02:02:55+00:00,560981450850590721,"Yeah don't use non gender neutral words like ""man"" I choose to identify as a bag of Doritos soooo you're oppressing me right now @NoelleNair",1,1,2,RagingZen,M4573R Of z3N,1124,621,30,1,2015
https://twitter.com/CadillacMack_/status/560979845359083520,2015-01-30 01:56:32+00:00,560979845359083520,You need a pediatrist my g “@dylanshae_: My socks smell like cool ranch doritos.”,1,1,0,CadillacMack_,Da Boy,1333,870,30,1,2015
https://twitter.com/VickyThree/status/560972684012843008,2015-01-30 01:28:04+00:00,560972684012843008,#reelbadnite what Doritos flavor is that,1,0,0,VickyThree,Lisa L,42,162,30,1,2015
https://twitter.com/InBossYouTrust/status/560972362019913729,2015-01-30 01:26:48+00:00,560972362019913729,I got bribed with Doritos. Lord know I love Doritos,1,0,0,InBossYouTrust,"Been About It, Always Will Be",17283,18369,30,1,2015
https://twitter.com/_Cyntrell/status/560972043449954304,2015-01-30 01:25:32+00:00,560972043449954304,Guess I'll just eat these Doritos 😔,1,1,0,_Cyntrell,CYN 👑,965,610,30,1,2015
https://twitter.com/MikeMcDTweets/status/560972039453175810,2015-01-30 01:25:31+00:00,560972039453175810,"Why would I watch the #SuperBowlCommercials early? I prefer to be surprised each year to know why I should buy Doritos, thank you very much.",1,1,3,MikeMcDTweets,Michael McDevitt,1085,1149,30,1,2015
https://twitter.com/A_SaLeHi_44/status/560969148105519104,2015-01-30 01:14:01+00:00,560969148105519104,The fiery Doritos locos taco is the best,1,0,1,A_SaLeHi_44,Ahmad Salehi,376,294,30,1,2015
https://twitter.com/Cooper818/status/560968505143885826,2015-01-30 01:11:28+00:00,560968505143885826,"@nicotinehabit I'm best friends with all of the tos families. You know, Cheetos Doritos &amp; the Fritos.",1,1,0,Cooper818,Connor,424,209,30,1,2015
https://twitter.com/mbeautye/status/560963824329973761,2015-01-30 00:52:52+00:00,560963824329973761,“@KevonGold: If there's no @Doritos commercials during the superbowl ima be pissed” they be funny as hellll. &amp; the M&amp;Ms one.,1,0,0,mbeautye,🤫,4787,3120,30,1,2015
https://twitter.com/KevonGold/status/560962713208094720,2015-01-30 00:48:27+00:00,560962713208094720,If there's no @Doritos commercials during the superbowl ima be pissed,1,1,0,KevonGold,chico amante,4769,593,30,1,2015
https://twitter.com/anneberrysauce/status/560960621399650304,2015-01-30 00:40:08+00:00,560960621399650304,"""@ltsFunnyTruth: oh sweet jesus oh sour jesus oh BBQ jesus oh cool ranch jesus oh doritos locos tacos jesus"" @ETidrick",1,2,3,anneberrysauce,annie,401,468,30,1,2015
https://twitter.com/SplendidTable/status/560960588202143745,2015-01-30 00:40:01+00:00,560960588202143745,"It's easy to make Fritos, Doritos and Cheetos at home, but not Pringles. From @SplendidTable: http://t.co/fzeYhzA9aN",1,0,4,SplendidTable,The Splendid Table,32871,4101,30,1,2015
https://twitter.com/ReallyBigSwift/status/560959622874271744,2015-01-30 00:36:10+00:00,560959622874271744,you ever eat doritos then rub ur eye and wish you were dead,1,0,1,ReallyBigSwift,brad,197,109,30,1,2015
https://twitter.com/VanityFASHION__/status/560959597306183680,2015-01-30 00:36:04+00:00,560959597306183680,"“@E_Ceasar: Datrion try to fight me over some doritos today tf” lmfao knock his big ass on the floor , his ass cut me in line I was pissed",1,0,0,VanityFASHION__,pettylabelle.,2661,2576,30,1,2015
https://twitter.com/egg_dog/status/560955510841954305,2015-01-30 00:19:50+00:00,560955510841954305,just ate an entire bag of cool ranch doritos then sicked the entire thing back into the empty bag #humblebrag,1,2,9,egg_dog,pet lizard ate all my cigarettes,23986,865,30,1,2015
https://twitter.com/riderxavier11/status/560955029431910400,2015-01-30 00:17:55+00:00,560955029431910400,I love Doritos,1,0,2,riderxavier11,Rider,386,170,30,1,2015
https://twitter.com/MLPBrony78/status/560953199301910528,2015-01-30 00:10:39+00:00,560953199301910528,Retro Doritos Ketchup Chips perfect for tonight's TV Mare-a-thon.#Brony,1,0,0,MLPBrony78,Princess Twilight Sparkle( Summer Bash),5202,1615,30,1,2015
https://twitter.com/kamjo113/status/560951755148492800,2015-01-30 00:04:55+00:00,560951755148492800,Was gonna go running but then I saw a bag of Doritos and I decided to eat them instead... Oops¯\_(ツ)_/¯,1,0,4,kamjo113,Kamryn Fulenchek,543,540,30,1,2015
https://twitter.com/Tooterson/status/560950812793257986,2015-01-30 00:01:10+00:00,560950812793257986,eating doritos for breakfast mmm yes,1,1,1,Tooterson,🦑🔪,8307,743,30,1,2015
