url,Datetime,Tweet Id,Text,Retweet Count,Reply Count,Like Count,Username,Display Name,Followers Count,Friends Count,Day,Month,Year
https://twitter.com/gabriela_koleva/status/561675077713154049,2015-01-31 23:59:08+00:00,561675077713154049,"Nicki performed at @budlight's #HouseOfWhatever in Phoenix, AZ. [2] http://t.co/3tM5qDdMso",1,0,1,gabriela_koleva,Gabriela,1108,885,31,1,2015
https://twitter.com/gabriela_koleva/status/561674191758700544,2015-01-31 23:55:37+00:00,561674191758700544,"Nicki performed at @budlight's #HouseOfWhatever in Phoenix, AZ. http://t.co/eEtoo9iuj4",1,1,1,gabriela_koleva,Gabriela,1108,885,31,1,2015
https://twitter.com/SHAQ/status/561672167423610880,2015-01-31 23:47:34+00:00,561672167423610880,I had so much fun DJing @budlight House of Whatever- PHOENIX!!! #UpForWhatever #SB49,70,27,253,SHAQ,SHAQ.SOL,15698543,840,31,1,2015
https://twitter.com/chrisb2020/status/561671845208793089,2015-01-31 23:46:17+00:00,561671845208793089,#UpForWhatever in Phoenix Arizona. I just have one thing to ask. Who's coming with me! (Jerry McGuire voice) @budlight,1,0,1,chrisb2020,chris beaver,113,454,31,1,2015
https://twitter.com/PacheLiveNOW/status/561670652336160768,2015-01-31 23:41:33+00:00,561670652336160768,Close to front row. Rumor is #Nelly is here @budlight #HouseOfWhatever #UpForWhatever http://t.co/Tir34U3RdZ,1,1,6,PacheLiveNOW,Mike Pache,2470,367,31,1,2015
https://twitter.com/kayleighcclark/status/561670580793913344,2015-01-31 23:41:16+00:00,561670580793913344,@budlight We are here in Phoenix and always #UpForWhatever @itsjustDpage @joshtarge @MattGClark,2,0,0,kayleighcclark,Kayleigh Christina Clark,300,361,31,1,2015
https://twitter.com/budlight/status/561670509197131777,2015-01-31 23:40:59+00:00,561670509197131777,@jeanay_nay Gonna be hard to beat Day 1...but we're #UpForWhatever.,1,0,2,budlight,Bud Light,265047,254,31,1,2015
https://twitter.com/MilltownGroove/status/561670194742165505,2015-01-31 23:39:44+00:00,561670194742165505,Come out for some cheap drinks and good times! $1 Budlight $2 whiskeys and bourbons http://t.co/yO29Vfg6pK,2,0,1,MilltownGroove,MilltownGroove,1156,1153,31,1,2015
https://twitter.com/maryswantek/status/561668906348478464,2015-01-31 23:34:37+00:00,561668906348478464,$1 budlight and $2 bourbon and whiskey tonight at @MilltownGroove 🍹😉 come see me at the back bar!,4,0,1,maryswantek,Mary Swantek,309,359,31,1,2015
https://twitter.com/TTcarey24/status/561668273700626433,2015-01-31 23:32:06+00:00,561668273700626433,@MikeyAdamsWEEI @budlight @1037WEEIFM why are you not @ SB?,1,1,2,TTcarey24,Irish@ Heart,32,240,31,1,2015
https://twitter.com/joshtarge/status/561666367305555969,2015-01-31 23:24:31+00:00,561666367305555969,"@budlight yo, we're #UpForWhatever @ TPC Scottsdale http://t.co/Rc0vk9hzog",1,0,0,joshtarge,Josh Targe,333,300,31,1,2015
https://twitter.com/guppnoy831/status/561662388429004800,2015-01-31 23:08:43+00:00,561662388429004800,@MissK21 @budlight @steveaoki hook her up!!!,1,0,1,guppnoy831,Chris Fisher,158,627,31,1,2015
https://twitter.com/okcthunder/status/561662273639710720,2015-01-31 23:08:15+00:00,561662273639710720,".@BudLight Fact of the Night: 15 combined NBA seasons, Durant/Westbrook have been selected as All-Stars 10 times. http://t.co/jWYytgR7qk",215,5,326,okcthunder,OKC THUNDER,2813147,860,31,1,2015
https://twitter.com/CraveOnline/status/561660229889568768,2015-01-31 23:00:08+00:00,561660229889568768,#Crave was at @budlight's House of Whatever for @NICKIMINAJ &amp; the @KONGOS performance #upforwhatever #SuperBowlXLIX http://t.co/oa9pqJFcbv,1,0,0,CraveOnline,CRAVE,19171,2177,31,1,2015
https://twitter.com/diplo/status/561659613104197632,2015-01-31 22:57:41+00:00,561659613104197632,we are raving at the house of whatever  budlight tonight but gonna climb this mountain real quick #superbowl,82,24,314,diplo,diplo,2477454,5101,31,1,2015
https://twitter.com/djcoz941/status/561659037092433920,2015-01-31 22:55:24+00:00,561659037092433920,@3rdLegGreg @StreetLacedDJs @AmalieArena @barrycarew @budlight  We are HERE!! #leggo http://t.co/y3TDyrXhQb,1,0,0,djcoz941,Dj Coz,6347,6034,31,1,2015
https://twitter.com/3rdLegGreg/status/561658809798901760,2015-01-31 22:54:30+00:00,561658809798901760,Shouts to @StreetLacedDJs rocking the @AmalieArena tonight! @djcoz941 on Ford Thunder Alley &amp; @barrycarew on the @budlight Party Deck!,2,1,2,3rdLegGreg,Greg “3LG” Wolf,8573,969,31,1,2015
https://twitter.com/MarcSessler/status/561654982571593728,2015-01-31 22:39:17+00:00,561654982571593728,"Out of nowhere, @SHAQ DJ'ing epic @budlight Super Bowl festival. http://t.co/RchZMVl8ZS",5,1,8,MarcSessler,Marc Sessler,115183,2904,31,1,2015
https://twitter.com/steventeaster/status/561652736366624768,2015-01-31 22:30:22+00:00,561652736366624768,@budlight THANK SO MUCH! [ AMD MAY THE BEST TEAM WIN!!!  ] @Journeyingdave @katelcasas @ProphecyEnt @JohnNeedham7 @New_Aristocrats,3,1,2,steventeaster,STEVEN T. E@STER,19527,18256,31,1,2015
https://twitter.com/PacheLiveNOW/status/561651909732225024,2015-01-31 22:27:04+00:00,561651909732225024,#Shaq invasion #HouseOfWhatever #UpForWhatever @budlight http://t.co/3TNiP2JJYX,3,0,2,PacheLiveNOW,Mike Pache,2470,367,31,1,2015
https://twitter.com/MikeyAdams420/status/561651889402814467,2015-01-31 22:27:00+00:00,561651889402814467,Headin' to Wicked Good Bar at Twin River Casino for the #Bruins game right now @budlight @1037WEEIFM,1,2,9,MikeyAdams420,Mikey Adams,26025,420,31,1,2015
https://twitter.com/12News/status/561651396844343296,2015-01-31 22:25:02+00:00,561651396844343296,#Shaq just invaded #HouseOfWhatever @budlight #UpForWhatever #sb49 http://t.co/FlyhJVuRVy,1,0,2,12News,12 News,228504,8687,31,1,2015
https://twitter.com/WahlburgersCA/status/561650154764120065,2015-01-31 22:20:06+00:00,561650154764120065,Partnered w/ @BeerCanada to offer #Bud #BudLight for $5 a bottle or $20 for a bucket of 5 on Sunday @SuperBowl #XLIX. http://t.co/gT7acS3Jng,1,0,7,WahlburgersCA,Wahlburgers Canada,6879,277,31,1,2015
https://twitter.com/budlight/status/561649706674044928,2015-01-31 22:18:19+00:00,561649706674044928,"@BroBible PSA: when someone asks ""Are you #UpForWhatever?"" say yes and this could be you.",2,0,6,budlight,Bud Light,265047,254,31,1,2015
https://twitter.com/budlight/status/561649644313137152,2015-01-31 22:18:04+00:00,561649644313137152,@BebeRexha You always know how to show us crazy. #HouseOfWhatever,2,0,12,budlight,Bud Light,265047,254,31,1,2015
https://twitter.com/KIX1009/status/561649620657664000,2015-01-31 22:17:59+00:00,561649620657664000,Shaggy is still at Kappy's with great Bud &amp; Bud Light specials and Kenny Chesney tix.@budlight  @kennychesney http://t.co/QbWXsyZt7F,1,1,3,KIX1009,KIX 100.9,6094,788,31,1,2015
https://twitter.com/VibeMagazine/status/561648878747779073,2015-01-31 22:15:02+00:00,561648878747779073,.@NICKIMINAJ hits @budlight's 'House Of Whatever' for #SuperBowlXLIX weekend: http://t.co/b0LaYkHRxD #UpForWhatever http://t.co/kkUnns0OOw,25,2,23,VibeMagazine,VIBE Magazine,857733,44439,31,1,2015
https://twitter.com/chrisb2020/status/561647098618073089,2015-01-31 22:07:57+00:00,561647098618073089,Hey everyone please follow @budlight and support a true American company. Will not support any other beer company but bud light . Pls follow,1,0,1,chrisb2020,chris beaver,113,454,31,1,2015
https://twitter.com/SportsOnTap/status/561645786425864193,2015-01-31 22:02:45+00:00,561645786425864193,Join us tomorrow for #SB49 we got some pretty great prizes like this #budlight fire pit! #SeeYouAtTheTap #yxe http://t.co/O8sCvd6dTj,1,0,0,SportsOnTap,Sports On Tap,465,434,31,1,2015
https://twitter.com/dre2124/status/561645397874311170,2015-01-31 22:01:12+00:00,561645397874311170,@BudLightMEX ya llego budlight!!! #BudLightNFL http://t.co/HYd03pjrDv,1,1,0,dre2124,Dre Rodgers,4002,3993,31,1,2015
https://twitter.com/budlight/status/561644848285892609,2015-01-31 21:59:01+00:00,561644848285892609,.@steveaoki We'll be waiting for you with open arms. #HouseOfWhatever http://t.co/Tc87yqLaww,95,16,268,budlight,Bud Light,265047,254,31,1,2015
https://twitter.com/BierMarktKing/status/561641457417994240,2015-01-31 21:45:32+00:00,561641457417994240,Bier and football go together like our $5 pints of @budlight and $25 buckets of tall cans. Unwind. We've got you. http://t.co/xETuJY1sHa,1,0,1,BierMarktKing,BierMarktKingWest,442,253,31,1,2015
https://twitter.com/Cpt_Handsome/status/561640441507229696,2015-01-31 21:41:30+00:00,561640441507229696,I hope @budlight realizes I won't stop tweeting them until they let me and my wife in to the House of Whatever cos we're #UpForWhatever,1,0,0,Cpt_Handsome,The Captain,1354,1348,31,1,2015
https://twitter.com/budlight/status/561637870000041984,2015-01-31 21:31:17+00:00,561637870000041984,Our house-warming party was pretttttyy epic. #HouseOfWhatever #UpForWhatever https://t.co/GWSYdPmhKb,17,4,57,budlight,Bud Light,265047,254,31,1,2015
https://twitter.com/budlight/status/561634979629645824,2015-01-31 21:19:48+00:00,561634979629645824,@MarcSesslerNFL How #UpForWhatever is @DanHanzus? We think it could be time for a career change.,6,3,10,budlight,Bud Light,265047,254,31,1,2015
https://twitter.com/TakedownTed/status/561634499881357312,2015-01-31 21:17:54+00:00,561634499881357312,How is @budlight 's #HouseOfWhatever not a Nick Diaz sponsor? Doesn't that just make the most sense?,2,1,2,TakedownTed,ted,1162,996,31,1,2015
https://twitter.com/joshtarge/status/561629762058485760,2015-01-31 20:59:04+00:00,561629762058485760,#AnythingForGolf at the #WMPhoenixOpen @budlight #UpForWhatever 4 plz! http://t.co/rb7PVqetgV,1,0,1,joshtarge,Josh Targe,333,300,31,1,2015
https://twitter.com/MarcSessler/status/561625393350709248,2015-01-31 20:41:42+00:00,561625393350709248,The multitalented @DanHanzus painting a unicorn at the Super Bowl @budlight party. http://t.co/balQtrZpWB,3,11,28,MarcSessler,Marc Sessler,115183,2904,31,1,2015
https://twitter.com/budlight_boom96/status/561625143001501696,2015-01-31 20:40:43+00:00,561625143001501696,But hell im the kinda outlaw that cant do that so....... A dirt road may catch hell,1,0,2,budlight_boom96,Boom™,516,454,31,1,2015
https://twitter.com/WhiskeyHour/status/561623346052210689,2015-01-31 20:33:34+00:00,561623346052210689,"#UpForWhatever with @NBCSportsRadio  @marksmic, @TheBackPage, @StashShowNBC, @AKuperstein @budlight http://t.co/VRBoZOsdYw",2,1,1,WhiskeyHour,Sean Cherry,185,555,31,1,2015
https://twitter.com/12News/status/561619231754579968,2015-01-31 20:17:13+00:00,561619231754579968,Follow along with Social Media @MikePache12News. He's exploring the #HouseOfWhatever @budlight #UpForWhatever http://t.co/T4NXtHvPEq,3,0,3,12News,12 News,228504,8687,31,1,2015
https://twitter.com/budlight/status/561611919983800322,2015-01-31 19:48:10+00:00,561611919983800322,@MikePache12News A little bit of rain isn't gonna stop this thing.,1,0,2,budlight,Bud Light,265047,254,31,1,2015
https://twitter.com/955MMJ/status/561610311564660736,2015-01-31 19:41:47+00:00,561610311564660736,Let us in!!!! Lol right now it's #upforwetever @budlight #UpForWhatever #HouseOfWhatever http://t.co/QnllsKlKzw,2,0,1,955MMJ,Mountain Man Jay,7589,1452,31,1,2015
https://twitter.com/BudLight_Embrey/status/561609482212769792,2015-01-31 19:38:29+00:00,561609482212769792,@corderotheman well I don't do anything like that so lol,1,1,1,BudLight_Embrey,Dylan Embrey,473,894,31,1,2015
https://twitter.com/BudLight_Embrey/status/561608423398453248,2015-01-31 19:34:16+00:00,561608423398453248,Gottem😂😂😂 @corderotheman http://t.co/r9ApYqIZhg,1,2,1,BudLight_Embrey,Dylan Embrey,473,894,31,1,2015
https://twitter.com/LtColDanRooney/status/561603551579746304,2015-01-31 19:14:55+00:00,561603551579746304,Staying @budlight House of Whatever. Big weekend for @FoldsofHonor. #Salute @Budweiser http://t.co/tnrPtsTLyK,3,0,11,LtColDanRooney,Lt Colonel Dan Rooney,8075,513,31,1,2015
https://twitter.com/WhistlersTO/status/561603343131635713,2015-01-31 19:14:05+00:00,561603343131635713,"Super Bowl Sunday is tmrw! Join us for official #NFL prizes, #Bud &amp; #BudLight promos, complementary halftime buffet &amp; more! #SuperBowlXLIX",8,0,3,WhistlersTO,Whistler's Grille,1049,1182,31,1,2015
https://twitter.com/4th_Street_Bar/status/561600764498690048,2015-01-31 19:03:50+00:00,561600764498690048,"$5.50 Bud Light Pitchers, $.59 #WINGS and the #BudLight &amp; #CoorsLight #Girls for #SuperBowlSunday! #SuperBowlXLIX #LakeMary #Specials",1,0,1,4th_Street_Bar,4th Street Bar&Grill,188,268,31,1,2015
https://twitter.com/asgcasting/status/561594867563126785,2015-01-31 18:40:25+00:00,561594867563126785,Made the list:  #1 Banned #SuperbowlCommercials List! Oh yeah http://t.co/IIspaRAUec @budlight @lexmedlin @bjbales #casting #actor @ToolofNA,2,0,3,asgcasting,asg casting,3224,374,31,1,2015
https://twitter.com/KISSFMPhoenix/status/561592507494985728,2015-01-31 18:31:02+00:00,561592507494985728,We caught @NICKIMINAJ at the @budlight #HouseOfWhatever in Downtown PHX! #SuperBowlFestivities #SB49 #SuperBowlXLIX http://t.co/BK9sIcQ6RI,12,0,33,KISSFMPhoenix,104.7 KISS FM,46856,10373,31,1,2015
https://twitter.com/ESPNNH/status/561591014453149696,2015-01-31 18:25:06+00:00,561591014453149696,Join us tonight for #UFC183 @ChunkysCinemas in Nashua!! Doors open at 9 - great @budlight specials - Who wins? Fav for Diaz  RT for Silva,1,0,2,ESPNNH,ESPN New Hampshire,4236,1968,31,1,2015
https://twitter.com/budlight/status/561590286619402241,2015-01-31 18:22:12+00:00,561590286619402241,@mayainthemoment We still have a few things up our sleeves... Get ready.,1,1,2,budlight,Bud Light,265047,254,31,1,2015
https://twitter.com/budlight/status/561589860499079168,2015-01-31 18:20:31+00:00,561589860499079168,@guppnoy831 Is that even a question?! The best is yet to come.,1,0,1,budlight,Bud Light,265047,254,31,1,2015
https://twitter.com/nikiyminaj/status/561589813787500544,2015-01-31 18:20:20+00:00,561589813787500544,"#RobertoCavalli cat suit and @giuseppezanottiworld shoes. ❤️ #BudLight by nickiminaj January 31, 2015 at 11:08AM … http://t.co/p3eMpYlksb",2,1,1,nikiyminaj,Nicki Minaj,3677,385,31,1,2015
https://twitter.com/adamblackstone/status/561589568059621377,2015-01-31 18:19:21+00:00,561589568059621377,RT “@RapUp: @NickiMinaj Kicks Off SuperBowl Wknd @ BudLight House http://t.co/GI8HEOBGBM http://t.co/eTYkgwu26k”&lt;&lt;Great times on stage! #BBE,3,1,5,adamblackstone,Adam Blackstone,43648,160,31,1,2015
https://twitter.com/HemsOakland/status/561588556448403458,2015-01-31 18:15:20+00:00,561588556448403458,@budlight will be here tonight at 8:30pm giving out tokens for $1 off Bud Light pitchers! 🍺🍻,2,0,0,HemsOakland,Hemingway's Cafe,2571,432,31,1,2015
https://twitter.com/luvisrrrager/status/561587693813915649,2015-01-31 18:11:54+00:00,561587693813915649,Djfnriwfmteickdn SLAYING OMG 😍💦💕 “@NICKIMINAJ: #RobertoCavalli cat suit and giuseppezanottiworld shoes. ❤️ #BudLight http://t.co/mKVaReZcOt”,1,0,1,luvisrrrager,❄️,33923,26423,31,1,2015
https://twitter.com/AyeBelle_/status/561587516831449088,2015-01-31 18:11:12+00:00,561587516831449088,😍🙌🙌 RT @NICKIMINAJ #RobertoCavalli cat suit and giuseppezanottiworld shoes. ❤️ #BudLight http://t.co/s3Xv5sclKa,2,0,0,AyeBelle_,BELLA 💅🏾,5296,114,31,1,2015
https://twitter.com/NICKIMINAJ/status/561586786389209088,2015-01-31 18:08:18+00:00,561586786389209088,#RobertoCavalli cat suit and giuseppezanottiworld shoes. ❤️ #BudLight http://t.co/PBYf7eEPrK,776,228,1479,NICKIMINAJ,Nicki Minaj,25437148,5981,31,1,2015
https://twitter.com/Nordicaskiing/status/561583755694198786,2015-01-31 17:56:15+00:00,561583755694198786,Check the @nordicausa Facebook page and enter to win these limited edition @budlight @Patriots skis! #SuperBowlXLIX http://t.co/yVGvYr0Ruj,4,0,3,Nordicaskiing,Nordica,7191,78,31,1,2015
https://twitter.com/VintagePhilly/status/561577733722222592,2015-01-31 17:32:19+00:00,561577733722222592,Bud Light Extra Large Heavy Clear Glass Beer Mug 32 oz. #BudLight #eBay #GotPicks http://t.co/URYgWb74xw,1,0,0,VintagePhilly,VintagePhillyPa,7042,7987,31,1,2015
https://twitter.com/tpanotchRET/status/561577327298359297,2015-01-31 17:30:43+00:00,561577327298359297,“@JClarkCSN: Nicki Minaj crushed it last night at @budlight House of Whatever. Phillies hat was representing! http://t.co/JybKMN0oGu”,1,0,3,tpanotchRET,Tim Panaccio,39782,499,31,1,2015
https://twitter.com/JClarkNBCS/status/561576416609697792,2015-01-31 17:27:05+00:00,561576416609697792,Nicki Minaj crushed it last night at @budlight House of Whatever. Phillies hat was representing! http://t.co/akgV50aR21,3,5,2,JClarkNBCS,John Clark,158100,902,31,1,2015
https://twitter.com/TeamSchuco1/status/561571125193220097,2015-01-31 17:06:04+00:00,561571125193220097,RT Have a safe &amp; fun #SuperBowl Weekend! #foodie #recipes #sundayfunday #upforwhatever #budlight http://t.co/TXLx2sHff3,1,0,0,TeamSchuco1,Team SchuCo,2461,2427,31,1,2015
https://twitter.com/TeamBurma/status/561562313862688768,2015-01-31 16:31:03+00:00,561562313862688768,Insane: @NICKIMINAJ put on a secret show for under 1000 fans at @budlight's #HouseOfWhatever #SuperBowlXLIX http://t.co/arFYWYCYzU,1,0,3,TeamBurma,Chris Aung-Thwin,2093,2783,31,1,2015
https://twitter.com/jspeedymorris22/status/561560926147858434,2015-01-31 16:25:32+00:00,561560926147858434,.@NICKIMINAJ  band member sporting a @phillies lid at last night's @budlight #UpForWhatever Super Bowl Party #Philly http://t.co/GmvXKxYElB,2,0,4,jspeedymorris22,Joe Morris,3765,2777,31,1,2015
https://twitter.com/nyknicks/status/561560631430889472,2015-01-31 16:24:22+00:00,561560631430889472,Find out where @LangGalloway10’s monster dunk lands on our @budlight Top 5 Plays! WATCH http://t.co/yS7e5YLYbd http://t.co/pi5La9Y2fI,20,0,39,nyknicks,NEW YORK KNICKS,2415862,245,31,1,2015
https://twitter.com/mayainthemoment/status/561559965878321154,2015-01-31 16:21:43+00:00,561559965878321154,Can't believe @NICKIMINAJ was at the @budlight #HouseOfWhatever last night! Thanks for that surprise! #UpForWhatever http://t.co/qjpVOuji3H,1,1,9,mayainthemoment,Maya Murillo,24366,1961,31,1,2015
https://twitter.com/Slugocki/status/561556545301786625,2015-01-31 16:08:08+00:00,561556545301786625,Thanks to @budlight for a wild party at the #HouseOfWhatever with @NICKIMINAJ! We were definitely #UpForWhatever! @Kkrahn20 @Historybuff19,2,0,2,Slugocki,Steven Slugocki,6543,1643,31,1,2015
https://twitter.com/DashingBarb/status/561551872238964737,2015-01-31 15:49:34+00:00,561551872238964737,"“@NickiDaily: Nicki performs at @budlight's #HouseOfWhatever in Phoenix, AZ. http://t.co/UNgyt4LOZl”",1,0,0,DashingBarb,Shanda,3867,220,31,1,2015
https://twitter.com/DIDITonEMBARBIE/status/561545333201965057,2015-01-31 15:23:35+00:00,561545333201965057,“@iamboomkack: Yaaasssss!!! For slaying tonight @NICKIMINAJ #Superbowl #BudLight on fiyaasaaa #pinkprint #niteisstillyoung #workmode”,1,0,1,DIDITonEMBARBIE,Dαиу,5910,382,31,1,2015
https://twitter.com/GeneMinajM/status/561543114507444224,2015-01-31 15:14:46+00:00,561543114507444224,"RT @insaneforonika That outfit &gt;&gt;&gt;&gt;&gt; RT @NickiDaily: Nicki performs at @budlight's #HouseOfWhatever in Phoenix, AZ. http://t.co/eYPH15j1wv",1,0,0,GeneMinajM,Gene Minaj,1174,919,31,1,2015
https://twitter.com/Minajfanforever/status/561543076188266496,2015-01-31 15:14:36+00:00,561543076188266496,"“@insaneforonika: That outfit &gt;&gt;&gt;&gt;&gt; RT @NickiDaily: Nicki performs at @budlight's #HouseOfWhatever in Phoenix, AZ. http://t.co/IwvNurqncu”",2,0,1,Minajfanforever,🌸 Sterre 🌸,5572,1037,31,1,2015
https://twitter.com/insaneforonika/status/561542655239548928,2015-01-31 15:12:56+00:00,561542655239548928,"That outfit &gt;&gt;&gt;&gt;&gt; RT @NickiDaily: Nicki performs at @budlight's #HouseOfWhatever in Phoenix, AZ. http://t.co/yPlrdwiZhv",3,1,9,insaneforonika,serena,2858,400,31,1,2015
https://twitter.com/Samuelminajj/status/561541384478670849,2015-01-31 15:07:53+00:00,561541384478670849,"“@NickiDaily: Nicki performs at @budlight's #HouseOfWhatever in Phoenix, AZ. http://t.co/AqQHEOQ7xV",3,0,2,Samuelminajj,♡,2530,723,31,1,2015
https://twitter.com/landon_nolen/status/561540044360409088,2015-01-31 15:02:34+00:00,561540044360409088,@Jacobcook51 better be ready to throw up back tonight.🍻 #BudLight #Pville,1,0,1,landon_nolen,Landon Nolen,256,400,31,1,2015
https://twitter.com/OldTriangleHFX/status/561539359489662977,2015-01-31 14:59:50+00:00,561539359489662977,A few of the giveaways for tomorrows #superbowl2015 #budlight #oldtriangle http://t.co/uI4kfPsaKa,4,1,0,OldTriangleHFX,The Old Triangle,5919,4336,31,1,2015
https://twitter.com/iamlaurieanng/status/561537408420691969,2015-01-31 14:52:05+00:00,561537408420691969,Yaaasssss!!! For slaying tonight @NICKIMINAJ #Superbowl #BudLight on fiyaasaaa #pinkprint #niteisstillyoung #workmode,4,3,7,iamlaurieanng,LaurieAnn Gibson aka Boomkack,116150,504,31,1,2015
https://twitter.com/gabec42/status/561536365947813889,2015-01-31 14:47:57+00:00,561536365947813889,The #BudLight was flowin' last night and everybody was #UpForWhatever #HappyValley http://t.co/wGvR1tvXqE,1,0,4,gabec42,Gabe Cohen,403,614,31,1,2015
https://twitter.com/vnessa_her/status/561529171201912832,2015-01-31 14:19:21+00:00,561529171201912832,@NICKIMINAJ this outfit. The performance. The Energy. Everything. #FlawlessNicki @budlight delivered #HouseOfWhatever http://t.co/1G5EqLs17C,8,2,5,vnessa_her,vanessa hernandez,226,321,31,1,2015
https://twitter.com/steveaoki/status/561528672138825728,2015-01-31 14:17:22+00:00,561528672138825728,Phoenix here I come!!! Super bowl party for @budlight gonna be sick!,85,10,185,steveaoki,Steve Aoki,8255223,5600,31,1,2015
https://twitter.com/EventMarketer/status/561526598264844288,2015-01-31 14:09:08+00:00,561526598264844288,49 Events and Activities Are Happening Inside @budlight's House of Whatever This Super Bowl Weekend. #UpForWhatever http://t.co/JlbGegb9Kh,2,0,0,EventMarketer,Event Marketer,21298,421,31,1,2015
https://twitter.com/MyBizYo/status/561513497272807424,2015-01-31 13:17:04+00:00,561513497272807424,UES @budlight knows talent. @BebeRexha #superstar. Watch out world,1,0,0,MyBizYo,ellen.nodoubt@gmail.com,1024,347,31,1,2015
https://twitter.com/iamdiogorosa/status/561481598949130240,2015-01-31 11:10:19+00:00,561481598949130240,"""@OnikaMForLife: Nicki Minaj at @BudLight's House of Whatever #SuperBowl party tonight in Phoenix last night. http://t.co/Dy5BrcXU7g""",1,0,0,iamdiogorosa,Diogo Rosa,2044,375,31,1,2015
https://twitter.com/Bear_Caldwell/status/561457313014243329,2015-01-31 09:33:49+00:00,561457313014243329,"Surprised to say, Nicki Minaj was actually impressive &amp; talented tonight at the #UpForWhatever event in Phoenix. Who was that DJ, @budlight?",1,0,1,Bear_Caldwell,Barrett Caldwell,1488,2045,31,1,2015
https://twitter.com/hayleyringle/status/561444459800723456,2015-01-31 08:42:45+00:00,561444459800723456,And the @budlight #HouseOfWhatever surprise guest was... My girl @nickiminaj!! So excited to finally… http://t.co/VIgiGVbq1y,6,1,2,hayleyringle,hayleyringle,1188,1591,31,1,2015
https://twitter.com/KaosLogik/status/561442284051632128,2015-01-31 08:34:06+00:00,561442284051632128,@nickiminaj doin it up at the #houseofwhatever. #superbowl2015 #budlight #livemusic #upforwhatever @… http://t.co/El3ZDqbIjZ,1,1,1,KaosLogik,Jeff Olsen,106,212,31,1,2015
https://twitter.com/SANGIMINAJ/status/561441615634759680,2015-01-31 08:31:26+00:00,561441615634759680,Who?😒😂😂😂😂😂“@Kayte27: @NikkiMinaj you are the awesome! Thanks for the amazing show!! Love you! #UpForWhatever thanks @budlight :)”,2,0,1,SANGIMINAJ,SANGI💎,3881,1891,31,1,2015
https://twitter.com/budlight/status/561441069766676480,2015-01-31 08:29:16+00:00,561441069766676480,@p83nikki That's the #HouseOfWhatever for ya!,1,1,1,budlight,Bud Light,265047,254,31,1,2015
https://twitter.com/_dorieb/status/561439967696941056,2015-01-31 08:24:54+00:00,561439967696941056,Event #6: Nicki Minaj performance at the house of whatever!! #superbowl #arizona #budlight #allaboard… http://t.co/CUJpOeNMlO,1,0,1,_dorieb,Dorie Begay,120,439,31,1,2015
https://twitter.com/budlight/status/561439259123384320,2015-01-31 08:22:05+00:00,561439259123384320,The perfect beer for making memories in the middle of the night that become even better stories the next day. #SB49 https://t.co/vCzOslahWj,35,10,59,budlight,Bud Light,265047,254,31,1,2015
https://twitter.com/TheRealHinser/status/561437579887665152,2015-01-31 08:15:24+00:00,561437579887665152,This absolutely did not happen early Saturday morning at the @budlight House of Whatever. Just me and #NikkiMinaj http://t.co/282WbwaNw8,1,3,0,TheRealHinser,Curator of Badassery,455,1651,31,1,2015
https://twitter.com/MyTittiesBIGGER/status/561437062625120256,2015-01-31 08:13:21+00:00,561437062625120256,I'm upset 😭😭😭😭 “@Kayte27: @NikkiMinaj you are the awesome! Thanks for the amazing show!! Love you! #UpForWhatever thanks @budlight :)”,3,2,0,MyTittiesBIGGER,PATIENT,6103,241,31,1,2015
https://twitter.com/budlight/status/561430370474680321,2015-01-31 07:46:45+00:00,561430370474680321,@albagalindo Thanks for coming along for the ride!,1,1,1,budlight,Bud Light,265047,254,31,1,2015
https://twitter.com/albagalindo/status/561428119891222528,2015-01-31 07:37:49+00:00,561428119891222528,Great night at #HouseOfWhatever #UpForWhatever @budlight #SB49 #Weekend http://t.co/Zy1BQVcXYf,3,2,17,albagalindo,Alba Galindo,92955,1148,31,1,2015
https://twitter.com/bcampos1/status/561421256843886592,2015-01-31 07:10:32+00:00,561421256843886592,#HouseOfWhatever with @budlight and Miss @nickiminaj !!!! #UpForWhatever #TheBestIsYetToCome @ Bud… http://t.co/eqWMrQgl2p,1,1,0,bcampos1,Bobby Campos,1306,1398,31,1,2015
https://twitter.com/JClarkNBCS/status/561420456905814016,2015-01-31 07:07:22+00:00,561420456905814016,Nicki Minaj at @Budlight House of Whatever. #SuperBowl http://t.co/npy7Mm5eM2,2,3,2,JClarkNBCS,John Clark,158100,902,31,1,2015
https://twitter.com/LisaWeser/status/561409674063257600,2015-01-31 06:24:31+00:00,561409674063257600,A certain Nicki Minaj is #UpForWhatever  enough to take the stage at @budlight #HouseOfWhatever. #SuperBowlXLIX,4,1,3,LisaWeser,Lisa Weser | The Cannabis Publicist®,4904,2502,31,1,2015
https://twitter.com/budlight/status/561406262160543744,2015-01-31 06:10:57+00:00,561406262160543744,"Have a drink, clink, found the #BudLight...at the #HouseOfWhatever. RT @NICKIMINAJ Going on soon. Shhhhhhhhhhhhh",72,4,108,budlight,Bud Light,265047,254,31,1,2015
https://twitter.com/budlight/status/561403658479235073,2015-01-31 06:00:37+00:00,561403658479235073,"At the #HouseOfWhatever you put your thang down, flip it and reverse it. #UpForWhatever https://t.co/tVOxrYbBL3",29,15,127,budlight,Bud Light,265047,254,31,1,2015
https://twitter.com/BudLight_Embrey/status/561401457807998976,2015-01-31 05:51:52+00:00,561401457807998976,@jordonscotLopez @corderotheman more like 5. And play games for over 20 min lol,1,1,0,BudLight_Embrey,Dylan Embrey,473,894,31,1,2015
https://twitter.com/BudLight_Embrey/status/561400135113261056,2015-01-31 05:46:37+00:00,561400135113261056,😂😂😂 member this @jordonscotLopez @corderotheman http://t.co/xzKf9aEVPz,1,1,2,BudLight_Embrey,Dylan Embrey,473,894,31,1,2015
https://twitter.com/markymark1723/status/561398639403098113,2015-01-31 05:40:40+00:00,561398639403098113,How do I get into #HouseOfWhatever #UpForWhatever @budlight,1,1,3,markymark1723,Mark Nuttelman,224,455,31,1,2015
https://twitter.com/neildevries/status/561397958139473921,2015-01-31 05:37:58+00:00,561397958139473921,Tonight it is #upforwhatever and #superbowl w/ @budlight https://t.co/ebQzDI6cvd,1,0,1,neildevries,Neil DeVries,777,3163,31,1,2015
https://twitter.com/Patriots/status/561394748036878337,2015-01-31 05:25:12+00:00,561394748036878337,The perks of being up for whatever: http://t.co/16dm7MOcCz @budlight,59,5,173,Patriots,New England Patriots,4665928,346,31,1,2015
https://twitter.com/Brookeevers/status/561392309724798977,2015-01-31 05:15:31+00:00,561392309724798977,@budlight #UpForWhatever party ROCKS!!!!!! See you tomorrow night....... http://t.co/2LnPNlAJKF,1,2,8,Brookeevers,Brooke Evers,47682,6086,31,1,2015
https://twitter.com/Missangel5/status/561392095416446978,2015-01-31 05:14:40+00:00,561392095416446978,"@budlight you invited too many people to House of Whatever! We have tix to an ""invite only"" and can't even get in line #notupforwhatever",1,1,1,Missangel5,Angela♐,295,467,31,1,2015
https://twitter.com/ArmyBassAnglers/status/561386217556946944,2015-01-31 04:51:18+00:00,561386217556946944,Biobor/ArmyBassAnglers Pro Cody Roberson will be live at the Budlight Studios in Austin on the Great Outdoors... http://t.co/mYozE8mPl5,1,0,1,ArmyBassAnglers,ArmyBassAnglers,1629,289,31,1,2015
https://twitter.com/bridges_tavern/status/561382801292132352,2015-01-31 04:37:44+00:00,561382801292132352,Yum! $26 combo! #Budweiser or #BudLight and 1lb wings! #delicious #SuperBowlXLIX come join! http://t.co/o9Qup6Pgkv,1,0,0,bridges_tavern,Bridges Tavern,36,32,31,1,2015
https://twitter.com/courtneydolsen/status/561376374620160001,2015-01-31 04:12:12+00:00,561376374620160001,"Should be an interesting night... #upforwhatever (at @BudLight House of Whatever in Phoenix, AZ) https://t.co/u1cWgc1Tcs",1,1,0,courtneydolsen,Courtney Olsen,652,576,31,1,2015
https://twitter.com/budlight/status/561372172027850752,2015-01-31 03:55:30+00:00,561372172027850752,@Tyler_Smithh You deserve it.,1,1,1,budlight,Bud Light,265047,254,31,1,2015
https://twitter.com/JoeALLmighty10/status/561371978716971008,2015-01-31 03:54:44+00:00,561371978716971008,$4 Fireball $2.50 Budlight Platinum  $3 Well  Start the weekend at @22NorthBar,1,0,2,JoeALLmighty10,Joe McCaul,204,242,31,1,2015
https://twitter.com/Panger40/status/561371697367220224,2015-01-31 03:53:37+00:00,561371697367220224,We will get him another BudLight ! “@allen_1992: @Panger40 Take care of dad for we will ya? http://t.co/wxKcC1lb36”,37,8,79,Panger40,Darren R Pang,185417,1281,31,1,2015
https://twitter.com/SureItsRachel/status/561369747531366401,2015-01-31 03:45:52+00:00,561369747531366401,NOT #UpforWhatever ?!? @budlight asked cops to shut us down #lasertwitter #turndownforwhat #fuckyourbillboard,1,0,4,SureItsRachel,SureItsRachel,18,35,31,1,2015
https://twitter.com/DTE3/status/561368823429730304,2015-01-31 03:42:11+00:00,561368823429730304,Checkin out @budlight's #HouseOfWhatever downtown tonight,1,1,0,DTE3,Donny,951,1573,31,1,2015
https://twitter.com/PhillyGiuffra/status/561368783164809216,2015-01-31 03:42:02+00:00,561368783164809216,@budlight where can I expect my private jet to take me there?! #UpForWhatever,1,0,0,PhillyGiuffra,Larry Giuffra,2279,752,31,1,2015
https://twitter.com/budlight/status/561367034559082498,2015-01-31 03:35:05+00:00,561367034559082498,"No VIP lines, just #UpForWhatever lines. LET'S DO THIS! #HouseOfWhatever http://t.co/Tw8l65QWZi",166,104,917,budlight,Bud Light,265047,254,31,1,2015
https://twitter.com/budlight/status/561360842461949952,2015-01-31 03:10:29+00:00,561360842461949952,@JDubb_11 Yeah...just...yeah.,1,0,1,budlight,Bud Light,265047,254,31,1,2015
https://twitter.com/DjTurbulence/status/561360091153444864,2015-01-31 03:07:29+00:00,561360091153444864,Super Bowl weekend! Come say hi to me if you're in downtown Phoenix! @skamartist #skamlife #budlight… http://t.co/QbvxHL6Um0,2,0,1,DjTurbulence,DJ TURBULENCE,6654,629,31,1,2015
https://twitter.com/Hargroveinc/status/561359982432899073,2015-01-31 03:07:04+00:00,561359982432899073,“@budlight: We're kicking off the #SuperBowl of parties at our #HouseOfWhatever. #SB49 http://t.co/praengpMv4” EPIC #HargroveBuild,1,0,0,Hargroveinc,Hargrove,1159,987,31,1,2015
https://twitter.com/budlight/status/561359945484865536,2015-01-31 03:06:55+00:00,561359945484865536,@SteveK_HTTR Cheers guys!,1,0,1,budlight,Bud Light,265047,254,31,1,2015
https://twitter.com/budlight/status/561358078331744256,2015-01-31 02:59:30+00:00,561358078331744256,We're kicking off the #SuperBowl of parties at our #HouseOfWhatever. #SB49 http://t.co/VWY6nUq5ah,82,24,136,budlight,Bud Light,265047,254,31,1,2015
https://twitter.com/JMagical16/status/561356400886960129,2015-01-31 02:52:50+00:00,561356400886960129,There's free food too 😭😭😭. I love you @budlight,1,1,1,JMagical16,Jose Madrigal,196,213,31,1,2015
https://twitter.com/Cap_Kaveman/status/561353811344625664,2015-01-31 02:42:32+00:00,561353811344625664,.@budlight IS THE PERFECT BEER FOR @thesteelcage!! http://t.co/rCfe6FURHt,1,0,1,Cap_Kaveman,Derek Montilla,14054,990,31,1,2015
https://twitter.com/budlight/status/561347596451463168,2015-01-31 02:17:50+00:00,561347596451463168,"@schlizzag 🎶 We drinking Bud Light, champ, cause it's so crisp 🎶",1,0,2,budlight,Bud Light,265047,254,31,1,2015
https://twitter.com/bcampos1/status/561345655931547649,2015-01-31 02:10:08+00:00,561345655931547649,Legendary @ClintonSparks gettin things poppin at the biggest party ever w/ @budlight #HouseOfWhatever #UpForWhatever http://t.co/2lZidcPMCB,1,0,3,bcampos1,Bobby Campos,1306,1398,31,1,2015
https://twitter.com/gabec42/status/561345176476848128,2015-01-31 02:08:14+00:00,561345176476848128,My man @BenLorigan is #UpForWhatever tonight with this 12er of #BudLight #Platinum @budlight #HappyValley http://t.co/rwnoIqvqbR,1,0,2,gabec42,Gabe Cohen,403,614,31,1,2015
https://twitter.com/MikeMcilhenny/status/561342530675953665,2015-01-31 01:57:43+00:00,561342530675953665,Budlight lime,1,0,2,MikeMcilhenny,Michael McIlhenny,602,592,31,1,2015
https://twitter.com/budlight/status/561341238037606400,2015-01-31 01:52:35+00:00,561341238037606400,@ashkraze Let's do this!,1,0,2,budlight,Bud Light,265047,254,31,1,2015
https://twitter.com/budlight/status/561341158970773506,2015-01-31 01:52:16+00:00,561341158970773506,@MikePache12News @TrishaHendricks *WILL be epic.,1,1,3,budlight,Bud Light,265047,254,31,1,2015
https://twitter.com/Hargroveinc/status/561339459485302784,2015-01-31 01:45:30+00:00,561339459485302784,#HouseOfWhatever is filling up in Phoenix! Another awesome #HargroveBuild for @budlight! #SB49 http://t.co/TY7zeRjUvA,1,0,1,Hargroveinc,Hargrove,1159,987,31,1,2015
https://twitter.com/budlight/status/561336302314856448,2015-01-31 01:32:58+00:00,561336302314856448,@jeanay_nay We see what you did there.,1,0,1,budlight,Bud Light,265047,254,31,1,2015
https://twitter.com/budlight/status/561336212699369472,2015-01-31 01:32:36+00:00,561336212699369472,"@Cap_Kaveman The night is young, Derek!",1,1,1,budlight,Bud Light,265047,254,31,1,2015
https://twitter.com/DIRECTV/status/561335624938962945,2015-01-31 01:30:16+00:00,561335624938962945,"Thanks to @hgtv, @pepsi, @SHO_Network, @budlight and @FoodNetwork for this amazing 3-night #SuperFanFest",1,2,2,DIRECTV,DIRECTV,252705,1683,31,1,2015
https://twitter.com/LisaWeser/status/561330646467870720,2015-01-31 01:10:29+00:00,561330646467870720,"The @budlight #houseofwhatever doors are OPEN. Come on in, Phoenix!  #SuperBowl @ Bud Light House of… http://t.co/nxcTClIqcm",1,0,0,LisaWeser,Lisa Weser | The Cannabis Publicist®,4904,2502,31,1,2015
https://twitter.com/budlight/status/561328238203387906,2015-01-31 01:00:55+00:00,561328238203387906,"@EidePaul @JoesDaily If you're coming to the #HouseOfWhatever, you may want to clear the rest of your schedule.",1,1,1,budlight,Bud Light,265047,254,31,1,2015
https://twitter.com/MsKatrena/status/561326887847219200,2015-01-31 00:55:33+00:00,561326887847219200,Drinking Mango o Rita @budlight it's good 8 % that's what im talking bout Bout Bout #TRU #FREECMURDER #FREEMAC #FREEBG #FREEMEECH it's not G,1,0,1,MsKatrena,_K4t_,794,1182,31,1,2015
https://twitter.com/TradesmenRFC/status/561323337088245761,2015-01-31 00:41:27+00:00,561323337088245761,"@SaMoRugbyClub @PacRugbyPrem @BelmontShoreRFC @Canterbury_USA @budlight Hold on, where is the dude from the Just for Men commercial????",1,1,1,TradesmenRFC,Detroit Tradesmen,416,377,31,1,2015
https://twitter.com/budlight_boom96/status/561321129256947713,2015-01-31 00:32:40+00:00,561321129256947713,I love a good loud honky tonk that rocks on friday night,1,0,2,budlight_boom96,Boom™,516,454,31,1,2015
https://twitter.com/budlight/status/561318458680307712,2015-01-31 00:22:03+00:00,561318458680307712,"@jricci_rich77 The party's at the House of Whatever in Phoenix this weekend, J.R.!",1,1,4,budlight,Bud Light,265047,254,31,1,2015
https://twitter.com/LindsayKin11/status/561313595552579584,2015-01-31 00:02:44+00:00,561313595552579584,I needa drink @budlight 🍺🍻🍺 #BudLightIsKing,1,0,5,LindsayKin11,Lindsay,476,12,31,1,2015
https://twitter.com/ErickDickens/status/561313534500274177,2015-01-31 00:02:29+00:00,561313534500274177,The calm before the storm @KingsHawaiian @KHFoodTruck @budlight #UpForWhatever #SBXLIX http://t.co/5bzk0ktYHV,1,0,4,ErickDickens,Erick Dickens,290,239,31,1,2015
https://twitter.com/TheHarpBoston/status/561299091041173505,2015-01-30 23:05:06+00:00,561299091041173505,We are partnering up with @budlight for the #superbowl! You could win some amazing prizes every quarter! http://t.co/VMmnTv8L4u,1,1,0,TheHarpBoston,The Harp,2691,1498,30,1,2015
https://twitter.com/JoanneTKeating/status/561295996592738305,2015-01-30 22:52:48+00:00,561295996592738305,The plane has landed in #PHX #SuperBowlXLIX. The #BudLight girls with the #westjet crew #budlightliving. http://t.co/lMhjoRNc8c,1,0,3,JoanneTKeating,Joanne Keating,250,297,30,1,2015
https://twitter.com/JasielCaballero/status/561293776895741952,2015-01-30 22:43:59+00:00,561293776895741952,So @JMagical16  and I got invited to @budlight house of whatever #lucky #novas #party,1,0,1,JasielCaballero,Jasi 👹,818,475,30,1,2015
https://twitter.com/Ms_Wells_/status/561291618028765184,2015-01-30 22:35:24+00:00,561291618028765184,"@vascularcme @budlight @socialhonour  hmmm... budlight is my fave beer, maybe not so much now... #smh",1,5,1,Ms_Wells_,Ms. LaLa Wells,439,441,30,1,2015
https://twitter.com/Swag__McMuffin/status/561290897594138625,2015-01-30 22:32:32+00:00,561290897594138625,"@vascularcme @budlight @socialhonour  wow, thats something else!",1,1,2,Swag__McMuffin,Chariz Singleton,227,311,30,1,2015
https://twitter.com/Iamdeshawnn/status/561289446260482052,2015-01-30 22:26:46+00:00,561289446260482052,"""@AquaMinaj: @rezelaa_minaj @budlight what's the link ?"" I don't know",1,0,0,Iamdeshawnn,D,692,686,30,1,2015
https://twitter.com/SaMoRugbyClub/status/561287644647546880,2015-01-30 22:19:37+00:00,561287644647546880,"@PacRugbyPrem begins vs @BelmontShoreRFC. 3pm at Cal State LB. Thanks to @Canterbury_USA, @budlight, @OBriens_Main. http://t.co/R7oJPyNEwD",1,2,2,SaMoRugbyClub,Santa Monica Rugby,1896,185,30,1,2015
https://twitter.com/cunninghamspub/status/561287466573758465,2015-01-30 22:18:54+00:00,561287466573758465,Don't miss Rockin country from a Nebraska favorite @WhiskeyBentBand...Enjoy the last Friday of $2.50 @budlight btls #UpForWhatever weekend,2,0,2,cunninghamspub,Cunninghams Journal,818,326,30,1,2015
https://twitter.com/Iamdeshawnn/status/561286315715887104,2015-01-30 22:14:20+00:00,561286315715887104,Nicki Minaj is performing at @BudLight's House of Whatever #SuperBowl party tonight in Phoenix! http://t.co/NUXhl1tW7V,2,1,1,Iamdeshawnn,D,692,686,30,1,2015
https://twitter.com/TMZ_Sports/status/561283089955958786,2015-01-30 22:01:31+00:00,561283089955958786,Sources tell us Nicki Minaj is performing at @BudLight's House of Whatever #SuperBowl party tonight in Phoenix! http://t.co/KJshpZXlgS,95,3,69,TMZ_Sports,TMZ Sports,227194,492,30,1,2015
https://twitter.com/lilboxergann/status/561282546143866881,2015-01-30 21:59:21+00:00,561282546143866881,@BudLight_Embrey were make a billboard and put it in front of central💁😂😂,1,2,2,lilboxergann,Chris Gann,49,92,30,1,2015
https://twitter.com/lilboxergann/status/561282183177187328,2015-01-30 21:57:55+00:00,561282183177187328,@BudLight_Embrey bruh chill😷😷😷,1,1,1,lilboxergann,Chris Gann,49,92,30,1,2015
https://twitter.com/TheChangeOfPace/status/561276773934333953,2015-01-30 21:36:25+00:00,561276773934333953,$100 prize giveaway this afternoon courtesy of @Budweiser @budlight Come eat free food today gets u free cover tonight!,2,0,0,TheChangeOfPace,TheChangeofPace,2762,280,30,1,2015
https://twitter.com/BudLight_Embrey/status/561276687045111809,2015-01-30 21:36:04+00:00,561276687045111809,One of my followers guys 😂😂  the bitch gots herpies 😂😂 stay away 😂😂 nasty bitch😂😂 http://t.co/8oEA9APo9I,1,2,0,BudLight_Embrey,Dylan Embrey,473,894,30,1,2015
https://twitter.com/budlight/status/561269895040475137,2015-01-30 21:09:05+00:00,561269895040475137,@starpadilla Let the countdown begin!,1,0,1,budlight,Bud Light,265047,254,30,1,2015
https://twitter.com/JLaurenPR/status/561264018883489793,2015-01-30 20:45:44+00:00,561264018883489793,What to expect at the @BudLight #HouseOfWhatever in #Phoenix: http://t.co/ZxI7D7cVp9   #SB49 http://t.co/gft86btxKz via @azcentral,1,0,2,JLaurenPR,J. Lauren PR,871,1247,30,1,2015
https://twitter.com/budlight/status/561253225316110336,2015-01-30 20:02:51+00:00,561253225316110336,@alyssa_hasslen Now it's time to prove it!,1,1,1,budlight,Bud Light,265047,254,30,1,2015
https://twitter.com/chelseablazer/status/561250215282622464,2015-01-30 19:50:53+00:00,561250215282622464,Behind the scenes of @budlight's #UpForWhatever Human Pac-Man Super Bowl Ad TONIGHT on @dailyplanetshow http://t.co/q9RIWZ54AK,2,0,0,chelseablazer,Chelsea Blazer,194,461,30,1,2015
https://twitter.com/axelst0ned/status/561248147251691520,2015-01-30 19:42:40+00:00,561248147251691520,"""If I gave you a BudLight would you be down for anything?"" Why is it making BudLight sound like a prize rather than the insult of beers",2,0,2,axelst0ned,Axel Trebrit,816,778,30,1,2015
https://twitter.com/budlight/status/561245647882313730,2015-01-30 19:32:44+00:00,561245647882313730,@NishaMitchell Anything can happen when you're #UpForWhatever!,1,0,1,budlight,Bud Light,265047,254,30,1,2015
https://twitter.com/browndistatx/status/561245164874629120,2015-01-30 19:30:49+00:00,561245164874629120,Our pleasure! #GoStars “@KVETFM: Glad you enjoyed! @MarieLPutman @TexasStars Thanks @budlight and @browndist for the hookup!”,1,0,1,browndistatx,Brown Distributing Co.,1395,761,30,1,2015
https://twitter.com/tavernhg/status/561243426746691584,2015-01-30 19:23:54+00:00,561243426746691584,Watch #SuperBowlXLIX @ any of our Taverns. One raffle prize up for grabs are @NordicaUSA @budlight @Broncos Skis! http://t.co/ZdZjSH8aZC,1,0,2,tavernhg,Tavern,2646,2038,30,1,2015
https://twitter.com/budlight/status/561237966832422913,2015-01-30 19:02:13+00:00,561237966832422913,@vnessssa Let's do this.,1,1,3,budlight,Bud Light,265047,254,30,1,2015
https://twitter.com/NewTimesStreet/status/561231163382308864,2015-01-30 18:35:11+00:00,561231163382308864,"Make your way to @MaryBrklVillage this #Sunday for their #tailgate &amp; watch party! Enjoy #BudLight, the OFFICIAL #SuperBowl beer, for $4!",3,0,0,NewTimesStreet,Miami New Times,23577,5804,30,1,2015
https://twitter.com/MeganAyala/status/561230456650100736,2015-01-30 18:32:22+00:00,561230456650100736,No way! @Uber_Phx is offering a @budlight Blue Line that takes you to the #HouseOfWhatever &amp; features #UpForWhatever surprises! Too cool.,1,1,1,MeganAyala,Megan,171,597,30,1,2015
https://twitter.com/SamVeecs/status/561230242359300096,2015-01-30 18:31:31+00:00,561230242359300096,@IanMacKay_94 lets do it buddy. #budlight #fore,1,0,0,SamVeecs,Sam Vecchies,116,191,30,1,2015
https://twitter.com/DallasStars/status/561228109802795008,2015-01-30 18:23:03+00:00,561228109802795008,Foligno &amp; Toews prove time is indeed a flat circle in this week's @budlight Frozen Moment. #TrueDetectiveSeason3 http://t.co/qYy4ZJbygs,19,2,95,DallasStars,Dallas Stars,1111307,629,30,1,2015
https://twitter.com/TheHarpBoston/status/561227418396946432,2015-01-30 18:20:18+00:00,561227418396946432,Hang with us &amp; @budlight for the #superbowl! You could win some amazing prizes every quarter! http://t.co/IV1DDEaW9T,2,0,0,TheHarpBoston,The Harp,2691,1498,30,1,2015
https://twitter.com/hardROClife/status/561225594772656129,2015-01-30 18:13:03+00:00,561225594772656129,@hardlypatrick @budlight @kdubyoulove waiting on fLOrishments 2K15 tho from @Dallas_Penn,1,0,0,hardROClife,ROC,2200,885,30,1,2015
https://twitter.com/budlight/status/561217729181409280,2015-01-30 17:41:48+00:00,561217729181409280,Remember when you ran out of beer at halftime last year? So does everyone else. #SuperBowl #UpForWhatever http://t.co/5M1dJoobUU,191,42,499,budlight,Bud Light,265047,254,30,1,2015
https://twitter.com/CampaignExpUK/status/561214929819410433,2015-01-30 17:30:40+00:00,561214929819410433,Super Bowl US activations http://t.co/dXS3Cm5L21 #eventprofs #experiential @SuperBowl @budlight @AnimalPlanet @DIRECTV @NBAZInteractive,2,0,0,CampaignExpUK,Campaign Experiences,62920,1174,30,1,2015
https://twitter.com/JosephGettright/status/561207086277992448,2015-01-30 16:59:30+00:00,561207086277992448,#SuperBowl bound to play these #budlight parties with the homie @djSINcereChi! #nextstop #Phoenix ... Who’s all there?? #fb,1,0,0,JosephGettright,J O S E P H G E T T R I G H T,1006,585,30,1,2015
https://twitter.com/AAFSeattle/status/561204500644765697,2015-01-30 16:49:14+00:00,561204500644765697,"#ChalkTalk2015 MT @AIGAdesign: Check out @budlight's Limited Ed #SB49 packaging by @pearlfisherlive, via @TheDieline http://t.co/slCYHar5ED",1,0,0,AAFSeattle,AAF Seattle,3329,3500,30,1,2015
https://twitter.com/AIGAdesign/status/561203615843753985,2015-01-30 16:45:43+00:00,561203615843753985,"Check out @budlight's Limited Ed #SB49 packaging #design by @pearlfisherlive, via @TheDieline http://t.co/QIfj13VO2y http://t.co/cpE0zAJiIo",2,1,3,AIGAdesign,AIGA,511736,1456,30,1,2015
https://twitter.com/NHLFlyers/status/561199719595409408,2015-01-30 16:30:14+00:00,561199719595409408,"Another win, another @budlight  Social Media Spotlight! See what people were talking about → http://t.co/TssO5fbS4T http://t.co/4pi2zFlC3q",8,1,22,NHLFlyers,Philadelphia Flyers,1586656,359,30,1,2015
https://twitter.com/FOX10Phoenix/status/561198464252399619,2015-01-30 16:25:15+00:00,561198464252399619,Cory shows you the inside the mysterious @budlight House of Whatever: http://t.co/iEYxHumgIb http://t.co/7esze6Afm3,6,0,5,FOX10Phoenix,FOX 10 Phoenix,335272,1184,30,1,2015
https://twitter.com/MediaComUS/status/561183521436602368,2015-01-30 15:25:52+00:00,561183521436602368,".@budlight's real-life Pac Man commercial is an early winner of the Super Bowl, with 10+ million views http://t.co/9csvXI7nL7 via @adage",1,0,0,MediaComUS,MediaCom USA | We’re Hiring!,6454,665,30,1,2015
https://twitter.com/TheDieline/status/561170232887504897,2015-01-30 14:33:04+00:00,561170232887504897,Make sure you grab a case of @budlight's Limited Edition SUPERBOWL beer by @pearlfisherlive http://t.co/fySbMbh7Gz http://t.co/6cJJAFSUAY,5,1,8,TheDieline,Dieline,59385,959,30,1,2015
https://twitter.com/TheNewsMarket/status/561086526780899328,2015-01-30 09:00:27+00:00,561086526780899328,Fun new #UpForWhatever #ad from @budlight http://t.co/QNUgymVJaI - we love a bit of #PacMan,1,0,0,TheNewsMarket,TheNewsMarket,45617,3201,30,1,2015
https://twitter.com/iRIEDL/status/561073333345980416,2015-01-30 08:08:01+00:00,561073333345980416,I'm gonna have to crack a Budlight tmmrw just so I don't hangover in class lol!,1,0,2,iRIEDL,Austin,578,496,30,1,2015
https://twitter.com/azcentral/status/561037374147543041,2015-01-30 05:45:08+00:00,561037374147543041,"Sneak peek: Inside @budlight's #HouseOfWhatever, where Nicki Minaj is rumored to perform http://t.co/Uo3myYnmEZ http://t.co/AHmTjE9cMd",4,2,4,azcentral,azcentral,419768,683,30,1,2015
https://twitter.com/stonedbruja/status/561025961664073728,2015-01-30 04:59:47+00:00,561025961664073728,I just want to go to @budlight's #HouseOfWhatever! That's all I ask.,1,0,0,stonedbruja,ʙᴇᴄᴋs.,412,202,30,1,2015
https://twitter.com/Crosswy_10/status/561019355568566273,2015-01-30 04:33:32+00:00,561019355568566273,@budlight_boom96 oh yes tmrw night I'm thinkin we gonna be sangin along with the legends my friend,1,1,1,Crosswy_10,Austin Crosswy,317,222,30,1,2015
https://twitter.com/budlight_boom96/status/561016988760571904,2015-01-30 04:24:07+00:00,561016988760571904,Cowboys love smokey ol pool rooms and clear mountain mornins,1,0,2,budlight_boom96,Boom™,516,454,30,1,2015
https://twitter.com/budlight_boom96/status/561016824574509057,2015-01-30 04:23:28+00:00,561016824574509057,Mommas dont let ya babys grow up to be cowboys,1,0,2,budlight_boom96,Boom™,516,454,30,1,2015
https://twitter.com/budlight_boom96/status/561016735315550209,2015-01-30 04:23:07+00:00,561016735315550209,Cowboys aint easy to love and their harder to hold they rather give u a song instead of diamonds and gold,1,0,2,budlight_boom96,Boom™,516,454,30,1,2015
https://twitter.com/TheRedShedTtown/status/561016513130663937,2015-01-30 04:22:14+00:00,561016513130663937,LIVE MUSIC NO COVER $3 Budlight PINTS SeeyouattheShed,1,0,1,TheRedShedTtown,The Red Shed,5584,1528,30,1,2015
https://twitter.com/nanotechent/status/561010620976214016,2015-01-30 03:58:49+00:00,561010620976214016,The ultimate gamers dream! Real Life PacMan  #HumanPacMan! @budlight http://t.co/Csr4nZfLhC,2,0,3,nanotechent,NanoTech Ent,2415,1651,30,1,2015
https://twitter.com/budlight_boom96/status/561007981090066432,2015-01-30 03:48:20+00:00,561007981090066432,@aryannajames99 @KyleeMarie2018 kylee is the gay one shhhh!!! Tho lolol,1,2,1,budlight_boom96,Boom™,516,454,30,1,2015
https://twitter.com/AlexJPoirier/status/560998089755213824,2015-01-30 03:09:02+00:00,560998089755213824,Would Pac-Man really endorse @budlight? He's really more of a...pill-popper. @RETR0JOE @DinosaurDracula @dyrgames https://t.co/Xw7j1tRLny,2,0,2,AlexJPoirier,Alex 😆😄😀😐😕😦😢😭,459,1023,30,1,2015
https://twitter.com/JoeVarro/status/560979789562273792,2015-01-30 01:56:18+00:00,560979789562273792,"#partying at @TavernOnRush #budlight #ketchup ""shout out to water!"" http://t.co/SU6lWsXMO8",1,0,4,JoeVarro,Joe,67,529,30,1,2015
https://twitter.com/Sean__Dougherty/status/560971223979397120,2015-01-30 01:22:16+00:00,560971223979397120,just landed in phoenix baby! @budlight I am absolutely #UpForWhatever.,2,0,0,Sean__Dougherty,Sean Dougherty,323,591,30,1,2015
https://twitter.com/BudLight_Embrey/status/560961851203526658,2015-01-30 00:45:02+00:00,560961851203526658,I'm just gonna sat back and eat my pop corn😂😂😂,1,0,0,BudLight_Embrey,Dylan Embrey,473,894,30,1,2015
https://twitter.com/sundeejo2002/status/560960819265941504,2015-01-30 00:40:56+00:00,560960819265941504,Seahawks BudLight BeerBottle Glasses @Seahawks #seattle #seahawks #budlight #beer #nfl #football #12thman #gohawks  http://t.co/cqrEFcylPN,29,0,0,sundeejo2002,Sundee Boswell,2505,3328,30,1,2015
https://twitter.com/ComplexPop/status/560958347646869504,2015-01-30 00:31:06+00:00,560958347646869504,".@BudLight's Super Bowl ad features a life-size version of ""Pac-Man."" http://t.co/oMOWuspdQJ http://t.co/eHeMEZBYsO",1,1,1,ComplexPop,Complex Pop Culture,414742,2217,30,1,2015
https://twitter.com/LivewireAZ/status/560957034372534272,2015-01-30 00:25:53+00:00,560957034372534272,"#BOGO #FREE tix for @wizkhalifa &amp; @G_Eazy are still available! Thanks @Budweiser, @budlight, &amp; #Montejo! http://t.co/iHqUgWL5mx",1,1,1,LivewireAZ,Livewire,1834,17,30,1,2015
