url,Datetime,Tweet Id,Text,Retweet Count,Reply Count,Like Count,Username,Display Name,Followers Count,Friends Count,Day,Month,Year
https://twitter.com/hmundahl/status/561630691134541825,2015-01-31 21:02:46+00:00,561630691134541825,I think I'm kind of over-all-friendly not just mobile-friendly but I'm still thankful @Squarespace is #RWD by default http://t.co/nARWi9gxnd,1,0,1,hmundahl,Hans Mundahl,2927,3092,31,1,2015
https://twitter.com/dvisnowmm/status/561610599361437696,2015-01-31 19:42:55+00:00,561610599361437696,But I guess they are too busy sending Superbowl emails and ignoring actual customer problems. #squarespace #BadCustomerService,2,0,0,dvisnowmm,Anti Bankia,42,103,31,1,2015
https://twitter.com/NewYork_CM/status/561605295810830337,2015-01-31 19:21:51+00:00,561605295810830337,Stuck in a creative run? Try getting a good night’s sleep: http://t.co/zU4Ln3AweL via @Squarespace,2,0,3,NewYork_CM,CreativeMornings/NYC,13568,762,31,1,2015
https://twitter.com/FastCoCreative/status/561572583515373569,2015-01-31 17:11:52+00:00,561572583515373569,"Let @TheJeffBridges and @Squarespace lull you into a mellow slumber, man: http://t.co/5nQS0taNkw #SB49 #SleepingTapes http://t.co/fCpkUm0FJh",4,2,6,FastCoCreative,Fast Co. Creativity,153212,99,31,1,2015
https://twitter.com/squarespace/status/561570499202125824,2015-01-31 17:03:35+00:00,561570499202125824,"""I think that...everything...implies...everything else. Yeah?"" - @TheJeffBridges #SleepingTapes http://t.co/hzcvaakBKT",9,0,16,squarespace,Squarespace,146181,6,31,1,2015
https://twitter.com/PSFK/status/561494232893255681,2015-01-31 12:00:31+00:00,561494232893255681,#Sleepingtapes by @TheJeffBridges plans to put you to sleep after the #superbowl @squarespace http://t.co/TMcOIQW2kc http://t.co/fOvzzDoEmw,8,1,9,PSFK,PSFK,99048,804,31,1,2015
https://twitter.com/minimalissimo/status/561466364792406017,2015-01-31 10:09:47+00:00,561466364792406017,Jeff Bridges &amp; @Squarespace teamed up to produce an album of calming &amp; wondrous sounds to help you fall asleep: http://t.co/6cKMVWWe2Q,2,0,4,minimalissimo,MINIMALISSIMO,28206,57,31,1,2015
https://twitter.com/ManageMyWebsite/status/561430625169977345,2015-01-31 07:47:46+00:00,561430625169977345,#Squarespace experts since 2009. #Shopify experts since 2013. #Socialmediamarketing gurus since forever. 😉,2,0,6,ManageMyWebsite,Manage My Website,1764,2375,31,1,2015
https://twitter.com/ManageMyWebsite/status/561429739462991872,2015-01-31 07:44:15+00:00,561429739462991872,If you're struggling with your @Squarespace website we can help. Email the details to alex@managemywebsite.co.uk and we'll get back asap.,1,0,1,ManageMyWebsite,Manage My Website,1764,2375,31,1,2015
https://twitter.com/UrAvgConsumer/status/561427846451974144,2015-01-31 07:36:44+00:00,561427846451974144,New video! iPhone 6 Squarespace Giveaway! Be sure to share and RT! http://t.co/v0l6lP7yL4,31,6,38,UrAvgConsumer,UrAvgConsumer,371040,188,31,1,2015
https://twitter.com/burgerpervert/status/561404317174079488,2015-01-31 06:03:14+00:00,561404317174079488,Jeff Bridges creando un sitio web en Squarespace – Super Bowl 2015 http://t.co/FhPSKBPYAy,1,0,0,burgerpervert,Burger Pervert,271,26,31,1,2015
https://twitter.com/_luismark/status/561401715753496576,2015-01-31 05:52:54+00:00,561401715753496576,The dude people #SleepingTapes @Squarespace watch out for sunday,1,0,1,_luismark,Luis M. Gonzalez Jr,528,1002,31,1,2015
https://twitter.com/JillPantozzi/status/561393075525013504,2015-01-31 05:18:34+00:00,561393075525013504,Go. NOW. RT @TheJeffBridges: I built http://t.co/YzJJTFvJo6 on @squarespace for my new #SleepingTapes album. #Om https://t.co/yGtHUof8Mi,2,0,1,JillPantozzi,Jill Pantozzi,31148,996,31,1,2015
https://twitter.com/DesignerDepot/status/561336827928657921,2015-01-31 01:35:03+00:00,561336827928657921,How Squarespace Designed the Most Effective #SuperBowl Commercial http://t.co/gqIlA6I7ec Thoughts?,3,0,6,DesignerDepot,Webdesigner Depot,636251,4725,31,1,2015
https://twitter.com/JeremyMSchwartz/status/561328566915563520,2015-01-31 01:02:13+00:00,561328566915563520,.@thisisheatherc goes deep. MT @davidkolbusz: A review of @TheJeffBridges #SleepingTapes project for @Squarespace http://t.co/H4rKh2IpQS”,1,0,0,JeremyMSchwartz,Jeremy Schwartz,549,1478,31,1,2015
https://twitter.com/ebinephrem/status/561327727383298048,2015-01-31 00:58:53+00:00,561327727383298048,"Startup releases self-hosted open-source website creation tool to compete with Weebly, Wix &amp; SquareSpace. http://t.co/PKHmv0gYpT #startup…",1,0,0,ebinephrem,Ebin Ephrem,2514,1101,31,1,2015
https://twitter.com/vincelavecchia/status/561295788232290304,2015-01-30 22:51:58+00:00,561295788232290304,"So, so great, by @Squarespace and Jeff Bridges: http://t.co/pP88EJvNDy",1,0,1,vincelavecchia,Vince LaVecchia,2743,2325,30,1,2015
https://twitter.com/squarespace/status/561289703786549248,2015-01-30 22:27:48+00:00,561289703786549248,"""Oh look at that...that's a pretty nice looking office chair. You see that?"" - @TheJeffBridges #SleepingTapes http://t.co/lX18RpEyXE",8,1,14,squarespace,Squarespace,146181,6,30,1,2015
https://twitter.com/ubuzznow/status/561277300134928384,2015-01-30 21:38:31+00:00,561277300134928384,@Squarespace prepared #SB49 #DreamWithJeff #advertising #spot that will put viewers to sleep ft #JeffBridges. http://t.co/lvPFmyB5tZ,1,0,0,ubuzznow,ubuzz,31,178,30,1,2015
https://twitter.com/mikeyanderson/status/561273424358555648,2015-01-30 21:23:06+00:00,561273424358555648,My prediction for how much @Squarespace will make directly off of their brilliant Superbowl ad. $12 million: http://t.co/nlOjlEiBcs,4,1,1,mikeyanderson,"mikeyanderson.eth (🌱,🌳)",3506,1000,30,1,2015
https://twitter.com/growthhackrjobs/status/561271843294691328,2015-01-30 21:16:50+00:00,561271843294691328,Funnel Analysis of the Squarespace Superbowl Commercial http://t.co/nw5Q3A6G34 #growthhacking,5,0,5,growthhackrjobs,Growth Hacker Jobs,1514,1349,30,1,2015
https://twitter.com/SquarespaceHelp/status/561265410410958849,2015-01-30 20:51:16+00:00,561265410410958849,"@summersmckay If you'd like, you can start a free trial of Squarespace to see if it's a good fit! http://t.co/wXpkY4kUem",1,0,0,SquarespaceHelp,Squarespace Help,44080,1389,30,1,2015
https://twitter.com/ca1icat/status/561262903492636672,2015-01-30 20:41:18+00:00,561262903492636672,Love football and sales funnels? Nerd out over this @Squarespace #SuperBowl commercial analysis. http://t.co/yBL8JtGJ4Z,1,0,0,ca1icat,ca1icat,912,676,30,1,2015
https://twitter.com/beliefagency/status/561262655210807297,2015-01-30 20:40:19+00:00,561262655210807297,What's the ROI of a #SuperBowl ad? @mikeyanderson on how @Squarespace made the most effective Super Bowl commercial. http://t.co/Y1hwFqXbZD,2,1,1,beliefagency,Belief Agency,2026,498,30,1,2015
https://twitter.com/FastCoCreative/status/561259158541180928,2015-01-30 20:26:25+00:00,561259158541180928,.@Squarespace made a #SuperBowl album with @TheJeffBridges to help you sleep: http://t.co/HYy8bl9flx by @jeffcbeer http://t.co/UW8fI0syvF,2,0,1,FastCoCreative,Fast Co. Creativity,153212,99,30,1,2015
https://twitter.com/bballbreakdown/status/561257281548189696,2015-01-30 20:18:58+00:00,561257281548189696,I prefer The Dude RT @Squarespace: Drift into a peaceful slumber w/@TheJeffBridges' new #SleepingTapes http://t.co/JkC1Y8T0ab,1,0,2,bballbreakdown,BBALLBREAKDOWN,129737,1970,30,1,2015
https://twitter.com/A24/status/561252452973162497,2015-01-30 19:59:47+00:00,561252452973162497,It appears Jeff Bridges is the face of @Squarespace. Give ALL the marketing awards to whosever idea this was http://t.co/IRkPcUkzCN,4,1,12,A24,A24,1737422,1194,30,1,2015
https://twitter.com/jOtCreative/status/561238767055679488,2015-01-30 19:05:24+00:00,561238767055679488,#Wix vs #Squarespace vs #Virb vs #Weebly vs #WordPress Builders http://t.co/LUYab7ncJH,1,0,0,jOtCreative,jOt Creative,890,2017,30,1,2015
https://twitter.com/TheJeffBridges/status/561238365949812737,2015-01-30 19:03:48+00:00,561238365949812737,Check out how I built http://t.co/vMZxu2g1iS on @squarespace for my new #SleepingTapes album. #Om https://t.co/mvZ0hED8nY,57,12,89,TheJeffBridges,Jeff Bridges,371487,147,30,1,2015
https://twitter.com/WayTooIndie/status/561235731767513088,2015-01-30 18:53:20+00:00,561235731767513088,But what sorts of dreams will these give us?? JEFF BRIDGES' SLEEPING TAPES: http://t.co/7L3pDDNIqH @Squarespace http://t.co/jr9xfhhlFf,4,0,1,WayTooIndie,Way Too Indie,2132,384,30,1,2015
https://twitter.com/squarespace/status/561227826247262208,2015-01-30 18:21:55+00:00,561227826247262208,"""Sleep...implies waking up. Tapes...imply recording...yeah?"" - @TheJeffBridges #SleepingTapes http://t.co/oA7u7z5qdu http://t.co/l7qvSvzFcV",15,2,24,squarespace,Squarespace,146181,6,30,1,2015
https://twitter.com/pycon/status/561222623825129472,2015-01-30 18:01:15+00:00,561222623825129472,Thrilled to announce our latest Silver Sponsor: Squarespace! http://t.co/vKeH8YDKqS https://t.co/osV0EQJguM Thanks a ton @Squarespace!,2,1,4,pycon,PyCon US,57297,3,30,1,2015
https://twitter.com/Dublin_CM/status/561222518447800320,2015-01-30 18:00:50+00:00,561222518447800320,"Still buzzed about today, thanks for coming and high fives to @projectarts @Squarespace @NooneCasey Just a deadly morning. Enjoy the weekend",1,0,3,Dublin_CM,CreativeMornings/DUB,2819,1143,30,1,2015
https://twitter.com/plannersusa/status/561222429264330752,2015-01-30 18:00:28+00:00,561222429264330752,The Cliff - Built with Squarespace http://t.co/4jhV1ixLaW #advertising #publicidad #creativity,1,0,0,plannersusa,Strategic Planning,838,212,30,1,2015
https://twitter.com/DavidDiFranco/status/561221138110763008,2015-01-30 17:55:20+00:00,561221138110763008,"You are my savior, @Squarespace! Seriously. https://t.co/eHOgnUpn8v",1,0,7,DavidDiFranco,David Di Franco,20419,654,30,1,2015
https://twitter.com/mamarocks54/status/561218717020078080,2015-01-30 17:45:43+00:00,561218717020078080,"@Squarespace @TheJeffBridges Saw the ad4this on TV today.Certain voices we hear&amp; we just trust.#JeffBridges,MorganFreeman,TomSelleck..",1,4,2,mamarocks54,Old Aunt Harriet,2119,3964,30,1,2015
https://twitter.com/kimbost/status/561218070908108800,2015-01-30 17:43:09+00:00,561218070908108800,How to Build Your Squarespace Website with Jeff Bridges http://t.co/Om9UhE2byG,2,0,0,kimbost,Kim Bost,4373,679,30,1,2015
https://twitter.com/Accel/status/561207249125642240,2015-01-30 17:00:09+00:00,561207249125642240,"Watch: @Squarespace teases its #SuperBowl ad campaign, with @TheJeffBridges' new #SleepingTapes album – https://t.co/cuRbGe1tb8",1,0,4,Accel,Accel,257343,1087,30,1,2015
https://twitter.com/acasalena/status/561206418406002688,2015-01-30 16:56:51+00:00,561206418406002688,Squarespace in Fast Co's top 5 Super Bowl ads of the week: http://t.co/KmICvlhh8E,3,1,11,acasalena,Anthony Casalena,11478,222,30,1,2015
https://twitter.com/jkrohrs/status/561163852151525376,2015-01-30 14:07:42+00:00,561163852151525376,"It could be Jeff-bias, but @SquareSpace may have a hit w/their Jeff Bridges #SuperBowlXLIX ad &amp; trippy download: https://t.co/JXPTs8HkpO",1,0,0,jkrohrs,Jeffrey K. Rohrs,9267,6484,30,1,2015
https://twitter.com/Silvabokis/status/561155346828627968,2015-01-30 13:33:55+00:00,561155346828627968,A useful #jQuery script to dynamically translate #Squarespace form error messages - http://t.co/TKFM4ziJFF,1,0,0,Silvabokis,Colin Irwin,174,301,30,1,2015
https://twitter.com/supersg559/status/561127715844403200,2015-01-30 11:44:07+00:00,561127715844403200,Check out @TheJeffBridges' new #SleepingTapes album on his new Squarespace site. You'll sleep better tonight. http://t.co/j8Man6qQQu,1,0,0,supersg559,Martin Roth,936,738,30,1,2015
https://twitter.com/DocMiaz/status/561097662523379712,2015-01-30 09:44:42+00:00,561097662523379712,@Squarespace @TheJeffBridges  ADAM RICHARDS MOTIVATION TRAINING DIRECTED AND PR…: http://t.co/2FqutVpcDW @AdamAdamstunts,1,0,1,DocMiaz,Doc Miaz🆚️The🌍,3284,221,30,1,2015
https://twitter.com/studiogestalt/status/561094310842880000,2015-01-30 09:31:22+00:00,561094310842880000,Jeff Bridges Sleeping Tapes - Squarespace http://t.co/ULlnDo9ulB via @latest_is,1,0,0,studiogestalt,Francesco Belvedere,765,4964,30,1,2015
https://twitter.com/Dublin_CM/status/561073508172959744,2015-01-30 08:08:43+00:00,561073508172959744,"When you see this, you have arrived!! #creativemornings @NooneCasey @projectarts @Squarespace http://t.co/UcZBfRLNQP",1,1,2,Dublin_CM,CreativeMornings/DUB,2819,1143,30,1,2015
https://twitter.com/freshdesk/status/561060023124910080,2015-01-30 07:15:08+00:00,561060023124910080,"Meet Christa Collins, the person who singlehandedly built a customer support team of 200 from scratch at Squarespace! http://t.co/GGLLOiwaGk",2,0,0,freshdesk,Freshdesk 🙌,22085,2720,30,1,2015
https://twitter.com/hatsnbeards/status/561048018422480897,2015-01-30 06:27:26+00:00,561048018422480897,Kinda weird bt works wonderful 4 #story based marketing @Squarespace  http://t.co/vcG9G5Qjk3 Idea:make websites easily Story:get some sleep,3,0,3,hatsnbeards,Hats & Beards,928,681,30,1,2015
https://twitter.com/SrslyGoodDesign/status/561042088771735553,2015-01-30 06:03:52+00:00,561042088771735553,Another head-to-head battle: #wordpress vs. #squarespace http://t.co/za4ueMBuHQ http://t.co/YqRxkdnyPP,1,0,0,SrslyGoodDesign,SeriouslyGood Design,123,49,30,1,2015
https://twitter.com/Joe_McCallister/status/561007665468280833,2015-01-30 03:47:05+00:00,561007665468280833,Every time @jeffcannata says drag and drop on DLC regarding @Squarespace it sounds like Dragon Drop. Which sounds like his finisher.,1,2,6,Joe_McCallister,Joe McCallister,681,2365,30,1,2015
https://twitter.com/FastCompany/status/561001631425495041,2015-01-30 03:23:06+00:00,561001631425495041,"Hey man, @Squarespace made a Super Bowl Album with @TheJeffBridges to help you sleep http://t.co/pmT34t71td by @jeffcbeer",6,2,14,FastCompany,Fast Company,2346391,4243,30,1,2015
https://twitter.com/Musicshosh/status/560997545485541376,2015-01-30 03:06:52+00:00,560997545485541376,Okay. This is wild! Jeff Bridges Sleeping Tapes - Squarespace http://t.co/1pFSgpYUI5,1,0,0,Musicshosh,Shoshana,1522,1581,30,1,2015
https://twitter.com/mrsrachelcox/status/560995464447664128,2015-01-30 02:58:36+00:00,560995464447664128,"A6. I would love to learn more about Illustrator, the pen tool, and how to more specifically customize @Squarespace #ellechat",1,3,6,mrsrachelcox,Rachel Elizabeth Cox,972,702,30,1,2015
https://twitter.com/Inc/status/560993383456706560,2015-01-30 02:50:20+00:00,560993383456706560,Squarespace enlists Jeff Bridges for website ad showdown at the Super Bowl @oscarraymundo http://t.co/7vW9F7WuBm,4,0,4,Inc,Inc.,2806492,1704,30,1,2015
https://twitter.com/creativitymag/status/560959852911267840,2015-01-30 00:37:05+00:00,560959852911267840,Dude! Jeff Bridges puts you to sleep for Squarespace's Super Bowl campaign. http://t.co/k1GSchLw1d http://t.co/Q5HaAeXFsQ,4,2,4,creativitymag,Ad Age Creativity,158143,870,30,1,2015
https://twitter.com/freshdesk/status/560954353042096129,2015-01-30 00:15:14+00:00,560954353042096129,"""As I grew the Customer Care team, it became a democracy.""  Christa Collins, Former VP of Customer Care @ Squarespace http://t.co/u7gNPVA3ki",1,0,0,freshdesk,Freshdesk 🙌,22085,2720,30,1,2015
