url,Datetime,Tweet Id,Text,Retweet Count,Reply Count,Like Count,Username,Display Name,Followers Count,Friends Count,Day,Month,Year
https://twitter.com/InsideKellogg/status/696061049812824064,2016-02-06 20:01:01+00:00,696061049812824064,.@WeatherTech is airing its 3rd straight Super Bowl ad. Prof. @TimothyCalkins discusses in @CrainsChicago https://t.co/Z9gEt1aycu #KelloggSB,3,0,4,InsideKellogg,Inside Kellogg,2700,2971,6,2,2016
https://twitter.com/WeatherTim/status/696054266939777024,2016-02-06 19:34:03+00:00,696054266939777024,Virginia Tech's first high elevation weather station is officially up and running! @ Bald Knob https://t.co/3wFvBY5BMh,1,0,0,WeatherTim,Tim Greene,134,540,6,2,2016
https://twitter.com/IDisposable/status/696040214779858944,2016-02-06 18:38:13+00:00,696040214779858944,The @WeatherTech factory store is not what you would expect. https://t.co/GjbdPxft9N,1,1,2,IDisposable,Marc Brooks 马博江,1931,2873,6,2,2016
https://twitter.com/WeatherTech/status/696030644799803392,2016-02-06 18:00:12+00:00,696030644799803392,Want to know the secret to our success? We're revealing our most valuable #resources: https://t.co/ON4qlrBUk1 https://t.co/dqutb73VmV,1,0,1,WeatherTech,WeatherTech,9739,1778,6,2,2016
https://twitter.com/SpotBowl/status/696001769395130368,2016-02-06 16:05:27+00:00,696001769395130368,Made in America: Why a company as small as @WeatherTech keeps coming back to the #SuperBowl stage: https://t.co/L97l2SatqY.,1,0,2,SpotBowl,SpotBowl,401,1006,6,2,2016
https://twitter.com/davidpaull/status/695988535023661058,2016-02-06 15:12:52+00:00,695988535023661058,The #SuperBowlAds race is heating up. #AvosInSpace neck &amp; neck w/ @WeatherTech. Rate now https://t.co/d8klYtZyj6 https://t.co/xvWzZ0WRQu,1,0,1,davidpaull,David Paull,1229,1028,6,2,2016
https://twitter.com/5liveSport/status/695983461560098816,2016-02-06 14:52:42+00:00,695983461560098816,Not great weather. We've got a high-tech equipment protector at #NUFC - only 5p! Other supermarkets are available https://t.co/1gq1spVDa1,12,11,55,5liveSport,BBC 5 Live Sport,397156,1611,6,2,2016
https://twitter.com/jenhicks/status/695748130172567553,2016-02-05 23:17:35+00:00,695748130172567553,"#FlyHighFri Super week of tech integration! Weather reports w/Pixie, Inspiration webs and Google docs for writing, &amp; virtual MSiC lesson! :)",2,0,1,jenhicks,Jennifer Hicks,500,810,5,2,2016
https://twitter.com/KeepitMadeinUSA/status/695736358430752768,2016-02-05 22:30:48+00:00,695736358430752768,Love this: @WeatherTech delivers a great message for #SB50: https://t.co/RJ0nzTmjjl #SuperBowl #MadeinAmerica https://t.co/s0rW9uG0k4,1,0,0,KeepitMadeinUSA,AAM,13901,2142,5,2,2016
https://twitter.com/USA_Movement/status/695725638787837952,2016-02-05 21:48:12+00:00,695725638787837952,Why @WeatherTech Keeps Coming Back to the #SuperBowl | #MFG #AmericanWorkers #SB50 https://t.co/OczXdK4VQE https://t.co/dQ7IW0Cz2P,2,0,2,USA_Movement,USA Made Movement,13524,617,5,2,2016
https://twitter.com/FloDar_Tech/status/695720324957130758,2016-02-05 21:27:05+00:00,695720324957130758,All @FDTCbaseball games this weekend have been cancelled due to the weather that's impacting the East Coast. #FDTC | #baseball,1,0,0,FloDar_Tech,Florence-Darlington Technical College,1541,302,5,2,2016
https://twitter.com/WeatherTech/status/695713891838373893,2016-02-05 21:01:32+00:00,695713891838373893,#AmericanWorkers build world class products and that builds communities and a better future for all of us. https://t.co/xQPRrBZoJM,3,0,6,WeatherTech,WeatherTech,9739,1778,5,2,2016
https://twitter.com/kenmacpherson/status/695703234934087680,2016-02-05 20:19:11+00:00,695703234934087680,@OHCollaborative #Youngstown weather camera #innovation WEDS@6pm #makerspace tools &amp; tech 15 @SCORE_YSU https://t.co/ULMVvhMmrt,1,0,2,kenmacpherson,Ken MacPherson,1671,4970,5,2,2016
https://twitter.com/USA_Movement/status/695676385512267776,2016-02-05 18:32:30+00:00,695676385512267776,"#MadeinUSA company dedicated to American #manufacturing, @WeatherTech is celebrating #AmericanWorkers during #SB50 https://t.co/zwKnp2Ihz9",1,1,2,USA_Movement,USA Made Movement,13524,617,5,2,2016
https://twitter.com/KeepitMadeinUSA/status/695655707258064897,2016-02-05 17:10:19+00:00,695655707258064897,"#SB50 is still two days away, but we've already got a frontrunner for our favorite ad: https://t.co/vD9CusEE3X @WeatherTech #MadeinAmerica",3,0,1,KeepitMadeinUSA,AAM,13901,2142,5,2,2016
https://twitter.com/KeepitMadeinUSA/status/695649300693520384,2016-02-05 16:44:52+00:00,695649300693520384,Love this: @WeatherTech delivers a great message for #SB50: https://t.co/azVxy7B3en #SuperBowl #MadeinAmerica https://t.co/Ciz7m3CAWX,5,1,1,KeepitMadeinUSA,AAM,13901,2142,5,2,2016
https://twitter.com/RaytheonTech/status/695641951798956032,2016-02-05 16:15:40+00:00,695641951798956032,Watching #GPSIIF12 satellite launch? Launches are backed by our #weather tech AWIPS &amp; JET https://t.co/hSi1pyTNdm https://t.co/2moqQUwWWU,2,1,5,RaytheonTech,Raytheon Technologies,193102,281,5,2,2016
https://twitter.com/CathBrad/status/695627423942119426,2016-02-05 15:17:56+00:00,695627423942119426,@WeatherTech #SB50 Cannot wait to see you Scout! #LookoutforScout,1,0,1,CathBrad,Cathy Bradford,2772,5000,5,2,2016
https://twitter.com/WeatherTech/status/695626781622046721,2016-02-05 15:15:23+00:00,695626781622046721,"Scout, Chief of Employee Morale at WeatherTech®, is making a double appearance at #SB50 this year! #LookoutforScout https://t.co/eqaXNW4EbO",1,1,6,WeatherTech,WeatherTech,9739,1778,5,2,2016
https://twitter.com/lowguppy/status/695611050255896577,2016-02-05 14:12:52+00:00,695611050255896577,"More Legacy #FNM tonight, weather permitting. This time with Sun Titan tech!",1,1,2,lowguppy,Jeff Good,625,844,5,2,2016
https://twitter.com/_alexiskiara/status/695580775564103680,2016-02-05 12:12:34+00:00,695580775564103680,tech better have a half day or something because lol who's staying in school in the weather?¿,11,0,0,_alexiskiara,lex,1363,893,5,2,2016
https://twitter.com/FitchburgMass/status/695564925931024386,2016-02-05 11:09:35+00:00,695564925931024386,"Due to inclement weather, the Fitchburg Public Schools and Monty Tech are closed Friday, February. 5.",1,0,0,FitchburgMass,Fitchburg MA,1285,365,5,2,2016
https://twitter.com/luxury_tech/status/695496866998460417,2016-02-05 06:39:09+00:00,695496866998460417,Weather-Resistant Loudspeakers - The KOAR Sound System Design is Engineered for All Weathe… https://t.co/j5yJI9DUgZ https://t.co/7jFi72Ibtl,1,0,0,luxury_tech,Luxury Tech,11400,1290,5,2,2016
https://twitter.com/adsoftheworld/status/695461607019843584,2016-02-05 04:19:02+00:00,695461607019843584,Ad went viral: WeatherTech: Resources https://t.co/qjIONmg8bO https://t.co/K72vakhGf4,1,0,0,adsoftheworld,Ads of the World™,205648,62827,5,2,2016
https://twitter.com/automotive999/status/695460830549245952,2016-02-05 04:15:57+00:00,695460830549245952,Lexus Announces 2016 WeatherTech SportsCar Championship Entrant https://t.co/jGAQOFvPsz https://t.co/a5PMZUltEn,1,0,3,automotive999,automotive99,596,172,5,2,2016
https://twitter.com/adlekchills/status/695431002609430528,2016-02-05 02:17:26+00:00,695431002609430528,Lexus Announces 2016 WeatherTech SportsCar Championship Entrant https://t.co/VqoQOyvqbt #News #Technology #Innovation,1,0,2,adlekchills,Famzn,1215,16,5,2,2016
https://twitter.com/adlekchills/status/695423442766573568,2016-02-05 01:47:23+00:00,695423442766573568,Lexus Announces 2016 WeatherTech SportsCar Championship Entrant https://t.co/M6VxPFdCtN #News #Technology #Innovation,1,0,1,adlekchills,Famzn,1215,16,5,2,2016
https://twitter.com/Adweek/status/695422623610572801,2016-02-05 01:44:08+00:00,695422623610572801,Why a small company like WeatherTech keeps coming back to the Super Bowl: https://t.co/13einP9At2 https://t.co/ZPh85i5PX4,5,0,1,Adweek,Adweek,690382,26538,5,2,2016
https://twitter.com/adlekchills/status/695419914534854656,2016-02-05 01:33:22+00:00,695419914534854656,Lexus Announces 2016 WeatherTech SportsCar Championship Entrant https://t.co/pxhX96bvqX #News #Technology #Innovation,1,0,2,adlekchills,Famzn,1215,16,5,2,2016
https://twitter.com/kenmacpherson/status/695419221635764224,2016-02-05 01:30:37+00:00,695419221635764224,@OHCollaborative #Youngstown weather camera #innovation WEDS@6pm #makerspace tools &amp; tech 20 @fredwilson https://t.co/O2GLkf2iHX,1,1,3,kenmacpherson,Ken MacPherson,1671,4970,5,2,2016
