url,Datetime,Tweet Id,Text,Retweet Count,Reply Count,Like Count,Username,Display Name,Followers Count,Friends Count,Day,Month,Year
https://twitter.com/johncenaCJB/status/696111660767977475,2016-02-06 23:22:07+00:00,696111660767977475,@budlight &amp; beads!! Port Arthur Mardi Gras! #codyjohnson #MardiGras https://t.co/pthvHffWps,2,0,1,johncenaCJB,John Cena CJB,13,2,6,2,2016
https://twitter.com/TropLaughlin/status/696108902316773376,2016-02-06 23:11:10+00:00,696108902316773376,If you like #BudLight gear we've got you covered! See you tomorrow for #BigGame50! 🏈 #troplife https://t.co/lbjYx4XMka,1,0,0,TropLaughlin,Tropicana Laughlin,2936,529,6,2,2016
https://twitter.com/TravelingPoet1/status/696097600554930176,2016-02-06 22:26:15+00:00,696097600554930176,@budlight ad during @NCAA coverage on @CBSSports promoting UNDERAGE DRINKING to how many young and curious? @Surgeon_General @AlcoholJustice,1,0,1,TravelingPoet1,Bill Watkins,982,1509,6,2,2016
https://twitter.com/TheRedShedTtown/status/696095199576137731,2016-02-06 22:16:43+00:00,696095199576137731,@hgvines opening the party place up at 7PM for happy hour! $1.50 Domestics  $2 Baby Bombs and Fireball  $4 Budlight Pitchers  $5 Doubles,1,0,1,TheRedShedTtown,The Red Shed,5584,1528,6,2,2016
https://twitter.com/ccsaloon/status/696082555527782401,2016-02-06 21:26:28+00:00,696082555527782401,$15 @MillerLite pitchers and 4 shots of @FireballWhisky till @penguins game. During game $11 buckets of @budlight. GO PENS!!!!,1,0,2,ccsaloon,Carson City Saloon,2804,689,6,2,2016
https://twitter.com/MarcusAllenHOF/status/696082328540450816,2016-02-06 21:25:34+00:00,696082328540450816,Nice cans @budlight #MyTeamCan #SB50 #SanFrancisco @superbowl50 #BroncosvsPanthers https://t.co/eBx2iZW3jb,6,2,15,MarcusAllenHOF,Marcus Allen,36053,344,6,2,2016
https://twitter.com/budlight/status/696080472523325441,2016-02-06 21:18:11+00:00,696080472523325441,@katmandu242 The #BudLightParty is going strong in Union Square! Come see us!,1,0,0,budlight,Bud Light,265047,254,6,2,2016
https://twitter.com/Hood_Cafe_/status/696079137799335936,2016-02-06 21:12:53+00:00,696079137799335936,"SUPER BOWL PARTY: $5 Henny, Crown &amp; Crown Apple. $3 Corona, BudLight, CoorsLight &amp; $10 Hookah #JCSU #HoodCafe https://t.co/nkAmp9WthO",1,0,1,Hood_Cafe_,Neighborhood Cafe,108,340,6,2,2016
https://twitter.com/SocialChatsSF/status/696072167285514240,2016-02-06 20:45:11+00:00,696072167285514240,2/7 #SuperBowl50Bash  @RiceandDough $25 gets U All U can drink #bud #BudLight #mimosa &amp; food https://t.co/7hACZPl8o6 https://t.co/uoa2DZcBTZ,3,0,2,SocialChatsSF,🎙Social Chats,3443,2555,6,2,2016
https://twitter.com/budlight/status/696070755470155777,2016-02-06 20:39:35+00:00,696070755470155777,.@hornets Thanks for the support! Welcome to the #BudLightParty hive! https://t.co/53KAeLPkm2,2,0,9,budlight,Bud Light,265047,254,6,2,2016
https://twitter.com/budlight/status/696070112294469632,2016-02-06 20:37:01+00:00,696070112294469632,.@ManonMathews Your support is a win for us. And that's no laughing matter. #BudLightParty https://t.co/E4p82Q4Lxo,2,0,6,budlight,Bud Light,265047,254,6,2,2016
https://twitter.com/GESGlobal/status/696053263007883264,2016-02-06 19:30:04+00:00,696053263007883264,"Why did @budlight’s “Up for Whatever” campaign go viral? Because it was fun, addictive and easy to…  https://t.co/Nee7vEyh3X #EventProfs",2,0,1,GESGlobal,GES,9324,1157,6,2,2016
https://twitter.com/chs_cheers/status/696052765827596288,2016-02-06 19:28:06+00:00,696052765827596288,We love our @budlight drinkers at @ritasfollybeach 🍻 https://t.co/qDqGiunffx,2,0,1,chs_cheers,chscheers,1812,1397,6,2,2016
https://twitter.com/HeyBeerDan/status/696050945541718017,2016-02-06 19:20:52+00:00,696050945541718017,"Distributors ""not impressed"" w/first @BudLight Party ads, but they LOVE @Budweiser ""Not backing down,"" sez @BeerInsights. Smart distribs.",1,0,2,HeyBeerDan,Hey Beer Dan,284,62,6,2,2016
https://twitter.com/FranCarcerano/status/696032387042402304,2016-02-06 18:07:07+00:00,696032387042402304,It's 5 o'clock somewhere!  #beer #budlight #saturday #tn #murfreesboro #caturday… https://t.co/Y6ELlqslNt,1,0,0,FranCarcerano,Francesca Carcerano,277,1378,6,2,2016
https://twitter.com/chs_cheers/status/696031305788747776,2016-02-06 18:02:49+00:00,696031305788747776,Take a break from all the live music and head to @ritasfollybeach for a refreshing @BudLight aluminum bottle!,1,0,2,chs_cheers,chscheers,1812,1397,6,2,2016
https://twitter.com/Hood_Cafe_/status/695989871320678400,2016-02-06 15:18:10+00:00,695989871320678400,"SB50 Party Sunday w/ DJ Franchyze. $5 Henny, Crown &amp; Crown Apple. $3 Corona, BudLight, CoorsLight &amp; $10 Hookah #JCSU https://t.co/ChzMUjxXQm",2,0,0,Hood_Cafe_,Neighborhood Cafe,108,340,6,2,2016
https://twitter.com/TravelingPoet1/status/695979254496923648,2016-02-06 14:35:59+00:00,695979254496923648,Up for whatever. #jail #vomitting #dui #death #insanity #divorce @budlight @NBCSN @AlcoholJustice,1,1,2,TravelingPoet1,Bill Watkins,982,1509,6,2,2016
https://twitter.com/OnAirWithJD/status/695979107180527617,2016-02-06 14:35:24+00:00,695979107180527617,Just throwing this out there if @Budlight is looking to fly someone from Tampa to the Super Bowl I know a guy *cough**cough* #UpForWhatever,1,0,6,OnAirWithJD,Jared,11460,1669,6,2,2016
https://twitter.com/xlcarthen/status/695976747611848704,2016-02-06 14:26:01+00:00,695976747611848704,"LEVIS STADIUM OCT 22,15 - 49ERS vs SEAHAWKS-I WON 4 TICKETS TO THIS GAME FROM @budlight Sweep #EsuranceSweepstakes https://t.co/PXAtiU8lZe",8,0,1,xlcarthen,Xavier Lydell Carthen,932,4939,6,2,2016
https://twitter.com/HeyBeerDan/status/695950974087774208,2016-02-06 12:43:37+00:00,695950974087774208,Reviewed: #SB50 ads for @MichelobUltra: https://t.co/SD1xFwu3Jm @Budweiser https://t.co/66B3j7i422 and @BudLight  https://t.co/gn1KKmSg2q,1,0,2,HeyBeerDan,Hey Beer Dan,284,62,6,2,2016
https://twitter.com/foolhardytv/status/695902569596583936,2016-02-06 09:31:16+00:00,695902569596583936,@RCRockFest @budlight  We are gonna be there and we can't wait! Shout out to @BMS_Daniel #FoolhardyTV  https://t.co/DsHpJnLHlA,6,0,35,foolhardytv,FoolhardyTV,220,214,6,2,2016
https://twitter.com/stratvegas/status/695881436084224000,2016-02-06 08:07:17+00:00,695881436084224000,"Through Sunday, get this big bucket of @budlight and a shot of @FireballWhisky for just $38! #BigGame #BigDeals 🏈 https://t.co/MOYBo9CYrc",1,0,6,stratvegas,The STRAT Las Vegas,51040,507,6,2,2016
https://twitter.com/ParlayDC/status/695872659427631104,2016-02-06 07:32:25+00:00,695872659427631104,@NovaMBB vs @PCAthletics  GAME WATCH @ParlayDC 2pm 🏀🍺🍔@budlight promo &amp;specials !! @VUAA_GreaterDC @Villanova_Alum https://t.co/pYQG5MUqun,1,0,1,ParlayDC,PẠƦŁẠ¥ 🅓🅒,473,1894,6,2,2016
https://twitter.com/ManonMathews/status/695849302136983552,2016-02-06 05:59:36+00:00,695849302136983552,We’d get more done in America if we could all agree to agree to more dance breaks. Join me &amp; @BudLight to make history #BudLightParty #ad,5,0,37,ManonMathews,Manon,85240,296,6,2,2016
https://twitter.com/ManonMathews/status/695813466867654656,2016-02-06 03:37:12+00:00,695813466867654656,"Weekend plans? Made. Officially a #BudLightParty member. See ya soon, San Francisco. #SuperBowl @BudLight #partner https://t.co/tO54bAp1M8",8,6,101,ManonMathews,Manon,85240,296,6,2,2016
https://twitter.com/kanishagpaoa/status/695809688739438592,2016-02-06 03:22:11+00:00,695809688739438592,"budlight, heineken, keystone, corona, reds, smirnoff ice, mikeys, GIVE ME ALL OF IT IDC",1,0,4,kanishagpaoa,k,565,302,6,2,2016
https://twitter.com/Chris_Zelina/status/695805134803247104,2016-02-06 03:04:06+00:00,695805134803247104,@budlight bud light is piss water. Stop clogging my timeline with your advertising.,1,0,3,Chris_Zelina,CZelina,201,751,6,2,2016
https://twitter.com/budlight/status/695782235241205760,2016-02-06 01:33:06+00:00,695782235241205760,Supporting the party is as easy as using our emoji. #BudLightParty https://t.co/Htmo4etrj7,8,0,21,budlight,Bud Light,265047,254,6,2,2016
https://twitter.com/budlight/status/695780387067293701,2016-02-06 01:25:45+00:00,695780387067293701,.@ijessewilliams Welcome to the #BudLightParty https://t.co/DGEdAUJ2W6,8,0,14,budlight,Bud Light,265047,254,6,2,2016
https://twitter.com/StanleyRoberts/status/695777347618922497,2016-02-06 01:13:41+00:00,695777347618922497,Apparently @budlight watched my segments because they placed a barrier around the football made of cans. https://t.co/g3f8OvMNTd,3,0,6,StanleyRoberts,Stanley Roberts,22259,2889,6,2,2016
https://twitter.com/ChefCaseyT/status/695775542503575552,2016-02-06 01:06:30+00:00,695775542503575552,SUPER BOWL 50 @budlight  @UnionSquareSF lets do this!!!! https://t.co/3XOZDDqZoX,1,0,2,ChefCaseyT,Chef Casey Thompson,17176,819,6,2,2016
https://twitter.com/budlight/status/695770186830516224,2016-02-06 00:45:13+00:00,695770186830516224,.@z100NewYork The hits keep coming. Thanks for supporting the #BudLightParty  https://t.co/pjuII87sft,3,0,7,budlight,Bud Light,265047,254,6,2,2016
https://twitter.com/joegarofoli/status/695765939229298692,2016-02-06 00:28:21+00:00,695765939229298692,Hmm should we get the $20 lobster roll or the $8 BudLight at #superbowlcity? #goingtoseeamovietonight https://t.co/DkwyHkzHwg,1,2,1,joegarofoli,Joe Garofoli,12609,3694,6,2,2016
https://twitter.com/budlight/status/695764963726471168,2016-02-06 00:24:28+00:00,695764963726471168,@randywebz You're our number choice too. 🍺💙,1,0,3,budlight,Bud Light,265047,254,6,2,2016
https://twitter.com/ThomasDeshon/status/695762738610622464,2016-02-06 00:15:38+00:00,695762738610622464,This kid is like a junior in highschool with a backwards budlight hat on .... Come on now 😂😂😂,1,0,1,ThomasDeshon,tommy d,693,692,6,2,2016
https://twitter.com/YorkRegion/status/695762610591903744,2016-02-06 00:15:07+00:00,695762610591903744,"VIDEO: Markham man, girlfriend off to #SuperBowl50 as part of @budlight contest https://t.co/EVZfcDulXc https://t.co/Vzxt9hw3Nh",1,0,1,YorkRegion,YorkRegion,28049,900,6,2,2016
https://twitter.com/budlight/status/695761527844917248,2016-02-06 00:10:49+00:00,695761527844917248,@Addicted2TK Thanks for your support! Crack a Bud Light. You're in.,1,0,1,budlight,Bud Light,265047,254,6,2,2016
https://twitter.com/budlight/status/695761197266636800,2016-02-06 00:09:30+00:00,695761197266636800,@TaylorBclark20 Thanks for the support! #BudLightParty,1,0,0,budlight,Bud Light,265047,254,6,2,2016
https://twitter.com/mitchelldistrib/status/695758974813995008,2016-02-06 00:00:40+00:00,695758974813995008,"This Sunday, @budlight reminds you to Make the Right Call and Drink Responsibly this #SuperBowl. #MakeTheRightCall https://t.co/eAVwznKUO0",1,0,2,mitchelldistrib,MitchellDistributing,574,413,6,2,2016
https://twitter.com/bcbeat/status/695757805085548545,2016-02-05 23:56:01+00:00,695757805085548545,.@budlight’s #SuperBowl tease w/ @amyschumer and @Sethrogen nabs 80 million TV impressions https://t.co/4q33Pcq0RM https://t.co/UgAvvVw7E1,2,1,0,bcbeat,Broadcasting & Cable,20862,700,5,2,2016
https://twitter.com/budlight/status/695755264939589633,2016-02-05 23:45:56+00:00,695755264939589633,"@mrCRUZ19 The #BudLightParty is a movement, not a moment!",1,0,1,budlight,Bud Light,265047,254,5,2,2016
https://twitter.com/budlight/status/695753104315195392,2016-02-05 23:37:21+00:00,695753104315195392,@MCSUDABUDA We are the fake political party America needs right now.,1,1,2,budlight,Bud Light,265047,254,5,2,2016
https://twitter.com/AspenSnowmass/status/695747349339963393,2016-02-05 23:14:29+00:00,695747349339963393,We jammin at @budlight #streetrailfridays @Snowmass ! Every Friday 2pm https://t.co/wPHVODnTPh,2,0,19,AspenSnowmass,Aspen Snowmass,57307,1981,5,2,2016
https://twitter.com/budlight/status/695745887662968832,2016-02-05 23:08:40+00:00,695745887662968832,Thanks for the love @ZuneraSerena and welcome to the #BudLightParty!  https://t.co/0wkuHr5eoL,1,0,5,budlight,Bud Light,265047,254,5,2,2016
https://twitter.com/ESPNRadioPGH/status/695744695734050816,2016-02-05 23:03:56+00:00,695744695734050816,Lots of @carsoncity1401 Buffalo Wings &amp; @budlight for Happy Hr w/ @DavidMTodd @WilliamsonNFL https://t.co/AJMW6OIeKz https://t.co/GHADbvy5OS,3,0,2,ESPNRadioPGH,ESPN Pittsburgh,13015,420,5,2,2016
https://twitter.com/budlight/status/695744298772512768,2016-02-05 23:02:21+00:00,695744298772512768,Supporting the party is as easy as using our emoji. #BudLightParty https://t.co/3Hf764b4BJ,35,4,78,budlight,Bud Light,265047,254,5,2,2016
https://twitter.com/budlight/status/695743292709871616,2016-02-05 22:58:21+00:00,695743292709871616,@MCSUDABUDA Great news!  You're already in the #BudLightParty.,2,2,2,budlight,Bud Light,265047,254,5,2,2016
https://twitter.com/OmahaBudweiser/status/695739543975112705,2016-02-05 22:43:28+00:00,695739543975112705,@Matt_Factory  is ready for the #BudLightParty @budlight #GoJays https://t.co/amzaNoOFQE,1,0,1,OmahaBudweiser,Quality Brands,1174,661,5,2,2016
https://twitter.com/budlight/status/695737792173891584,2016-02-05 22:36:30+00:00,695737792173891584,.@memgrizz The #BudLightParty is always in favor of a great party. Thanks for your support! https://t.co/tnTzT6n4Rg,1,0,10,budlight,Bud Light,265047,254,5,2,2016
https://twitter.com/SpokaneBorracho/status/695736290021609473,2016-02-05 22:30:32+00:00,695736290021609473,Call us now to reserve your #SuperBowl50 table. $10 #budlight pitchers courtesy of @kingbeverage all day Sunday!,1,0,1,SpokaneBorracho,Borracho Spokane,693,598,5,2,2016
https://twitter.com/budlight/status/695705784689098752,2016-02-05 20:29:19+00:00,695705784689098752,@FunkyGhoe Welcome to the #BudLightParty,1,0,1,budlight,Bud Light,265047,254,5,2,2016
https://twitter.com/scubacheeze/status/695705497219915776,2016-02-05 20:28:10+00:00,695705497219915776,Last year @budlight &amp; @MosaicNA sent us on the trip of a lifetime. Watching the big game on TV just wont be the same https://t.co/Co8UukLhJA,1,0,1,scubacheeze,ScubaCheeze⍟⃝,531,1987,5,2,2016
https://twitter.com/budlight/status/695704555829334018,2016-02-05 20:24:26+00:00,695704555829334018,@damn_bmur We agree.  There's nothing better. Cheers!,1,0,3,budlight,Bud Light,265047,254,5,2,2016
https://twitter.com/budlight/status/695704037912477696,2016-02-05 20:22:22+00:00,695704037912477696,@rob_diesel789 Take a sip in support of the #BudLightParty,1,0,0,budlight,Bud Light,265047,254,5,2,2016
https://twitter.com/BlingJohnson/status/695701968417722368,2016-02-05 20:14:09+00:00,695701968417722368,That moment when an autographed @budlight takes flight courtesy of @CameranNelson &amp; @CodyJohnsonBand #TexasCountry https://t.co/kFTJuTJVg3,3,0,5,BlingJohnson,Bling Johnson,999,1034,5,2,2016
https://twitter.com/Countryman_John/status/695699728462295041,2016-02-05 20:05:15+00:00,695699728462295041,@guhlo @GoldenEagleDist @beerguymikeo @budlight @Budweiser strong!,1,0,1,Countryman_John,John Countryman,94,393,5,2,2016
https://twitter.com/budlight/status/695696057838088192,2016-02-05 19:50:40+00:00,695696057838088192,@PghBeerBuzz We are. 🙋#BudLightParty,1,0,1,budlight,Bud Light,265047,254,5,2,2016
https://twitter.com/AngelFireResort/status/695690689405784064,2016-02-05 19:29:20+00:00,695690689405784064,Signup for the World Championship Shovel Races presented by @LowesMarket has begun with new @budlight raffle prizes! https://t.co/dcZiKj9Bqv,3,0,0,AngelFireResort,Angel Fire Resort,6971,962,5,2,2016
https://twitter.com/budlight/status/695689759490863104,2016-02-05 19:25:38+00:00,695689759490863104,"@noopurke The #BudLightParty is bringing America together, one cheers at a time.",1,0,0,budlight,Bud Light,265047,254,5,2,2016
https://twitter.com/budlight/status/695685170318323712,2016-02-05 19:07:24+00:00,695685170318323712,@LindsJacobs Cheers to the perfect trio! Welcome to the #BudLightParty! 🍺,1,1,1,budlight,Bud Light,265047,254,5,2,2016
https://twitter.com/DenverChannel/status/695681427929628672,2016-02-05 18:52:32+00:00,695681427929628672,"At Union Square, @budlight throwing #SuperBowl fan party Friday 5p-Sunday 3p in SF. https://t.co/BzvheeR8BA",1,0,4,DenverChannel,Denver7 News,304031,1129,5,2,2016
https://twitter.com/ThePassoGarage/status/695680788805914624,2016-02-05 18:49:59+00:00,695680788805914624,@DERRICK_DEESE @budlight @Budweiser #Legend thanks for all you gave us Derrick,2,0,3,ThePassoGarage,Anthony,705,314,5,2,2016
https://twitter.com/rajeffreysbeer/status/695676968608669698,2016-02-05 18:34:49+00:00,695676968608669698,"This Sunday, @budlight reminds you to Make the Right Call and Drink Responsibly this #SuperBowl. #MakeTheRightCall",1,0,1,rajeffreysbeer,RA Jeffreys Beer,193,189,5,2,2016
https://twitter.com/FOMOMedia/status/695673009898545153,2016-02-05 18:19:05+00:00,695673009898545153,Heading down to @superbowl50 to rip some @budlight! #BudLightParty,1,0,1,FOMOMedia,FOMO Media,355,218,5,2,2016
https://twitter.com/budlight/status/695668874713260032,2016-02-05 18:02:39+00:00,695668874713260032,@jppaq The perfect setup. Cheers! 🍺🍕,1,0,3,budlight,Bud Light,265047,254,5,2,2016
https://twitter.com/memgrizz/status/695668165678927872,2016-02-05 17:59:50+00:00,695668165678927872,We've been supporting the #BudLightParty all year! Don't miss out on future #Grizzlies Official @budlight Parties! https://t.co/iwcYhZPAqH,2,0,9,memgrizz,Memphis Grizzlies,1433832,17801,5,2,2016
https://twitter.com/PapaCone_/status/695666404016660480,2016-02-05 17:52:50+00:00,695666404016660480,Budlight commercial with Seth Rogen and Amy Schumer https://t.co/hsOrA6leDu https://t.co/R9fVcOp1ht,2,0,3,PapaCone_,Papa Cone,9552,601,5,2,2016
https://twitter.com/TheDrum/status/695664681550286848,2016-02-05 17:45:59+00:00,695664681550286848,Seth Rogen and Amy Schumer suit up for @budlight Super Bowl slot https://t.co/xfuWe4CFhl #SB50 https://t.co/OwnN9MuRWh,1,0,2,TheDrum,The Drum,230975,2844,5,2,2016
https://twitter.com/AliveAfter5/status/695664549031190529,2016-02-05 17:45:27+00:00,695664549031190529,RT @brettsuite: #Panther support will fill the #EpiCentreNC tonight!!! #BudLight… https://t.co/HgsH90uEfC,1,0,0,AliveAfter5,Alive After Five,4731,557,5,2,2016
https://twitter.com/budlight/status/695664508543569920,2016-02-05 17:45:18+00:00,695664508543569920,.@MiriamIsa Your support is right on the button. Welcome to the #BudLightParty https://t.co/H1DqUOlQF3,1,1,7,budlight,Bud Light,265047,254,5,2,2016
https://twitter.com/jppaq/status/695663842383261696,2016-02-05 17:42:39+00:00,695663842383261696,@InkmeOn3 @RondaRousey @budlight @ufc Pizza and beer. https://t.co/hF63AhyhZ0,1,1,2,jppaq,J,766,1074,5,2,2016
https://twitter.com/AspenSnowmass/status/695662091038896128,2016-02-05 17:35:41+00:00,695662091038896128,ANNOUNCING: @nickibluhm &amp; The Gramblers @budlight #hificoncert March 26 @Snowmass FREE! &gt;&gt; https://t.co/ca1IstZPfP https://t.co/nCxwgtT5MZ,3,0,6,AspenSnowmass,Aspen Snowmass,57307,1981,5,2,2016
https://twitter.com/ROCKS_NC/status/695659519276351488,2016-02-05 17:25:28+00:00,695659519276351488,@panthers or @broncos? @rocks_nc #superbowl 5:30pm #sundayfunday @budlight will be raffling prizes 5-6 #Touchdown https://t.co/JtkderFYJx,1,0,1,ROCKS_NC,ROCKS northcenter,1507,1890,5,2,2016
https://twitter.com/POPSUGAR/status/695653902209982464,2016-02-05 17:03:09+00:00,695653902209982464,"In @BudLight's Super Bowl ad, @AmySchumer and @SethRogen form new political party: https://t.co/8iJp7iT53H https://t.co/xeppRxakqW",1,0,2,POPSUGAR,POPSUGAR,235197,2207,5,2,2016
https://twitter.com/robertheron/status/695641911332220928,2016-02-05 16:15:30+00:00,695641911332220928,"OK @budlight, thanks for the cool view of San Francisco https://t.co/vJ1VJ6xpeg  #FridayFun",3,0,6,robertheron,Robert Heron,19289,430,5,2,2016
https://twitter.com/MinibarDelivery/status/695636793123856384,2016-02-05 15:55:10+00:00,695636793123856384,Only a few beer &amp; wings packs left for #SuperBowl delivery. Order now https://t.co/seYd05JsGf @BudLight @DanandJohns https://t.co/D34Wj8pyxy,1,0,2,MinibarDelivery,Minibar Delivery,9286,2427,5,2,2016
https://twitter.com/DanielleCasting/status/695635025769795584,2016-02-05 15:48:09+00:00,695635025769795584,@budlight joining the Bud party . Proud of our commercial we cast for you guys!! 👍👍👍,1,0,1,DanielleCasting,danielle Eskinazi Casting CCDA,66748,357,5,2,2016
https://twitter.com/DetroitPistons/status/695633493846437888,2016-02-05 15:42:03+00:00,695633493846437888,Get all the stats you need from last night's win all in one place. It's our breakdown presented by @budlight. https://t.co/XnXbeyK8jl,13,0,23,DetroitPistons,Detroit Pistons,1065772,11094,5,2,2016
https://twitter.com/budlight/status/695628319736213504,2016-02-05 15:21:30+00:00,695628319736213504,@DanielleCasting It's happy hour again in America.,1,2,3,budlight,Bud Light,265047,254,5,2,2016
https://twitter.com/budlight/status/695628159853600768,2016-02-05 15:20:52+00:00,695628159853600768,"@ChadToerien Make a campaign contribution at your local bar, convenience store, or grocery store.",1,0,0,budlight,Bud Light,265047,254,5,2,2016
https://twitter.com/dolldsm/status/695628130870906880,2016-02-05 15:20:45+00:00,695628130870906880,The best parties begin and end responsibly. @BudLight reminds you to #MakeTheRightCall &amp; plan for a safe ride home after #SuperBowl,1,0,0,dolldsm,Doll Distributing- Des Moines,1426,358,5,2,2016
https://twitter.com/budlight/status/695627786455687172,2016-02-05 15:19:23+00:00,695627786455687172,@jchristinenyc We are the fake political party America needs right now.,1,2,0,budlight,Bud Light,265047,254,5,2,2016
https://twitter.com/JJsPub/status/695598286204506112,2016-02-05 13:22:09+00:00,695598286204506112,"Don't miss @Giants Cooler from @budlight raffled off here on Sun for #SuperBowl w/ free buffet,$2pints &amp; giveaways! https://t.co/al0iqsZjW1",2,0,3,JJsPub,JJ's Pub,240,51,5,2,2016
https://twitter.com/AlainFds/status/695553593601081344,2016-02-05 10:24:34+00:00,695553593601081344,The #BudLightParty American deserves. #Superbowl #Caucus https://t.co/UTW9wkEz8Z #ad @budlight x @WiedenKennedy https://t.co/uuvsBbCf4v,1,0,0,AlainFds,Alain Fernandes,1246,2469,5,2,2016
https://twitter.com/DanielleCasting/status/695523757922742272,2016-02-05 08:26:00+00:00,695523757922742272,I support the #BudLightParty https://t.co/CSmsuODnVU https://t.co/lxbbrEnQE8 our super bowl #budlight spot,1,1,13,DanielleCasting,danielle Eskinazi Casting CCDA,66748,357,5,2,2016
https://twitter.com/spizarro/status/695475265812561921,2016-02-05 05:13:19+00:00,695475265812561921,Mobile @budlight bar at @SantanaRow for Beer Blitz weighs 15K lbs &amp; has 4 TVs. Headed to Bennigan's next for #SB50. https://t.co/6avIBoplaH,2,0,3,spizarro,Sal Pizarro,5051,1229,5,2,2016
https://twitter.com/Christine_Albin/status/695462936412823552,2016-02-05 04:24:19+00:00,695462936412823552,Asked for a budlight this bitch gives me a coors,1,0,1,Christine_Albin,Christine,316,219,5,2,2016
https://twitter.com/hounddog98/status/695459435292962817,2016-02-05 04:10:25+00:00,695459435292962817,TRUE! #volnation #jeeplife #jeep #JeepMafia #topdown #topless #budlight https://t.co/buMNzceEkp,1,0,3,hounddog98,Miles,1202,2019,5,2,2016
https://twitter.com/TheRedShedTtown/status/695443815142969344,2016-02-05 03:08:20+00:00,695443815142969344,#ItsAllAboutThe3 HAS STARTED!! $3 Sweet Water Blue Pints  $3 Budlight Pints  $3 Baby Bombs and Fireball  $3 Domestics  #redshedbar,1,0,0,TheRedShedTtown,The Red Shed,5584,1528,5,2,2016
https://twitter.com/MN_Scouser/status/695435473045422080,2016-02-05 02:35:11+00:00,695435473045422080,@mnwild @budlight awful performance but it's okay because the Xcel sells out every night so you'll do nothing about it....,1,0,3,MN_Scouser,AL,412,158,5,2,2016
https://twitter.com/ScottReports/status/695434881711497217,2016-02-05 02:32:51+00:00,695434881711497217,@mnwild @budlight Soft. Heartless. Gutless. Unprofessional. Another 20-minute effort. #YeoMustGo #AccountabilityNow,2,0,2,ScottReports,Scott Waltman,1462,556,5,2,2016
https://twitter.com/budlight/status/695431299071213568,2016-02-05 02:18:36+00:00,695431299071213568,.@houstonrockets And the #BudLightParty is ready for the @redrowdies! Welcome to the team! https://t.co/b5aHkSW1Gw,2,0,7,budlight,Bud Light,265047,254,5,2,2016
https://twitter.com/spizarro/status/695429095111266304,2016-02-05 02:09:51+00:00,695429095111266304,Pop-up @budlight bar w/ satellite TV at @SantanaRow for Beer Blitz tonight. Lots of Calif. brews being poured. #SB50 https://t.co/RpGY3jUBgV,2,0,1,spizarro,Sal Pizarro,5051,1229,5,2,2016
https://twitter.com/THEjefflevack/status/695416956388651008,2016-02-05 01:21:37+00:00,695416956388651008,Bet with @1045RadioBrady paid off. He found the Raiders #BudLight can #SBLevack https://t.co/IthqZ1FDZE,1,1,4,THEjefflevack,Jeff Levack🛡,2289,1092,5,2,2016
https://twitter.com/budlight/status/695416435242192896,2016-02-05 01:19:33+00:00,695416435242192896,"Shoutout to YOU, Niecy. Thanks for the vote of confidence and welcome to the #BudLightParty https://t.co/1CObdl4EKR",5,2,15,budlight,Bud Light,265047,254,5,2,2016
https://twitter.com/budlight/status/695414646040211457,2016-02-05 01:12:26+00:00,695414646040211457,@jamesblair06 We want you! Welcome to the #BudLightParty,1,1,1,budlight,Bud Light,265047,254,5,2,2016
https://twitter.com/TheRedShedTtown/status/695409206875156481,2016-02-05 00:50:49+00:00,695409206875156481,@hgvines opens at 7PM for happy hour!  We have added a special to #ItsAllAboutThe3 night .. $3 Sweet Water Blue pints $3 Budlight Pints,1,0,0,TheRedShedTtown,The Red Shed,5584,1528,5,2,2016
https://twitter.com/RoundUpDavie/status/695409197723193344,2016-02-05 00:50:47+00:00,695409197723193344,Tonight #LineDance #TwoStep and #BeerPong oh my!  $3 #Bud #BudLight and $5 Premium Drinks.,1,0,0,RoundUpDavie,ROUND UP NIGHT CLUB,1289,305,5,2,2016
https://twitter.com/HelmanAmber/status/695407791830228992,2016-02-05 00:45:12+00:00,695407791830228992,Having a Wild time at Goodfellas in Lakeville cheering on the @mnwild with some @budlight! #gowild https://t.co/RFAafgXJR9,2,0,3,HelmanAmber,Amber Helman,80,205,5,2,2016
https://twitter.com/courierjournal/status/695407779645763584,2016-02-05 00:45:09+00:00,695407779645763584,duPont Manual YPAS grad Ben Mapp to appear in @budlight #SuperBowl ad https://t.co/Ljbg4nwUXs https://t.co/EqP6mVYzVW,4,0,5,courierjournal,Courier Journal,104507,935,5,2,2016
https://twitter.com/DERRICK_DEESE/status/695407469212803072,2016-02-05 00:43:55+00:00,695407469212803072,A Super Bowl win is priceless. #MyTeamCan Thanks again @budlight @Budweiser https://t.co/xeFtBN7ZZ5,3,3,8,DERRICK_DEESE,DERRICK DEESE,1217,343,5,2,2016
https://twitter.com/RiceOwlsVoice/status/695406869087531013,2016-02-05 00:41:32+00:00,695406869087531013,🏀: @Ricebasketball vs Louisiana Tech.  ⏰: @budlight pregame on NOW! 💻: https://t.co/0EIqlgDEiF 📱: @tunein app 👐🏻 #RiceRising,1,0,2,RiceOwlsVoice,J.P. Heath,1127,358,5,2,2016
