url,Datetime,Tweet Id,Text,Retweet Count,Reply Count,Like Count,Username,Display Name,Followers Count,Friends Count,Day,Month,Year
https://twitter.com/BestofVegas/status/696119993772204033,2016-02-06 23:55:14+00:00,696119993772204033,New #LasVegas Arena Now Named the T-Mobile Arena!  Updates: https://t.co/pwYjII6PRJ https://t.co/O2eDdRsRxZ,1,0,3,BestofVegas,Best of Vegas,11899,2447,6,2,2016
https://twitter.com/Anthony_J215/status/696118215282462720,2016-02-06 23:48:10+00:00,696118215282462720,"Gogo in-flight texting: Free in-flight texting, picture messaging, and access to T-Mobile Visual Voicemail. #Un-Carrier",1,0,1,Anthony_J215,Anthony Jackson,2279,3375,6,2,2016
https://twitter.com/ZDNet/status/696117510798753792,2016-02-06 23:45:22+00:00,696117510798753792,T-Mobile BlackBerry Priv: Second look reveals keyboard and Hub are compelling https://t.co/V90LdYbj4w @palmsolo https://t.co/X2cfJce0Q2,13,3,6,ZDNet,ZDNet,467155,205,6,2,2016
https://twitter.com/Digiday/status/696117505799102466,2016-02-06 23:45:21+00:00,696117505799102466,Instagram launches minute-long video ads with T-Mobile’s Drake spot https://t.co/L3nqZ1z8ah,6,1,11,Digiday,Digiday,189907,4327,6,2,2016
https://twitter.com/TMobileHelp/status/696110887602667521,2016-02-06 23:19:03+00:00,696110887602667521,"@willhrubes0517  You are so nice for saying that &lt;3 We will have more during the game Sunday, have a great evening! *DonovanA",1,0,1,TMobileHelp,T-Mobile Help,416623,44093,6,2,2016
https://twitter.com/vishalmisra/status/696109161193594880,2016-02-06 23:12:11+00:00,696109161193594880,From T-Mobile directly. Partners viewership increased by 79% while 33% for others. Market distortion of #ZeroRating  https://t.co/j6OFqVSPPD,3,0,1,vishalmisra,Vishal Misra,4028,474,6,2,2016
https://twitter.com/TMobileHelp/status/696106226522918913,2016-02-06 23:00:32+00:00,696106226522918913,"@KicksAddiction  Hopefully tears of laughter :) Glad you enjoyed it! We will have more on Sunday during the big game, stay tuned!  *DonovanA",1,0,1,TMobileHelp,T-Mobile Help,416623,44093,6,2,2016
https://twitter.com/TMobileHelp/status/696104021841600512,2016-02-06 22:51:46+00:00,696104021841600512,@HerusAlex ...weekend and let us know if we can be of help in the future.  *DonovanA 2/2,1,0,1,TMobileHelp,T-Mobile Help,416623,44093,6,2,2016
https://twitter.com/TMobileHelp/status/696104018880413696,2016-02-06 22:51:45+00:00,696104018880413696,@HerusAlex  Couldn't have said it better myself :) Thank you for your support and thank you for posting about it :) Have a great... 1/2,1,0,1,TMobileHelp,T-Mobile Help,416623,44093,6,2,2016
https://twitter.com/dabaz1019/status/696103699551281153,2016-02-06 22:50:29+00:00,696103699551281153,Welcome to the T-Mobile @work family!!!! @Kenyadunn12 @m_wan4life @markharr13 @ahmetibrahim11 https://t.co/SPB8A1oxnX,1,0,4,dabaz1019,Shabaz G,155,254,6,2,2016
https://twitter.com/PCMag/status/696098550518718465,2016-02-06 22:30:01+00:00,696098550518718465,New OpenSignal Report Is Really Good News for T-Mobile: https://t.co/JFggYybok6 https://t.co/vUkXxCwCsM,6,0,3,PCMag,PCMag,396312,1525,6,2,2016
https://twitter.com/mrjeremylcoope1/status/696092181740851200,2016-02-06 22:04:43+00:00,696092181740851200,RT @GospelCrib: T-Mobile's LG G4 Receives Android M 6.0 Marshmallow Update: How to Download - https://t.co/6e8AGxp06y,1,0,0,mrjeremylcoope1,Jeremy Cooper,1316,90,6,2,2016
https://twitter.com/TheBitcoinNews/status/696084540423606272,2016-02-06 21:34:21+00:00,696084540423606272,"Hacked T-Mobile Records For Sale For $1 Apiece On Dark Net, Payable In Bitcoin - https://t.co/HRdpqxRqgM #darknetpages",1,0,0,TheBitcoinNews,The Bitcoin News 🚀₿,66620,20359,6,2,2016
https://twitter.com/tglover187/status/696077815201009664,2016-02-06 21:07:38+00:00,696077815201009664,It's jam packed at the national harbor T-Mobile!  Come check them out today! #MakingItHappen https://t.co/m08pWkyw31,1,0,5,tglover187,Terrance Glover,4790,404,6,2,2016
https://twitter.com/TMobileHelp/status/696063347725332485,2016-02-06 20:10:08+00:00,696063347725332485,"@tewturntjay Yikes, that doesn't sound like us! Please send us a DM so we can assist! *MattL",1,1,1,TMobileHelp,T-Mobile Help,416623,44093,6,2,2016
https://twitter.com/BuddeGail/status/696059613804949505,2016-02-06 19:55:18+00:00,696059613804949505,Looking for something to do today? Steve and the T-Mobile team at the St. Paul Winter Carnival! @Wintertab @TruMAK https://t.co/0rEceacHR1,2,0,6,BuddeGail,Gail Budde,1129,188,6,2,2016
https://twitter.com/BeGreatArend/status/696058572275216385,2016-02-06 19:51:10+00:00,696058572275216385,T-Mobile Time at Space Needle in Seattle #WeWontStop #BingeOn #BOGO #4thLineFree #PixiOnUs #BetterThanThem https://t.co/VUBssPkxTI,2,0,4,BeGreatArend,Arend Macapagal,884,558,6,2,2016
https://twitter.com/MikeBelcher4/status/696056106620026880,2016-02-06 19:41:22+00:00,696056106620026880,LIVE on #Periscope: T-Mobile Arena https://t.co/TpNnuNHtVc,1,0,3,MikeBelcher4,Mike Belcher,1704,245,6,2,2016
https://twitter.com/JustChineduIt/status/696053175166500864,2016-02-06 19:29:43+00:00,696053175166500864,T-mobile hit that commercial I just retweteeted lol.,1,0,0,JustChineduIt,fela cutie.,1608,1290,6,2,2016
https://twitter.com/sprintjcity/status/696052453200953344,2016-02-06 19:26:51+00:00,696052453200953344,Alex said bye bye to T-Mobile and saved 50% on his bill! .. Welcome to the winning team Alex #SuperBold50 https://t.co/TZAavdd65o,1,0,2,sprintjcity,Sprint-Jersey City,93,70,6,2,2016
https://twitter.com/BuddeGail/status/696052068730146816,2016-02-06 19:25:19+00:00,696052068730146816,Stop by the St.Paul Winter Carnival and see Steve and the T-Mobile team. These lovely ladies did! @Wintertab https://t.co/3rMk59mPtV,4,0,11,BuddeGail,Gail Budde,1129,188,6,2,2016
https://twitter.com/WordOnRd/status/696050278630453248,2016-02-06 19:18:13+00:00,696050278630453248,Extended version of @Drake's T-mobile Super Bowl ad. (Part 1) https://t.co/dlKlbqsZoK,137,0,190,WordOnRd,Word On Road,145414,76,6,2,2016
https://twitter.com/king0fcontent/status/696049842846457856,2016-02-06 19:16:29+00:00,696049842846457856,The Drake &amp; T-Mobile commercial has got to be one of the funniest commercials in a long time,1,0,2,king0fcontent,Brian,942,263,6,2,2016
https://twitter.com/TalkAndroid/status/696040751671607296,2016-02-06 18:40:21+00:00,696040751671607296,[Deal] T-Mobile offers customers an Alcatel OneTouch Pixi 7 basically for free https://t.co/3yBkjGrFsj https://t.co/7iNYbzw9jd,3,0,1,TalkAndroid,Talk Android,249018,142,6,2,2016
https://twitter.com/TMobileHelp/status/696020557222047744,2016-02-06 17:20:06+00:00,696020557222047744,"@_arzateperez Hi there! TForce would be glad to take a peek at what's causing it to be more than you expected, please DM us.  *LeahM",1,0,1,TMobileHelp,T-Mobile Help,416623,44093,6,2,2016
https://twitter.com/pranesh/status/696018592416923648,2016-02-06 17:12:18+00:00,696018592416923648,The main question in my mind is whether Binge On should be designed to be opt-in or opt-out for T-Mobile users and CPs.,1,0,0,pranesh,Pranesh Prakash,15658,253,6,2,2016
https://twitter.com/adage/status/696017707322511360,2016-02-06 17:08:47+00:00,696017707322511360,You used to call me on my... See Drake in one of T-Mobile's Super Bowl ads https://t.co/fhM5vSkksv https://t.co/eHEt7w4nDa,15,0,25,adage,Ad Age,1001875,73145,6,2,2016
https://twitter.com/pranesh/status/696013561257000962,2016-02-06 16:52:18+00:00,696013561257000962,"T-Mobile's Binge On's video speed throttling leads to people opening Netflix slightly less, but watching  it longer. https://t.co/2WpqYyXMZm",2,1,1,pranesh,Pranesh Prakash,15658,253,6,2,2016
https://twitter.com/TmoNews/status/696012617588932608,2016-02-06 16:48:33+00:00,696012617588932608,"T-Mobile revives ‘Get a Tablet on Us’ promo, offers discounts on other devices as well https://t.co/rTQ0QNjHzB",6,0,11,TmoNews,TmoNews,33556,187,6,2,2016
https://twitter.com/_chocolatebarr/status/696007155531575296,2016-02-06 16:26:51+00:00,696007155531575296,T-mobile has the worst service☹️,1,0,1,_chocolatebarr,JUST JIMIE⭐️,556,550,6,2,2016
https://twitter.com/TMobileHelp/status/696006979421134850,2016-02-06 16:26:09+00:00,696006979421134850,@addictedToBliss That's definitely not related to your bill at all! Let's take a look and figure this out - please send us a DM! *MattL,1,0,0,TMobileHelp,T-Mobile Help,416623,44093,6,2,2016
https://twitter.com/bbkaayy_/status/696006805881630720,2016-02-06 16:25:28+00:00,696006805881630720,Who Selling A iPhone 6 With T-Mobile?  Hit My Dms.,1,3,1,bbkaayy_,kaay 🐝,1535,907,6,2,2016
https://twitter.com/chrisgiurleo/status/695999234244526080,2016-02-06 15:55:23+00:00,695999234244526080,Free roses today with new service! Stop by  T-Mobile Orange to pick up your free tablet! #NErules @TMobileAtWork https://t.co/CufWNd8LVh,1,0,4,chrisgiurleo,Chris Giurleo,136,271,6,2,2016
https://twitter.com/CNET/status/695995380455055361,2016-02-06 15:40:04+00:00,695995380455055361,Got a family full of heavy data users? T-Mobile's discounted unlimited plan is for you https://t.co/rV1zMK2lhV https://t.co/vE4ENwcNCq,25,1,20,CNET,CNET,1757515,444,6,2,2016
https://twitter.com/thenextweb/status/695987129457995777,2016-02-06 15:07:17+00:00,695987129457995777,Verizon follows T-Mobile's lead and makes its go90 video app free to stream https://t.co/bdSuUjBHkH https://t.co/IzSS0woKJQ,13,0,4,thenextweb,TNW,1667436,328,6,2,2016
https://twitter.com/TMobileHelp/status/695968531008110592,2016-02-06 13:53:22+00:00,695968531008110592,@anniecake_ We're here for you! Let us know what you're looking for and we're happy to provide you w/info. :)  *LeahM,1,0,1,TMobileHelp,T-Mobile Help,416623,44093,6,2,2016
https://twitter.com/SoBeLIVE/status/695960695142219776,2016-02-06 13:22:14+00:00,695960695142219776,"I'm at T-Mobile Pembroke Pines in Pembroke Pines, FL https://t.co/RfU7i8fPJa",1,0,0,SoBeLIVE,South Beach Miami,12353,11916,6,2,2016
https://twitter.com/androidcentral/status/695960145638125568,2016-02-06 13:20:03+00:00,695960145638125568,T-Mobile deal offers up free tablet with qualifying data plans https://t.co/oSQmPNA9K6 https://t.co/rhKyZzpM25,14,0,20,androidcentral,Android Central,1160314,568,6,2,2016
https://twitter.com/TMobileHelp/status/695896349162737664,2016-02-06 09:06:33+00:00,695896349162737664,@obsolote Yay! We &lt;3 you too!! :D #uncarrier *CassyF,1,0,1,TMobileHelp,T-Mobile Help,416623,44093,6,2,2016
https://twitter.com/FierceWireless/status/695887699777970176,2016-02-06 08:32:11+00:00,695887699777970176,Verizon follows T-Mobile's Binge On with zero-rated streaming video through Go90 https://t.co/caJxnxKEb1,4,0,2,FierceWireless,FierceWireless,41728,1494,6,2,2016
https://twitter.com/imsoproblematic/status/695881101336776704,2016-02-06 08:05:58+00:00,695881101336776704,T-Mobile made drake say the dumbest shit in that ad 😂😂,1,0,1,imsoproblematic,Watergoat600,552,34,6,2,2016
https://twitter.com/kennybroow/status/695876799276961793,2016-02-06 07:48:52+00:00,695876799276961793,@messsicanK on god I did to. T-Mobile hooked a nigha up 💯 can't fucc with Verizon they out kmfao,1,1,0,kennybroow,LiTTLEMEXiCOK,252,154,6,2,2016
https://twitter.com/FierceWireless/status/695870519321595904,2016-02-06 07:23:55+00:00,695870519321595904,Verizon follows T-Mobile's Binge On with zero-rated streaming video through Go90 https://t.co/3OogvYrExV,4,0,1,FierceWireless,FierceWireless,41728,1494,6,2,2016
https://twitter.com/thenextweb/status/695870047705833472,2016-02-06 07:22:02+00:00,695870047705833472,Verizon follows T-Mobile's lead and makes its go90 video app free to stream https://t.co/OU1mN1p9fA https://t.co/t28eeOxFl2,16,0,10,thenextweb,TNW,1667436,328,6,2,2016
https://twitter.com/TMobileHelp/status/695868085845229568,2016-02-06 07:14:14+00:00,695868085845229568,@JazzShoots ...#MusicFreedom and #BingeOn benefits. :) *DarrylM 2/2,1,0,1,TMobileHelp,T-Mobile Help,416623,44093,6,2,2016
https://twitter.com/AndroidGuys/status/695867786506211328,2016-02-06 07:13:03+00:00,695867786506211328,T-Mobile is offering four lines of unlimited data for $150 a month https://t.co/4Wn7rYSz9M https://t.co/LwWIaPuQxb,1,0,2,AndroidGuys,AndroidGuys.com,134620,680,6,2,2016
https://twitter.com/webdesignledger/status/695864683111305216,2016-02-06 07:00:43+00:00,695864683111305216,T-Mobile's Fierce #Color Ownership  https://t.co/Tdtkp5eYyg https://t.co/BQqGXCX0sm,1,0,0,webdesignledger,Web Design Ledger,174501,30388,6,2,2016
https://twitter.com/usweekly/status/695856980817289216,2016-02-06 06:30:07+00:00,695856980817289216,"Drake spoofs his own ""Hotline Bling"" video for T-Mobile's #SB50 spot: https://t.co/k9DUI5sVVP https://t.co/9w6sXZDuem",26,0,48,usweekly,Us Weekly,2146418,1157,6,2,2016
https://twitter.com/Appy_Geek/status/695856593389236224,2016-02-06 06:28:34+00:00,695856593389236224,#Trending T-Mobile Discontinuing SCORE! After One Year https://t.co/pv8TiQWDUt https://t.co/wSQBRas89B,1,0,1,Appy_Geek,Appy Geek,27996,208,6,2,2016
https://twitter.com/breaking_news88/status/695853861265870848,2016-02-06 06:17:43+00:00,695853861265870848,Apple iPhone 5 16GB (Black) - T-Mobile...$649.00 – $649.00 - #Cell_Phones - https://t.co/OctiG8ta6o https://t.co/Kl3ryIALOi,1,0,0,breaking_news88,Press Today,6042,173,6,2,2016
https://twitter.com/TMobileHelp/status/695844892229169152,2016-02-06 05:42:05+00:00,695844892229169152,@SirCMcFly That's how we roll in the #magenta nation :). Glad you liked it! *DarrylM,1,0,1,TMobileHelp,T-Mobile Help,416623,44093,6,2,2016
https://twitter.com/vegasnewsnow/status/695823768938090496,2016-02-06 04:18:08+00:00,695823768938090496,Vegas’ skyline welcomes new T-Mobile Arena https://t.co/myTafzj8pI #vegas https://t.co/Mxql2honxG,3,0,0,vegasnewsnow,Las Vegas News Now,32373,501,6,2,2016
https://twitter.com/angelmarie_02/status/695818767125733377,2016-02-06 03:58:16+00:00,695818767125733377,"T-Mobile | ""Restricted Bling"" Super Bowl Ad – Extended Version | :60s TV... https://t.co/rYdIkFbBEB via YouTube must watch fr 😭 @Drake",1,1,0,angelmarie_02,𝖆𝖓𝖌𝖊𝖑𝖎𝖈𝖆 🕷,531,313,6,2,2016
https://twitter.com/HerodenMark/status/695818757080489984,2016-02-06 03:58:14+00:00,695818757080489984,3 Things All Tech Companies Can Learn from T-Mobile’s ‘Binge On’ https://t.co/ZMnQ0CCOJX #news #tech #phone #me,1,0,0,HerodenMark,Mark Heroden,133,8,6,2,2016
https://twitter.com/TimRettner/status/695816080498016257,2016-02-06 03:47:35+00:00,695816080498016257,3 Things All Tech Companies Can Learn from T-Mobile’s ‘Binge On’ https://t.co/IzqncladEH #tech #news #technology #lol #funny #fun #wtf,1,0,1,TimRettner,Tim Rettner,73,40,6,2,2016
https://twitter.com/SprintWestview/status/695814150669279232,2016-02-06 03:39:55+00:00,695814150669279232,"Sprint’s LTE Plus Delivers Faster Download Speeds than Verizon, AT&amp;T, &amp; T-Mobile, and Costs 50% Less. The choice is undeniable! @tccaldas",1,0,1,SprintWestview,Sprint Frederick Westview,330,228,6,2,2016
https://twitter.com/kennybroow/status/695805728276123648,2016-02-06 03:06:27+00:00,695805728276123648,Nighas ain't on Verizon no more 👏🏽 got that young T-Mobile unlimited now.,3,0,0,kennybroow,LiTTLEMEXiCOK,252,154,6,2,2016
https://twitter.com/NealSchaffer/status/695802671836454912,2016-02-06 02:54:19+00:00,695802671836454912,T-Mobile Stretches Its Twitter Muscles https://t.co/ddMX6od6rz,4,0,1,NealSchaffer,🇺🇦 Neal Schaffer | ニール・シェーファー｜#StandWithUkraine,224905,70923,6,2,2016
https://twitter.com/yummyleika/status/695799356427997188,2016-02-06 02:41:08+00:00,695799356427997188,Is it my phone or has T-Mobile been slow as fuck today,2,0,1,yummyleika,𝓨𝓛𝓢 🌻,1899,1259,6,2,2016
https://twitter.com/__TMackk/status/695799019575103488,2016-02-06 02:39:48+00:00,695799019575103488,My T-Mobile Phone Bill Bout A Buck 50 https://t.co/c4rCgNejlU,1,0,1,__TMackk,Tee 👑✨,1084,724,6,2,2016
https://twitter.com/ash_cox12/status/695798611657887744,2016-02-06 02:38:10+00:00,695798611657887744,"""Do you talk about anything other than Ryan?"" ....uh... T-Mobile. Your answer is T-Mobile. 😂😂😂",1,0,1,ash_cox12,Ashley Cox,309,228,6,2,2016
https://twitter.com/TMobileHelp/status/695795698588057600,2016-02-06 02:26:36+00:00,695795698588057600,@Foreignbrat ...completed it. https://t.co/U8Kx3Hlixm *SarahS 2/2,1,4,0,TMobileHelp,T-Mobile Help,416623,44093,6,2,2016
https://twitter.com/TMobileHelp/status/695795694863577088,2016-02-06 02:26:35+00:00,695795694863577088,"@Foreignbrat Oh no! We don't want to see you go, but, if you do want your account number, Please complete this and DM us when you've... 1/2",1,1,0,TMobileHelp,T-Mobile Help,416623,44093,6,2,2016
https://twitter.com/PhoneArena/status/695794048494280708,2016-02-06 02:20:03+00:00,695794048494280708,Get your Valentine a free Alcatel OneTouch Pixi 7 tablet from T-Mobile; here's how! - https://t.co/VopGmJAgjA,2,0,2,PhoneArena,PhoneArena,76783,85,6,2,2016
https://twitter.com/JonFreier/status/695792224525651968,2016-02-06 02:12:48+00:00,695792224525651968,T-Mobile was crowned best in customer satisfaction — see where your carrier ranked https://t.co/br01FhopQb,45,3,79,JonFreier,Jon Freier,74014,189,6,2,2016
https://twitter.com/AlvarezNaiih/status/695791566347227136,2016-02-06 02:10:11+00:00,695791566347227136,••• T-Mobile 4G 10:09 PM 3% https://t.co/2DiIUHSUmi,1,0,1,AlvarezNaiih,naih,968,392,6,2,2016
https://twitter.com/Foreignbrat/status/695789671595405313,2016-02-06 02:02:39+00:00,695789671595405313,"@__Rhondaa AT&amp;T about 90, T-Mobile 102 for nothing it's absolutely garbage  🙄@TMobile",1,0,1,Foreignbrat,Kaci🇯🇲,7310,5132,6,2,2016
https://twitter.com/Foreignbrat/status/695789336160129024,2016-02-06 02:01:19+00:00,695789336160129024,@__Rhondaa T-Mobile or AT&amp;T ?,1,1,1,Foreignbrat,Kaci🇯🇲,7310,5132,6,2,2016
https://twitter.com/AndroidGuys/status/695788787985727488,2016-02-06 01:59:08+00:00,695788787985727488,T-Mobile is offering a free tablet and a bunch of deals for Valentines day https://t.co/SEGtx0AK30,3,0,1,AndroidGuys,AndroidGuys.com,134620,680,6,2,2016
https://twitter.com/Foreignbrat/status/695788129366712320,2016-02-06 01:56:31+00:00,695788129366712320,I really really hate T-Mobile they have got to be the worst phone company ever 😒😒  @TMobile,6,0,1,Foreignbrat,Kaci🇯🇲,7310,5132,6,2,2016
https://twitter.com/mendosha__/status/695787292334518272,2016-02-06 01:53:12+00:00,695787292334518272,Man T-Mobile is trash,4,0,0,mendosha__,mariano plz,300,222,6,2,2016
https://twitter.com/auren/status/695786710509219841,2016-02-06 01:50:53+00:00,695786710509219841,CEO of T-Mobile tweets about https://t.co/tmUdFg9vkV -- worth checking out cc: @dayo  https://t.co/km1sKq1iQS,1,0,4,auren,Auren 𝐇𝐨𝐟𝐟𝐦𝐚𝐧,58362,636,6,2,2016
https://twitter.com/dancaas/status/695783193685786624,2016-02-06 01:36:55+00:00,695783193685786624,T-Mobile can suck my ass,1,0,4,dancaas,the empress formerly known as babyghost,659,302,6,2,2016
https://twitter.com/aquariusduh/status/695781748328759296,2016-02-06 01:31:10+00:00,695781748328759296,😩😍 I'm switching to t-mobile https://t.co/27nkn1aHW3,1,0,0,aquariusduh,☄️,797,88,6,2,2016
https://twitter.com/FierceWireless/status/695779973815074816,2016-02-06 01:24:07+00:00,695779973815074816,Verizon follows T-Mobile's Binge On with zero-rated streaming video through Go90 https://t.co/ROqHPNuiMz,3,0,2,FierceWireless,FierceWireless,41728,1494,6,2,2016
https://twitter.com/marshawright/status/695776203395850240,2016-02-06 01:09:08+00:00,695776203395850240,Verizon follows T-Mobile’s lead and makes its go90 vide... https://t.co/kiA5illt0D #business #entrepreneur #tech https://t.co/kkofc7QDDR,1,0,2,marshawright,Real Marsha Wright®,527400,394144,6,2,2016
https://twitter.com/TheMediaGawd/status/695775103204900864,2016-02-06 01:04:46+00:00,695775103204900864,This T-Mobile commercial funny 🙄,1,0,2,TheMediaGawd,Marty 🧡,1751,979,6,2,2016
https://twitter.com/JaycelizOyola/status/695768343626825728,2016-02-06 00:37:54+00:00,695768343626825728,••• T-Mobile 4G  8:34 PM   38% ⚡️ https://t.co/KLZjzzIIRQ,1,0,0,JaycelizOyola,Celiz ✨,622,546,6,2,2016
https://twitter.com/Whyyouhoeing/status/695761325796904960,2016-02-06 00:10:01+00:00,695761325796904960,Bruh t-mobile sucks ass,3,0,1,Whyyouhoeing,Miranda Perez 🦋,1319,802,6,2,2016
https://twitter.com/TmoNews/status/695760334129225728,2016-02-06 00:06:04+00:00,695760334129225728,T-Mobile’s SCORE! program is being discontinued https://t.co/glNO5aqaA6,3,0,7,TmoNews,TmoNews,33556,187,6,2,2016
https://twitter.com/HashtagEww/status/695759289080614913,2016-02-06 00:01:55+00:00,695759289080614913,I had a little fun at the T-Mobile store. @LinusTech @ lord gaben https://t.co/Yxqod773d4,1,0,2,HashtagEww,Sobo,285,397,6,2,2016
https://twitter.com/TheCMOclub/status/695751517559746562,2016-02-05 23:31:02+00:00,695751517559746562,Instagram Unveils 60-Second Ads With T-Mobile and Warner Bros. https://t.co/diUdq1lyWV #CMO #Marketing,1,0,1,TheCMOclub,The CMO Club,31536,12722,5,2,2016
https://twitter.com/adsoftheworld/status/695749562196168704,2016-02-05 23:23:16+00:00,695749562196168704,Ad went viral: T-Mobile: Restricted Bling https://t.co/Imvid4kTQw https://t.co/zakbLQXj7t,2,0,1,adsoftheworld,Ads of the World™,205648,62827,5,2,2016
https://twitter.com/TMobileHelp/status/695745302654029824,2016-02-05 23:06:21+00:00,695745302654029824,"@iamgeo23 ...currently there is no expiration date on the promo, but I think you'll be good. Looking forward to seeing you apart... 2/3",1,0,1,TMobileHelp,T-Mobile Help,416623,44093,5,2,2016
https://twitter.com/AndroidBeat/status/695745030179323904,2016-02-05 23:05:16+00:00,695745030179323904,T-Mobile deal offers up free tablet with qualifying data plans https://t.co/f9FAY5lzqN https://t.co/GbnV0p7RYp,1,0,1,AndroidBeat,android beat,17697,17086,5,2,2016
https://twitter.com/Androidheadline/status/695739925006786561,2016-02-05 22:44:59+00:00,695739925006786561,T-Mobile Launch ‘Tablet On Us’ Promotion For Valentine’s Day https://t.co/arbdglHlkX #Android #Google https://t.co/UYCJAKcyAZ,2,0,1,Androidheadline,Android Headlines,480323,581,5,2,2016
https://twitter.com/FierceWireless/status/695737267051048964,2016-02-05 22:34:25+00:00,695737267051048964,Verizon follows T-Mobile's Binge On with zero-rated streaming video through Go90 https://t.co/a7fhLnh6Sj,3,0,1,FierceWireless,FierceWireless,41728,1494,5,2,2016
https://twitter.com/TMobileHelp/status/695737007721607168,2016-02-05 22:33:23+00:00,695737007721607168,@Thadudej_ ...through the blocks that may be in place. *TripR 2/2,2,1,2,TMobileHelp,T-Mobile Help,416623,44093,5,2,2016
https://twitter.com/TMobileHelp/status/695737003950866432,2016-02-05 22:33:22+00:00,695737003950866432,"@Thadudej_ That is a great question! Standard Caller ID can be blocked, However, we do have a feature called NAME ID that sees... 1/2",1,0,1,TMobileHelp,T-Mobile Help,416623,44093,5,2,2016
https://twitter.com/mikeddano/status/695736921910153216,2016-02-05 22:33:03+00:00,695736921910153216,Verizon follows T-Mobile's Binge On with zero-rated streaming video through Go90 - FierceWireless - https://t.co/Ccu5QJKEhg,1,0,0,mikeddano,Mike Dano,8000,927,5,2,2016
https://twitter.com/Technology_GD/status/695730378514956289,2016-02-05 22:07:02+00:00,695730378514956289,T-Mobile Offers Best-Ever Pricing for Unlimited Family Match Plan; Unlimited Plans are Making a Big Comeback: ... https://t.co/6fMq6EN4I8,1,0,2,Technology_GD,GlobalData Technology,10066,5551,5,2,2016
https://twitter.com/RestUpDonny/status/695724999466950657,2016-02-05 21:45:40+00:00,695724999466950657,Anybody selling a T-Mobile iPhone 6 or 6s?,1,2,0,RestUpDonny,OCT 19 🗯,2475,1668,5,2,2016
https://twitter.com/Vegascom/status/695721876576980992,2016-02-05 21:33:15+00:00,695721876576980992,Vegas’ skyline expands with the world-class T-Mobile Arena https://t.co/a2QyXBO1Yf #Vegas https://t.co/Pj7O2GV8OX,18,1,22,Vegascom,Vegas.com,258129,26637,5,2,2016
https://twitter.com/TNWinsider/status/695719096042725376,2016-02-05 21:22:12+00:00,695719096042725376,Verizon follows T-Mobile’s lead and makes its go90 video app free to stream https://t.co/jFg9v8utAU,1,0,3,TNWinsider,TNW Insider,7208,119,5,2,2016
https://twitter.com/thenextweb/status/695719085016018944,2016-02-05 21:22:10+00:00,695719085016018944,Verizon follows T-Mobile's lead and makes its go90 video app free to stream https://t.co/gSEh5gATSL https://t.co/vP7xvfcJbR,14,0,7,thenextweb,TNW,1667436,328,5,2,2016
https://twitter.com/ktjrichards/status/695715551461707776,2016-02-05 21:08:07+00:00,695715551461707776,"The extended version of T-Mobile's ""Restricted Bling"" Super Bowl ad with Drake is EVERYTHING.  https://t.co/lBt58dnJuh",2,0,1,ktjrichards,Katie Richards,4455,1109,5,2,2016
https://twitter.com/Afroza_Khan/status/695713255109558273,2016-02-05 20:59:00+00:00,695713255109558273,Which is best - AT&amp;T or T-Mobile? Help!,1,4,5,Afroza_Khan,ChicStylista,11795,8641,5,2,2016
https://twitter.com/androidcentral/status/695713246175690755,2016-02-05 20:58:58+00:00,695713246175690755,T-Mobile deal offers up free tablet with qualifying data plans https://t.co/QC3skplijV https://t.co/n8mUAGIdes,4,1,10,androidcentral,Android Central,1160314,568,5,2,2016
https://twitter.com/nehmeh_91/status/695713081113112577,2016-02-05 20:58:18+00:00,695713081113112577,"T-Mobile Allen Park, MI supports Flint 👍 #FlintWaterCrisis #tmobile Accepting donations through Sunday 😊 https://t.co/bqie1arEDt",1,0,1,nehmeh_91,Moe Nehmeh,104,130,5,2,2016
https://twitter.com/gymsterla/status/695712951857078272,2016-02-05 20:57:48+00:00,695712951857078272,Hey @T-Mobile @TMobileHelp the service is bad in zip code 91367 near Oxnard and De Soto. Nothing loads and restarted my phone 3 times.,1,3,0,gymsterla,Trump for Prison 2024,455,610,5,2,2016
https://twitter.com/QuincyScott_/status/695712348670013440,2016-02-05 20:55:24+00:00,695712348670013440,"T-Mobile | ""Restricted Bling"" Super Bowl Ad – Extended Version | :60s TV... https://t.co/9LihY9So20 via YouTube - shit hilarious! 😂",1,0,0,QuincyScott_,Quincy Scott,1175,1020,5,2,2016
https://twitter.com/askdes/status/695710395311349760,2016-02-05 20:47:38+00:00,695710395311349760,I hear the T-Mobile ones steal the show!!! https://t.co/sVeab0igrF,1,1,6,askdes,🅳🅴🆂,19613,2686,5,2,2016
https://twitter.com/zpower/status/695707917694201856,2016-02-05 20:37:47+00:00,695707917694201856,so it begins! we have t-mobile to thank for this snowball effect https://t.co/ZjltXfzM75,5,5,7,zpower,Chris Ziegler,33856,668,5,2,2016
https://twitter.com/elterevanspg/status/695694626921926656,2016-02-05 19:44:59+00:00,695694626921926656,Mrs. Lorenza just switched to Boost from T-Mobile!!! Welcome to the Family!!! @SprintCentralTX #CentralTXProudFriday https://t.co/vFV37d39Y0,1,0,8,elterevanspg,Elter Evans,203,287,5,2,2016
https://twitter.com/rgruia/status/695691603017666560,2016-02-05 19:32:58+00:00,695691603017666560,T-Mobile urges FCC to “tread lightly” on video throttling and zero-rating https://t.co/TolE9tFrvI https://t.co/FggohDvUEF,1,0,0,rgruia,Ronald Gruia,12183,9579,5,2,2016
https://twitter.com/cherlynnAlexa/status/695691586953293825,2016-02-05 19:32:54+00:00,695691586953293825,Making customers smile @ T-mobile 6800 Dixie HWY with free tablets!!!  Come and get yours while they last!! https://t.co/OHdNwJljao,1,0,2,cherlynnAlexa,cheryl alexander,91,98,5,2,2016
https://twitter.com/arstechnica/status/695685078354153472,2016-02-05 19:07:02+00:00,695685078354153472,T-Mobile urges FCC to “tread lightly” on video throttling and zero-rating https://t.co/qMAPAq2KIg by @JBrodkin,12,1,4,arstechnica,Ars Technica,1157139,1341,5,2,2016
https://twitter.com/Realalanayala/status/695684124556677121,2016-02-05 19:03:15+00:00,695684124556677121,I really wish T-Mobile had places to sit 🙃,1,0,4,Realalanayala,Alan Ayala,4335,1346,5,2,2016
https://twitter.com/Chef_Tune/status/695683757156626432,2016-02-05 19:01:47+00:00,695683757156626432,Come grab some gourmet burgers tomorrow. We will be at T-Mobile on Grand parkway and I10 from 11am till 6pm. https://t.co/bI3tBuDNDt,3,0,4,Chef_Tune,Shannen Tune,607,1279,5,2,2016
https://twitter.com/Androidheadline/status/695683328884793344,2016-02-05 19:00:05+00:00,695683328884793344,Android 6.0 Marshmallow OTA Hitting the T-Mobile LG G4 https://t.co/wZHYusRA2u #Android #Google https://t.co/d7lsi8EYdD,1,1,2,Androidheadline,Android Headlines,480323,581,5,2,2016
https://twitter.com/NATEsafety/status/695682978018623493,2016-02-05 18:58:41+00:00,695682978018623493,T-Mobile urges FCC to 'tread lightly' regarding net neutrality https://t.co/PLeDvDAxUz,1,0,0,NATEsafety,NATE,5544,6062,5,2,2016
https://twitter.com/nutsackfoods/status/695682427021164544,2016-02-05 18:56:30+00:00,695682427021164544,"Grabbing a Red Wonder for lunch, because... duh,  it's @waffluvaz @ T-Mobile https://t.co/IZe28FvioO",1,0,1,nutsackfoods,Nutsack Foods,313,680,5,2,2016
https://twitter.com/TMobileHelp/status/695681099255672832,2016-02-05 18:51:13+00:00,695681099255672832,@TGP_SG T-Force to the rescue! *cue superhero theme music* What's going on? Talk to us! *NikosP,2,0,1,TMobileHelp,T-Mobile Help,416623,44093,5,2,2016
https://twitter.com/adsoftheworld/status/695677357198286848,2016-02-05 18:36:21+00:00,695677357198286848,Ad went viral: T-Mobile: Restricted Bling https://t.co/Imvid4kTQw https://t.co/jDx4BrPv9d,1,0,1,adsoftheworld,Ads of the World™,205648,62827,5,2,2016
https://twitter.com/TMobileHelp/status/695676966960238592,2016-02-05 18:34:48+00:00,695676966960238592,@JohnnyRingtone Awesome cool beans! Keep rockin' with #TeamMagenta! *PamelaD,1,0,1,TMobileHelp,T-Mobile Help,416623,44093,5,2,2016
https://twitter.com/TMobileHelp/status/695676326955638784,2016-02-05 18:32:16+00:00,695676326955638784,@brittaneebrooke Anytime Britt! We hope you have a wonderful weekend! :D &lt;3 *AbigailR,1,1,0,TMobileHelp,T-Mobile Help,416623,44093,5,2,2016
https://twitter.com/TalkAndroid/status/695674927035191296,2016-02-05 18:26:42+00:00,695674927035191296,LG G4 units on T-Mobile begin receiving Marshmallow over-the-air https://t.co/foBdYn4OLp https://t.co/wNjYghpkW1,4,0,5,TalkAndroid,Talk Android,249018,142,5,2,2016
https://twitter.com/TMobileHelp/status/695674891786391552,2016-02-05 18:26:33+00:00,695674891786391552,@brittaneebrooke :( Please don't hesitate to reach out to us should you ever need any assistance. We are always here for you.  *ChrisL,1,1,1,TMobileHelp,T-Mobile Help,416623,44093,5,2,2016
https://twitter.com/FierceWireless/status/695673383359414272,2016-02-05 18:20:34+00:00,695673383359414272,T-Mobile urges FCC to 'tread lightly' regarding net neutrality https://t.co/nqijNk3Myq,2,1,1,FierceWireless,FierceWireless,41728,1494,5,2,2016
https://twitter.com/PhoneArena/status/695666962542637056,2016-02-05 17:55:03+00:00,695666962542637056,LG G4 receives Android 6.0 update over-the-air on T-Mobile - https://t.co/OacfoqHGuJ,3,1,4,PhoneArena,PhoneArena,76783,85,5,2,2016
https://twitter.com/dabaz1019/status/695663203343298560,2016-02-05 17:40:07+00:00,695663203343298560,Welcome to the T-Mobile family... @Kenyadunn12 @ahmetibrahim11 @markharr13 @m_wan4life @bnash001 @JohnLegere https://t.co/5tv99FjalK,2,0,5,dabaz1019,Shabaz G,155,254,5,2,2016
https://twitter.com/kadimaee/status/695659719482978304,2016-02-05 17:26:16+00:00,695659719482978304,I laughed way harder than I should for this being a T-Mobile commercial  https://t.co/TV2CDMXmaW,1,0,0,kadimaee,kadi,2270,484,5,2,2016
https://twitter.com/SlashdotTV/status/695659444709896193,2016-02-05 17:25:11+00:00,695659444709896193,T-Mobile LG G4 now getting its Android 6.0 update https://t.co/X3Bg9veWqk by @alw https://t.co/w7Pbuerpd5,5,0,5,SlashdotTV,Slashdot TV,45513,137,5,2,2016
https://twitter.com/_prettymixxed_/status/695659145127714816,2016-02-05 17:23:59+00:00,695659145127714816,T-Mobile service been super ass lately,13,0,5,_prettymixxed_,Kay🥀,5773,3945,5,2,2016
https://twitter.com/droid_life/status/695658812741545984,2016-02-05 17:22:40+00:00,695658812741545984,T-Mobile LG G4 receiving Android 6.0 Marshmallow over-the-air. https://t.co/oI5uISjFR5 #lgg4 https://t.co/Gp9tfrWHid,7,3,11,droid_life,Droid Life,234462,160,5,2,2016
https://twitter.com/usweekly/status/695658179066200065,2016-02-05 17:20:09+00:00,695658179066200065,"Of course Drake's #SB50 commercial for T-Mobile spoofs ""Hotline Bling"": https://t.co/jMz8qSzOJ3 https://t.co/5DBBwrqfRp",8,1,20,usweekly,Us Weekly,2146418,1157,5,2,2016
https://twitter.com/techbargains/status/695657298446983168,2016-02-05 17:16:39+00:00,695657298446983168,"T-Mobile Valentine's Day Sale - BOGO Half Off (4-Lines, 10GB each $120, Unlimited $150) https://t.co/gupTpt32Xh",1,0,1,techbargains,TechBargains.com,21650,322,5,2,2016
https://twitter.com/9to5Google/status/695653121331236864,2016-02-05 17:00:03+00:00,695653121331236864,T-Mobile’s LG G4 begins receiving Android 6.0 Marshmallow https://t.co/LyfAkZ8Iay https://t.co/BJwS4cmMMd,3,0,2,9to5Google,9to5Google,123544,77,5,2,2016
https://twitter.com/Email_Privacy/status/695652970386452480,2016-02-05 16:59:27+00:00,695652970386452480,T-Mobile’s LG G4 begins receiving Android 6.0 Marshmallow:  With Marshmallow only on 1.2% of p... https://t.co/Kpj3svGIUA via @9to5Google,1,0,0,Email_Privacy,James Koons,1544,1284,5,2,2016
https://twitter.com/TalkAndroid/status/695651983601111040,2016-02-05 16:55:32+00:00,695651983601111040,You can get Marshmallow on T-Mobile's LG G4. It's just not through a software update yet. https://t.co/ABMcJpf5R0,1,1,3,TalkAndroid,Talk Android,249018,142,5,2,2016
https://twitter.com/The_News_DIVA/status/695650305887834112,2016-02-05 16:48:52+00:00,695650305887834112,#Drake's Super Bowl 50 Ad for T-Mobile Spoofs His 'Hotline Bling’ Video https://t.co/emByyHlo6E https://t.co/LiZubU6BfY,1,0,2,The_News_DIVA,📰The_News_DIVA📰,68712,92102,5,2,2016
https://twitter.com/Sprint_MaysLand/status/695648653004906497,2016-02-05 16:42:18+00:00,695648653004906497,Getting the message out in snowy weather.  50% off T-Mobile Verizon and att @MikeWodzisz @kgabri01 #sprint4philly https://t.co/uKeMZVr1v8,4,0,3,Sprint_MaysLand,Mays Landing,174,207,5,2,2016
https://twitter.com/MAM_Friends_247/status/695645987117928449,2016-02-05 16:31:42+00:00,695645987117928449,"@ESPNStatsInfo If T-Mobile played every game, he may have had more than Superman Cam.",1,0,2,MAM_Friends_247,MAM Friendship 247,71,472,5,2,2016
https://twitter.com/AndroidPolice/status/695643337265541120,2016-02-05 16:21:10+00:00,695643337265541120,Marshmallow Starts Rolling Out To The T-Mobile LG G4 https://t.co/aqRZ7EheUv https://t.co/zvPlzfXsId,7,3,11,AndroidPolice,Android Police,587994,354,5,2,2016
https://twitter.com/RantingOwl/status/695641434255282177,2016-02-05 16:13:36+00:00,695641434255282177,Okay. I thought I was impervious to the powers of Drake. But that T-Mobile commercial....,1,0,4,RantingOwl,Olivia A. Cole,34111,2324,5,2,2016
https://twitter.com/gsmarena_com/status/695639678242811904,2016-02-05 16:06:38+00:00,695639678242811904,"Samsung Galaxy S7 for T-Mobile benchmarked, Snapdragon 820 delivers: The Galaxy S7 is just around the corner (... https://t.co/XQoJeOGmTD",11,0,13,gsmarena_com,GSMArena.com,170657,1,5,2,2016
https://twitter.com/iGarett/status/695639655950249985,2016-02-05 16:06:32+00:00,695639655950249985,@moversi Can you give us an estimated ETA for the T-Mobile update for M8/M9?,1,0,1,iGarett,space ghost,411,759,5,2,2016
https://twitter.com/DebEscher/status/695623731906027520,2016-02-05 15:03:16+00:00,695623731906027520,Can you spot all the retro #SuperBowl ad references in this T-Mobile meta ad? #SB50 https://t.co/bUWLb7Z1rh via @mashable,1,0,0,DebEscher,Deb Escher🌈HAPPY PRIDE🏳️‍🌈,3289,3975,5,2,2016
https://twitter.com/Technomadia/status/695623633876688896,2016-02-05 15:02:53+00:00,695623633876688896,Verizon &amp; T-Mobile Prepaid Plans Get More Data https://t.co/gti03XmBQM #mobileinternet #rv,1,0,1,Technomadia,Cherie & Chris,4027,792,5,2,2016
https://twitter.com/BusinessInsider/status/695615940042604544,2016-02-05 14:32:18+00:00,695615940042604544,T-Mobile was crowned best in customer satisfaction —and its CEO used the victory to trash Verizon and AT&amp;T https://t.co/l7Cc9AfH92,18,1,19,BusinessInsider,Business Insider,3764949,413,5,2,2016
https://twitter.com/BITech/status/695615940030033920,2016-02-05 14:32:18+00:00,695615940030033920,T-Mobile was crowned best in customer satisfaction —and its CEO used the victory to trash Verizon and AT&amp;T https://t.co/Cn2NyZUnyi,8,0,3,BITech,Business Insider Tech,1258602,116,5,2,2016
https://twitter.com/adsoftheworld/status/695613691417518080,2016-02-05 14:23:22+00:00,695613691417518080,Ad went viral: T-Mobile: Restricted Bling https://t.co/Imvid4kTQw https://t.co/bev2QwIzar,2,0,1,adsoftheworld,Ads of the World™,205648,62827,5,2,2016
https://twitter.com/mobile_freakz/status/695612773019979777,2016-02-05 14:19:43+00:00,695612773019979777,"Galaxy S7 for T-Mobile reports for benchmarking, scores higher than the AT&amp;T version #GalaxyS7 #Android  https://t.co/dyp29ovLn7",1,0,1,mobile_freakz,MobileFreakz,319,625,5,2,2016
https://twitter.com/LaPineBear/status/695608465356500993,2016-02-05 14:02:36+00:00,695608465356500993,@MaryBriannaMgr @TMobileHelp @YouTube very beautiful song!,1,1,2,LaPineBear,LaPine Bear,161,712,5,2,2016
https://twitter.com/TMobileHelp/status/695600156687917056,2016-02-05 13:29:35+00:00,695600156687917056,"@PaPaB__ Aww yea!! It's about to get real up in here! :) We can't wait to welcome you, let us know if we can assist in any way.  *LeahM",1,0,1,TMobileHelp,T-Mobile Help,416623,44093,5,2,2016
https://twitter.com/Androidheadline/status/695596340869537792,2016-02-05 13:14:25+00:00,695596340869537792,T-Mobile Warns FCC: ‘Tread Lightly’ When Looking at Binge On https://t.co/KkBN0A1eU7 #Android #Google https://t.co/alwHD25GOy,4,0,0,Androidheadline,Android Headlines,480323,581,5,2,2016
https://twitter.com/TheBitcoinNews/status/695593927638913024,2016-02-05 13:04:50+00:00,695593927638913024,"Hacked T-Mobile Records For Sale For $1 Apiece On Dark Net, Payable In Bitcoin - https://t.co/HRdpqxRqgM #darknetpages",1,0,0,TheBitcoinNews,The Bitcoin News 🚀₿,66620,20359,5,2,2016
https://twitter.com/hoodopulence/status/695583822419779584,2016-02-05 12:24:41+00:00,695583822419779584,OHKAY! T-Mobile hasn’t done me wrong https://t.co/Q0Srr8lg6l,1,0,0,hoodopulence,Xavier Yarbroux,21990,1884,5,2,2016
https://twitter.com/PhoneArena/status/695561265234587649,2016-02-05 10:55:03+00:00,695561265234587649,"Galaxy S7 for T-Mobile reports for benchmarking, scores higher than the AT&amp;T version - https://t.co/2kHjxzhLSn",6,0,5,PhoneArena,PhoneArena,76783,85,5,2,2016
https://twitter.com/mobileworldlive/status/695557648456941568,2016-02-05 10:40:40+00:00,695557648456941568,#Liberty Global pursues #Vodafone over T-Mobile in Netherlands https://t.co/nEZYenkmES,2,0,2,mobileworldlive,Mobile World Live,51027,1375,5,2,2016
https://twitter.com/g_for_games/status/695551048325451776,2016-02-05 10:14:27+00:00,695551048325451776,T-Mobile's #GalaxyS7 has just been benchmarked. Check out how it did =? https://t.co/rHhp16QBHs https://t.co/5dWijhOlI5,1,0,20,g_for_games,GforGames,162,113,5,2,2016
https://twitter.com/graphc_designer/status/695548804959834112,2016-02-05 10:05:32+00:00,695548804959834112,Warner Bros &amp; T-Mobile release extended minute-long Instagram ads for Super Bowl: Popular image sha... https://t.co/gYkDXtyzSG #marketing,1,0,1,graphc_designer,David Nightingale,308,719,5,2,2016
https://twitter.com/Pocketnow/status/695546958849712129,2016-02-05 09:58:12+00:00,695546958849712129,"T-Mobile LG G4 owners, your Android Marshmallow update awaits in LG Bridge https://t.co/n6G0gOKQkQ",6,0,14,Pocketnow,Pocketnow,195267,433,5,2,2016
https://twitter.com/highclvssdoro/status/695545027234103297,2016-02-05 09:50:31+00:00,695545027234103297,T-mobile outta line lol  https://t.co/tFsBEZHHeN,2,0,1,highclvssdoro,DORO,7596,5519,5,2,2016
https://twitter.com/savabundle/status/695532140855951360,2016-02-05 08:59:19+00:00,695532140855951360,"#computers #phones #gps https://t.co/8Bum9vhfAu Apple iPad Air 2 9.7"" Verizon AT&amp;T T-Mobile 128GB WiFi + 4G LTE UN… https://t.co/MJE9PoRwMV",1,0,0,savabundle,Save A Bundle Clicks,1870,1429,5,2,2016
https://twitter.com/TMobileHelp/status/695528576431583233,2016-02-05 08:45:09+00:00,695528576431583233,@ohhaney We're glad you like it! What makes you say that about us? We would love the chance to change your opinion around! *MisttyA,1,0,7,TMobileHelp,T-Mobile Help,416623,44093,5,2,2016
https://twitter.com/Alt_Budget_cuts/status/695525832480202752,2016-02-05 08:34:15+00:00,695525832480202752,"Comcast, AT&amp;T, and T-Mobile must explain data cap exemptions to FCC | Ars Technica https://t.co/LaPzViqCpW",2,0,1,Alt_Budget_cuts,How To Get Rich In Ten Years,118504,77318,5,2,2016
https://twitter.com/flutesforever11/status/695525244660920320,2016-02-05 08:31:55+00:00,695525244660920320,@LowKeyRusty @TMobileHelp don't be all up in my mans dm's kim,1,0,1,flutesforever11,Brit ⭐️,94,158,5,2,2016
https://twitter.com/Softpedia/status/695524927219355648,2016-02-05 08:30:39+00:00,695524927219355648,#LG G4 receiving Android 6.0 Marshmallow update at T-Mobile (via LG Bridge) https://t.co/AI3wjAwCQS https://t.co/IApCHoVKIK,2,0,1,Softpedia,Softpedia,20875,154,5,2,2016
https://twitter.com/TheDrum/status/695522346971619328,2016-02-05 08:20:24+00:00,695522346971619328,T-Mobile among first US brands to use 60-second Instagram ads as it drops Hotline Bling spot https://t.co/0l5GveHRk2 https://t.co/oq3LT4RmPT,1,0,5,TheDrum,The Drum,230975,2844,5,2,2016
https://twitter.com/TMobileHelp/status/695499978446393344,2016-02-05 06:51:31+00:00,695499978446393344,@Zaaayy_  Hey Jose! Check out this link to troubleshoot your iMessenger https://t.co/7f9Prfv6MK this should do the trick! :) *JoeyV,1,1,1,TMobileHelp,T-Mobile Help,416623,44093,5,2,2016
https://twitter.com/TMobileHelp/status/695491743073042432,2016-02-05 06:18:47+00:00,695491743073042432,@Martial_LAW You already have to uniform :) *DarrylM,1,1,1,TMobileHelp,T-Mobile Help,416623,44093,5,2,2016
https://twitter.com/TMobileHelp/status/695490516713148416,2016-02-05 06:13:55+00:00,695490516713148416,@Martial_LAW  Looking good in that #MANgenta you're always welcome to apply ;)  https://t.co/uHtQq99ntl *DarrylM,1,0,2,TMobileHelp,T-Mobile Help,416623,44093,5,2,2016
https://twitter.com/samm_witwicky/status/695487612665012224,2016-02-05 06:02:23+00:00,695487612665012224,Lol what are text messages? Ima just end my contract with T-Mobile cause I don't even need a phone 😭,1,0,0,samm_witwicky,sam,272,169,5,2,2016
https://twitter.com/adsoftheworld/status/695472924870975488,2016-02-05 05:04:01+00:00,695472924870975488,Ad went viral: T-Mobile: Restricted Bling https://t.co/Imvid4kTQw https://t.co/Rhau5PLdos,1,0,1,adsoftheworld,Ads of the World™,205648,62827,5,2,2016
https://twitter.com/TyjirahPerdue/status/695467318512631808,2016-02-05 04:41:44+00:00,695467318512631808,I got t-mobile 👀 https://t.co/wMqZSDLXW5,1,1,0,TyjirahPerdue,𝔹𝕝𝕒𝕤𝕚𝕒𝕟 𝕓𝕖𝕒𝕦𝕥𝕪 🌹,1074,438,5,2,2016
https://twitter.com/iBe_Jeremy12/status/695464875078750209,2016-02-05 04:32:01+00:00,695464875078750209,I'm chillin with LTE full bars 🙆🙆 T-mobile winning 👌,3,0,1,iBe_Jeremy12,Jeremy 〽️artinez,903,829,5,2,2016
https://twitter.com/samanthaageee/status/695463368384118785,2016-02-05 04:26:02+00:00,695463368384118785,@RodrigoNunez44 @Jessie_Nicole26 My phone is nothing near slow and I have T-Mobile tho.... Lol.,1,0,1,samanthaageee,𝒮.🌙,1383,632,5,2,2016
https://twitter.com/BruceQBurke/status/695463206941298688,2016-02-05 04:25:24+00:00,695463206941298688,#Mobile :: @TMobile  RANKS HIGHEST IN CUSTOMER SATISFACTION! Congratulations @JohnLegere &amp; @TMobileHelp! #CX #CS  https://t.co/4XWt4GBSQX,1,0,0,BruceQBurke,BruceBurke,11036,12133,5,2,2016
https://twitter.com/IAmZona1/status/695461568448851968,2016-02-05 04:18:53+00:00,695461568448851968,Been trying for 10 minutes to load these guitar tabs smh. Your service sucks 😡😡 @TMobile @TMobileHelp https://t.co/M8BxHXiwm6,1,3,1,IAmZona1,Cube,174,214,5,2,2016
https://twitter.com/PeytonSmith35/status/695459438430322688,2016-02-05 04:10:25+00:00,695459438430322688,T-mobile squad  https://t.co/Qh8WXNcgf6,1,0,2,PeytonSmith35,Peyton,1659,922,5,2,2016
https://twitter.com/willieboyyyyy/status/695459261967511552,2016-02-05 04:09:43+00:00,695459261967511552,good thing I have t-mobile,1,0,2,willieboyyyyy,willie 🐺,400,190,5,2,2016
https://twitter.com/ChrisJoven/status/695457929776988160,2016-02-05 04:04:26+00:00,695457929776988160,T-Mobile just won  https://t.co/vuSitwmOcv,2,0,2,ChrisJoven,Jove™️,1316,850,5,2,2016
https://twitter.com/MagentaMDM/status/695456045901045762,2016-02-05 03:56:56+00:00,695456045901045762,You used to call me on my cellphone until I switched to T-Mobile #NoCoverageDrake #EverySinceILeftTheCityIDropCalls https://t.co/qxM9hQNquB,3,0,2,MagentaMDM,Scott Henderson 💯,1879,1662,5,2,2016
https://twitter.com/GregoireJacinta/status/695455877374017536,2016-02-05 03:56:16+00:00,695455877374017536,#Technews T-Mobile LG G4 can be updated to Marshmallow right now using LG Bridge https://t.co/ksybQ92rBp,1,0,0,GregoireJacinta,Jacinta Gregoire,657,649,5,2,2016
https://twitter.com/JoiTietz/status/695455629322952704,2016-02-05 03:55:17+00:00,695455629322952704,#Technews T-Mobile LG G4 can be updated to Marshmallow right now using LG Bridge https://t.co/BVwhHOwwvx,1,0,0,JoiTietz,Joi Tietz,668,657,5,2,2016
https://twitter.com/MagentaMDM/status/695454713446277121,2016-02-05 03:51:39+00:00,695454713446277121,You used to call me on my cellphone until I switched to T-Mobile #NoCoverageDrake #EverySinceILeftTheCityIDropCalls https://t.co/n8HKRotSVj,2,0,2,MagentaMDM,Scott Henderson 💯,1879,1662,5,2,2016
https://twitter.com/Ricksqu4d/status/695453622876778496,2016-02-05 03:47:19+00:00,695453622876778496,@KillxEva @TMobile  Although they spelled T-Mobile wrong it still makes my night.,1,0,1,Ricksqu4d,Rick,262,237,5,2,2016
https://twitter.com/wigga32/status/695451376013344769,2016-02-05 03:38:23+00:00,695451376013344769,"T-Mobile is so stupid, they disabled my my internet. How the hell am I supposed to work tomorrow?",1,1,1,wigga32,Victor Rojas III,1259,667,5,2,2016
https://twitter.com/PhoneArena/status/695448018414252032,2016-02-05 03:25:03+00:00,695448018414252032,T-Mobile LG G4 can be updated to Marshmallow right now using LG Bridge - https://t.co/uqcARrFeko,2,0,1,PhoneArena,PhoneArena,76783,85,5,2,2016
https://twitter.com/terryleewhite/status/695440870200340480,2016-02-05 02:56:38+00:00,695440870200340480,Hey @ATTCares please stop playing these games. #unlimited means UNLIMITED! You make @TMobileHelp look good. https://t.co/0UOC7E49DM,6,4,20,terryleewhite,Terry White,49511,1648,5,2,2016
https://twitter.com/JulioBouza/status/695440350542897152,2016-02-05 02:54:34+00:00,695440350542897152,@TMobileHelp @TMobile thank you *JamieL @JohnLegere is stepping things up.  20 years with @ATT @ATTCares and I think is about to end 😫 😢😥😪,1,0,0,JulioBouza,Julio Bouza,119,187,5,2,2016
https://twitter.com/TMobileHelp/status/695439547967086592,2016-02-05 02:51:23+00:00,695439547967086592,@Got_Vert777 We want to make sure you're getting your phone in a timely matter no matter what you need it for! Send us a DM so we can... 1/2,1,0,0,TMobileHelp,T-Mobile Help,416623,44093,5,2,2016
https://twitter.com/droid_life/status/695436720150433793,2016-02-05 02:40:09+00:00,695436720150433793,"Verizon, AT&amp;T, T-Mobile and Sprint Galaxy S7 and S7 Edge hit the FCC - https://t.co/6VSfHKJyTi #android https://t.co/Wu0N5mirhk",8,0,10,droid_life,Droid Life,234462,160,5,2,2016
https://twitter.com/Kaylangnlz/status/695435197550964737,2016-02-05 02:34:06+00:00,695435197550964737,When you have T-Mobile so you got no problemos😊😊,9,1,1,Kaylangnlz,KAYLA,1919,346,5,2,2016
https://twitter.com/JordyDisick/status/695431915612950528,2016-02-05 02:21:03+00:00,695431915612950528,"Everyone complaining about AT&amp;T rn, how about you think about switching to T-Mobile?:-) @jazweeziee",1,0,2,JordyDisick,Jordan Garza🌞,745,829,5,2,2016
https://twitter.com/TMobileHelp/status/695428813493174273,2016-02-05 02:08:44+00:00,695428813493174273,@MichaelFryJr LOL you seriously cracked me up! :-D *MelanieY,1,0,2,TMobileHelp,T-Mobile Help,416623,44093,5,2,2016
https://twitter.com/TMobileHelp/status/695428303587414016,2016-02-05 02:06:42+00:00,695428303587414016,@MichaelFryJr Sounds like something we should look into! Would you please DM us so we can check it out? Thanks :-) *MelanieY,1,1,3,TMobileHelp,T-Mobile Help,416623,44093,5,2,2016
https://twitter.com/TmoNews/status/695427131975684096,2016-02-05 02:02:03+00:00,695427131975684096,T-Mobile says FCC must ‘tread lightly’ with Binge On https://t.co/uT50VmYp2E,3,0,9,TmoNews,TmoNews,33556,187,5,2,2016
https://twitter.com/TMobileHelp/status/695420670860095493,2016-02-05 01:36:22+00:00,695420670860095493,@GoodLooksGeorge Awww why do you say that?! The commercial is hilarious!  *JamieL,1,1,0,TMobileHelp,T-Mobile Help,416623,44093,5,2,2016
https://twitter.com/iwantrealbread/status/695418925115248640,2016-02-05 01:29:26+00:00,695418925115248640,"@MichaelSlezakTV And what does ""Cake by the Ocean"" have to do with T-Mobile? #AdQuestions",1,0,1,iwantrealbread,Rebecca Diane,157,302,5,2,2016
https://twitter.com/TMobileHelp/status/695416553202851842,2016-02-05 01:20:01+00:00,695416553202851842,@haajjah94 Hi Haajjah! We are here to help and would be happy to look into this further. Send us a DM.  *JamieL,2,1,0,TMobileHelp,T-Mobile Help,416623,44093,5,2,2016
https://twitter.com/GMares0507/status/695416478720356352,2016-02-05 01:19:43+00:00,695416478720356352,And y'all talk shit about T-Mobile 😂😂😂😂😂😂😂,1,0,0,GMares0507,GaBe,146,427,5,2,2016
https://twitter.com/SHAWTYSLIM/status/695415526835621888,2016-02-05 01:15:56+00:00,695415526835621888,This drake x t-mobile commercial is great,1,0,1,SHAWTYSLIM,SHAWTY SLIM,6003,1515,5,2,2016
https://twitter.com/Androidheadline/status/695414949783285761,2016-02-05 01:13:38+00:00,695414949783285761,Some T-Mobile LG G4s Updated To Marshmallow Via LG Bridge https://t.co/folXqzX1Tn #Android #Google https://t.co/yM53s95ttS,1,0,3,Androidheadline,Android Headlines,480323,581,5,2,2016
https://twitter.com/TheDrum/status/695411764322631680,2016-02-05 01:00:59+00:00,695411764322631680,T-Mobile among the first US brands to use 60-second Instagram ads https://t.co/RVF8DiLE8U https://t.co/IzmAZ9yrK9,1,0,2,TheDrum,The Drum,230975,2844,5,2,2016
https://twitter.com/delphine_ag/status/695405992738066432,2016-02-05 00:38:03+00:00,695405992738066432,@WorIdStarComedy @esme_gz drake T-Mobile we have T-Mobile coincidence I think not,1,0,1,delphine_ag,ᴅᴇʟ,307,222,5,2,2016
https://twitter.com/HilliconValley/status/695404754113933312,2016-02-05 00:33:08+00:00,695404754113933312,T-Mobile to FCC: 'Tread lightly' https://t.co/zpA5nHZr9P,1,0,0,HilliconValley,HilliconValley,7282,94,5,2,2016
https://twitter.com/nanagsm/status/695400147249790977,2016-02-05 00:14:49+00:00,695400147249790977,"Big Ups to one of my Favorite T-Mobile Stores in Washington dc  804 H St NE, Washington,DC 20002 202-544-4818 #URocK https://t.co/3CEQ568FVu",3,1,1,nanagsm,NanaGsm Wireless,676,653,5,2,2016
https://twitter.com/nanagsm/status/695397145541627904,2016-02-05 00:02:54+00:00,695397145541627904,It looks like T-Mobile's version of the LG G4 is in the process of receiving the update to Android 6.0 Marshmallow. https://t.co/AkpBXd3QSq,3,1,0,nanagsm,NanaGsm Wireless,676,653,5,2,2016
https://twitter.com/fireworksordie/status/695397145105403904,2016-02-05 00:02:53+00:00,695397145105403904,"hey @TMobileHelp, what the heck is going on with my data? on train home, full bars, terrible down speeds? https://t.co/NoPs8SqaCF",1,2,0,fireworksordie,christian davis,193,654,5,2,2016
