url,Datetime,Tweet Id,Text,Retweet Count,Reply Count,Like Count,Username,Display Name,Followers Count,Friends Count,Day,Month,Year
https://twitter.com/astrolovecosmos/status/696119946745552898,2016-02-06 23:55:03+00:00,696119946745552898,"Lana Del Rey songs for #Pisces- ""Diet Mountain Dew"" and ""West Coast""",3,0,12,astrolovecosmos,Cosmic Love,22661,152,6,2,2016
https://twitter.com/30ForMore/status/696117227255263233,2016-02-06 23:44:14+00:00,696117227255263233,Mixing Powerade w/ Mountain Dew like what's the recipe,1,0,0,30ForMore,28 x 10,1636,3842,6,2,2016
https://twitter.com/Geaux_Red/status/696115224714342401,2016-02-06 23:36:17+00:00,696115224714342401,LMAOOO mello yellow too RT @Steviebreech When did Mountain Dew get so hick? https://t.co/YvaIZRHPf7,1,0,0,Geaux_Red,Diabla Red,1731,569,6,2,2016
https://twitter.com/steviebreech/status/696115082602766336,2016-02-06 23:35:43+00:00,696115082602766336,When did Mountain Dew get so hick? https://t.co/ZHWvwHa3Up,3,1,0,steviebreech,Steven,5016,3912,6,2,2016
https://twitter.com/Rodneey_K/status/696104537052958720,2016-02-06 22:53:49+00:00,696104537052958720,"I'm ten years old, but I'll beat your ass! Chip, I'm gonna come at you like a spider monkey.... Chip, I'm all jacked up on Mountain Dew!",1,0,3,Rodneey_K,Яodney,834,585,6,2,2016
https://twitter.com/OSnakiepoo/status/696103321476595712,2016-02-06 22:48:59+00:00,696103321476595712,@StrideeFPS Use code Stridee to get all Mountain Dew Purchases,1,1,2,OSnakiepoo,HunterMr7,138,566,6,2,2016
https://twitter.com/SmithsonianMag/status/696098610673557504,2016-02-06 22:30:16+00:00,696098610673557504,Mountain Dew once had ties to moonshine. https://t.co/zDczDQx8RZ,14,1,6,SmithsonianMag,Smithsonian Magazine,314727,737,6,2,2016
https://twitter.com/_nwinant/status/696097385764638720,2016-02-06 22:25:24+00:00,696097385764638720,"We live in a future where @tacobell prints ASCII art on receipts &amp; has sangria-flavored @MountainDew on tap. Truly, an age of miracles.",1,1,0,_nwinant,Nā•thən Wī•nənt 💉💉💉,693,328,6,2,2016
https://twitter.com/adsoftheworld/status/696090831699255296,2016-02-06 21:59:21+00:00,696090831699255296,Ad went viral: Mountain Dew Kickstart: Puppymonkeybaby https://t.co/ieNa4M9J7f https://t.co/P9GXrvWXP7,3,0,2,adsoftheworld,Ads of the World™,205677,62816,6,2,2016
https://twitter.com/CHICOHUSTLE/status/696077242871353344,2016-02-06 21:05:21+00:00,696077242871353344,I'm all jacked up on Mountain Dew,1,0,0,CHICOHUSTLE,dre,357,261,6,2,2016
https://twitter.com/dirtyd336/status/696076359534321664,2016-02-06 21:01:51+00:00,696076359534321664,@maddhacks looks like you're taking a bath in Mountain Dew lol,1,0,0,dirtyd336,Derek Smith,382,3588,6,2,2016
https://twitter.com/adriannalmighty/status/696074345798479872,2016-02-06 20:53:51+00:00,696074345798479872,"""is that lemonade"" ""does it look like lemonade"" ""idk green tea"" ""its fuckin mountain dew""",2,0,3,adriannalmighty,aj,31,141,6,2,2016
https://twitter.com/kale2chips/status/696072390455873536,2016-02-06 20:46:04+00:00,696072390455873536,Things to do in ohio: - Watch sports - Nap - Complain about weather - Drink mountain dew,1,0,11,kale2chips,Kales,851,552,6,2,2016
https://twitter.com/TimothyCalkins/status/696071470926077952,2016-02-06 20:42:25+00:00,696071470926077952,Looking forward to tomorrow's SB ads. I bet spots from @MountainDew and @Budweiser will generate discussion. #kelloggsb #superbowlads,2,0,4,TimothyCalkins,Tim Calkins,4762,1620,6,2,2016
https://twitter.com/C_Frazierr/status/696071457420419072,2016-02-06 20:42:22+00:00,696071457420419072,Texas Ranger - Ima Scissor kick you in the back of the head ! Chip - What is wrong with you !  Texas Ranger - I'm jacked up on MountainDew!!,1,1,1,C_Frazierr,chris,858,469,6,2,2016
https://twitter.com/HellScreamElite/status/696068154645159937,2016-02-06 20:29:15+00:00,696068154645159937,"Mountain Dew, Doritos, Bleach, and 2XP Weekend - This is gunna be a fun afternoon.",2,0,35,HellScreamElite,HellScream 🏴‍☠️,3789,267,6,2,2016
https://twitter.com/RaymondPettibon/status/696059306794446849,2016-02-06 19:54:05+00:00,696059306794446849,"""Shooytng Roid/Mountain Dew Juice Str8-Edge""-- CM Punk.",2,0,6,RaymondPettibon,Raymond Pettibon,24729,14757,6,2,2016
https://twitter.com/Joe_Piedigrossi/status/696052258107224064,2016-02-06 19:26:05+00:00,696052258107224064,"""Chip I'm all jacked up on Mountain Dew""",1,0,1,Joe_Piedigrossi,Uncle Joe,550,453,6,2,2016
https://twitter.com/aREEDmyLipss/status/696046082678267904,2016-02-06 19:01:32+00:00,696046082678267904,bring me a 2 liter of mountain dew if you really fvck with me .,1,0,0,aREEDmyLipss,ACE ♤,2115,1573,6,2,2016
https://twitter.com/kfor/status/696046007558107140,2016-02-06 19:01:14+00:00,696046007558107140,Mountain Dew teases the weirdest Super Bowl ad ever https://t.co/pu16kIcbFM https://t.co/EXugMhY9iY,1,0,2,kfor,KFOR,104801,2162,6,2,2016
https://twitter.com/CampaignLiveUS/status/696045471765102592,2016-02-06 18:59:07+00:00,696045471765102592,"A puppy, monkey, baby come together in one odd hybrid for Mountain Dew's Super Bowl return https://t.co/f5xBGiNgRH https://t.co/7is2nYQfCS",1,0,0,CampaignLiveUS,Campaign US,16598,1974,6,2,2016
https://twitter.com/chilcoach44/status/696042325391245312,2016-02-06 18:46:36+00:00,696042325391245312,No way this won't haunt me for countless nights to come. Thank you Mountain Dew and #puppymonkeybaby https://t.co/P8xTuYUIv8,5,0,8,chilcoach44,The Chil One,856,657,6,2,2016
https://twitter.com/EmilyStephens_/status/696041936352911360,2016-02-06 18:45:04+00:00,696041936352911360,diet mountain dew bby New York City,1,0,4,EmilyStephens_,em,383,163,6,2,2016
https://twitter.com/redresort/status/696023689075281920,2016-02-06 17:32:33+00:00,696023689075281920,Can you DEW the BLUES? Join us Saturday and Sunday for a free contest presented by Mountain Dew… https://t.co/i8zYyIDRUr,1,0,0,redresort,redresort,4902,524,6,2,2016
https://twitter.com/LAZER1033/status/696023066669789185,2016-02-06 17:30:05+00:00,696023066669789185,"You could score @chicagobulls tix, $250 &amp; more with our Mountain Dew Kickstart weekend! https://t.co/XzUkgzgRrV https://t.co/7r99HZeRn7",1,0,2,LAZER1033,LAZER 103.3,7810,2910,6,2,2016
https://twitter.com/AlexReed72/status/696021169372323840,2016-02-06 17:22:32+00:00,696021169372323840,Put some cough syrup in a Mountain Dew @Charles3Cody,1,0,0,AlexReed72,Russell Reed,683,433,6,2,2016
https://twitter.com/yunglord_pAt/status/696006725518884864,2016-02-06 16:25:09+00:00,696006725518884864,"@sHneadling_ woke up rolled a blunt , poed up a fo and put in a Mountain Dew",1,1,1,yunglord_pAt,👉🏾 🅿️🤏🏾,573,512,6,2,2016
https://twitter.com/TheDrum/status/695996664889393156,2016-02-06 15:45:10+00:00,695996664889393156,@MountainDew is deliciously bizarre with Super Bowl #puppymonkeybaby https://t.co/2hsVppSBHk #SB50 https://t.co/MPGElmuKq5,4,0,6,TheDrum,The Drum,231014,2843,6,2,2016
https://twitter.com/SarahLongWMTW/status/695972950969745408,2016-02-06 14:10:56+00:00,695972950969745408,"Near 6"" of fresh snow at @ShawneePeakME just in time for the 26th Annual @MountainDew Vertical Challenge! #wmtw #207 https://t.co/CTJXKPHyce",3,0,2,SarahLongWMTW,Sarah Long,3097,872,6,2,2016
https://twitter.com/Daimont3/status/695939540842844161,2016-02-06 11:58:11+00:00,695939540842844161,"dude forreal has a ""i only like mountain dew"" type face",1,0,1,Daimont3,MEWtWOo,498,1809,6,2,2016
https://twitter.com/LexiSale10/status/695916845887590400,2016-02-06 10:28:00+00:00,695916845887590400,So considering I can't sleep i would like to thank @payton_murphy for buying me Mountain Dew with quarters #youtherealMVP,1,0,0,LexiSale10,lexx🤘🏻,220,621,6,2,2016
https://twitter.com/MajorPlayerJobs/status/695904524708487168,2016-02-06 09:39:02+00:00,695904524708487168,Mountain Dew is deliciously bizarre with Super Bowl #puppymonkeybaby https://t.co/KsKhXZuauV,1,1,0,MajorPlayerJobs,Major Players,13697,3702,6,2,2016
https://twitter.com/SneezingPrince/status/695879931398660096,2016-02-06 08:01:19+00:00,695879931398660096,"""My religion is Doritos and my god is mountain dew, I pray to FaZe clan every night before going to sleep under my snipers blanket""",1,0,1,SneezingPrince,Steve (iDevil360),1333,686,6,2,2016
https://twitter.com/BurkeyCode/status/695872368376287232,2016-02-06 07:31:15+00:00,695872368376287232,A well deserved stretch of the legs to fix up a Vodka+Mountain Dew with ice.. thats some #gamedev fuel right there!,1,0,0,BurkeyCode,Daniel Burke,331,379,6,2,2016
https://twitter.com/Chella_Good/status/695850231653650432,2016-02-06 06:03:18+00:00,695850231653650432,I apologize to everyone in the lodge... Andrea had Mountain Dew,1,0,4,Chella_Good,Chella🎀,623,443,6,2,2016
https://twitter.com/adamuhls13/status/695844785978912768,2016-02-06 05:41:39+00:00,695844785978912768,I'm all jacked up on mountain dew,2,1,8,adamuhls13,chev,436,377,6,2,2016
https://twitter.com/hiroppy_/status/695843796093792256,2016-02-06 05:37:43+00:00,695843796093792256,making my own doritos flavored mountain dew! https://t.co/M3fCuayoHy,1,0,2,hiroppy_,ひろっぴぃ,5207,5373,6,2,2016
https://twitter.com/chillpuckNFL/status/695836942706016256,2016-02-06 05:10:29+00:00,695836942706016256,https://t.co/V9jDvbnJSJ ChillPuck is an ice pack for ur drink #dothedew #dj #mountaindew #energydrink #np #edm https://t.co/H5BAwY2WkU,1,0,2,chillpuckNFL,Chill Puck NFL,900,1364,6,2,2016
https://twitter.com/allyleegeary/status/695832896045760513,2016-02-06 04:54:25+00:00,695832896045760513,I've never done cocaine but I'm sure it's a lot like cracking open an ice cold Mountain Dew.,3,0,6,allyleegeary,AG,1736,676,6,2,2016
https://twitter.com/JORD_ANd_taylor/status/695825679393415168,2016-02-06 04:25:44+00:00,695825679393415168,Jessie just drank a Mountain Dew with this spider in it https://t.co/y3MA15yNp4,5,1,7,JORD_ANd_taylor,jordan,423,337,6,2,2016
https://twitter.com/TheAthleticCHI/status/695825227024961536,2016-02-06 04:23:56+00:00,695825227024961536,Pepsi Center scoreboard operator = too much Diet Mountain Dew? Our analytics team says the answer to the # of points the Bulls have? 42.,1,0,3,TheAthleticCHI,The Athletic Chicago,37533,597,6,2,2016
https://twitter.com/WISCTV_News3/status/695824268286758912,2016-02-06 04:20:08+00:00,695824268286758912,WHAT IS THIS?: Mountain Dew brings #PuppyMonkeyBaby to Super Bowl https://t.co/FYWXKhcVA9,2,0,0,WISCTV_News3,News 3 Now / Channel 3000,55567,35317,6,2,2016
https://twitter.com/thekevincochran/status/695823551559917568,2016-02-06 04:17:17+00:00,695823551559917568,Are these high schoolers in Utah all murderers or just hopped up on mountain dew? #lonePeak vs #stJosephs #HShoops https://t.co/oFapnXPATt,26,1,95,thekevincochran,Kevin Cochran,1061,500,6,2,2016
https://twitter.com/starboyjpg/status/695811951880867840,2016-02-06 03:31:11+00:00,695811951880867840,did they also find cheeto dust and mountain dew at the house https://t.co/epMQJhFuVl,2,0,8,starboyjpg,flynn the fungible token,701,551,6,2,2016
https://twitter.com/XoxoDejaa_/status/695807404546658304,2016-02-06 03:13:07+00:00,695807404546658304,PUT SOME COUGH SYRUP IN SOME MOUNTAIN DEW 😳💜🍼,1,0,0,XoxoDejaa_,PROBLEM’CHILD 🌸💕,3056,2639,6,2,2016
https://twitter.com/eb2408/status/695804842254663680,2016-02-06 03:02:56+00:00,695804842254663680,"""I need water"" ""O wait I don't I have Mountain Dew"" @MatthewD101603",1,0,3,eb2408,Evan,375,267,6,2,2016
https://twitter.com/cfiori42/status/695803420654051333,2016-02-06 02:57:17+00:00,695803420654051333,I had a sip of Mountain Dew,1,0,3,cfiori42,Clar,854,1103,6,2,2016
https://twitter.com/KyleKozmikDLuxO/status/695802874635403266,2016-02-06 02:55:07+00:00,695802874635403266,"Yes, put that Mountain Dew ad next to it. Make it uncool, like Facebook.",1,0,0,KyleKozmikDLuxO,∞ Kyle O ∞ 🪐 🌈 Webcomic Creator & Such,2025,2057,6,2,2016
https://twitter.com/iiBiiRD/status/695798468825055232,2016-02-06 02:37:36+00:00,695798468825055232,Xbox. Pizza. Chicken. Mountain Dew with water for a chaser. #PerfectFridayNight,1,0,5,iiBiiRD,T Bird,338,216,6,2,2016
https://twitter.com/KennyAndCrash/status/695797937620672512,2016-02-06 02:35:30+00:00,695797937620672512,What the freak is a #puppymonkeybaby? @AaronDonald97 is telling us on @foxsports910 right now. @MountainDew,1,0,1,KennyAndCrash,Kenny and Crash 🎤,4773,817,6,2,2016
https://twitter.com/Josh_Nieto/status/695797023606329344,2016-02-06 02:31:52+00:00,695797023606329344,I'm gonna come at you like a spider monkey. I'm all jacked up on Mountain Dew.,2,0,2,Josh_Nieto,Josh Nieto,195,303,6,2,2016
https://twitter.com/KennyAndCrash/status/695796963086721024,2016-02-06 02:31:37+00:00,695796963086721024,Suave isn't with us in SF or he might wet himself next. @AaronDonald97 from @RamsNFL is next to chat @MountainDew &amp; #PuppyMonkeyBaby,1,0,1,KennyAndCrash,Kenny and Crash 🎤,4773,817,6,2,2016
https://twitter.com/k_aitlynne/status/695796243960881152,2016-02-06 02:28:46+00:00,695796243960881152,I THREW A PILLOW AT HANNAH AND SPILLED HER MOUNTAIN DEW AND SHE THREW HER PHONE AT MY HEAD,1,1,4,k_aitlynne,Kaitlynn☀️,309,378,6,2,2016
https://twitter.com/jcgroovez/status/695791250490990592,2016-02-06 02:08:55+00:00,695791250490990592,My #DaftPunk drink! @Yoshi1up @VideoGameHeat @NeoGameSpark @JackDaniels_US @maliburumus @HennessyUS @MountainDew https://t.co/WVQmfl3L4r,3,0,6,jcgroovez,JCGROOVEZ🎧,1254,969,6,2,2016
https://twitter.com/nolanallan/status/695788040120352768,2016-02-06 01:56:10+00:00,695788040120352768,"""mountain dew"" is a beautiful phrase when you remove it from its cultural context",11,0,33,nolanallan,ambitious grotto,3769,894,6,2,2016
https://twitter.com/AaronDonald97/status/695784910565421056,2016-02-06 01:43:44+00:00,695784910565421056,Hanging with #puppymonkeybaby @MountainDew #ad https://t.co/1M7mTPNkQG,60,6,115,AaronDonald97,AD_99,146280,391,6,2,2016
https://twitter.com/BMarshall/status/695777455907348480,2016-02-06 01:14:07+00:00,695777455907348480,"Hey @MountainDew, know where I can get a #puppymonkeybaby? #ad https://t.co/elNNe7WgK2",11,2,63,BMarshall,BEAST,311642,9734,6,2,2016
https://twitter.com/TheLizDiaz/status/695775942732414976,2016-02-06 01:08:06+00:00,695775942732414976,That mountain dew puppy monkey baby commercial is so damn annoying,1,0,0,TheLizDiaz,LIZ,236,162,6,2,2016
https://twitter.com/Laurie_Ochoa/status/695755844923707392,2016-02-05 23:48:14+00:00,695755844923707392,Helen Mirren vs @amyschumer; @Doritos vs @MountainDew. @midwestspitfire passes judgement on #SB50 ads. You can too https://t.co/tiass5OUpM,2,0,3,Laurie_Ochoa,Laurie Ochoa,7610,2257,5,2,2016
https://twitter.com/LaLuchaNix/status/695753076007809024,2016-02-05 23:37:14+00:00,695753076007809024,They should put memorial flowers outside Walmart in loving memory of the dignity you loss coming in with your mountain dew pjs on,19,0,37,LaLuchaNix,Nix M,8214,4914,5,2,2016
https://twitter.com/kaceylinn/status/695745312955084800,2016-02-05 23:06:23+00:00,695745312955084800,"get cherry coke &amp; mountain dew too  "" anything of the princess ""  thank you 😒💁🏼",1,0,3,kaceylinn,ǝɔɐʞ,1256,2816,5,2,2016
https://twitter.com/Espngreeny/status/695743611934154752,2016-02-05 22:59:38+00:00,695743611934154752,.@MountainDew So now I have #puppymonkeybaby stuck in my head. #ad https://t.co/A3emXzWJ5N,4,4,42,Espngreeny,Mike Greenberg,1200038,453,5,2,2016
https://twitter.com/Dropkick_Games/status/695732405261463552,2016-02-05 22:15:06+00:00,695732405261463552,Hey everyone! @DrTableDesk  and I will be going live tomorrow around 230! Come have a @MountainDew with us at https://t.co/x9BiG5Rv54 !,1,0,0,Dropkick_Games,Dropkick Gaming,28,39,5,2,2016
https://twitter.com/mentalerase/status/695730360135639041,2016-02-05 22:06:58+00:00,695730360135639041,Thickened Mountain Dew #NewTacoBellSauces,5,0,13,mentalerase,magna,4226,1321,5,2,2016
https://twitter.com/MountainDew/status/695728616206921729,2016-02-05 22:00:02+00:00,695728616206921729,"@designtaxi #puppymonkeybaby is a combo of 3 awesome things – like Design, Art and Photography. #ArtsyPhotoDesign https://t.co/PyYd7PESdC",1,0,1,MountainDew,Mountain Dew®,762154,35642,5,2,2016
https://twitter.com/MountainDew/status/695728332047040512,2016-02-05 21:58:55+00:00,695728332047040512,@Fox26Mike We think it’s awesome. Happy #nationalweatherpersonsday #SunnySnowThunder #puppymonkeybaby https://t.co/Ljfoq0kcU3,1,0,2,MountainDew,Mountain Dew®,762154,35642,5,2,2016
https://twitter.com/TaraMarieRose_/status/695727376672493568,2016-02-05 21:55:07+00:00,695727376672493568,We're all currently doing the #PuppyMonkeyBaby!!!  @MountainDew https://t.co/Z9q5uh2Imq @TalithaSmadu @Jesse_Lozier @KelleyLueck,1,0,2,TaraMarieRose_,Tara Marie Rose,559,906,5,2,2016
https://twitter.com/MountainDew/status/695726847359913984,2016-02-05 21:53:01+00:00,695726847359913984,"@957thegame Thanks for the love from the ultimate morning team, #ChadJoLo #puppymonkeybaby https://t.co/RC407w6WpC",1,0,1,MountainDew,Mountain Dew®,762154,35642,5,2,2016
https://twitter.com/MountainDew/status/695726077696671744,2016-02-05 21:49:57+00:00,695726077696671744,@HollywoodLife Thanks for naming #puppymonkeybaby reigning champion of bizarre #SB50 spots. #MedalTrophyCrown https://t.co/JC9GmTiRyz,7,0,5,MountainDew,Mountain Dew®,762154,35642,5,2,2016
https://twitter.com/ProperDrinkRun/status/695723514364456960,2016-02-05 21:39:46+00:00,695723514364456960,Hijinx with @GETNITROD &amp; @MountainDew #Kickstart &amp; #MDBlackLabel &lt;-- great #pdr cc: @Maverik https://t.co/E4QA5QzV4O,1,0,3,ProperDrinkRun,PDR 🥤🍷🍹🍸🥃🍺🥛🍵🍾🍶☕️🍵,705,1217,5,2,2016
https://twitter.com/b0nerbegone/status/695722368157806593,2016-02-05 21:35:13+00:00,695722368157806593,Wtf Ryne has no Mountain Dew at his house why am I even over here I'm going home,1,0,3,b0nerbegone,top kek,37,317,5,2,2016
https://twitter.com/Hollywood_Luck/status/695720274378018816,2016-02-05 21:26:53+00:00,695720274378018816,Put sum cough syrup in a Mountain Dew,1,0,1,Hollywood_Luck,Hollywood Luck,8242,991,5,2,2016
https://twitter.com/stuarthorrex/status/695718543598428160,2016-02-05 21:20:01+00:00,695718543598428160,And Coca Cola was made from the Coca Leaf #AhTheGoodOldDays »» Mountain Dew Once Had Ties to Moonshine https://t.co/VZiKmxLj1J,1,0,0,stuarthorrex,Stuart Horrex,4598,3004,5,2,2016
https://twitter.com/AaronTyde/status/695716089007837184,2016-02-05 21:10:16+00:00,695716089007837184,"Who would you rather have as president? RT for Dwayne Elizondo Mountain Dew Herbert Comacho, like for Trump. https://t.co/DFJo7HZJUK",1,1,0,AaronTyde,Aaron Farris,494,238,5,2,2016
https://twitter.com/MindLifeFacts/status/695714020934942721,2016-02-05 21:02:02+00:00,695714020934942721,Mountain Dew was originally made to be mixed with whiskey.,2,0,1,MindLifeFacts,Mind Blowing Facts,12018,13202,5,2,2016
https://twitter.com/ProperDrinkRun/status/695709908973412352,2016-02-05 20:45:42+00:00,695709908973412352,May have had a little too much fun with @GETNITROD &amp; #MDBlackLabel cc: @Maverik @MountainDew https://t.co/85rxhXC455,1,1,2,ProperDrinkRun,PDR 🥤🍷🍹🍸🥃🍺🥛🍵🍾🍶☕️🍵,705,1217,5,2,2016
https://twitter.com/lamontcobb/status/695702856796606468,2016-02-05 20:17:41+00:00,695702856796606468,"😂😂 yes. RT @Nay_Elle_: Been to sleep, yet?-----&gt; @lamontcobb I drank a whole 2 litre Mountain Dew last night. Cold and good af",1,1,0,lamontcobb,Cobb,252,231,5,2,2016
https://twitter.com/mekanism/status/695697314464321537,2016-02-05 19:55:39+00:00,695697314464321537,What happens when you combine 3 awesome things? @d_TRIX + @mattsteffanina + @MountainDew = NAAD8! #puppymonkeybaby https://t.co/wK7GUDtcRV,6,0,84,mekanism,Mekanism,8216,1295,5,2,2016
https://twitter.com/YoMeAng/status/695694142433845248,2016-02-05 19:43:03+00:00,695694142433845248,Saw the new flavors while shopping and got so excited!Gotta try them all!! @MountainDew @d_TRIX #DewTrix #KickStart https://t.co/CpVSOBiVsR,3,1,39,YoMeAng,Angela,1716,679,5,2,2016
https://twitter.com/11thGorgeous/status/695682389004197888,2016-02-05 18:56:21+00:00,695682389004197888,This is awesome and terrifying at the same time! @MountainDew #puppymonkeybaby  https://t.co/OLtYiCYCrn,1,0,28,11thGorgeous,eleventhgorgeous,161697,472,5,2,2016
https://twitter.com/welcometoJSM/status/695681874295971840,2016-02-05 18:54:18+00:00,695681874295971840,@MountainDew tastes better in a @journey_stumin cup https://t.co/QyVxKS85wl,1,0,0,welcometoJSM,#JSM,59,88,5,2,2016
https://twitter.com/Applebees/status/695681526420254720,2016-02-05 18:52:55+00:00,695681526420254720,@aclarkcountry @MountainDew @janson_chris Love us some Dew...and some Chris Janson. #LiveLunch ~ARA,3,1,6,Applebees,Applebee's Grill + Bar,599114,288,5,2,2016
https://twitter.com/shafiqulhasan81/status/695678670808215557,2016-02-05 18:41:34+00:00,695678670808215557,#DEWmocracy – #MountainDew Launches 3 Flavors - #Campaign Review https://t.co/fzMtO7UTBB #DoTheDew https://t.co/t0QPzN9lJY,2,0,5,shafiqulhasan81,Scheff ✏🎬🎸🥁📚,24836,18451,5,2,2016
https://twitter.com/LaidiesmanVega/status/695670417533435904,2016-02-05 18:08:47+00:00,695670417533435904,Trading this dude my bag of Ruffles for a Mountain Dew . People are so cool .,1,0,0,LaidiesmanVega,cesar 💒,391,485,5,2,2016
https://twitter.com/blaketlewis/status/695668254665216000,2016-02-05 18:00:11+00:00,695668254665216000,@Lordunger @MountainDew this is one of those things i can never unsee,1,0,2,blaketlewis,broseph bye-den,336,238,5,2,2016
https://twitter.com/Arkieos/status/695660444791472128,2016-02-05 17:29:09+00:00,695660444791472128,@Ender31x wear a DA shirt while drinking Mountain Dew,1,0,4,Arkieos,Ark,49,424,5,2,2016
https://twitter.com/The_Fort_/status/695657369657700352,2016-02-05 17:16:56+00:00,695657369657700352,The man loves his @MountainDew #dewposeonpoint @DomVeurink https://t.co/lWvxzd124L,1,0,1,The_Fort_,TheFortDesignStudio,169,180,5,2,2016
https://twitter.com/Espngreeny/status/695654719205707777,2016-02-05 17:06:24+00:00,695654719205707777,Hats off @MountainDew for creating the most curiously awesome character for the big game. #puppymonkeybaby #ad Link: https://t.co/kDDyU8WjeS,41,10,76,Espngreeny,Mike Greenberg,1200038,453,5,2,2016
https://twitter.com/BBDOWorldwide/status/695649064612978692,2016-02-05 16:43:56+00:00,695649064612978692,"""I challenge you to get the phrase #puppymonkeybaby out of your head;"" @RobertsonAndrew @SquawkCNBC @MountainDew https://t.co/1ptPGoiO4E",8,0,20,BBDOWorldwide,BBDO Worldwide,130384,580,5,2,2016
https://twitter.com/Mrhappy1227/status/695648693383397376,2016-02-05 16:42:27+00:00,695648693383397376,Its moments like this when I wish Mountain Dew didn't have enough money to shove this Puppy-Monkey-Baby commercial in face.,3,0,6,Mrhappy1227,Mrhappy1227,44165,967,5,2,2016
https://twitter.com/86FiveOhRawks/status/695645407964037120,2016-02-05 16:29:24+00:00,695645407964037120,"Got my Hand Truck, Van, Cargo Straps and Mountain Dew.  Lets go grab a game! #retrogaming #arcadegaming https://t.co/7bDLkEDGbI",7,2,7,86FiveOhRawks,Hill Brothers Arcade,3753,4997,5,2,2016
https://twitter.com/The_Chad_42/status/695642291235475457,2016-02-05 16:17:01+00:00,695642291235475457,I'm a officially a fan of @MountainDew Super Bowl Commercial featuring the Puppy Monkey Baby! #puppymonkeybaby,3,1,1,The_Chad_42,Chad Henry,38,273,5,2,2016
https://twitter.com/rachetzJeff/status/695640848252301314,2016-02-05 16:11:17+00:00,695640848252301314,@MountainDew competition is over. Puppy-Monkey-Baby wins SB 50. Looking forward to the alternate versions!,2,1,3,rachetzJeff,JPCek,52,56,5,2,2016
https://twitter.com/MountainDew/status/695637236780552194,2016-02-05 15:56:56+00:00,695637236780552194,"@SteadyJalen Isn't he awesome? Mind sending us a DM, dude?",1,0,2,MountainDew,Mountain Dew®,762154,35642,5,2,2016
https://twitter.com/tomatoes_ebooks/status/695635932062621696,2016-02-05 15:51:45+00:00,695635932062621696,"I regularly do enemas biweekly. That's twice per month btw. A pro tip though, I find it more cleansing to use mountain dew instead of coffee",1,0,0,tomatoes_ebooks,🐦,568,10,5,2,2016
https://twitter.com/Savannavilla24/status/695627000946384897,2016-02-05 15:16:15+00:00,695627000946384897,@SteadyJalen @MountainDew monkey puppy 🐒🐶,1,1,1,Savannavilla24,savanna villanueva,667,443,5,2,2016
https://twitter.com/Savannavilla24/status/695626777532583936,2016-02-05 15:15:22+00:00,695626777532583936,@SteadyJalen @MountainDew why you weirdo?😂😂,1,1,1,Savannavilla24,savanna villanueva,667,443,5,2,2016
https://twitter.com/Jake_Lionheart/status/695617149834887172,2016-02-05 14:37:07+00:00,695617149834887172,"HELL NO!!!! This is something you kill in Dark Souls, not a damn spokesperson for Ambrosia. #mountaindew #DARKSOULS https://t.co/xgUNaVWKC8",1,0,1,Jake_Lionheart,Jake Lionheart,783,399,5,2,2016
https://twitter.com/lindseymarie54/status/695614786818568193,2016-02-05 14:27:43+00:00,695614786818568193,Really want a taco and a cold Mountain Dew..... 😫,1,0,0,lindseymarie54,Lindss 🍯,3066,3373,5,2,2016
https://twitter.com/SolidCuts13/status/695612567167762432,2016-02-05 14:18:54+00:00,695612567167762432,Mountain Dew in the mornings. I don't do no coffee.,1,0,2,SolidCuts13,Seth Allen,510,374,5,2,2016
https://twitter.com/NPetallides/status/695610211764215808,2016-02-05 14:09:32+00:00,695610211764215808,"wahhh!!! #puppymonkeybaby #mountaindew dew juice &amp; caffeine! love this commercial, yes I ""bopped a bit"" It's catchy! https://t.co/Ml9HzGaiUb",2,1,5,NPetallides,Nicole Petallides,25868,340,5,2,2016
https://twitter.com/NBC5photog/status/695598331951591426,2016-02-05 13:22:20+00:00,695598331951591426,Ladies &amp; gentlemen here is @MountainDew 's 2016 #SB50 commercial #PuppyMonkeyBaby 🐶🐒🚼 https://t.co/D9SrgMlGk0 https://t.co/Mo42035IDh,1,1,0,NBC5photog,Nefty Gonzalez,2274,1302,5,2,2016
https://twitter.com/MogulFlan/status/695594338307481604,2016-02-05 13:06:28+00:00,695594338307481604,@twinszn6 @Official80gritt @MountainDew he love this commercial lol,1,1,0,MogulFlan,The Big F,902,695,5,2,2016
https://twitter.com/thatboiilee/status/695591355347656704,2016-02-05 12:54:37+00:00,695591355347656704,Cough syrup and some mountain dew,1,0,1,thatboiilee,RVMIRXZ,266,617,5,2,2016
https://twitter.com/MountainDewIn/status/695589673985413120,2016-02-05 12:47:56+00:00,695589673985413120,"Mountain Dew is proud to be the official courage partner for @indiabikeweek, Goa.   https://t.co/qZ1eTKsJUw https://t.co/KL7dIsPaLk",1,0,2,MountainDewIn,Mountain Dew India,28173,239,5,2,2016
https://twitter.com/eli08039/status/695588579368693760,2016-02-05 12:43:35+00:00,695588579368693760,Mountain Dew the Right Thing  Brokeback Mountain Dew #LiquidOnlyMovieOrActor,1,0,2,eli08039,KingNothing,201,242,5,2,2016
https://twitter.com/krystanoell/status/695587534009733121,2016-02-05 12:39:26+00:00,695587534009733121,there's so many Mountain Dew flavors that i just didn't know about,1,0,8,krystanoell,krysta,1166,798,5,2,2016
https://twitter.com/MavrckCo/status/695584162116284416,2016-02-05 12:26:02+00:00,695584162116284416,How are these #comeback brands driving engagement before #SB50? #BattleOfTheBrands @TacoBell @MountainDew @Acura https://t.co/3Id7Iyev2w,2,0,1,MavrckCo,Mavrck,1582,980,5,2,2016
https://twitter.com/WorId_Science/status/695568057939447809,2016-02-05 11:22:02+00:00,695568057939447809,Mountain Dew was made to be mixed with whiskey.,1,0,2,WorId_Science,World and Science,1257,912,5,2,2016
https://twitter.com/fvxxkYouMean/status/695545521348485120,2016-02-05 09:52:29+00:00,695545521348485120,Mountain Dew is the worst soda known to man #LoyalEmpire,1,0,1,fvxxkYouMean,King of Virgos,193,260,5,2,2016
https://twitter.com/supatkelli/status/695517180020936704,2016-02-05 07:59:52+00:00,695517180020936704,i want a mountain dew https://t.co/ykdQi6zI2r,6,5,50,supatkelli,❥keℓℓi beℓℓi♛,31197,848,5,2,2016
https://twitter.com/casualpants/status/695516788403011584,2016-02-05 07:58:19+00:00,695516788403011584,*listens to Hollywood Undead* Bro my mom can't tell me what to do now that I'm going to highschool *Chugs mountain dew*,4,0,3,casualpants,Sage,240,155,5,2,2016
https://twitter.com/final_prayers/status/695508292395597824,2016-02-05 07:24:33+00:00,695508292395597824,i'm drinkin' a mountain dew pla-past midnight. i'm not gonna be able to sleep tonight! haha. i don't give a shit,1,1,1,final_prayers,zeke.,489,1790,5,2,2016
https://twitter.com/madiddymadiddy/status/695499889237602305,2016-02-05 06:51:10+00:00,695499889237602305,@tvodika81 @MountainDew great now I'm gonna have nightmares😂😭😂😭😂😭😂😭,1,1,1,madiddymadiddy,madiddy,337,5,5,2,2016
https://twitter.com/CharlieLutwen/status/695499143029063680,2016-02-05 06:48:12+00:00,695499143029063680,"""want this Mountain Dew""  Indian: ""no I don't want to smell your boob""",1,0,3,CharlieLutwen,charlie lutwen,438,302,5,2,2016
https://twitter.com/Oregonian/status/695494641278386176,2016-02-05 06:30:18+00:00,695494641278386176,Watch: Mountain Dew's odd 'Puppymonkeybaby' #SuperBowl 50 commercial. Creepy or kinda cute?  https://t.co/5HbpQD8dfU https://t.co/FJkGKEbCfF,5,0,3,Oregonian,The Oregonian,396921,1210,5,2,2016
https://twitter.com/tre_pound/status/695490204514283521,2016-02-05 06:12:40+00:00,695490204514283521,Pour some cough syrup in a Mountain Dew you will never see what I go thru,1,0,0,tre_pound,Suckafree Tredo,473,531,5,2,2016
https://twitter.com/_xSheGotDatBOMB/status/695489890914537473,2016-02-05 06:11:26+00:00,695489890914537473,That Mountain Dew Was Everything 🙌🏾🙌🏾,1,0,0,_xSheGotDatBOMB,Brittany Shanea’ 💕,726,499,5,2,2016
https://twitter.com/_ThatsAj_/status/695485433640124422,2016-02-05 05:53:43+00:00,695485433640124422,IM ALL JACKED UP ON MOUNTAIN DEW!!!!!,1,0,1,_ThatsAj_,mugiwara 🉑,168,213,5,2,2016
https://twitter.com/__jasminerenae/status/695478168535216128,2016-02-05 05:24:51+00:00,695478168535216128,I'm addicted to Mountain Dew.,1,0,1,__jasminerenae,Jas,15411,13852,5,2,2016
https://twitter.com/ChicagoShaun/status/695470289837289472,2016-02-05 04:53:32+00:00,695470289837289472,#BernieTeethColorNames Stale Mountain Dew,2,0,1,ChicagoShaun,🇺🇸ChicagoShaun🇺🇦,61,33,5,2,2016
https://twitter.com/danielauroraa/status/695454943969484801,2016-02-05 03:52:34+00:00,695454943969484801,Diet Mountain Dew baby New York City,1,0,0,danielauroraa,dani,697,262,5,2,2016
https://twitter.com/BDP_Birmingham/status/695450396232265729,2016-02-05 03:34:29+00:00,695450396232265729,@Buffalo_Rock @UAB_MBB @UABathletics @MountainDew winning that package would be the single best thing to ever happen to me. I love #MD &amp; UAB,1,0,3,BDP_Birmingham,Brandon,231,128,5,2,2016
https://twitter.com/AnnieHeffley/status/695448349936373761,2016-02-05 03:26:22+00:00,695448349936373761,"Drank whole a can of Mountain Dew, yell-sang the entire way home, and could NOT be more excited to do a TON of homework",1,0,8,AnnieHeffley,Annelise,575,641,5,2,2016
https://twitter.com/BadKidPipes/status/695448251500081153,2016-02-05 03:25:58+00:00,695448251500081153,When you have a chicken dance brain but still want to sell Mountain Dew for a living https://t.co/LGsxZvjqYZ,1,0,7,BadKidPipes,LORD CHUB 🦍🐔,279,240,5,2,2016
https://twitter.com/MrNightfoxx/status/695445634896285697,2016-02-05 03:15:34+00:00,695445634896285697,@MountainDew PUPPYMONKEYBABY and Kickstart is the best thing since cinnamon raisin bread. Lol I had a question for you guys. Can we dm?,1,0,1,MrNightfoxx,NightFoxx,79412,722,5,2,2016
https://twitter.com/kedraaa14/status/695445009470861313,2016-02-05 03:13:05+00:00,695445009470861313,*extra large box of pepperoni pizza w/ a Mountain Dew  https://t.co/0MJQy4HuZL,1,1,2,kedraaa14,Ke😻,585,307,5,2,2016
https://twitter.com/wx_will/status/695443759866089475,2016-02-05 03:08:07+00:00,695443759866089475,"Friday is National Weatherpersons Day.Just saying, the @ABC13Wx Experts enjoy.. @MountainDew , @MelloYello @Starbucks , and any baked good.",1,3,5,wx_will,𝐖𝐢𝐥𝐥 𝐒𝐭𝐚𝐟𝐟𝐨𝐫𝐝,2778,1126,5,2,2016
https://twitter.com/SmithsonianMag/status/695441846739169283,2016-02-05 03:00:31+00:00,695441846739169283,"Do the Dew: The phrase ""mountain dew"" was actually slang for mountain-brewed moonshine. https://t.co/zDczDQfxtp https://t.co/csiuEHXdnB",14,0,18,SmithsonianMag,Smithsonian Magazine,314727,737,5,2,2016
https://twitter.com/dumbnewyorker/status/695441532124418048,2016-02-05 02:59:16+00:00,695441532124418048,I don't trust anyone who drinks copious amounts of Mountain Dew,1,0,3,dumbnewyorker,Dana,178,139,5,2,2016
https://twitter.com/MountainDew/status/695439962422968320,2016-02-05 02:53:02+00:00,695439962422968320,@klgandhoda Here’s another combo just for you. The ultimate Happy Hour Tool: #GlassCorkscrewStopper #puppymonkeybaby https://t.co/j1Sgb2RdE2,4,1,5,MountainDew,Mountain Dew®,762154,35642,5,2,2016
https://twitter.com/TinyPlebian/status/695438517401292803,2016-02-05 02:47:17+00:00,695438517401292803,*360 no scopes nalu while drinking Mountain Dew and eating doritos*,1,0,1,TinyPlebian,The Tom Brady of Baseball,2109,101,5,2,2016
https://twitter.com/Buffalo_Rock/status/695434539045416960,2016-02-05 02:31:29+00:00,695434539045416960,RT a 📸 of ur #UAB pride &amp;follow 2win #tickets 4 SAT @UAB_MBB Game. Use #Blockingham @UABathletics @MountainDew https://t.co/v8Jx7p1Avp,5,2,5,Buffalo_Rock,BuffaloRockCompany,1198,661,5,2,2016
https://twitter.com/rollers_studio/status/695428988215234563,2016-02-05 02:09:25+00:00,695428988215234563,Is this erie stoner visuals are what sells soda now?  https://t.co/nTJjrIZJ0I #marketing #nowadays #strange #weird #mountaindew #creepy,3,1,2,rollers_studio,Joe-masaro-Gianoglio,1100,1705,5,2,2016
https://twitter.com/mike_solid10/status/695428498840645636,2016-02-05 02:07:29+00:00,695428498840645636,If you say you don't like Mountain Dew to sound healthy quit playing yourself,1,0,1,mike_solid10,Michael,397,267,5,2,2016
https://twitter.com/rinnya_ebooks/status/695428092202889216,2016-02-05 02:05:52+00:00,695428092202889216,"Teacher: ""Rin stop drinking Mountain Dew in class you're not allowed"" Me: *drinks Mountain Dew while staring teacher directly in the eyes*",4,0,3,rinnya_ebooks,rin-chan,1256,29,5,2,2016
https://twitter.com/adsoftheworld/status/695416328312631297,2016-02-05 01:19:07+00:00,695416328312631297,Ad went viral: Mountain Dew Kickstart: Puppymonkeybaby https://t.co/ieNa4MrjYN https://t.co/jiRxvrxMky,2,0,0,adsoftheworld,Ads of the World™,205677,62816,5,2,2016
https://twitter.com/KatieAllison7/status/695408115966017540,2016-02-05 00:46:29+00:00,695408115966017540,@Destiny_Tidwell remember when you chugged a Mountain Dew &amp; puked,1,1,1,KatieAllison7,Katie Allison,317,297,5,2,2016
https://twitter.com/LeoJayyy/status/695405767457796096,2016-02-05 00:37:09+00:00,695405767457796096,"""I'm all jacked up on Mountain Dew""😂😂😂😂",1,1,2,LeoJayyy,Chris7️⃣,325,383,5,2,2016
https://twitter.com/ibarguen/status/695401876116770816,2016-02-05 00:21:41+00:00,695401876116770816,". @MountainDew's PuppyMonkeyBaby #SuperBowl is ad weird, goes viral. https://t.co/RQCa3xX8k8",2,0,1,ibarguen,Alberto Ibarguen,13058,2610,5,2,2016
