url,Datetime,Tweet Id,Text,Retweet Count,Reply Count,Like Count,Username,Display Name,Followers Count,Friends Count,Day,Month,Year
https://twitter.com/PredsEnergy/status/828024805236563968,2017-02-04 23:37:52+00:00,828024805236563968,"@PredsNHL fans, get to #DETvsNSH early to get a free ride &amp; free @budlight on our new @nashpedaltavern Pred-al Tavern ! #Predal #HockeyLuv https://t.co/yTn68hYGLe",1,0,5,PredsEnergy,Preds Energy Team,4963,382,4,2,2017
https://twitter.com/breckenridgemtn/status/828015491641901057,2017-02-04 23:00:51+00:00,828015491641901057,Exclusive/free entry party for Pass Holders only at the River Walk Center on Feb 10. Drinks and Event thks to @budlight #BreckBreak #Breck https://t.co/d0GuRrxDcb,4,0,4,breckenridgemtn,Breckenridge Resort,73070,1864,4,2,2017
https://twitter.com/Avalanche/status/828012361999073281,2017-02-04 22:48:25+00:00,828012361999073281,"Tonight’s @BudLight #Avs3Stars: 🌟: Iginla - 1g, 1a ⭐️⭐️: Lowry (WPG) - 2g ✨  ✨  ✨: Duchene - 3a",13,6,68,Avalanche,Colorado Avalanche,628450,1268,4,2,2017
https://twitter.com/feralgear/status/828009339403243520,2017-02-04 22:36:24+00:00,828009339403243520,SAVE WATER DRINK BEER  Buy @ https://t.co/vs6uaNlcBn  #beer #beerme #drinks #beeroclock #beertime #budlight #ale https://t.co/C3ejDfx458,1,0,1,feralgear,Feral Gear Designs™,3218,10170,4,2,2017
https://twitter.com/budlight/status/828008114003832833,2017-02-04 22:31:32+00:00,828008114003832833,"I’m hanging out on @twitter, so hit me up if you want to catch up or hear about the secret dip recipe I'm digging up for Sunday night. https://t.co/Ggmvh56789",16,9,51,budlight,Bud Light,265047,254,4,2,2017
https://twitter.com/Jeremy_Danner/status/828007211729293312,2017-02-04 22:27:57+00:00,828007211729293312,"This commercial is awesome, but @budlight's replies to the haters are awesomer. Lighten up, beer snobs. https://t.co/tXDfdXKKOS",2,3,4,Jeremy_Danner,Jeremy Danner,18864,3429,4,2,2017
https://twitter.com/Rondalion421/status/828003039994847232,2017-02-04 22:11:22+00:00,828003039994847232,Budlight break. @DJCurtieD,1,0,1,Rondalion421,Ron Sealey,111,157,4,2,2017
https://twitter.com/kowi91/status/827999548530364416,2017-02-04 21:57:30+00:00,827999548530364416,@davejsports @WashWizards @GCtalks @budlight Sure! 🇵🇱🇺🇸Polish heritage night! #Hammertime 🔨🔨🔨,1,0,2,kowi91,Mateusz Kowalczyk,161,779,4,2,2017
https://twitter.com/budlight/status/827996563121246208,2017-02-04 21:45:38+00:00,827996563121246208,@tweetmix Anything is pawsible. https://t.co/dlQlKorZXu,1,0,4,budlight,Bud Light,265047,254,4,2,2017
https://twitter.com/MikeVanderbilt/status/827986758503632897,2017-02-04 21:06:41+00:00,827986758503632897,"Hey, @budlight, why didn't you tell me? https://t.co/o1UikMiTiB",2,0,1,MikeVanderbilt,Chicago’s Best Bartender,38498,13477,4,2,2017
https://twitter.com/HeyBeerDan/status/827981037217144833,2017-02-04 20:43:57+00:00,827981037217144833,"The final #Superbowl beer score: @MichelobULTRA-1, @Budweiser, @budlight, @BuschBeer-0. https://t.co/1piXSzqkiY https://t.co/Sb5w0P3vHk",2,0,3,HeyBeerDan,Hey Beer Dan,284,62,4,2,2017
https://twitter.com/PhilBurgerPatch/status/827980965796474880,2017-02-04 20:43:40+00:00,827980965796474880,Limited Standing Room tix in the @budlight Junction for tonight's @SacramentoKings game vs. @Warriors now on sale https://t.co/Mio1dYsQTi https://t.co/mFjahTuXYT,6,0,14,PhilBurgerPatch,Phil Horn,2723,155,4,2,2017
https://twitter.com/budlight/status/827979671174123520,2017-02-04 20:38:31+00:00,827979671174123520,"@Dan_Adams86 The most epic friendships are the ones that include Bud Light. Here's to the start of many great memories, Dan! https://t.co/z06grsQcR7",1,1,7,budlight,Bud Light,265047,254,4,2,2017
https://twitter.com/BigHatPosse/status/827977071913746432,2017-02-04 20:28:11+00:00,827977071913746432,@OvedCarranza @budlight @VICESports @ultimatefantime @OlSkoolTxns90 @Crazy_Chains @EFlower01 don't drink the house,1,0,2,BigHatPosse,Downtown Dave,1165,1879,4,2,2017
https://twitter.com/OvedCarranza/status/827976065347944449,2017-02-04 20:24:11+00:00,827976065347944449,Squad at the #beercanhouse with @budlight N @VICESports #WeAreTexans #SB51 @ultimatefantime @OlSkoolTxns90 @Crazy_Chains @EFlower01 https://t.co/0duQyYPY21,3,1,5,OvedCarranza,Oved / OMASCARAS,652,1571,4,2,2017
https://twitter.com/TheConey1/status/827973554624950272,2017-02-04 20:14:13+00:00,827973554624950272,"@DJPDope gonna pack the house tonight.  Prizes &amp; giveaways from the great taste that won't fill you up, but never let you down #Budlight https://t.co/VbcA0PiaNs",5,0,0,TheConey1,The Coney,3039,237,4,2,2017
https://twitter.com/loripope6464/status/827972464466489345,2017-02-04 20:09:53+00:00,827972464466489345,Check out Bud Light Spuds Mackenzie Winter USA Ice Games Pilsner Beer Glass 1987 #BudLight https://t.co/5GcTHEI15L via @eBay,9,0,1,loripope6464,Lori A Pope,1039,1133,4,2,2017
https://twitter.com/budlight/status/827972094243659776,2017-02-04 20:08:24+00:00,827972094243659776,@Dan_Adams86 A real friend would be grabbing the next round of Bud Light instead of talking to brands on the internet.,8,2,33,budlight,Bud Light,265047,254,4,2,2017
https://twitter.com/budlight/status/827968929846980608,2017-02-04 19:55:50+00:00,827968929846980608,@Dan_Adams86 But then what would we tweet about?,1,1,10,budlight,Bud Light,265047,254,4,2,2017
https://twitter.com/TashaRozez/status/827966125409497088,2017-02-04 19:44:41+00:00,827966125409497088,Bout BudLight 😂😂... dem jus a learn bout it ... Big up 100 jamz Radio #newbudlightModels #LYS… https://t.co/pVDGD2G3og,1,0,1,TashaRozez,TashaRozez GunznRozez,3147,920,4,2,2017
https://twitter.com/SpankyNVegas/status/827961217272541184,2017-02-04 19:25:11+00:00,827961217272541184,How awesome would it be to go to #UFC209!? Pick me @terribleherbst! #budlight https://t.co/qFkzHeKY37,1,0,2,SpankyNVegas,Mark Kalling,145,1271,4,2,2017
https://twitter.com/hufco60/status/827960773381079041,2017-02-04 19:23:25+00:00,827960773381079041,@toddwhaines @gigirules7 @budlight I like the doberhuahua. ;-D,1,0,1,hufco60,B. Winfield...,1852,1677,4,2,2017
https://twitter.com/infatuation/status/827958275480096768,2017-02-04 19:13:30+00:00,827958275480096768,Show us your best @budlight game-day spreads and use #FRIEEEEENDS for a RT. #ad https://t.co/MagZdJqRjh,23,2,21,infatuation,The Infatuation,70313,222,4,2,2017
https://twitter.com/Ace_Metrix/status/827958081355079680,2017-02-04 19:12:43+00:00,827958081355079680,"This ""Spuds"" for you! @budlight departs from politics &amp; comedians in favor of a retro icon for #SB51. Ace scores to come... #SuperBowl2017 https://t.co/8WjgFW2Dd0",1,0,0,Ace_Metrix,Ace Metrix | an iSpot company,1322,1314,4,2,2017
https://twitter.com/gigirules7/status/827955850857873408,2017-02-04 19:03:52+00:00,827955850857873408,#WGIGNews You had me at Beer Pong @budlight ! https://t.co/hqJR1ryR7G,5,1,9,gigirules7,Regina Spacola,95965,90407,4,2,2017
https://twitter.com/Dan_Adams86/status/827955758780260352,2017-02-04 19:03:30+00:00,827955758780260352,".@budlight That way, no one has to drink Bud Light. #twobirdsonestone",1,2,5,Dan_Adams86,Dan Adams,10673,8453,4,2,2017
https://twitter.com/Dan_Adams86/status/827955623325204480,2017-02-04 19:02:57+00:00,827955623325204480,".@budlight Or maybe the ad agency people should put down their Bud Lights, add ""no"" back to their vocabulary, and learn to write.",1,2,12,Dan_Adams86,Dan Adams,10673,8453,4,2,2017
https://twitter.com/budlight/status/827952712952090624,2017-02-04 18:51:24+00:00,827952712952090624,@Dan_Adams86 You should grab some Bud Lights and make friends with some ad agency people to let them know!,2,4,28,budlight,Bud Light,265047,254,4,2,2017
https://twitter.com/budlight/status/827951138066423808,2017-02-04 18:45:08+00:00,827951138066423808,@Gaming_DoA @VanillaCremes That's what I'm talking about. Happy Birthday friend!,1,1,2,budlight,Bud Light,265047,254,4,2,2017
https://twitter.com/Dan_Adams86/status/827951112288362497,2017-02-04 18:45:02+00:00,827951112288362497,".@budlight it is I, an alive person who knows basic grammar. I'm back, and I've got an important message: it's '80s, not 80's.",2,5,19,Dan_Adams86,Dan Adams,10673,8453,4,2,2017
https://twitter.com/budlight/status/827950170868310016,2017-02-04 18:41:17+00:00,827950170868310016,@gigirules7 Classic. Check out Bud Light's new ad that I'm starring in! https://t.co/h7LTcwDBnm,2,0,1,budlight,Bud Light,265047,254,4,2,2017
https://twitter.com/gigirules7/status/827949842672603137,2017-02-04 18:39:59+00:00,827949842672603137,#WGIGNews I could watch the @budlight Pac Man commercial over and over again. Loved it! https://t.co/YWFoAthhKP,4,2,9,gigirules7,Regina Spacola,95965,90407,4,2,2017
https://twitter.com/budlight/status/827948553603424256,2017-02-04 18:34:52+00:00,827948553603424256,@Gaming_DoA @VanillaCremes First round is on me 😎,1,1,1,budlight,Bud Light,265047,254,4,2,2017
https://twitter.com/budlight/status/827948426683830272,2017-02-04 18:34:22+00:00,827948426683830272,@TBerola1212 I'll have my people call your people and we'll make it happen.,1,1,1,budlight,Bud Light,265047,254,4,2,2017
https://twitter.com/budlight/status/827944586039349248,2017-02-04 18:19:06+00:00,827944586039349248,@msfgabe13 Right back atcha! How about we grab a round of Bud Lights soon?,1,1,0,budlight,Bud Light,265047,254,4,2,2017
https://twitter.com/budlight/status/827936057123418112,2017-02-04 17:45:12+00:00,827936057123418112,@DinaJ @pbiabamrak Does that mean we can go on walks and drink Bud Light together now? 😃,1,2,2,budlight,Bud Light,265047,254,4,2,2017
https://twitter.com/DinaJ/status/827935234670878721,2017-02-04 17:41:56+00:00,827935234670878721,@budlight @pbiabamrak Aww! Cute Spuds Ghost!,1,1,1,DinaJ,Dina,18129,16894,4,2,2017
https://twitter.com/budlight/status/827934735783452672,2017-02-04 17:39:57+00:00,827934735783452672,@DinaJ @pbiabamrak Good friends and Bud Light are all man's best friend needs. See me in action with my man Brian! https://t.co/h7LTcwDBnm,2,1,2,budlight,Bud Light,265047,254,4,2,2017
https://twitter.com/929TheGame/status/827932885659291648,2017-02-04 17:32:36+00:00,827932885659291648,Come to Brian &amp;I Tom's in Dallas! We're giving away a Matt Ryan auto football and @budlight neon… https://t.co/9I0JuwRqq2,2,0,3,929TheGame,92.9 The Game,39764,470,4,2,2017
https://twitter.com/BobbysPlaceYYC/status/827932184199598080,2017-02-04 17:29:49+00:00,827932184199598080,"#SUPERBOWL SUNDAY!!! Come join us for Super Bowl on our big screen! Enjoy our #tailgate menu, $5 #BudLight, and prizes to be won!! https://t.co/arYkS9X5YJ",1,0,1,BobbysPlaceYYC,Bobby's Place,48,17,4,2,2017
https://twitter.com/SpotBowl/status/827927277858078721,2017-02-04 17:10:19+00:00,827927277858078721,"Spuds MacKenzie is back - well, his ghost - for @budlight 's game day #ad and we're getting all the feels: https://t.co/oE2jsIakFr.",1,1,0,SpotBowl,SpotBowl,401,1006,4,2,2017
https://twitter.com/jspeedymorris22/status/827921250383179776,2017-02-04 16:46:22+00:00,827921250383179776,The Voice of #SpudsMacKenzie in new @BudLight #SuperBowl #Commercial #SpudsGhost #BudLight… https://t.co/Nrj5UGq8hY https://t.co/tv86njf7QA,1,0,3,jspeedymorris22,Joe Morris,3765,2777,4,2,2017
https://twitter.com/StreetLacedDJs/status/827917314834231296,2017-02-04 16:30:44+00:00,827917314834231296,Catch #StreetLacedDJs own @DJEkin rockin the @budlight Party Deck tonight at @AmalieArena for @TBLightning vs @AnaheimDucks 7pm! #GoBolts⚡️ https://t.co/wkhD2RCOsL,3,0,1,StreetLacedDJs,Street Laced DJs,1584,1507,4,2,2017
https://twitter.com/BedfordBnB/status/827910120998842368,2017-02-04 16:02:09+00:00,827910120998842368,"#SuperBowl specials on small &amp; medium build your own Pizzas, jumbo wings &amp; #beer @WhiteStreetBrew @loneriderbeer @bigbossbeer @budlight https://t.co/0DaSjLEFH6",1,0,3,BedfordBnB,BistroRIFIC,1023,1144,4,2,2017
https://twitter.com/DetroitPistons/status/827908827592921088,2017-02-04 15:57:00+00:00,827908827592921088,Marcus and Jon filled up the stat sheet. Plenty of good stats can be found in the @budlight breakdown from the win. #DetroitBasketball https://t.co/XmkTUPttbN,12,0,29,DetroitPistons,Detroit Pistons,1065772,11094,4,2,2017
https://twitter.com/RootsofCreation/status/827898183833550848,2017-02-04 15:14:43+00:00,827898183833550848,"MAINE: #RoCnRide with us at @SugarloafMaine tonight! 9pm at the Widowmaker ""Halfway to #budlight… https://t.co/90O7xw1QSi",2,0,1,RootsofCreation,Roots of Creation (RoC) ☠️,12198,12805,4,2,2017
https://twitter.com/abc13houston/status/827841634855481347,2017-02-04 11:30:00+00:00,827841634855481347,Lucky Lyle! He won #SuperBowl tickets for LIFE after winning the golden @budlight ticket. https://t.co/cumpcQvnQX https://t.co/CL9KEgb8XO,4,0,11,abc13houston,ABC13 Houston,847577,3332,4,2,2017
https://twitter.com/adage/status/827835338945069057,2017-02-04 11:04:59+00:00,827835338945069057,.@budlight ad by @WiedenKennedy will debut on Spanish-language #SuperBowl broadcast https://t.co/uVNlMn0rir https://t.co/hLDhlKf1D4,3,0,1,adage,Ad Age,1001874,73145,4,2,2017
https://twitter.com/drooouh/status/827747460025946112,2017-02-04 05:15:47+00:00,827747460025946112,"With so many good tasting beers out there it amazes me how people still choose to drink water with that weird name, BudLight &amp; Budweiser.",2,0,5,drooouh,¤,446,234,4,2,2017
https://twitter.com/FeralGearDesign/status/827744760190365697,2017-02-04 05:05:04+00:00,827744760190365697,SAVE WATER DRINK BEER  Shop @ https://t.co/66Gm9Qbc26  #beer #beerme #drinks #beeroclock #beertime #budlight #ale https://t.co/GcgDtLDhtn,1,0,0,FeralGearDesign,Feral Gear Designs™,257,371,4,2,2017
https://twitter.com/debraae/status/827733661223178240,2017-02-04 04:20:58+00:00,827733661223178240,"Hey that's us! @ontarioreign #Budlight On Ice Suite, 2/03/17 @ Ontario Reign Ice Hockey https://t.co/lBHDx2HP5P",1,0,2,debraae,𝔽𝕦𝕟-𝕤𝕚𝕫𝕖𝕕_𝔻𝕖𝕓,182,552,4,2,2017
https://twitter.com/alancoxshow/status/827733620597129217,2017-02-04 04:20:48+00:00,827733620597129217,"Another #ACSPolarBlast in the books! Thanks to Team Cold Cox for the win, @bmbw, @budlight,… https://t.co/HWTwWraQ1o",1,2,44,alancoxshow,alan cox,28519,1773,4,2,2017
https://twitter.com/DLishCurbside/status/827727585870233605,2017-02-04 03:56:49+00:00,827727585870233605,Okies YardHouse at Clear Lake Shores Food Park...$2.50 #BudLight Draft Beer Special Sat &amp; Sun!!!!!!!!! Or until... https://t.co/Mi2ABg9LWT,2,0,4,DLishCurbside,D'LisH Curbside,1622,924,4,2,2017
https://twitter.com/JennyRose_86/status/827724393971404800,2017-02-04 03:44:08+00:00,827724393971404800,"Well, #Sharknado4 #BudLight and #Dominos are about to happen.. I'm happy #onnomnom #pizza #beer #sharks #movienight",1,0,4,JennyRose_86,Jenny Rose,1883,990,4,2,2017
https://twitter.com/okcthunder/status/827724144024363009,2017-02-04 03:43:08+00:00,827724144024363009,Thunder now 29-22. Next: Sunday afternoon at home vs Portland. @BudLight Photo of the Game. https://t.co/l8v2jNcxWE,49,1,203,okcthunder,OKC THUNDER,2813147,860,4,2,2017
https://twitter.com/adage/status/827721867372920833,2017-02-04 03:34:06+00:00,827721867372920833,#SuperBowl deja vu: @KingsHawaiian vs. @budlight -- What do you think? Too similar? Different enough? https://t.co/W7Q41bVgTx https://t.co/btbL7Kw3Xt,1,0,1,adage,Ad Age,1001874,73145,4,2,2017
https://twitter.com/Kali_kid18/status/827708262422192128,2017-02-04 02:40:02+00:00,827708262422192128,"Alcohol in a movie theater ??? Boy them prices bout to be crazy. Popcorn, Skittles, and a Budlight. That'll 96.33 lmao https://t.co/b5Fwo390s6",1,0,9,Kali_kid18,WORLD CHAMP RAMS 🐏🐏🐏,494,839,4,2,2017
https://twitter.com/brooklynbowl/status/827698219589189633,2017-02-04 02:00:08+00:00,827698219589189633,We've teamed up w/ @budlight to give away two 2-nights passes to #PhilLesh on FEB 12 + 13! Enter here--&gt;&gt; https://t.co/CLjqhCHG5X https://t.co/4Qym4Mfr7e,2,1,2,brooklynbowl,Brooklyn Bowl,49599,3919,4,2,2017
https://twitter.com/SDGullsAHL/status/827695536035618816,2017-02-04 01:49:28+00:00,827695536035618816,Come get the party started early tomorrow with Gulliver &amp; the Gulls Girls at the Gulls @budlight Pregame Tailgate from 5-7PM! #UpForWhatever https://t.co/nbhZvw3uwb,5,0,16,SDGullsAHL,San Diego Gulls,27461,271,4,2,2017
https://twitter.com/adage/status/827691410681888769,2017-02-04 01:33:04+00:00,827691410681888769,Spuds MacKenzie is back -- as a ghost in @budlight's #SuperBowl ad https://t.co/wA79dX9UvL https://t.co/NjT9Cir73L,2,0,4,adage,Ad Age,1001874,73145,4,2,2017
https://twitter.com/DetroitPistons/status/827684914124435458,2017-02-04 01:07:15+00:00,827684914124435458,Got the lead after one. Our app presented by @budlight has you covered with stats. https://t.co/8W9t5kMqzu https://t.co/POONYwhQTY,18,2,46,DetroitPistons,Detroit Pistons,1065772,11094,4,2,2017
https://twitter.com/KenziSoileau/status/827680377871425538,2017-02-04 00:49:14+00:00,827680377871425538,Y'all know exactly where to be tonight!! $1 draft budlight &amp; $2 double wells with the purchase of a $5 wrist band!! @TheOfficeBarLAF,2,0,2,KenziSoileau,Kenzi Comeaux,702,615,4,2,2017
https://twitter.com/DetroitPistons/status/827675542547734529,2017-02-04 00:30:01+00:00,827675542547734529,It's a Friday Night Out presented by @budlight. Let's play some basketball. Tune into @FOXSportsDet and @1051thebounce https://t.co/HXS2vxcEWg,5,0,14,DetroitPistons,Detroit Pistons,1065772,11094,4,2,2017
https://twitter.com/budlight/status/827660997682876416,2017-02-03 23:32:13+00:00,827660997682876416,"@Magic20099 Absolutely. Speaking of that, we have a lot to catch up on. Want to grab a Bud Light?",1,1,3,budlight,Bud Light,265047,254,3,2,2017
https://twitter.com/talktowesley/status/827655098138492928,2017-02-03 23:08:47+00:00,827655098138492928,@budlight I can't decide whether I should stay in or hang with friends. Please help me oh wise one,1,1,2,talktowesley,Wesley,583,8,3,2,2017
https://twitter.com/SportsBuffet1/status/827654326042710016,2017-02-03 23:05:43+00:00,827654326042710016,Hour 2 #FREAKFLAGFRIDAY @SportsBuffet1 @rodbabers @ChrisDuel @zonedmike its @budlight time #BuffetNation https://t.co/wXrVvAv9Ki,1,1,6,SportsBuffet1,The Sports Buffet,752,420,3,2,2017
https://twitter.com/chicagoanthony_/status/827653961054351365,2017-02-03 23:04:16+00:00,827653961054351365,. @Budweiser @budlight isn't american owned anyway. It's terrible to its suppliers &amp; workers. Now shoving left wing agenda #boycottbudweiser,2,0,2,chicagoanthony_,North Side Anthony 🇺🇸,788,1391,3,2,2017
https://twitter.com/krisbroad/status/827651151420076036,2017-02-03 22:53:06+00:00,827651151420076036,Let's start the chant now everybody tweet #FUCKBRADY #budlight,1,1,3,krisbroad,Kris broad,123,489,3,2,2017
https://twitter.com/budlight/status/827650934654136320,2017-02-03 22:52:14+00:00,827650934654136320,"@morguemuffin Just like that poster, you're a real keeper.",1,2,3,budlight,Bud Light,265047,254,3,2,2017
https://twitter.com/Applebees/status/827646884454027265,2017-02-03 22:36:08+00:00,827646884454027265,"@_brandon_00 @budlight Well, it is the month of love after all. ~ARC",1,0,5,Applebees,Applebee's Grill + Bar,599100,285,3,2,2017
https://twitter.com/Sin_Of_Sins/status/827646403900010496,2017-02-03 22:34:14+00:00,827646403900010496,Does anyone besides Graci @Tasty_Outlaw and Me miss @Budweiser and @budlight 's #BudBowl ?,2,0,3,Sin_Of_Sins,Wicked Jack,899,923,3,2,2017
https://twitter.com/DonWrangler/status/827643847798882304,2017-02-03 22:24:04+00:00,827643847798882304,@budlight @Budweiser Gonna have  cut @Ralphie_May a check! His tweet made me buy your beer! Ahhh cool and refreshing...Now that's American!,2,1,2,DonWrangler,Don Wrangler,515,748,3,2,2017
https://twitter.com/1Lovee_GiAna/status/827643645704679424,2017-02-03 22:23:16+00:00,827643645704679424,@OhlingerClint @budlight I WISH I WAS THERE!!!! GO PATRIOTS!!!,1,0,1,1Lovee_GiAna,WBWT: Launching in September,1606,1681,3,2,2017
https://twitter.com/budlight/status/827639728266698753,2017-02-03 22:07:42+00:00,827639728266698753,When the #SuperBowl is on Sunday. #FridayFeeling https://t.co/EJWoFmFZgC,62,14,98,budlight,Bud Light,265047,254,3,2,2017
https://twitter.com/budlight/status/827638394813612033,2017-02-03 22:02:24+00:00,827638394813612033,@db2021 All great stories are relatable...and most feature Bud Light...and ME! See for yourself https://t.co/h7LTcwm0vO,1,0,0,budlight,Bud Light,265047,254,3,2,2017
https://twitter.com/adage/status/827638319056044033,2017-02-03 22:02:06+00:00,827638319056044033,Are you glad to see Spuds MacKenzie back in @budlight's #SuperBowl ad? https://t.co/To9CocS5nQ https://t.co/jIIwSeFhNO,2,1,8,adage,Ad Age,1001874,73145,3,2,2017
https://twitter.com/AZCardinals/status/827637655190044672,2017-02-03 21:59:28+00:00,827637655190044672,Allysen is the Cheerleader of the Week presented by @budlight. Learn more about the @AZCardsCheer rookie: https://t.co/37gUsSAWL0 https://t.co/xJklcktXMT,6,1,31,AZCardinals,Arizona Cardinals,1099608,370,3,2,2017
https://twitter.com/budlight/status/827637234757046272,2017-02-03 21:57:48+00:00,827637234757046272,@Tobye_Olsen Solid choice. Cheers! https://t.co/BJQyHcTulc,1,0,2,budlight,Bud Light,265047,254,3,2,2017
https://twitter.com/abc13houston/status/827636223015604226,2017-02-03 21:53:46+00:00,827636223015604226,Lucky Lyle! He won #SuperBowl tickets for LIFE after winning the golden @budlight ticket. https://t.co/cumpcQvnQX https://t.co/tDj0CSPIYK,9,0,16,abc13houston,ABC13 Houston,847577,3332,3,2,2017
https://twitter.com/CaponesShadow/status/827635891388694529,2017-02-03 21:52:27+00:00,827635891388694529,@Ralphie_May @budlight @Budweiser just before Christmas I had to go to a Christmas meal. Arriving to this at my place took off the edge lol https://t.co/GeFQi6AQk5,1,0,2,CaponesShadow,YannSongoosWristTape,147,4336,3,2,2017
https://twitter.com/GabbysToronto/status/827635637792669696,2017-02-03 21:51:27+00:00,827635637792669696,This years @budlight #Superbowl commercial! You + your pals can enjoy a bucket of Bud at #GabbysTO Sunday! #yyz &gt;&gt; https://t.co/mTnJkV2SE4,2,0,1,GabbysToronto,Gabby's Restaurants,541,669,3,2,2017
https://twitter.com/budlight/status/827635502924828672,2017-02-03 21:50:55+00:00,827635502924828672,@Tobye_Olsen What you really need is a Bud Light and a friend like me!,1,0,2,budlight,Bud Light,265047,254,3,2,2017
https://twitter.com/WoodysWorldTV/status/827635462143672320,2017-02-03 21:50:45+00:00,827635462143672320,@Ralphie_May @budlight is like having sex in a canoe--its fucking close to water.,1,0,1,WoodysWorldTV,Woody Wachmann,1868,531,3,2,2017
https://twitter.com/MrMikeCalta/status/827635207343849473,2017-02-03 21:49:44+00:00,827635207343849473,For St. Patty's @phoced3x @PitbullToddler is at Maloney's Westchase then LBC the 18th #BudLight https://t.co/voqiTz8NRb,4,1,11,MrMikeCalta,Mike Calta,93867,1534,3,2,2017
https://twitter.com/budlight/status/827634443695308800,2017-02-03 21:46:42+00:00,827634443695308800,@Tobye_Olsen All great stories are relatable...and most feature Bud Light...and ME! See for yourself https://t.co/h7LTcwm0vO,1,1,1,budlight,Bud Light,265047,254,3,2,2017
https://twitter.com/budlight/status/827634443338838016,2017-02-03 21:46:42+00:00,827634443338838016,@ortiz_matthew All great stories are relatable...and most feature Bud Light...and ME! See for yourself https://t.co/h7LTcwm0vO,1,0,0,budlight,Bud Light,265047,254,3,2,2017
https://twitter.com/Dialsmith/status/827634016698241024,2017-02-03 21:45:00+00:00,827634016698241024,.@budlight has two #SuperBowl ads. Which do you think is better? Watch and rate them here: https://t.co/T4EYBhuGZs @maslansky @lh_carter https://t.co/Q4E1vpFxYc,2,2,3,Dialsmith,DIALSMITH,627,775,3,2,2017
https://twitter.com/lopezgovlaw/status/827633578704044033,2017-02-03 21:43:16+00:00,827633578704044033,RT #MiamiHEAT : mayon72 budlight BOOM! (via Twitter https://t.co/inI0N0WwtT) https://t.co/M2ho7AslJ5,1,0,0,lopezgovlaw,Jorge Luis Lopez Esq,14399,3472,3,2,2017
https://twitter.com/budlight/status/827631191616483328,2017-02-03 21:33:47+00:00,827631191616483328,@ThisIsJPray Cheers! https://t.co/GyoOhh16Hn,1,1,1,budlight,Bud Light,265047,254,3,2,2017
https://twitter.com/budlight/status/827630894479400960,2017-02-03 21:32:36+00:00,827630894479400960,@MackFish5 @zxckattack We have the same name? I think that makes us best friends.,1,0,5,budlight,Bud Light,265047,254,3,2,2017
https://twitter.com/budlight/status/827630232127430656,2017-02-03 21:29:58+00:00,827630232127430656,@XxKomebackKidxX I still have that Hawaiian shirt!,1,0,1,budlight,Bud Light,265047,254,3,2,2017
https://twitter.com/OhlingerClint/status/827626363733549058,2017-02-03 21:14:36+00:00,827626363733549058,"@1Lovee_GiAna I'm up in New England, we been drinking @budlight  since 1130. Getting ready for the big game. #PatriotsNation",1,3,1,OhlingerClint,Clint Ohlinger,145,222,3,2,2017
https://twitter.com/budlight/status/827625710059560961,2017-02-03 21:12:00+00:00,827625710059560961,"@Markwh13 Hey, that's me! Here to remind you that parties come and go, but friendships last forever.",1,0,1,budlight,Bud Light,265047,254,3,2,2017
https://twitter.com/CampaignLiveUS/status/827622057995276289,2017-02-03 20:57:29+00:00,827622057995276289,Spuds MacKenzie returns to the #SuperBowl as restless ghost in @budlight spot https://t.co/V4b2oDCRio https://t.co/rLLPrRXuED,1,0,2,CampaignLiveUS,Campaign US,16598,1974,3,2,2017
https://twitter.com/Sydney_Aarhus/status/827621584282214400,2017-02-03 20:55:36+00:00,827621584282214400,Heading to Des Moines! Finally nothing in between me and @_StephenNeal 😍☺️#layitonmylips #budlight #budweiser,1,0,3,Sydney_Aarhus,Sydney Aarhus,84,246,3,2,2017
https://twitter.com/HomeOfBud/status/827619752159887365,2017-02-03 20:48:20+00:00,827619752159887365,#FlashbackFriday Spuds Mackenzie jammin' out! We can't wait for him to return for the Big Game Sunday. #FamousAmongFriends @budlight https://t.co/ZSKBiygp6z,1,0,4,HomeOfBud,Budweiser Brewery Experience,10320,53,3,2,2017
https://twitter.com/budlight/status/827619054194028544,2017-02-03 20:45:33+00:00,827619054194028544,@brandonDiNO6 Brian and I are about to grab some Bud Light. You coming along? https://t.co/HloiOk2gx7,1,0,2,budlight,Bud Light,265047,254,3,2,2017
https://twitter.com/budlight/status/827615996429029376,2017-02-03 20:33:24+00:00,827615996429029376,"@Tal1969 @JMV1070 Whether you believe in ghosts or not, the proof is in the pants. It's an inside joke, you need to watch to get it.",1,0,2,budlight,Bud Light,265047,254,3,2,2017
https://twitter.com/budlight/status/827615648264105989,2017-02-03 20:32:01+00:00,827615648264105989,"@fakeronwash38 You hear that, everyone? I'm a legend!",1,0,1,budlight,Bud Light,265047,254,3,2,2017
https://twitter.com/budlight/status/827614454242123776,2017-02-03 20:27:16+00:00,827614454242123776,@VEGALLIANCE Pumped you liked it!,1,0,1,budlight,Bud Light,265047,254,3,2,2017
https://twitter.com/budlight/status/827613856352653312,2017-02-03 20:24:54+00:00,827613856352653312,@benaiahsantos Goal #1: Crack open a cold one with you two at the new place.,1,0,2,budlight,Bud Light,265047,254,3,2,2017
https://twitter.com/BlueJacketsNHL/status/827613107367378945,2017-02-03 20:21:55+00:00,827613107367378945,"Experience a day in the life of a #CBJ player, thanks to @budlight! INFO: https://t.co/bjC28nVFD6 https://t.co/9yaWcsAxwW",3,2,35,BlueJacketsNHL,Columbus Blue Jackets,512506,1681,3,2,2017
https://twitter.com/budlight/status/827612906652971008,2017-02-03 20:21:07+00:00,827612906652971008,@DJ_TBeck How much would you pay for an original Travis Beck plush toy with glasses and flat bill hat?,1,2,17,budlight,Bud Light,265047,254,3,2,2017
https://twitter.com/budlight/status/827611922170122240,2017-02-03 20:17:13+00:00,827611922170122240,@richardmcfly_ Shh! Don’t say that so loud! Other brands are listening!,1,0,1,budlight,Bud Light,265047,254,3,2,2017
https://twitter.com/budlight/status/827609017266499584,2017-02-03 20:05:40+00:00,827609017266499584,"@brian_heyman My man, Brian. It's been like 30-years since we shared Bud Lights together. Let's change that.",1,1,5,budlight,Bud Light,265047,254,3,2,2017
https://twitter.com/LINKnkySupport/status/827607765027811328,2017-02-03 20:00:42+00:00,827607765027811328,"Lots of raffles tomorrow. @BudLight tailgate packages, @Keeneland trips, @NewRiff tours, 50 Shades of Gray package with @PureRomance &amp; more! https://t.co/IGOT1KOKws",1,0,1,LINKnkySupport,LINK nky | Advertising & Marketing,3648,226,3,2,2017
https://twitter.com/HaveMercyYEG/status/827599504283148288,2017-02-03 19:27:52+00:00,827599504283148288,It's lunch time y'all! Come by and grab a bite and ice cold Budlight! #yeg #yegeats #yegfood… https://t.co/fWgXsIML8o,1,0,3,HaveMercyYEG,HaveMercyYEG,920,603,3,2,2017
https://twitter.com/Reneboyd18/status/827599100363362304,2017-02-03 19:26:16+00:00,827599100363362304,@SassyNFreee @drmrs121 @mrwalsh8 @Starbucks I would drink mud before I ever bought @Starbucks or @Budweiser @budlight beer or products MAGA!,1,1,2,Reneboyd18,GRITS girl,340,97,3,2,2017
https://twitter.com/budlight/status/827597443432747008,2017-02-03 19:19:41+00:00,827597443432747008,"@Mayfielddd Good thing it's Friday. I'm ready whenever you are, Kyle. 🍻",1,0,1,budlight,Bud Light,265047,254,3,2,2017
https://twitter.com/budlight/status/827596309792043008,2017-02-03 19:15:10+00:00,827596309792043008,"@KidBreezayy These cans are available any store Bud Light is sold in Miami, and surrounding cities in the state of FL only.",1,1,1,budlight,Bud Light,265047,254,3,2,2017
https://twitter.com/adage/status/827595608647151617,2017-02-03 19:12:23+00:00,827595608647151617,.@budlight ad by @WiedenKennedy will debut on Spanish-language #SuperBowl broadcast https://t.co/sAr0MKv2A1 https://t.co/DR2j0zb2FP,1,0,3,adage,Ad Age,1001874,73145,3,2,2017
https://twitter.com/MiamiSRH/status/827584992708485120,2017-02-03 18:30:12+00:00,827584992708485120,"#MiamiHeat RT "" Pssssst, our new @budlight cans have hit shelves! Post a pic with the… https://t.co/vS9PHaKcsX ""  #Sportsroadhouse https://t.co/aqonnwjBHe",2,0,0,MiamiSRH,MiamiSRH,195,12,3,2,2017
https://twitter.com/lopezgovlaw/status/827584636507320323,2017-02-03 18:28:47+00:00,827584636507320323,"RT #MiamiHEAT : Pssssst, our new budlight cans have hit shelves! Post a pic with the #MyHE… https://t.co/3Shc2y7RBR) https://t.co/ZvKZ0bgems",1,0,1,lopezgovlaw,Jorge Luis Lopez Esq,14399,3472,3,2,2017
https://twitter.com/DJTravisty1/status/827580638328918017,2017-02-03 18:12:54+00:00,827580638328918017,"@budlight Lets celebrate by throwing a party at @PBRLouisville. I got the music, you bring the beer and Spud can take selfies with everyone",1,2,1,DJTravisty1,DJ Travisty,2904,579,3,2,2017
https://twitter.com/richdazetray/status/827579657771954179,2017-02-03 18:09:00+00:00,827579657771954179,I'm chasin jungle juice wit budlight tonight..keep up 😤💪🏾,2,0,2,richdazetray,🫠 .,346,297,3,2,2017
https://twitter.com/budlight/status/827578338789068800,2017-02-03 18:03:46+00:00,827578338789068800,@subsonic20 I'm baaaaack.,1,0,0,budlight,Bud Light,265047,254,3,2,2017
https://twitter.com/budlight/status/827577870243409921,2017-02-03 18:01:54+00:00,827577870243409921,@brendan207 Cheers! https://t.co/QgBajmkCyV,1,0,1,budlight,Bud Light,265047,254,3,2,2017
https://twitter.com/budlight/status/827576917796782082,2017-02-03 17:58:07+00:00,827576917796782082,@ThrowedNoe I hope you do too. Let's have a cold one while we watch the game.,1,0,1,budlight,Bud Light,265047,254,3,2,2017
https://twitter.com/krisbroad/status/827576228592885761,2017-02-03 17:55:23+00:00,827576228592885761,I can't believe there are pats fans in Buffalo. Get the hell out of town you stupid assholes.. #FUCKBRADY #budlight,4,0,9,krisbroad,Kris broad,123,489,3,2,2017
https://twitter.com/DetroitPistons/status/827576213434748929,2017-02-03 17:55:19+00:00,827576213434748929,This is our app presented by @budlight. Get it for live stats &amp; use it to upgrade your experience tonight: https://t.co/074xcSvYlS https://t.co/halJHao47W,4,0,5,DetroitPistons,Detroit Pistons,1065772,11094,3,2,2017
https://twitter.com/CaseyTheVA/status/827568835700023296,2017-02-03 17:26:00+00:00,827568835700023296,@BHWTC @diamondgirl2222 @GMangotree @ellimayradrep @budlight Bud is the most American beer.,2,2,7,CaseyTheVA,Casey Mongillo (ケイシ・モンジロ）,32624,892,3,2,2017
https://twitter.com/theScore/status/827567333858242560,2017-02-03 17:20:02+00:00,827567333858242560,VIDEO: Spuds Mackenzie returns as a ghost in latest @BudLight #SuperBowl spot. https://t.co/iBIxYUyM0P https://t.co/mhXz26VUF0,3,0,5,theScore,theScore,622728,991,3,2,2017
https://twitter.com/TeamFharen/status/827559738896322560,2017-02-03 16:49:51+00:00,827559738896322560,@diamondgirl2222 @budlight You wouldn't have Budweiser without immigration...that's the point of the commercial 🤔,1,5,29,TeamFharen,Fharen Conner,73,121,3,2,2017
https://twitter.com/bucshockey/status/827550215095869441,2017-02-03 16:12:01+00:00,827550215095869441,"Tonight get to Buccaneer Arena early as you'll enjoy @budlight Night 2 for 1 tallboy specials, for tix call 278-2827 #DBQvsDM https://t.co/5ZIk2RyPsZ",2,0,4,bucshockey,Des Moines Buccaneers,12727,1327,3,2,2017
https://twitter.com/P2PInstitute/status/827549566962655232,2017-02-03 16:09:26+00:00,827549566962655232,.@BudLight activated its @NFL sponsorship via sweepstakes &amp; instant-win game at @Speedway. https://t.co/09up12y0gg @ABInBevNews #SuperBowlLI https://t.co/73dnc6LILv,2,0,1,P2PInstitute,Path to Purchase Institute,6157,4396,3,2,2017
https://twitter.com/UniquePizzaTapH/status/827541362975309824,2017-02-03 15:36:50+00:00,827541362975309824,Join us this Sunday 4 the biggest #SB51  party in Southern CA Food &amp; Drink Specials all day! #TB12 &amp; #Patriots go 4 ring 5! @budlight $UPZS https://t.co/MDJKVG4mjU,955,1,76,UniquePizzaTapH,Unique Tap House & Sports Grill,1562,1377,3,2,2017
https://twitter.com/budlight/status/827540374105120768,2017-02-03 15:32:54+00:00,827540374105120768,"@samcuomo Glad to be back, Sam. Remember to spend this weekend with friends or my soul can't rest.",1,1,2,budlight,Bud Light,265047,254,3,2,2017
https://twitter.com/budlight/status/827540098661044224,2017-02-03 15:31:49+00:00,827540098661044224,@aggielandbud I'm so pumped to share good times with great friends over Bud Light!,2,0,2,budlight,Bud Light,265047,254,3,2,2017
https://twitter.com/Curalate/status/827539568459120640,2017-02-03 15:29:42+00:00,827539568459120640,Why wait for the #SuperBowl to watch commercials? Check out these three https://t.co/ncwRGNJllA @HeinzKetchup_US @Tostitos @budlight https://t.co/qHRiWffI35,1,0,2,Curalate,Curalate,35782,2479,3,2,2017
https://twitter.com/TVBlimited/status/827526541387132928,2017-02-03 14:37:56+00:00,827526541387132928,Just landed! Bud Light! Message us for more info! #budlight #uk #tvb #beer #lager #drinks #pubs https://t.co/l5i85DYbRU,1,5,2,TVBlimited,TVB Ltd,98,370,3,2,2017
https://twitter.com/budlight/status/827526512198840321,2017-02-03 14:37:49+00:00,827526512198840321,@steel You should grab some Bud Lights and make friends with some ad agency people to let them know!,1,0,2,budlight,Bud Light,265047,254,3,2,2017
https://twitter.com/budlight/status/827523844957106180,2017-02-03 14:27:13+00:00,827523844957106180,"@Squidroww Squid, that's not cool. Give my team a call so we can make it right. 800-DIAL BUD, M-F 11am-8PM CT.",3,0,7,budlight,Bud Light,265047,254,3,2,2017
https://twitter.com/budlight/status/827523115152334849,2017-02-03 14:24:19+00:00,827523115152334849,@denson_skylar That's what's up. https://t.co/befX3dCed4,2,0,2,budlight,Bud Light,265047,254,3,2,2017
https://twitter.com/bucshockey/status/827520771081658370,2017-02-03 14:15:01+00:00,827520771081658370,For tix to see @fightingsaints tonight @budlight Night and Military Appreciation Night sponsored by @USArmy go to https://t.co/C8MhMfpyw6 https://t.co/LOfH84ZJQe,1,0,1,bucshockey,Des Moines Buccaneers,12727,1327,3,2,2017
https://twitter.com/DetroitPistons/status/827520186131550208,2017-02-03 14:12:41+00:00,827520186131550208,It's Friday Night Out &amp; the #Pistons are taking on the Timberwolves. @budlight #DetroitBasketball ⏱7:30 PM 📺 @FOXSportsDet 📻 @1051thebounce https://t.co/CFJdR3nODP,19,3,26,DetroitPistons,Detroit Pistons,1065772,11094,3,2,2017
https://twitter.com/RobertCox/status/827520130666131456,2017-02-03 14:12:28+00:00,827520130666131456,"Looks like Zeke will be getting a few extra ""hey, that's Spuds Mackenzie"" shoutouts this weekend courtesy @budlight https://t.co/qXvXHnv7eO https://t.co/fz4ddsEgRw",2,0,0,RobertCox,Robert Cox,941,28,3,2,2017
https://twitter.com/adage/status/827419382816968704,2017-02-03 07:32:08+00:00,827419382816968704,Spuds MacKenzie is back -- as a ghost in @budlight's #SuperBowl ad https://t.co/VVUeY4mRT6 https://t.co/LZTJl8dZyi,1,0,5,adage,Ad Age,1001874,73145,3,2,2017
https://twitter.com/MKR2016/status/827365287905333250,2017-02-03 03:57:10+00:00,827365287905333250,*sarah leaves my house and sees budlight on counter*  Sarah : bet ur chuggin those in a minute.  *shes been gone 10 mins and their all gone*,1,1,2,MKR2016,ris,1007,500,3,2,2017
https://twitter.com/Kenny_Wallace/status/827354475551662081,2017-02-03 03:14:13+00:00,827354475551662081,Testing here in Florida is over for the night. It's time for a Nice cold frosty @budlight . https://t.co/c6gfHcx1Ro,9,16,190,Kenny_Wallace,Kenny Wallace,361368,744,3,2,2017
https://twitter.com/kowi91/status/827346425692450821,2017-02-03 02:42:13+00:00,827346425692450821,@davejsports @WashWizards @GCtalks @budlight Today...Wall 29 and Gortat 28 double doubles in this season! Gortat last 7 games FG 46/57 80%,1,1,4,kowi91,Mateusz Kowalczyk,161,779,3,2,2017
https://twitter.com/davejsports/status/827345118487334912,2017-02-03 02:37:02+00:00,827345118487334912,Thank you @WashWizards Radio @GCtalks @budlight post game 877-936-9333 #RadioParty #WizLakers https://t.co/pxgxKCFXJp,1,1,5,davejsports,Dave Johnson,10046,4136,3,2,2017
https://twitter.com/adage/status/827344648632938496,2017-02-03 02:35:10+00:00,827344648632938496,#SuperBowl deja vu: @KingsHawaiian vs. @budlight -- What do you think? Too similar? Different enough? https://t.co/dq6Udr0hUO https://t.co/4pq2oMGA5D,1,1,2,adage,Ad Age,1001874,73145,3,2,2017
https://twitter.com/Boozist/status/827340581311504385,2017-02-03 02:19:00+00:00,827340581311504385,".@BudLight rolled out the ghost of a dead dog for the #SuperBowl, and you know what? I'm totally on board with it. https://t.co/dvNLMeSwG8 https://t.co/VpkG7uqGQq",1,0,2,Boozist,Colin Joliat,4083,798,3,2,2017
https://twitter.com/katerutter/status/827338005681623041,2017-02-03 02:08:46+00:00,827338005681623041,.@budlight is a lot of men drinking. Not friendship. #promotedtweetbacklash,1,0,2,katerutter,Kate Rutter,8261,1668,3,2,2017
https://twitter.com/MerdthLe/status/827336874230415361,2017-02-03 02:04:16+00:00,827336874230415361,"@budlight you're about to feel the wrath of Trump voters, your stocks WILL PLUMMET",1,0,3,MerdthLe,MerdthLe🇺🇸Biden has dementia,612,669,3,2,2017
https://twitter.com/creativitymag/status/827336281642393600,2017-02-03 02:01:55+00:00,827336281642393600,.@BudLight mascot Spuds Mackenzie returns to the #SuperBowl - as a ghost. https://t.co/uCCtz51JD8 https://t.co/mWtIp6Wxte,3,0,2,creativitymag,Ad Age Creativity,158144,870,3,2,2017
https://twitter.com/laurenCx7/status/827328774601633793,2017-02-03 01:32:05+00:00,827328774601633793,Me and my friends are spending money on a champagne lifestyle like we don't have a Budlight budget right now,1,1,7,laurenCx7,Lauren,324,241,3,2,2017
https://twitter.com/BoltsSRH/status/827317715903795201,2017-02-03 00:48:08+00:00,827317715903795201,"#Bolts RT ""#Lightning #Bolts fans, please welcome tonight's @budlight #BoltsSocial Captain, @Gelliman82 of the…"" #SportsRoadhouse",1,0,2,BoltsSRH,BoltsSRH,125,31,3,2,2017
https://twitter.com/TBLightning/status/827316735153954817,2017-02-03 00:44:15+00:00,827316735153954817,"#Bolts fans, please welcome tonight's @budlight #BoltsSocial Captain, @Gelliman82 of the @redblacks! ⚡🏈 #OTTvsTBL https://t.co/NfaK9N7DTh",24,2,101,TBLightning,Tampa Bay Lightning,803382,2416,3,2,2017
https://twitter.com/SabratonStation/status/827311921317675009,2017-02-03 00:25:07+00:00,827311921317675009,.50 CENT WING NIGHT!🍗🍗 #stationnation #sabratonstation #ThirstyThursday #bestwings #WVU #morgantown #Budlight,1,0,2,SabratonStation,Sabraton Station,242,1089,3,2,2017
