url,Datetime,Tweet Id,Text,Retweet Count,Reply Count,Like Count,Username,Display Name,Followers Count,Friends Count,Day,Month,Year
https://twitter.com/KeenParts/status/828024525187072001,2017-02-04 23:36:45+00:00,828024525187072001,Hmmmm....We'll go with @JEarnhardt1 and the https://t.co/j2Rs2MjHl4 32 although the @Wix #31 would be a nice addition to a collection. https://t.co/GpUK8rYVyQ,3,0,8,KeenParts,CorvetteParts.net,7736,523,4,2,2017
https://twitter.com/BrainHarrington/status/828014328980729856,2017-02-04 22:56:14+00:00,828014328980729856,Looking forward to the @squarespace vs @Wix #SB51 ads battle #teamsquarespace https://t.co/Coi84VsH3h,1,0,1,BrainHarrington,Brian Harrington,19207,4971,4,2,2017
https://twitter.com/Wix/status/828005217325215745,2017-02-04 22:20:02+00:00,828005217325215745,The results are in 📸 @NatGeo announced the winners of the International Photo Contest for Kids and they are amazing! https://t.co/jswTcE6TRZ https://t.co/eRahMSKWE7,5,1,17,Wix,Wix,418605,3731,4,2,2017
https://twitter.com/dekebridges/status/827995553933856773,2017-02-04 21:41:38+00:00,827995553933856773,".@Wix has most-seen #SuperBowl campaign so far, with 22.6 million views #SB51 https://t.co/uzXBk971Uo  #marketing https://t.co/jmk3cU25ry",3,0,2,dekebridges,Deke Bridges,200374,199877,4,2,2017
https://twitter.com/DiecastFans/status/827993123544563712,2017-02-04 21:31:58+00:00,827993123544563712,GIVEAWAY BRACKET: Round of 32 RT- @JEarnhardt1 Darlington  Fav- @RyanJNewman Wix https://t.co/lCy9aAErlz,156,1,75,DiecastFans,NASCAR DIECAST FANS,11458,160,4,2,2017
https://twitter.com/FindingDoryQ/status/827970985798336514,2017-02-04 20:04:00+00:00,827970985798336514,finals week fneals weix nfels wix nelft ix   netflix,1,0,2,FindingDoryQ,DORY,2764,3333,4,2,2017
https://twitter.com/Wix/status/827969996131229696,2017-02-04 20:00:04+00:00,827969996131229696,"Watch what happened when we told people they won $10,000 🎊🎉 How would you react?  Last chance to enter TODAY! https://t.co/5PzUDgrVJd https://t.co/nUNelBxJiX",2,2,5,Wix,Wix,418605,3731,4,2,2017
https://twitter.com/ahmadhisan/status/827941519126507520,2017-02-04 18:06:55+00:00,827941519126507520,"No, Wix. I do not need a website.",1,0,3,ahmadhisan,Hisan,2568,1784,4,2,2017
https://twitter.com/ISRAEL21C/status/827939855770464256,2017-02-04 18:00:18+00:00,827939855770464256,Are you a fan of #SuperbowlAds? Watch @GalGadot in action tomorrow in one for Israeli website builder @Wix! https://t.co/7BtQdwTq2J https://t.co/vPbwmxcpNM,3,0,4,ISRAEL21C,ISRAEL21c,25325,2672,4,2,2017
https://twitter.com/Wix/status/827929720876630017,2017-02-04 17:20:02+00:00,827929720876630017,Step 1: build your #eCommerce empire Step 2: promote said empire --&gt; https://t.co/XxlArXULAg https://t.co/DhK5euw4hu,2,1,7,Wix,Wix,418605,3731,4,2,2017
https://twitter.com/WordPressDD/status/827917386498056193,2017-02-04 16:31:01+00:00,827917386498056193,10+ Great-Looking Wix Templates vs WordPress The https://t.co/1hFey8sw2a #WordPress #WordPressDesign #WordPressDev https://t.co/Dd7sEnZTXI,1,0,0,WordPressDD,WP-DD.COM: WordPress Design and Development,2831,53,4,2,2017
https://twitter.com/drastichs/status/827913799512551425,2017-02-04 16:16:46+00:00,827913799512551425,All time winners full #stocks list $TROX $CARA $X $PBR.A $AAMC $GST $NAV $IDN $ARIA $ARRY $URI $AROC $ZYNE $TSE $WIX https://t.co/3Y5X9BJAL7,1,0,1,drastichs,Stanislav Drastich,7551,8313,4,2,2017
https://twitter.com/naibereynoso/status/827910385957105664,2017-02-04 16:03:12+00:00,827910385957105664,Need a recommendation: Need website Help: I've beeb using WIX to host/build my website for years- but I need to... https://t.co/mT7JXwFcPc,1,1,1,naibereynoso,Naibe Reynoso,3791,3518,4,2,2017
https://twitter.com/ETCanada/status/827909099631280131,2017-02-04 15:58:05+00:00,827909099631280131,.@GalGadot and Jason Statham bring the heat in the first commercial for WIX's - Watch the #SuperBowl ad  https://t.co/GTFYr2De72 https://t.co/xRsyiNNsIi,2,0,7,ETCanada,ET Canada,388378,12452,4,2,2017
https://twitter.com/Wix/status/827898260819939328,2017-02-04 15:15:01+00:00,827898260819939328,Wow 😱 Max Asabin's #Photoshop skills are out of this world: https://t.co/TaufHaw4Pt https://t.co/R8Wh6RWuwT,3,0,10,Wix,Wix,418605,3731,4,2,2017
https://twitter.com/adage/status/827880180286885894,2017-02-04 14:03:10+00:00,827880180286885894,"Pre-game winner: @Wix has the most-seen #SuperBowl campaign so far, with 22.6 million views https://t.co/4JhVHpxthk https://t.co/1FD7WPB8Rh",14,0,14,adage,Ad Age,1001874,73145,4,2,2017
https://twitter.com/OMillionaires/status/827874476410941440,2017-02-04 13:40:30+00:00,827874476410941440,$WIX added over 2mil subs in Jan (6 mil a Q now?) - #SuperBowlLI Ad w/ 1.2 mil views so far… game time -&gt; https://t.co/IG0mudqXU9,3,1,5,OMillionaires,Option Millionaires,120132,364,4,2,2017
https://twitter.com/Wix/status/827837867800010752,2017-02-04 11:15:02+00:00,827837867800010752,"When Sally Walsh isn't meeting animals, she's painting their portraits using watercolor: https://t.co/F5i3lfQr1A https://t.co/JgKfJLHn5J",6,0,21,Wix,Wix,418605,3731,4,2,2017
https://twitter.com/Wix/status/827807665392848897,2017-02-04 09:15:02+00:00,827807665392848897,Beep beep 🚛! 7 #foodtrucks #websites on the road to success: https://t.co/kyiSz10ckY https://t.co/LXLB29VcBK,5,0,10,Wix,Wix,418605,3731,4,2,2017
https://twitter.com/marktluszcz/status/827796969246580737,2017-02-04 08:32:31+00:00,827796969246580737,World-class marketing from @wix delivers the goods: Wix wins pre-Super Bowl commercial victory.... https://t.co/mKDlHRw0EF,1,0,6,marktluszcz,Mark Tluszcz,4229,132,4,2,2017
https://twitter.com/debbieflorence/status/827774593628794880,2017-02-04 07:03:37+00:00,827774593628794880,"@clara_douwes ah, futility- like a big Wix Bubble gum.. Nothing but a jaw ache with no taste, a bubble that pops in your face.. 😂",1,1,1,debbieflorence,Debs,1485,2309,4,2,2017
https://twitter.com/Wix/status/827743604303077378,2017-02-04 05:00:28+00:00,827743604303077378,Take your Wix #website to the next level by using these hidden #features: https://t.co/dOQjqdQhLr https://t.co/h9ZqguVfRz,3,0,9,Wix,Wix,418605,3731,4,2,2017
https://twitter.com/adage/status/827717592953585668,2017-02-04 03:17:07+00:00,827717592953585668,"Pre-game winner: @Wix has the most-seen #SuperBowl campaign so far, with 22.6 million views #SB51 https://t.co/q5CPvAX3Sq https://t.co/uHzJv0JiAB",23,1,23,adage,Ad Age,1001874,73145,4,2,2017
https://twitter.com/RetailMatt/status/827700706849255425,2017-02-04 02:10:01+00:00,827700706849255425,Wix's #socialmedia push ahead of the #SuperBowl is scoring points. https://t.co/PbZxtrVXjM,1,0,0,RetailMatt,Matt Lindner,3236,2843,4,2,2017
https://twitter.com/Wix/status/827683190794027013,2017-02-04 01:00:24+00:00,827683190794027013,We're just going leave this here for you.... hope it makes you #smile 🐣 : https://t.co/T4osxp3Kuu https://t.co/64DFS9Uy40,1,1,6,Wix,Wix,418605,3731,4,2,2017
https://twitter.com/IBDinvestors/status/827655578155524097,2017-02-03 23:10:41+00:00,827655578155524097,"Nintendo, Google, Wix Fight For Attention At Super Bowl LI https://t.co/c2ndzNsrp4",5,0,4,IBDinvestors,Investors.com,273176,601,3,2,2017
https://twitter.com/DavyNegi/status/827653433402466308,2017-02-03 23:02:10+00:00,827653433402466308,#Digital : Pre-Game Winner: Wix Has the Most-Seen Super Bowl Campaign Before the Game https://t.co/Kt0WFnSK6F,2,0,0,DavyNegi,💢Davy 💢,1140,817,3,2,2017
https://twitter.com/MarkCordy1/status/827652935865688064,2017-02-03 23:00:11+00:00,827652935865688064,Wix and Squarespace Spent over $10 Million to Lure Users https://t.co/lparNLJAkK #websites #SEO #business #SEM #SMM https://t.co/QBlXvSKypv,2,0,3,MarkCordy1,Mark Cordy,2433,1915,3,2,2017
https://twitter.com/adage/status/827652533296443392,2017-02-03 22:58:35+00:00,827652533296443392,"Pre-game winner: Wix has the most-seen Super Bowl campaign so far, with 22.6 million views https://t.co/fdJFH5wHsn https://t.co/6iWrDm9K0b",8,0,13,adage,Ad Age,1001874,73145,3,2,2017
https://twitter.com/Wix/status/827642827442049024,2017-02-03 22:20:01+00:00,827642827442049024,WOW🙀 Facebook's search #AI is getting down to the #pixel level: https://t.co/630IXd85Ca https://t.co/S4TkB5JaPu,1,1,2,Wix,Wix,418605,3731,3,2,2017
https://twitter.com/Kimster_CW/status/827611422699839488,2017-02-03 20:15:14+00:00,827611422699839488,"Jennifer Wix, 21, and her daughter, Adrianna Wix, 2, were reported missing by Jennifer’s mother on March 27, 2004 https://t.co/xNfeq5iBEi",1,0,0,Kimster_CW,CRIMEWATCHERS,7026,7124,3,2,2017
https://twitter.com/Wix/status/827607597666545665,2017-02-03 20:00:02+00:00,827607597666545665,"David was so happy when we told him he won $10,000?! 🎉🎊 Only 2 more days to enter for your shot at winning our grand prize of $50,000! https://t.co/f1D4c29oZ6",5,2,9,Wix,Wix,418605,3731,3,2,2017
https://twitter.com/Wix/status/827567334948798468,2017-02-03 17:20:02+00:00,827567334948798468,For all you photographers out there Here are 6 killer apps for #photography: https://t.co/aw4miLzOAV https://t.co/k5EO9Sd5Ax,1,1,4,Wix,Wix,418605,3731,3,2,2017
https://twitter.com/milnrow_wi/status/827551374447607808,2017-02-03 16:16:37+00:00,827551374447607808,"A question to all fellow WIs.  Which website builder would you recommend for our website, Weebly, wix etc etc ...",1,2,0,milnrow_wi,MaD WI,413,726,3,2,2017
https://twitter.com/WixPartners/status/827549237294530561,2017-02-03 16:08:07+00:00,827549237294530561,10 #Snapchat Accounts You Should Follow TODAY! Feat. @Garyvee @ChanceTheRapper @Wix @Everlane &amp; more. https://t.co/gwY67zJ80o https://t.co/oR0LCafokJ,1,0,1,WixPartners,WixPartners,141606,2265,3,2,2017
https://twitter.com/Wix/status/827535874409771008,2017-02-03 15:15:01+00:00,827535874409771008,Online marketing trends that you're gonna want to use for your #smallbiz: https://t.co/aUltdWFQ0J https://t.co/vCgZlRHPSK,3,0,8,Wix,Wix,418605,3731,3,2,2017
https://twitter.com/RetailMatt/status/827519513113612288,2017-02-03 14:10:01+00:00,827519513113612288,Wix's #socialmedia push ahead of the #SuperBowl is scoring points. https://t.co/PbZxtrVXjM,1,0,0,RetailMatt,Matt Lindner,3236,2843,3,2,2017
https://twitter.com/ThemeIsle/status/827505342628118528,2017-02-03 13:13:42+00:00,827505342628118528,10 Wix Website Examples (+ How They Compare to WordPress) https://t.co/TsBJooPC0C,1,0,0,ThemeIsle,ThemeIsle,4861,454,3,2,2017
https://twitter.com/ProFinda/status/827487313169113093,2017-02-03 12:02:04+00:00,827487313169113093,Feeling inspired today by @Wix showcasing their company's most important asset - people: https://t.co/RSvuLzA5Me #ThankProFindaItsFriday,1,0,0,ProFinda,ProFinda,4466,936,3,2,2017
https://twitter.com/Wix/status/827475506828296192,2017-02-03 11:15:09+00:00,827475506828296192,Stay one step ahead of the #creative trends with this gorgeous #infographic: https://t.co/78A5LAh0DK https://t.co/S1devBaXqr,4,0,6,Wix,Wix,418605,3731,3,2,2017
https://twitter.com/Wix/status/827445300235210754,2017-02-03 09:15:07+00:00,827445300235210754,Beginner’s #checklist for hiring the perfect #photographer: https://t.co/eA4FBOT3ka https://t.co/umywlrHzVR,2,0,5,Wix,Wix,418605,3731,3,2,2017
https://twitter.com/AnandShukla2017/status/827410545166925824,2017-02-03 06:57:01+00:00,827410545166925824,Which is best platform for Personal website? #html5 #squarespace #WordPress #Wix #Kenya #zimbabwe #india #EquatorialGuinea #Peru,1,0,1,AnandShukla2017,Anand,77,540,3,2,2017
https://twitter.com/Wix/status/827381184103526400,2017-02-03 05:00:20+00:00,827381184103526400,"We have 10❓'s How you answer will influence the type of fonts you should use, as well as how to use em: https://t.co/kbgdunxfb4 #typography https://t.co/yml9wZ1wNF",1,0,2,Wix,Wix,418605,3731,3,2,2017
https://twitter.com/brook_bell38/status/827369587058552832,2017-02-03 04:14:15+00:00,827369587058552832,@kaitlyn_wix every one of them lol,1,0,1,brook_bell38,Brook Bell,161,284,3,2,2017
https://twitter.com/fabric_media/status/827325788701806594,2017-02-03 01:20:13+00:00,827325788701806594,Check out today's biggest #TV + #advertising stories: @Budweiser @honda @Wix + everything #SuperBowl https://t.co/7bQaSlSYvm via @TVREV https://t.co/lpvaDFsdQt,2,0,2,fabric_media,Fabric Media,749,645,3,2,2017
https://twitter.com/Wix/status/827320778932760577,2017-02-03 01:00:19+00:00,827320778932760577,Beware 🚫 Angry #animals you probably don't want to mess with: https://t.co/djsRGbz4pC https://t.co/i8Y3Aq4rFh,1,0,5,Wix,Wix,418605,3731,3,2,2017
https://twitter.com/jesephm/status/827319086384312320,2017-02-03 00:53:35+00:00,827319086384312320,"Yep, this: The truth about why #WordPress is better than #Wix or #SquareSpace. https://t.co/cM3bpoL7sb",1,0,3,jesephm,Jeseph Meyers,1109,474,3,2,2017
https://twitter.com/sgnonstop/status/827312224616271876,2017-02-03 00:26:19+00:00,827312224616271876,"Hello, do you guys have an intro we can use to include with ours? Like an mp4 type of intro perhaps? - Wix",1,1,1,sgnonstop,Stun Gamers Orginaztion | SG,36,45,3,2,2017
