url,Datetime,Tweet Id,Text,Retweet Count,Reply Count,Like Count,Username,Display Name,Followers Count,Friends Count,Day,Month,Year
https://twitter.com/Adubb_Designs/status/828021558853640192,2017-02-04 23:24:58+00:00,828021558853640192,@GardnerStudio @MindOfSavior @CocaCola I wanted to give it the effect as if it was in the coca cola but yeah that would probably look good.,1,1,1,Adubb_Designs,Adubb🥀,825,458,4,2,2017
https://twitter.com/LetItFlyAndrew/status/828020939870855168,2017-02-04 23:22:30+00:00,828020939870855168,"Essentials for on-air prep: Computer, phones, bottled water and some Coca-Cola. We have #kubball loss coverage all evening on @KCTV5 https://t.co/gR2nV8LzkJ",1,0,1,LetItFlyAndrew,Andrew Carter,5220,1499,4,2,2017
https://twitter.com/mar_jey/status/828017945339187200,2017-02-04 23:10:36+00:00,828017945339187200,Mention any drink better than Coca-Cola. I'll wait,13,0,0,mar_jey,Majey,1476,638,4,2,2017
https://twitter.com/arieella_/status/828013165367619584,2017-02-04 22:51:37+00:00,828013165367619584,That Coca Cola lied and the Simply strawberry lemonade doesn't rly exist https://t.co/1EdF0oz7qh,5,2,1,arieella_,J*jo S*wa is 38 years old 💇🏼‍♀️👱🏻,10666,1028,4,2,2017
https://twitter.com/EvilSqueegee/status/828001193645465606,2017-02-04 22:04:02+00:00,828001193645465606,Right in the feels.  @CocaCola #Supernatural https://t.co/0d7KNjpfqj,2,0,7,EvilSqueegee,EvilSqueegee (They/them),5219,1762,4,2,2017
https://twitter.com/SSUBears/status/827998093220179968,2017-02-04 21:51:43+00:00,827998093220179968,@ShawneeStateBB defeats No. 9 Missouri Baptist 4-3 to end the William Carey Coca-Cola Classic.,24,1,34,SSUBears,SSU Bears Athletics,3717,56,4,2,2017
https://twitter.com/AbsoluteJewelry/status/827996474910896129,2017-02-04 21:45:17+00:00,827996474910896129,Style-Lead don't Follow #recycledfashion https://t.co/uSkC5vTJ1K #CocaCola #sustainability #ecofashion #flowers https://t.co/okJsMX19Hp,1,0,0,AbsoluteJewelry,Absolute Jewelry,1786,1956,4,2,2017
https://twitter.com/festivalintl/status/827988919945924608,2017-02-04 21:15:16+00:00,827988919945924608,"We are proud to have Coca-Cola as a 2017 premier sponsor. Thank you to Lee Tatford, Troy Meaux and the Lafayette Coca-Cola Bottling Company! https://t.co/S7gwI4iR1x",2,0,16,festivalintl,Festival Int'l,9842,2459,4,2,2017
https://twitter.com/LetsGoICC/status/827988706111811584,2017-02-04 21:14:25+00:00,827988706111811584,Game 2 Coca-Cola starters for @ICCSoftball vs Jackson State #ICCSoftball #RollTribe https://t.co/AO3aUK2Lml,7,0,29,LetsGoICC,ICC Athletics,14991,1110,4,2,2017
https://twitter.com/AKPsi_RU/status/827988092426526721,2017-02-04 21:11:59+00:00,827988092426526721,Some of our brothers went and visited the Coca Cola factory in Atlanta today! https://t.co/9NxlvmD49D,3,0,7,AKPsi_RU,Alpha Kappa Psi - Radford University,201,167,4,2,2017
https://twitter.com/Adubb_Designs/status/827985617174855680,2017-02-04 21:02:09+00:00,827985617174855680,Coca Cola advertisment! RTs &amp; Likes are very much appreciated! @CocaCola https://t.co/VRiaUc8xCy,6,2,8,Adubb_Designs,Adubb🥀,825,458,4,2,2017
https://twitter.com/PeteJLewis/status/827984754704281600,2017-02-04 20:58:43+00:00,827984754704281600,After these jury results I'm boycotting Pepsi Hit me up @CocaCola #Vidbir2017,1,0,0,PeteJLewis,Pete,700,686,4,2,2017
https://twitter.com/seonhomecha/status/827983666856894464,2017-02-04 20:54:24+00:00,827983666856894464,@ivym09 ...Coca-Cola? City Blends? 😜 #KCAPinoyStar #NadineLustre,12,2,0,seonhomecha,seonhomecha | D-7 to SEONJOE ERA 💙,16094,635,4,2,2017
https://twitter.com/heallafdn/status/827981529536040960,2017-02-04 20:45:54+00:00,827981529536040960,Big thanks to @LMUHospitality and @CocaCola and @rdennis2 for donating all the soft drinks for our Peanut Butter Project! #HEALLA ✌️🌎💚 https://t.co/0pGZeIwWs6,29,2,74,heallafdn,The Heal Los Angeles Foundation,5074,21,4,2,2017
https://twitter.com/randzejude/status/827974784742993920,2017-02-04 20:19:06+00:00,827974784742993920,E go know place weh him dey when e dey Coca-Cola https://t.co/jPTXlrVnF0,1,0,0,randzejude,1000 𝔽𝕠ℝ𝕄𝕊 𝕆𝔽 𝔽𝕖𝔸ℝ 🦇🦅🐍🐊🐬🦎🦉,5593,439,4,2,2017
https://twitter.com/MADxVintage/status/827973807612764162,2017-02-04 20:15:13+00:00,827973807612764162,Vintage Super Bowl Ads: 1979 @CocaCola &amp; Mean Joe Green #superbowl #sb51 #vintage,1,0,0,MADxVintage,MAD x Vintage,2673,1850,4,2,2017
https://twitter.com/OccupyWallStNYC/status/827969949029253120,2017-02-04 19:59:53+00:00,827969949029253120,So he should have brought diabetes like you did to Mexico with @CocaCola?😂😂😂😂😂 https://t.co/rHHZddcYdD,5,2,11,OccupyWallStNYC,#GeneralStrike,179108,8873,4,2,2017
https://twitter.com/SMii7Y/status/827969038865297408,2017-02-04 19:56:16+00:00,827969038865297408,@IIJERiiCHOII you ever crack open a can of coca cola and take a sip of it just to find out its actually water? kinda like that atm.,14,8,184,SMii7Y,SMii7Y,1113616,693,4,2,2017
https://twitter.com/bijelo__polje/status/827966928824176640,2017-02-04 19:47:53+00:00,827966928824176640,#CocaCola's pro-#Nazi advertisement at 1936 #Berlin Olympic Games  https://t.co/Vozkwo7Zkw,1,0,2,bijelo__polje,bijelo polje,1516,210,4,2,2017
https://twitter.com/KMennerFineArt/status/827965392320610306,2017-02-04 19:41:47+00:00,827965392320610306,#COCA-COLA #GLASSES AND #CAN - #SELECTIVE #COLOR by #Kaye_Menner Quality Prints at: https://t.co/7SbayBmcrO,1,0,0,KMennerFineArt,Kaye Menner FineArt,9379,6027,4,2,2017
https://twitter.com/WSOUSports/status/827963450873769985,2017-02-04 19:34:04+00:00,827963450873769985,Vote here for the Player of the Game sponsored by @CocaCola!,1,0,0,WSOUSports,WSOU Sports,1908,440,4,2,2017
https://twitter.com/Ferguslockhart/status/827963252755804160,2017-02-04 19:33:16+00:00,827963252755804160,Came out for a coca cola and hes still out. @StewartCroz loves @BalernoAthletic more than @TollcrossTh https://t.co/l8JDlg1GHR,1,0,19,Ferguslockhart,Fergus Lockhart,921,1376,4,2,2017
https://twitter.com/CocaCola/status/827962920445284359,2017-02-04 19:31:57+00:00,827962920445284359,"@the_victimized Thank you for reaching out to us. For more assistance, please contact us via: https://t.co/CwpX3DfS5l",1,0,2,CocaCola,Coca-Cola,3385270,57907,4,2,2017
https://twitter.com/EricColossal/status/827960019744350208,2017-02-04 19:20:26+00:00,827960019744350208,"Game Idea: Since corporations are people in the US, lets make a Corporation Dating Sim. Is that General Mills taking Coca-Cola to the prom??",5,6,24,EricColossal,Eric Colossal,2416,109,4,2,2017
https://twitter.com/SustainBrands/status/827959943466721280,2017-02-04 19:20:07+00:00,827959943466721280,Why 98% of Companies Do Not Achieve Their #Sustainability Goals #OrgChange @CocaCola @Nestle https://t.co/jBF9oDcQuu,3,0,1,SustainBrands,Sustainable Brands,97707,7669,4,2,2017
https://twitter.com/_Pehicc/status/827959646187040768,2017-02-04 19:18:57+00:00,827959646187040768,"Plz sign! Coca Cola,  Samsung, Atos..Withdraw your sponsorship of PyeongChang 2018 Winter Olymp... https://t.co/FcGb7dmOfh via @ChangeItalia",1,0,0,_Pehicc,Pehicc,12369,9504,4,2,2017
https://twitter.com/HurlinghamPolo/status/827958092746850304,2017-02-04 19:12:46+00:00,827958092746850304,"Ylvisaker Cup Day 5 - Coca-Cola, La Indiana, Villa del Lago Modere and Postage Stamp Take the Day https://t.co/UwemPk04nm",1,0,2,HurlinghamPolo,Hurlingham Polo,6932,1564,4,2,2017
https://twitter.com/MaxOfArabia/status/827955501996576769,2017-02-04 19:02:29+00:00,827955501996576769,@DubaiCares @CocaCola the pleasure was all mine. I look forward to many more great days spent volunteering with you,3,0,2,MaxOfArabia,ماكس الضب,7853,0,4,2,2017
https://twitter.com/uwabuegwu/status/827954565832179712,2017-02-04 18:58:45+00:00,827954565832179712,"Frankly, I'm not sure how NBS worked out the 18% inflation. Even Coca Cola that resisted the inflation for long is now 150. A 50% increase.",1,0,0,uwabuegwu,Afam,1389,1617,4,2,2017
https://twitter.com/VernNotice/status/827953316948742144,2017-02-04 18:53:48+00:00,827953316948742144,From London. Was trying extra hard to land that cocacola sponsorship. https://t.co/MffZ6b3Fq3,1,1,25,VernNotice,Vern,73709,1123,4,2,2017
https://twitter.com/SeanOfKelley/status/827949195160068096,2017-02-04 18:37:25+00:00,827949195160068096,My dentist is Iranian. She has baseball decorations and gives out Coca Cola. Immigrants aren't just American. They're the most American.,1,1,8,SeanOfKelley,Our Sean Means Death,1347,926,4,2,2017
https://twitter.com/44Farms/status/827948649124679680,2017-02-04 18:35:15+00:00,827948649124679680,.@sethsiegel getting his game face on for the @CocaCola Cook Off with @owendaniels. Go Seth! #KnowYourRancher @yeti https://t.co/UCZSqFx6os,1,0,8,44Farms,44 Farms,4440,755,4,2,2017
https://twitter.com/KitchenNTheCoop/status/827945472207773698,2017-02-04 18:22:37+00:00,827945472207773698,Copycat Cracker Barrel Double Fudge Coca-Cola Cake #Recipe https://t.co/cX5y3SPyz7 https://t.co/MLv38jZpHX,1,0,0,KitchenNTheCoop,Deb @KitchenNTheCoop,1003,812,4,2,2017
https://twitter.com/RM_Forever1/status/827943273687814145,2017-02-04 18:13:53+00:00,827943273687814145,"Ricky Martin ~ Full Concert Live In Rimini, Italy - Coca - Cola Live @ MTV https://t.co/CX7SfiPSwy",2,0,6,RM_Forever1,Ricky Martin Forever,1982,84,4,2,2017
https://twitter.com/CocaCola/status/827941191681507328,2017-02-04 18:05:37+00:00,827941191681507328,"@j_behymer We really appreciate your loyalty, Jamie. Thanks for sharing your thoughts with us.",1,1,9,CocaCola,Coca-Cola,3385270,57907,4,2,2017
https://twitter.com/gigirules7/status/827940931731091456,2017-02-04 18:04:35+00:00,827940931731091456,#WGIGNews I could watch the Ant Man and Hulk @CocaCola commercial over and over again. https://t.co/O8xKlrcNGi,4,0,11,gigirules7,Regina Spacola,95965,90409,4,2,2017
https://twitter.com/LetsGoICC/status/827940277352546305,2017-02-04 18:01:59+00:00,827940277352546305,Today's No. 8 @ICCSoftball G1 Coca-Cola starters vs Jackson State; no broadcast; opening pitch at 1:00 #RollTribe https://t.co/0ysqwrFs6f,2,0,5,LetsGoICC,ICC Athletics,14991,1110,4,2,2017
https://twitter.com/FinleyNmatlock/status/827940223535419392,2017-02-04 18:01:46+00:00,827940223535419392,Hear from Coca-Cola &amp; how it runs #Serverless Applications with enterprise requirements! https://t.co/CWMwbPVyet,1,0,0,FinleyNmatlock,Finley and Matlock,2265,1983,4,2,2017
https://twitter.com/AWSreInvent/status/827939933247594496,2017-02-04 18:00:37+00:00,827939933247594496,Hear from Coca-Cola &amp; how it runs #Serverless Applications with enterprise requirements! https://t.co/0K3rMrrjso,13,0,27,AWSreInvent,AWS re:Invent,102381,190,4,2,2017
https://twitter.com/awscloud/status/827939786115543040,2017-02-04 18:00:02+00:00,827939786115543040,Hear from Coca-Cola &amp; how it runs #Serverless Applications with enterprise requirements! https://t.co/7FRkw0Gnap,32,0,71,awscloud,Amazon Web Services,2053144,988,4,2,2017
https://twitter.com/LivingPolo/status/827933625337466881,2017-02-04 17:35:33+00:00,827933625337466881,"Coca-Cola, La Indiana, Villa del Lago Modere and Postage Stamp Take the Day #LIVINGPOLO #Polo #PalmBeach #IPC https://t.co/IdxagLMmPt https://t.co/RruIuGlimL",1,0,3,LivingPolo,LivingPolo,14333,6700,4,2,2017
https://twitter.com/Drunkondisney/status/827933284827070469,2017-02-04 17:34:12+00:00,827933284827070469,Beverly's Revenge at the Coca Cola Store in Disney Springs! https://t.co/wTDkFBMla4,1,0,2,Drunkondisney,Drunk On Disney👁‍🗨,3577,1078,4,2,2017
https://twitter.com/BrianFreeman12/status/827933175762583553,2017-02-04 17:33:46+00:00,827933175762583553,@gigirules7 @CocaCola great commercial!,1,0,1,BrianFreeman12,Brian Freeman 🇺🇸,1561,3401,4,2,2017
https://twitter.com/krisirex/status/827927328814661632,2017-02-04 17:10:31+00:00,827927328814661632,@taelicioso THE COCA COLA BOTTLE OMG,1,1,0,krisirex,galena² 🍑,356,1022,4,2,2017
https://twitter.com/rsheak/status/827926199808774144,2017-02-04 17:06:02+00:00,827926199808774144,Indian officials order Coca-Cola plant to close for using too much water https://t.co/BAijdmssrn https://t.co/oyiF1ydjvu,1,0,2,rsheak,Richard Sheak,7271,5463,4,2,2017
https://twitter.com/TokyoTreat/status/827925063747903488,2017-02-04 17:01:31+00:00,827925063747903488,"Coca-Cola to release a healthy Coke that is claimed to reduce fat absorption from food, and contains no sugar!  https://t.co/JBH5RZHeVj",2,0,9,TokyoTreat,TokyoTreat,27873,5,4,2,2017
https://twitter.com/Commanders/status/827924717986131969,2017-02-04 17:00:09+00:00,827924717986131969,The legacy of legend @joejacoby66hog. #Redskins in 60 pres. by @cocacola https://t.co/NZ18YvYzdR,77,9,227,Commanders,Washington Commanders,1372546,324,4,2,2017
https://twitter.com/smileyniv/status/827921508899160064,2017-02-04 16:47:24+00:00,827921508899160064,"@cushbomb if Trump puts cocaine back in Coca Cola, I'll stop protesting.",3,0,4,smileyniv,L😯LC😯X,104,118,4,2,2017
https://twitter.com/Thetobbi/status/827920822648131586,2017-02-04 16:44:40+00:00,827920822648131586,"In bottling, Liverpool re like Coca Cola, Arsenal - Pepsi.  Different levels.",2,0,0,Thetobbi,Van Tobi,1874,1033,4,2,2017
https://twitter.com/EddieGEastcoast/status/827916161048272897,2017-02-04 16:26:09+00:00,827916161048272897,"@gigirules7 @CocaCola Actually cuter because player was ""Mean Joe"" Greene. Guess you're too young.",1,0,2,EddieGEastcoast,Eddie G. East Coast,7405,7040,4,2,2017
https://twitter.com/gigirules7/status/827915307285102592,2017-02-04 16:22:45+00:00,827915307285102592,#WGIGNews Our favorite classic @CocaCola feel good commercial with the kid and the football player. https://t.co/eKmzS4vuUF,6,2,16,gigirules7,Regina Spacola,95965,90409,4,2,2017
https://twitter.com/DubaiCares/status/827913716712734721,2017-02-04 16:16:26+00:00,827913716712734721,We had the pleasure of having @MaxOfArabia with us at our 1st edition of #VolunteerEmirates sponsored by @CocaCola as part of #YearOfGiving https://t.co/TAzoiKOWxq,5,2,7,DubaiCares,Dubai Cares,139445,600,4,2,2017
https://twitter.com/demicco102204/status/827908989501464576,2017-02-04 15:57:39+00:00,827908989501464576,I liked a @YouTube video from @skinfreakyt https://t.co/7a0ZmIA132 GET FREE COCA COLA FROM ANY VENDING MACHINE! (Life Hacks You Should,4,0,1,demicco102204,peter,31,372,4,2,2017
https://twitter.com/HankMorse/status/827907458265919488,2017-02-04 15:51:34+00:00,827907458265919488,My fave #BigGame commercials of all time! https://t.co/9tEIUliWrh @lorenandwally @1057WROR @Budweiser @CocaCola @Reebok @SNICKERS,1,0,4,HankMorse,Hank Morse,3102,4938,4,2,2017
https://twitter.com/intlpoloclub/status/827905209129115648,2017-02-04 15:42:38+00:00,827905209129115648,"Coca-Cola, La Indiana, Villa del Lago and Postage Stamp Farm took home wins yesterday. Read about the action: https://t.co/NksdRVaCZB",2,0,5,intlpoloclub,National Polo Center,7820,2025,4,2,2017
https://twitter.com/cvspharmacy/status/827902038998609920,2017-02-04 15:30:02+00:00,827902038998609920,Get your crew's favorite #GameDay snacks for less at CVS Pharmacy. @CocaCola #PlanterNuts @Pringles @ChexMix https://t.co/30NLLDBr5q,8,0,9,cvspharmacy,CVS Pharmacy,342358,18613,4,2,2017
https://twitter.com/DubaiCares/status/827896957989429249,2017-02-04 15:09:51+00:00,827896957989429249,#DubaiCares would like to thank @CocaCola for their invaluable contribution towards our 1st edition of #VE 2017 as part of #YearOfGiving https://t.co/QIH7XHEepl,3,0,5,DubaiCares,Dubai Cares,139445,600,4,2,2017
https://twitter.com/CocaCola_GB/status/827895014055432192,2017-02-04 15:02:07+00:00,827895014055432192,Coca-Cola Zero Sugar and Diet Coke – what makes them different? Find out here - https://t.co/IfVjK4v5hY https://t.co/RXOXVMUYbZ,3,1,15,CocaCola_GB,Coca-Cola GB,147014,1020,4,2,2017
https://twitter.com/Kabomo/status/827888451504787456,2017-02-04 14:36:02+00:00,827888451504787456,My addiction to Coca Cola is getting out of hand.,2,3,5,Kabomo,Kabomo,203854,318,4,2,2017
https://twitter.com/biolakazeem/status/827887231041929216,2017-02-04 14:31:11+00:00,827887231041929216,To think I actually said Arsenal will win something big this season! I need to punish myself.  One Shawarma &amp; chilled Coca-Cola will suffice,22,17,20,biolakazeem,Babanla,91281,3851,4,2,2017
https://twitter.com/MilWivesSaving/status/827881855873646592,2017-02-04 14:09:50+00:00,827881855873646592,"HOT 🔥 #BIGGAME #coupons &amp; savings from @CocaCola + @nabisco &amp; yummy #recipes, too! https://t.co/EqfDAuFN9l 🏈 #football #deals #militarylife https://t.co/EAzIyMlDCY",13,0,8,MilWivesSaving,MilitaryWivesSaving.com,8311,1028,4,2,2017
https://twitter.com/TC_ClemsonClub/status/827873296238727168,2017-02-04 13:35:49+00:00,827873296238727168,Sign this petition to kindly ask @CocaCola to make us a glass bottle for 2016! https://t.co/f9eMFLQxhc,1,0,2,TC_ClemsonClub,TwinCitiesClemsnClub,114,142,4,2,2017
https://twitter.com/Tembelihle1God/status/827870868902727680,2017-02-04 13:26:10+00:00,827870868902727680,#IfWeDateYouNotAllowedTo drnk Coca-Cola its ur loosen the botton in ur pu....sy,1,0,0,Tembelihle1God,THEMBA,15487,10261,4,2,2017
https://twitter.com/Felicigra/status/827866801912553473,2017-02-04 13:10:01+00:00,827866801912553473,"Me but with coca-cola  (writing is pain, a good pain) https://t.co/7VDSTNG6bb",1,0,1,Felicigra,Felicigra,154,89,4,2,2017
https://twitter.com/GFmag/status/827864604764229632,2017-02-04 13:01:17+00:00,827864604764229632,Long-time insider to take helm at Coca-Cola. What will it mean for this iconic global brand? https://t.co/VBg7eoKiF4,2,0,0,GFmag,Global Finance,8315,1358,4,2,2017
https://twitter.com/armarwagner3181/status/827861039836438529,2017-02-04 12:47:07+00:00,827861039836438529,Alice Coachman Coca-Cola Spokesman. Tuskegee Institute Alum and first African- American Olympic Gold Medalist https://t.co/gj56rNWboJ,1,0,0,armarwagner3181,Armar J. Wagner,316,527,4,2,2017
https://twitter.com/ThorlbySitwell/status/827855571202277376,2017-02-04 12:25:23+00:00,827855571202277376,"""...make him GO crazy""?! You mean, there's MORE crazy? He's already a Coca Cola short of a Happy Meal. https://t.co/XEJaGiJRH1",3,0,5,ThorlbySitwell,Matt McKenzie,351,959,4,2,2017
https://twitter.com/bulbaseok/status/827854834590064643,2017-02-04 12:22:28+00:00,827854834590064643,whenever i go to the movies and the coca cola theme plays but it isnt nct 127's version i'm confused,2,0,3,bulbaseok,it's mai xiurenity 🦋,15322,954,4,2,2017
https://twitter.com/CriminalCosta/status/827850999729704960,2017-02-04 12:07:13+00:00,827850999729704960,Pepsi bottle A Coca Cola glass? I don't give a damn,1,0,14,CriminalCosta,Ben,11363,1537,4,2,2017
https://twitter.com/mohanstatsman/status/827846255212498944,2017-02-04 11:48:22+00:00,827846255212498944,Most valuable brand in 2007: Coca Cola 2008: Coca Cola 2009: Walmart 2010: Walmart 2011: Google 2012 to 2016  Apple 2017: Google,109,6,140,mohanstatsman,Mohandas Menon,253520,122,4,2,2017
https://twitter.com/nambur8/status/827841741579550720,2017-02-04 11:30:26+00:00,827841741579550720,"My brother got his clothes in awards, my nigga modelling today, my cousin locked a coca-cola spot. Whole family getting lit",5,0,6,nambur8,#8,927,72,4,2,2017
https://twitter.com/Rico_Mafiaboy/status/827834677339758592,2017-02-04 11:02:22+00:00,827834677339758592,"Once you mention that you are working , everyone in your village will start asking for coke like you said you work at coca cola.",1,0,3,Rico_Mafiaboy,Rico MafiaBoy 👑❤,474,327,4,2,2017
https://twitter.com/giddibawse/status/827828379722342400,2017-02-04 10:37:20+00:00,827828379722342400,"Happy weekend people. Play, rest, laugh, eat, go the movies. Enjoy your weekend. Anticipate my Val's Day short story. @CocaCola #justdoit https://t.co/7ryF1A0o1H",1,0,0,giddibawse,Ugo Chinye-Ikejiunor,971,3256,4,2,2017
https://twitter.com/Nosipho_Pkt/status/827819821324726272,2017-02-04 10:03:20+00:00,827819821324726272,I've been looking for this song ever since. Loved this ad 😍😍😍 Coca-Cola is always winning https://t.co/7MklPOKTjx,1,0,1,Nosipho_Pkt,MaPhakathi,6197,808,4,2,2017
https://twitter.com/flowersbyglen/status/827817654970888192,2017-02-04 09:54:43+00:00,827817654970888192,#awards dinner for @CocaCola @NCMME with  @asparagusgreen in #wakefield made good use of bottle tops https://t.co/J2OcxwpIlu,1,0,2,flowersbyglen,Flowers by Glen,1094,1541,4,2,2017
https://twitter.com/LeedsMatchWorn/status/827814844069974016,2017-02-04 09:43:33+00:00,827814844069974016,Bradley Johnson's League One Promotion shirt worn vs Bristol Rovers - the only time we wore Coca Cola patches with that shirt... @lufcstats https://t.co/XfZ5ABITwq,1,0,9,LeedsMatchWorn,leedsunitedmatchworn,2610,815,4,2,2017
https://twitter.com/_yacineazzouz/status/827811793628229632,2017-02-04 09:31:26+00:00,827811793628229632,@FCBZURICH : #CocaCola one brand #strategy #launch in #Switzerland: https://t.co/ezhdJQkFAf… via @persoenlichcom @FCBglobal @blanclaire1 https://t.co/tlgmw8xlg1,2,0,4,_yacineazzouz,Yacine Azzouz,275,324,4,2,2017
https://twitter.com/clickclackclare/status/827810021790642177,2017-02-04 09:24:23+00:00,827810021790642177,"""As many as 16 million plastic bottles go unrecycled in the UK every day"" Shame on @CocaCola_GB for impeding efforts on #plasticpollution https://t.co/PVWqXaeg4C",1,0,1,clickclackclare,clare richards,1321,1194,4,2,2017
https://twitter.com/Xandermusic/status/827807425273028608,2017-02-04 09:14:04+00:00,827807425273028608,"Have you subscribed to my official ""Made For You"" playlist on @Spotify? https://t.co/tzE2PDS9Jr - #MadeForYou #Spotify #CokeMusic #CocaCola",1,1,3,Xandermusic,Alexander Cardinale,104834,38079,4,2,2017
https://twitter.com/Wandi_SA/status/827797767875489792,2017-02-04 08:35:42+00:00,827797767875489792,"Once you mention that you are working , everyone in your village will start asking for coke like you said you work at coca cola.",1,0,1,Wandi_SA,Wandile Ncube 🇿🇦,4057,1992,4,2,2017
https://twitter.com/Matjiephala/status/827782804771655680,2017-02-04 07:36:14+00:00,827782804771655680,The coca cola advert when they drink and say Mbrrrrr #MostMemorableAdverts,4,1,2,Matjiephala,Matjie wa Mopedi 🦋,1495,1504,4,2,2017
https://twitter.com/AdNews/status/827781238043897861,2017-02-04 07:30:01+00:00,827781238043897861,There will be one design to rule them all. @CocaCola rolls out new 'one brand' look https://t.co/oNRRiOjTZI https://t.co/eEx6MTf7rN,2,0,1,AdNews,AdNews,38731,1911,4,2,2017
https://twitter.com/midler_helen/status/827780505261051904,2017-02-04 07:27:06+00:00,827780505261051904,Footy coming Woohoo #afl #footy #aussierules #footycollectibles #cocacola #footyjumper #footyguernsey https://t.co/gOl96yE15e,4,0,1,midler_helen,Helen Midler,5552,3523,4,2,2017
https://twitter.com/mrmronie/status/827778957508481024,2017-02-04 07:20:57+00:00,827778957508481024,Coca-Cola adverts are always on point 👌👌👌 #MostMemorableAdverts,1,0,5,mrmronie,El fenómeno,2319,1910,4,2,2017
https://twitter.com/Thulani_Mbonani/status/827777486587101184,2017-02-04 07:15:06+00:00,827777486587101184,There was this Coca Cola Ad of guys playing soccer with a can of coke.  #MostMemorableAdverts,1,0,0,Thulani_Mbonani,Thulani Mbonani,521,490,4,2,2017
https://twitter.com/Mattsav10/status/827748663309062146,2017-02-04 05:20:34+00:00,827748663309062146,"Coca Cola T20 Regional Final Glenwood 1st XI 96-8, @Clifton_Durban 1st XI 88-7 and lost by 8 runs.",1,0,0,Mattsav10,Matt Savage,196,288,4,2,2017
https://twitter.com/normmacdonald/status/827746849020710912,2017-02-04 05:13:22+00:00,827746849020710912,I drink Coca-Cola almost exclusively. https://t.co/0mxF9fCPvz,4,18,67,normmacdonald,Norm Macdonald,1152333,793,4,2,2017
https://twitter.com/SurprsingFacts/status/827731932892901378,2017-02-04 04:14:05+00:00,827731932892901378,"""Coca-Cola was originally only marketed to white people, while Pepsi was marketed to black people.""",1,0,3,SurprsingFacts,Surprising Facts,5407,6229,4,2,2017
https://twitter.com/adamwolfgang/status/827713793253728256,2017-02-04 03:02:01+00:00,827713793253728256,@KyleAMadson but they are so adorable and love coca-cola,1,0,0,adamwolfgang,Adam Wolfgang,439,911,4,2,2017
https://twitter.com/AthlonSports/status/827713293032775682,2017-02-04 03:00:01+00:00,827713293032775682,"Mean Joe Greene talks #SuperBowl, the Steel Curtain, and of course Coca-Cola https://t.co/ivTXbdQcQt https://t.co/UGq2Xyyil8",1,0,0,AthlonSports,Athlon Sports,25251,646,4,2,2017
https://twitter.com/mrstrongarm/status/827712260311248896,2017-02-04 02:55:55+00:00,827712260311248896,How Coca-Cola Uses Illustration For #ContentMarketing: https://t.co/CBiDqOmpP4 via @LinkedIn #design https://t.co/suGEpO591x,1,0,3,mrstrongarm,Mark Armstrong,2436,2407,4,2,2017
https://twitter.com/StephRogers327/status/827711131854761984,2017-02-04 02:51:26+00:00,827711131854761984,"Marlinda went to a movie, shopping, and out to dinner... I'm drinking a Coca-Cola and watching Netflix... Who is the real winner here?",1,0,2,StephRogers327,Stephanie Rogers,165,410,4,2,2017
https://twitter.com/LouMongello/status/827700576792227840,2017-02-04 02:09:30+00:00,827700576792227840,Have you ever taken on the Tastes of the World challenge at @CocaCola store in @DisneySprings? https://t.co/7nlL2g45jS,1,4,9,LouMongello,Lou Mongello,38606,940,4,2,2017
https://twitter.com/DJFierceNV/status/827692699352305664,2017-02-04 01:38:11+00:00,827692699352305664,#InTheMixAt5 on 101.3 FM 📻 @BiggestLittleR #LOUDnPROUD #FierceFANatics #TGIF @CocaCola @PioneerDJ 🙌🙌🎉🎉 https://t.co/t31iD877Zd,1,0,1,DJFierceNV,DJ Fierce (Official),889,300,4,2,2017
https://twitter.com/CocaCola/status/827688491228213248,2017-02-04 01:21:28+00:00,827688491228213248,@DoceDeuce We wish you all the very best with your new company!,1,0,0,CocaCola,Coca-Cola,3385270,57907,4,2,2017
https://twitter.com/AllAboutTheDivi/status/827679672053940225,2017-02-04 00:46:26+00:00,827679672053940225,Recent Buys - Target (TGT) &amp; a little Coca Cola (KO) - https://t.co/quDy0mdnXX https://t.co/ladfSu7ujy via @MoreDividends,1,0,1,AllAboutTheDivi,Matthew Freeman,4679,2799,4,2,2017
https://twitter.com/sudhvir/status/827676972234993664,2017-02-04 00:35:42+00:00,827676972234993664,Disappointed a good initiative sells out to Coca-Cola's attempts to create anxiety about hydration &amp; generate unnecessary plastic bottles https://t.co/oU6Ewqr4Y4,2,1,10,sudhvir,Sudhvir Singh,6437,995,4,2,2017
https://twitter.com/solsticejane/status/827676199828721666,2017-02-04 00:32:38+00:00,827676199828721666,@olverawill I thought it was going to be a Coca Cola straw! What did you think I meant?!,1,1,2,solsticejane,Solstice💜,360,235,4,2,2017
https://twitter.com/Wonderware/status/827675541780168706,2017-02-04 00:30:01+00:00,827675541780168706,Learn how Coca-Cola Swaziland increased operational visibility with #mobile reporting #IIoT #BigData #LifeIsOn https://t.co/706VhFwl3H https://t.co/Mff6DiMsBO,5,0,3,Wonderware,Wonderware,1600,64,4,2,2017
https://twitter.com/jeff_fouke/status/827673159813963777,2017-02-04 00:20:33+00:00,827673159813963777,"After issues with the LEDs over the last couple months, La Tour Eiffel de Coca-Cola is good as new once again! 🗼 #cocacola https://t.co/jWFzJd4n8N",1,0,5,jeff_fouke,Jeff Fouke Jr,479,417,4,2,2017
https://twitter.com/AmorNtheBox/status/827668221293629440,2017-02-04 00:00:55+00:00,827668221293629440,"Check out LARGE Authentic Coca cola Sea Glass Shard, Tumbled Seafoam Green/AQUA Sea Glass  https://t.co/SgeTpgmsbt via @eBay",1,0,1,AmorNtheBox,AmorNtheBox,1328,4147,4,2,2017
https://twitter.com/owendaniels/status/827663307964346368,2017-02-03 23:41:24+00:00,827663307964346368,.@sethsiegel thinks he has the @CocaCola Cook-Off won. Be @CITYCENTREHOU at 1pm tom as I show him who the real MVP is. #TasteTheFeeling #Ad https://t.co/bh4aTacV3C,6,2,16,owendaniels,Owen Daniels,64890,977,3,2,2017
https://twitter.com/MiamiCandies/status/827661514500874240,2017-02-03 23:34:16+00:00,827661514500874240,"Soft &amp; chewy, gummy cola bottles✨ Perfect for themes like Coca Cola, retro, vintage, Havana nights (run and coke) and more! #candy #miami https://t.co/g4OT3iOAWP",2,0,1,MiamiCandies,gn,1747,4450,3,2,2017
https://twitter.com/clevemetroparks/status/827657374475366402,2017-02-03 23:17:49+00:00,827657374475366402,"It’s Dollar Day at The Chalet! Enjoy $1 hot dogs and $1 coca cola products today, February 3. Tobogganing is open... https://t.co/btUHSZIZdp",2,0,3,clevemetroparks,Cleveland Metroparks,87191,4876,3,2,2017
https://twitter.com/jakeduggan22/status/827654231532376064,2017-02-03 23:05:20+00:00,827654231532376064,"@CocaCola Coca Cola is my favourite soda but it goes flat and loses its fizz quickly these days, please get me in contact with your CEO asap",3,3,0,jakeduggan22,mxmtoon fan,48,40,3,2,2017
https://twitter.com/HoustonTexans/status/827648746410250242,2017-02-03 22:43:32+00:00,827648746410250242,Tomorrow's the big day #Texans fans! Cheer on former TE @owendaniels in the @CocaCola Cook-Off from 1-2 @CITYCENTREHOU. #TasteTheFeeling https://t.co/1mpIvoLuZl,11,0,41,HoustonTexans,Houston Texans,1924323,246,3,2,2017
https://twitter.com/TheRealestRoger/status/827645572203024384,2017-02-03 22:30:55+00:00,827645572203024384,The coca cola brrrrr ad #MostMemorableAdverts https://t.co/fLfobviamX,32,1,29,TheRealestRoger,Ronald,20359,17171,3,2,2017
https://twitter.com/LeadupPatrick/status/827645265616183297,2017-02-03 22:29:42+00:00,827645265616183297,Winning Super Bowl Cocktail: Ryes Up! #FalconsFriday #RiseUp #InBrotherhood @LeadUpIO @M_Ryan02 @VicBeasley3 @AtlantaFalcons @CocaCola https://t.co/uTxkNNmdIy,1,1,4,LeadupPatrick,Patrick,27,69,3,2,2017
https://twitter.com/Vinitha17/status/827643988660195328,2017-02-03 22:24:38+00:00,827643988660195328,This 2014 @CocaCola Super Bowl ad couldn't be more relevant. https://t.co/IdIwkYZCLq #AmericaIsBeautiful #BeautyInDiversity,1,0,8,Vinitha17,Dr. Vinitha Rangarajan,1191,2685,3,2,2017
https://twitter.com/adamgatto/status/827643496328785920,2017-02-03 22:22:41+00:00,827643496328785920,Yo @JustEatUK we got this and no vimto or coca cola...Order number 367632387...Not impressed https://t.co/0Y3jQ8rs81,1,1,0,adamgatto,Adam,719,1015,3,2,2017
https://twitter.com/BashasMarkets/status/827643382805647361,2017-02-03 22:22:13+00:00,827643382805647361,Want a crack at Final Four tickets? Buy $10-plus of @CocaCola products in a single transaction and get a keyword on your receipt. Then text! https://t.co/o7FWxglpJr,2,0,1,BashasMarkets,Bashas' Supermarkets,3869,816,3,2,2017
https://twitter.com/downgerd/status/827643145080991748,2017-02-03 22:21:17+00:00,827643145080991748,Coca Cola has so much sugar it should be classified as poision ! https://t.co/gDY0PAB7W5,1,0,2,downgerd,Gerard,1741,2208,3,2,2017
https://twitter.com/FlaPanthers/status/827641228862832641,2017-02-03 22:13:40+00:00,827641228862832641,You know you want one of these @Barkovsasha95 pins.. Purchase a @CocaCola  at tonight's game to get yours! https://t.co/PDnIJh2y4p https://t.co/FEYVBSBGZy,3,3,26,FlaPanthers,Florida Panthers,424626,1203,3,2,2017
https://twitter.com/wethheartwants/status/827630396133236736,2017-02-03 21:30:37+00:00,827630396133236736,Coca cola 💁🏼💁🏼 LOVATICS ON #Lovatics #BestFanArmy #IHeartAwards https://t.co/O2hBpItqVe,3,0,0,wethheartwants,. . . fabíola ‎🦋,13309,11083,3,2,2017
https://twitter.com/HillviewPrep/status/827630315141210112,2017-02-03 21:30:18+00:00,827630315141210112,"#scholarships Coca-Cola Scholars. $20,000 scholarships to 50 students and $10,000 scholarships to 400. https://t.co/EOTsLY7yhB",1,0,0,HillviewPrep,Hillview Prep,335,941,3,2,2017
https://twitter.com/Boothilda/status/827626995831836673,2017-02-03 21:17:07+00:00,827626995831836673,@BigJMcC @guardian Question...how far can Coca Cola fly when spraying outta mouth &amp; running outta nose LOL?? Thx 4 much needed laugh!,1,0,1,Boothilda,Cindy,33,111,3,2,2017
https://twitter.com/papelmania_usa/status/827623950335123456,2017-02-03 21:05:00+00:00,827623950335123456,How about a @CocaCola  with #popcorn to close a long day? https://t.co/pHmRS7b57l,1,0,0,papelmania_usa,Papelmania USA,722,340,3,2,2017
https://twitter.com/BabySavers/status/827622826140110850,2017-02-03 21:00:32+00:00,827622826140110850,"Bacon, @Ritzcrackers, @CocaCola, and @smartfinal make the perfect team for your big game party. AD https://t.co/CbzqaxNBml #unitedbyfootball https://t.co/XoIOgQJP35",9,0,5,BabySavers,Marybeth: Baby Savers 🇺🇦,101450,50056,3,2,2017
https://twitter.com/daprincysa/status/827612607318069248,2017-02-03 20:19:56+00:00,827612607318069248,Who still remember that BRrrrrrrrrrrr of CocaCola? #MostMemorableAdverts,22,0,31,daprincysa,TUMELONG Fitness,680,914,3,2,2017
https://twitter.com/nanda_freak/status/827609583908769793,2017-02-03 20:07:55+00:00,827609583908769793,is coca cola a socialist drink??????!!!!??!!!!!??????????,1,0,0,nanda_freak,nanda,1064,1241,3,2,2017
https://twitter.com/FanetteJobs/status/827603196784697344,2017-02-03 19:42:32+00:00,827603196784697344,Find all the @CocaCola #Superbowl #ads ever aired on @algolia super search: https://t.co/eK3o15SrDo https://t.co/TZtyiiyuMC,1,0,2,FanetteJobs,Fanette,1723,2531,3,2,2017
https://twitter.com/USJCT/status/827603194264039424,2017-02-03 19:42:32+00:00,827603194264039424,USJ recipient of Coca-Cola/Keep America Beautiful Recycling Bin Grant Program https://t.co/US3yXZaISz Thank you @CocaCola &amp; @kabtweet https://t.co/jcoIbECga9,1,0,7,USJCT,University of Saint Joseph,2112,634,3,2,2017
https://twitter.com/joseramonmarmtz/status/827601351710490624,2017-02-03 19:35:12+00:00,827601351710490624,@bastien here in Mexico Coca-Cola Life is gone and Coca-Cola Zero got replaced by a sugar free Coca-Cola. 😔 https://t.co/S9PDg2wCEY,1,0,1,joseramonmarmtz,Jose Ramon Marquez,2148,917,3,2,2017
https://twitter.com/dfulton19494/status/827595559934554112,2017-02-03 19:12:12+00:00,827595559934554112,"Coca-Cola Art, 7-Up Art, Old Country Garage, Nostalgia Art, Ol by SoftSpokenTexasGal  https://t.co/xq6c4038tw via @Etsy",1,0,1,dfulton19494,Doris Fulton,855,993,3,2,2017
https://twitter.com/AthlonSports/status/827594756846809088,2017-02-03 19:09:00+00:00,827594756846809088,"Mean Joe Greene talks #SuperBowl, the Steel Curtain, and of course Coca-Cola https://t.co/ivTXbdyBrT https://t.co/YpyYU3ulRc",2,0,1,AthlonSports,Athlon Sports,25251,646,3,2,2017
https://twitter.com/Obakeng_Mol/status/827593702365360128,2017-02-03 19:04:49+00:00,827593702365360128,"#MostMemorableAdverts Coca Cola "" its brrr on the coke side of life https://t.co/SMyeUZnTmS",62,5,121,Obakeng_Mol,BEARDED GENT,4774,5245,3,2,2017
https://twitter.com/PoloAssociation/status/827593243097456640,2017-02-03 19:02:59+00:00,827593243097456640,🏆✨Coca-Cola takes the win 11-9✨🏆 Watch Villa del Lago Modere vs ELB @ 3pm ET on https://t.co/niS9bkjxW5 #USPALive,2,0,4,PoloAssociation,US Polo Association,12251,777,3,2,2017
https://twitter.com/HoustonTexans/status/827592499560534016,2017-02-03 19:00:02+00:00,827592499560534016,Cheer on former TE @owendaniels in the @CocaCola Cook-Off tomorrow from 1-2pm at @CITYCENTREHOU #TasteTheFeeling 🤘: https://t.co/hdq1vEZqld https://t.co/wmLpesBPA6,8,0,25,HoustonTexans,Houston Texans,1924323,246,3,2,2017
https://twitter.com/robincperez/status/827588345974788096,2017-02-03 18:43:32+00:00,827588345974788096,Thanx for condemning Muslim ban.  I am a customer &amp; am paying attention @Apple @Microsoft @Starbucks @Google @facebook @CocaCola @netflix,1,0,1,robincperez,Grandma Boo,118,341,3,2,2017
https://twitter.com/PoloAssociation/status/827585518489763841,2017-02-03 18:32:18+00:00,827585518489763841,Nice goal by Gillian Johnson to put Coca-Cola in the lead 7-6 #USPALive https://t.co/rVwxlkn1ct,1,0,4,PoloAssociation,US Polo Association,12251,777,3,2,2017
https://twitter.com/DrJimmyStar/status/827585209637933058,2017-02-03 18:31:04+00:00,827585209637933058,"How cool, out of the 974 million people on twitter my twitter rank is #1051 #awesome @AdvertiseCast @CocaCola @Jeep @Movado @stefanbell",3,0,2,DrJimmyStar,Jimmy Star,310436,42673,3,2,2017
https://twitter.com/DionLimTV/status/827584191042838528,2017-02-03 18:27:01+00:00,827584191042838528,"Soda with fiber? Please, no!  Via @Mashable: Coca-Cola with fiber in it sounds like a mad scientist's fever dream https://t.co/Pm5EMqfJf2 https://t.co/AvK7HdRJU2",1,1,1,DionLimTV,Dion Lim,41763,4381,3,2,2017
https://twitter.com/Ricgcta/status/827583666972979200,2017-02-03 18:24:56+00:00,827583666972979200,"I'm at Coca-Cola FEMSA Itabirito in Itabirito, Minas Gerais https://t.co/yUebLqngGu",1,0,0,Ricgcta,Ricardo,767,641,3,2,2017
https://twitter.com/Chris_Wiesen/status/827583463075282945,2017-02-03 18:24:08+00:00,827583463075282945,Coca-Cola to contiune growth through acquisition strategy...  @SAP_CP https://t.co/DKyG89SUla,2,0,1,Chris_Wiesen,Chris Wiesen,155,64,3,2,2017
https://twitter.com/TheLindsayAnn/status/827581112150941697,2017-02-03 18:14:47+00:00,827581112150941697,"Bacon, @Ritzcrackers, @CocaCola, and @smartfinal make the perfect team for your big game party. AD https://t.co/gTSZYafx7p #unitedbyfootball https://t.co/GrN1o9uTBJ",1,0,3,TheLindsayAnn,Lindsay Ann,1748,488,3,2,2017
https://twitter.com/TedOkonCOA/status/827578920258134021,2017-02-03 18:06:04+00:00,827578920258134021,"Love, love, love the @CocaCola Mean Joe Greene commercial but i should because kid is my little brother. Best ever! https://t.co/hoDHufy7lX",1,0,7,TedOkonCOA,Ted Okon,5074,603,3,2,2017
https://twitter.com/SlurpeeCanada/status/827576624333721600,2017-02-03 17:56:57+00:00,827576624333721600,"You'll have the same reaction to the #GameDayMeal - 1 Large Pizza, 10 #CrispyClassicChickenWings, 10 Wedges, and 1L of Coca-Cola. https://t.co/ulW3Enegmv",4,0,23,SlurpeeCanada,Slurpee Canada,10206,931,3,2,2017
https://twitter.com/CeciATL/status/827573699398205440,2017-02-03 17:45:20+00:00,827573699398205440,Where da fuck dey at hoe @CocaCola https://t.co/7hr3Hro4Ny,26,1,25,CeciATL,ceciATL,38746,148,3,2,2017
https://twitter.com/WorldofCocaCola/status/827573623581974528,2017-02-03 17:45:02+00:00,827573623581974528,Does your bucket list include meeting the friendly Coca-Cola Polar Bear at #WorldofCocaCola? #FanFriday Photo: apriljrod via Instagram https://t.co/TDMCbeeNpU,2,2,14,WorldofCocaCola,World of Coca-Cola,192140,2057,3,2,2017
https://twitter.com/humortuiterook/status/827572624226189315,2017-02-03 17:41:03+00:00,827572624226189315,Marketing agresivo. #CocaCola https://t.co/KI5TLtIJIk,1,0,1,humortuiterook,Humor Tuitero,4477,2053,3,2,2017
https://twitter.com/CocaCola/status/827572520752644096,2017-02-03 17:40:39+00:00,827572520752644096,"@forthehype Hey, we'll definitely take it!",2,0,4,CocaCola,Coca-Cola,3385270,57907,3,2,2017
https://twitter.com/SustainBrands/status/827572424036274176,2017-02-03 17:40:16+00:00,827572424036274176,Why 98% of Companies Do Not Achieve Their #Sustainability Goals #OrgChange @CocaCola @Nestle https://t.co/jBF9oDcQuu,8,0,2,SustainBrands,Sustainable Brands,97707,7669,3,2,2017
https://twitter.com/365DaysofBaking/status/827570942339543041,2017-02-03 17:34:22+00:00,827570942339543041,"Bacon, @Ritzcrackers, @CocaCola, and @smartfinal make the perfect team for your big game party. AD https://t.co/P7YhygGH8I https://t.co/ssBw6N38g3",10,0,10,365DaysofBaking,Lynne Feifer,5470,2299,3,2,2017
https://twitter.com/xobIond/status/827570797849948162,2017-02-03 17:33:48+00:00,827570797849948162,my penis tastes like coca cola,1,2,2,xobIond,✺,193,82,3,2,2017
https://twitter.com/Act_Out_/status/827569343055659008,2017-02-03 17:28:01+00:00,827569343055659008,"What does peace in Colombia have to do with us, Uncle Sam &amp; Coca-Cola? https://t.co/bY8Cz5dM8f w/ @justinpodur https://t.co/hbmlOpveHj",1,0,0,Act_Out_,Act Out,2398,638,3,2,2017
https://twitter.com/RadicalEleanor/status/827569338710241280,2017-02-03 17:28:00+00:00,827569338710241280,"What does peace in Colombia have to do with us, Uncle Sam &amp; Coca-Cola? https://t.co/gSOaHrPKYf w/ @justinpodur https://t.co/pHZ5kT56Vs",2,0,0,RadicalEleanor,Eleanor Goldfield,8001,1661,3,2,2017
https://twitter.com/AmorNtheBox/status/827568825197555712,2017-02-03 17:25:58+00:00,827568825197555712,"LARGE Authentic Coca cola Sea Glass Shard, Tumbled Seafoam Green/AQUA Sea Glass  https://t.co/hFiInUeUUc via @eBay",1,0,1,AmorNtheBox,AmorNtheBox,1328,4147,3,2,2017
https://twitter.com/MessForLess/status/827566830688428032,2017-02-03 17:18:02+00:00,827566830688428032,"Bacon, @Ritzcrackers, @CocaCola, and @smartfinal make the perfect team for your big game party. AD https://t.co/iBZBxEGTUo #unitedbyfootball https://t.co/tRRKOrArym",30,0,14,MessForLess,Vicky @ MessForLess,10211,7556,3,2,2017
https://twitter.com/PoloAssociation/status/827566572705284096,2017-02-03 17:17:01+00:00,827566572705284096,La Indiana secured the win 11-9 over Travieso! Watch Coca-Cola vs Horseware live now on https://t.co/niS9bkjxW5 #USPALive https://t.co/Qi2VUqVLxf,3,0,6,PoloAssociation,US Polo Association,12251,777,3,2,2017
https://twitter.com/bobcarskadon/status/827564520495337472,2017-02-03 17:08:51+00:00,827564520495337472,"Coca-Cola: First bottled in Vicksburg, Mississippi. Pride of the Magnolia State",12,6,82,bobcarskadon,Bob Carskadon,27387,1191,3,2,2017
https://twitter.com/contently/status/827564090742734848,2017-02-03 17:07:09+00:00,827564090742734848,How @CocaCola built a digital publication that attracts millions of viewers each year: https://t.co/tZpNNVjzkW https://t.co/SZwx3nM2Pu,3,0,3,contently,Contently,67122,4125,3,2,2017
https://twitter.com/MenWhoBlog/status/827563803692789761,2017-02-03 17:06:00+00:00,827563803692789761,"Bacon, @Ritzcrackers, @CocaCola, and @smartfinal make the perfect team for your big game party. AD https://t.co/APmms0fwgo #unitedbyfootball https://t.co/JqtyR6EuGY",11,0,3,MenWhoBlog,#MenWhoBlog,18690,18136,3,2,2017
https://twitter.com/ManTripping/status/827563803541860352,2017-02-03 17:06:00+00:00,827563803541860352,"Bacon, @Ritzcrackers, @CocaCola, and @smartfinal make the perfect team for your big game party. AD https://t.co/uEAoUmzp24 #unitedbyfootball https://t.co/6D37iYrflF",4,1,3,ManTripping,James Hills,50829,48520,3,2,2017
https://twitter.com/ChukkerApp/status/827563224136564736,2017-02-03 17:03:42+00:00,827563224136564736,"#Lineup #cocacola vs #horsewarepolo #date5 - 2nd #polomarch 2017   #Ylsivakercup @PoloAssociation @intlpoloclub  Follow with, @chukkerapp! https://t.co/8nsjSQNMET",2,1,4,ChukkerApp,ChukkerApp,1660,369,3,2,2017
https://twitter.com/ramspacek/status/827563199260217345,2017-02-03 17:03:36+00:00,827563199260217345,"@hillbillyspider @terencecorcoran @JamesDelingpole From Pedergrast's ""God, Country, &amp; Coca-Cola"" (Ford tried but failed to be a BIG player) https://t.co/rgm1S2zJxu",1,1,1,ramspacek,Richard A.M. Špaček,1662,1871,3,2,2017
https://twitter.com/DominosCanada/status/827562643242237953,2017-02-03 17:01:24+00:00,827562643242237953,Visit our Facebook and Instagram page to participate in Domino's® &amp; Coca-Cola® #DominosBigGameCreation contest! 🏈🍕 https://t.co/sKjw6RpZ1f,1,0,5,DominosCanada,Domino's Canada,16935,30,3,2,2017
https://twitter.com/Coach_Sherrill/status/827556287076585472,2017-02-03 16:36:08+00:00,827556287076585472,"Love this promotion for @dak, still drinking @CocaCola tho https://t.co/cuWOmX9Fh1",2,0,21,Coach_Sherrill,NOT Jackie Sherrill,3927,90,3,2,2017
https://twitter.com/FactsInYourFace/status/827554905892204544,2017-02-03 16:30:39+00:00,827554905892204544,"Specifically for the Nazis, Coca Cola decided to make a fruit-flavored soda when there was a shortage of syrup, and invented Fanta!",9,0,9,FactsInYourFace,Facts In Your Face,132053,101378,3,2,2017
https://twitter.com/XS_11official/status/827554729202941952,2017-02-03 16:29:57+00:00,827554729202941952,Very excited to be part of the new Coca-Cola „One Brand“-Campaign 😍😍👌🏻👍🏼 #CokeOneBrand #CocaColaSchweiz  Coca-Cola https://t.co/YvNCFMHrnI,19,2,108,XS_11official,Xherdan Shaqiri,1150278,118,3,2,2017
https://twitter.com/ramspacek/status/827551798051344384,2017-02-03 16:18:18+00:00,827551798051344384,"@JamesDelingpole In opposing Trump, Ford and Coca-Cola continue their long and honorable tradition of social activism. Quite a week. https://t.co/ORCATXjDnC",8,3,10,ramspacek,Richard A.M. Špaček,1662,1871,3,2,2017
https://twitter.com/candilandblogs/status/827545463947530241,2017-02-03 15:53:08+00:00,827545463947530241,"Bacon, @Ritzcrackers, @CocaCola, and @smartfinal make the perfect team for your big game party. AD https://t.co/DM9Jun7ed9 #unitedbyfootball https://t.co/rLFFZvZ816",44,1,34,candilandblogs,Candi Elm,8294,7228,3,2,2017
https://twitter.com/StanleyCPanther/status/827545358775488512,2017-02-03 15:52:43+00:00,827545358775488512,"My B-Day is coming! You could even win 4 tickets to celebrate with me at the game on Feb. 26, as @CocaCola's guest, https://t.co/lH5DYImq9k! https://t.co/MNkSH0YAoo",6,3,17,StanleyCPanther,Stanley C. Panther,5869,426,3,2,2017
https://twitter.com/WVUSports/status/827542850095177728,2017-02-03 15:42:45+00:00,827542850095177728,"Stay in your seats at halftime Saturday of the @WVUWBB and @WVUhoops games to see the K9 Crew frisbee dog team, courtesy of @CocaCola! https://t.co/TzzJwFi4yi",6,0,11,WVUSports,WVU Sports,160996,106,3,2,2017
https://twitter.com/sandiegs/status/827542843409436672,2017-02-03 15:42:43+00:00,827542843409436672,"Diet Coke please? It's Pepsi, is that ok? NO!! It's never ok. #NOTokay #FirstWorldProblems #dietcokebreak  @CocaCola @DietCoke",1,0,0,sandiegs,Sandie Glover,146,1378,3,2,2017
https://twitter.com/Independent/status/827541597277523970,2017-02-03 15:37:46+00:00,827541597277523970,Coca-Cola have launched a new drink and it could be the healthiest Coke yet https://t.co/l79EUy8NvM https://t.co/5x30qP7FO4,17,7,17,Independent,The Independent,3681054,412,3,2,2017
https://twitter.com/brilliantshane/status/827540701869125633,2017-02-03 15:34:12+00:00,827540701869125633,"I like to let the Coca Cola hit every tooth before I swallow. Just my little ""fuck you"" to society",6,1,54,brilliantshane,shane clifford,8198,847,3,2,2017
https://twitter.com/KMennerFineArt/status/827539394705911808,2017-02-03 15:29:01+00:00,827539394705911808,#coca-cola ready to #drink by #Kaye_Menner photography quality prints cards at: https://t.co/7Gy5SQrl27,2,0,0,KMennerFineArt,Kaye Menner FineArt,9379,6027,3,2,2017
https://twitter.com/LoveRubyWoo/status/827537305745383428,2017-02-03 15:20:43+00:00,827537305745383428,@TheFalcoholic Coca-Cola employees are so ready for Sunday!!!!! #RiseUp #SB51 https://t.co/ZLfxUKyk9Z,5,0,11,LoveRubyWoo,Samantha Liao,188,108,3,2,2017
https://twitter.com/vanschuppen/status/827535252709134336,2017-02-03 15:12:33+00:00,827535252709134336,SHARE if you like a #cokeandasmile #HappyFriday @cocacola_nl 😇 https://t.co/EvTvFDtR5H https://t.co/UYoFqA4qHD,1,1,4,vanschuppen,Jan,7233,3450,3,2,2017
https://twitter.com/ATLTechVillage/status/827532007588630528,2017-02-03 14:59:40+00:00,827532007588630528,WE HAVE A FREESTYLE MACHINE at the Village! Thanks @CocaCola. You da real thing. 😎 https://t.co/P6DmFivyBs,4,2,13,ATLTechVillage,Atlanta Tech Village,31233,404,3,2,2017
https://twitter.com/Independent/status/827531759994679297,2017-02-03 14:58:41+00:00,827531759994679297,Coca-Cola have launched a new drink and it could be the healthiest one yet https://t.co/l79EUy8NvM,20,3,13,Independent,The Independent,3681054,412,3,2,2017
https://twitter.com/SanyaoluDebodun/status/827530857552429058,2017-02-03 14:55:05+00:00,827530857552429058,"When you get to Coca-Cola bus stop, drive down, next right turn, then u-turn, then next right.  That's the way.  African Shrine. 🇳🇬 https://t.co/VU6t1HbswA",1,0,0,SanyaoluDebodun,Adé Sànyaolù,335,195,3,2,2017
https://twitter.com/CocaColaCo/status/827528557454778369,2017-02-03 14:45:57+00:00,827528557454778369,Coke HQ employees in Atlanta #RiseUp for our hometown team – joined by former @AtlantaFalcons QB @DjShockley3 + the Coca-Cola Polar Bear! https://t.co/sGOs47EIXR,125,13,553,CocaColaCo,The Coca-Cola Co.,1190366,27091,3,2,2017
https://twitter.com/IndyLife/status/827528521744543744,2017-02-03 14:45:48+00:00,827528521744543744,Coca-Cola have launched a new drink and it could be the healthiest Coke yet https://t.co/1oX8kRYHF2 https://t.co/fDU027UfcE,14,3,2,IndyLife,Independent Lifestyle,3788,110,3,2,2017
https://twitter.com/iDrinkBleach420/status/827527287373430785,2017-02-03 14:40:54+00:00,827527287373430785,Car crash sponsored by Coca-Cola https://t.co/uiTT4d8uPi,6,0,18,iDrinkBleach420,it's all a joke!,1293,380,3,2,2017
https://twitter.com/teamxherdan/status/827525818318462976,2017-02-03 14:35:04+00:00,827525818318462976,New @CocaCola_CH campaign! Nice one @XS_11official  #TeamXherdan https://t.co/JtS22jdAE9,2,0,3,teamxherdan,Xherdan Shaqiri #1,38,33,3,2,2017
https://twitter.com/ShawneeState/status/827520805600890883,2017-02-03 14:15:09+00:00,827520805600890883,SSU baseball opens its season at the William Carey University Coca-Cola Classic this weekend! Good luck &amp; Go Bears! https://t.co/DqviL7LM6V https://t.co/2e7BrizYzg,4,0,14,ShawneeState,Shawnee State University,3839,26,3,2,2017
https://twitter.com/DesireeEaglin/status/827518329686331392,2017-02-03 14:05:19+00:00,827518329686331392,"Bacon, @Ritzcrackers, @CocaCola, and @smartfinal make the perfect team for your big game party. AD https://t.co/Yj4eGPspRn #unitedbyfootball https://t.co/7YYM26Kc0w",8,0,4,DesireeEaglin,Desiree Eaglin,15063,10693,3,2,2017
https://twitter.com/adage/status/827518022499827715,2017-02-03 14:04:05+00:00,827518022499827715,Super Bowl reruns? @CocaCola is poised to run previously aired ads in #SuperBowl LI https://t.co/R9SalYRiRy https://t.co/k20kdNrQXK,4,1,4,adage,Ad Age,1001875,73145,3,2,2017
https://twitter.com/dandad/status/827517110305824768,2017-02-03 14:00:28+00:00,827517110305824768,"To get you into the #SuperBowl spirit, we've picked out 8 iconic ads from @Volkswagen,  @CocaCola &amp; @OldSpice:https://t.co/H9hgccpisb https://t.co/2f8SvN3h08",6,0,6,dandad,D&AD,183575,12148,3,2,2017
https://twitter.com/ATLRadioClub/status/827514980400582660,2017-02-03 13:52:00+00:00,827514980400582660,Boston Amateur Radio Club President N1QD has accepted our bet!  If the Patriots win #SB51 we send them our home town @CocaCola... 1/2,3,0,0,ATLRadioClub,Atlanta Radio Club,448,63,3,2,2017
https://twitter.com/Sneshka_Richter/status/827512506230923266,2017-02-03 13:42:10+00:00,827512506230923266,Why support #animal #cruelty of #Iditarod @CocaCola @exxonmobil @AlaskaAir @WellsFargo. Law needs to change @AkGovBillWalker. https://t.co/jd0VSe8JcF,4,1,5,Sneshka_Richter,GreenHeart,1715,3121,3,2,2017
https://twitter.com/Saints_Sport/status/827509038112002049,2017-02-03 13:28:23+00:00,827509038112002049,The St Charles College 1st XI played against Hilton College 1st XI in the semi-final of the CSA Coca-Cola T20... https://t.co/v3Sb5XFb9y,2,0,1,Saints_Sport,St Charles College,1045,235,3,2,2017
https://twitter.com/Darth_Pingu/status/827508976506007553,2017-02-03 13:28:09+00:00,827508976506007553,"#IEmbraceTheFact that it's OK to drink Coca Cola out of a travel mug at work and pretend that it's coffee. It's Friday, IDGAF. 😈",2,1,8,Darth_Pingu,🍁Canadian Fletchy☘️ 🌻🇺🇦,25147,15809,3,2,2017
https://twitter.com/Sneshka_Richter/status/827505770975653888,2017-02-03 13:15:24+00:00,827505770975653888,Care 2 explain ur #sponsorship 4 this #cruelty of @exxonmobil @CocaCola @AlaskaAir @WellsFargo? #animal abuse not in line with #humanity https://t.co/SXsk3lXU5v,1,0,2,Sneshka_Richter,GreenHeart,1715,3121,3,2,2017
https://twitter.com/CocaColaAfrica/status/827502387300540416,2017-02-03 13:01:58+00:00,827502387300540416,"Share a Coca-Cola moment, with all your special friends on this special day. Happy birthday @joanjowy #TasteTheFeelingUG https://t.co/IUOIQwu1Gd",2,0,1,CocaColaAfrica,Coca-Cola Africa,71059,263,3,2,2017
https://twitter.com/CocaColaAfrica/status/827496755205779456,2017-02-03 12:39:35+00:00,827496755205779456,"Share a Coca-Cola moment, with all your special friends on this special day. Happy birthday @Jewlz_b #TasteTheFeelingKE https://t.co/ki1oMMwli0",1,0,0,CocaColaAfrica,Coca-Cola Africa,71059,263,3,2,2017
https://twitter.com/StEdmundsWare/status/827492896739848192,2017-02-03 12:24:15+00:00,827492896739848192,Congratulations to students who won the Best Radio Ad trophy from the Real Business Challenge run by Coca-Cola. Well done all involved! https://t.co/FL3Tq8j6qX,2,3,24,StEdmundsWare,St Edmund's College,3265,192,3,2,2017
https://twitter.com/buckets_of_tea/status/827491841226444800,2017-02-03 12:20:03+00:00,827491841226444800,Coca Cola Cupcakes.....to die for! https://t.co/Qkwx3wyeMx #cupcakes #recipe #foodie #foodporn https://t.co/550Yw3hjvL,2,0,1,buckets_of_tea,Candace - Buckets Of Tea,4815,1929,3,2,2017
https://twitter.com/MyMilitarySvgs/status/827487089621139456,2017-02-03 12:01:10+00:00,827487089621139456,Be sure to grab these #BIGGAME @CocaCola savings at @shopmyexchange &amp; @YourCommissary! https://t.co/SElc8w9qZ0 🏈 #coupons #deals #couponing https://t.co/EiZ5DfNo1r,54,0,10,MyMilitarySvgs,MyMilitarySavings.com,4139,2149,3,2,2017
https://twitter.com/GABeverage/status/827482873422819328,2017-02-03 11:44:25+00:00,827482873422819328,Sugar taxes ‘discriminatory and ineffective’ – new Coca-Cola CEO https://t.co/vaLjYfHzRh,1,0,2,GABeverage,Georgia Beverage Association,2221,2585,3,2,2017
https://twitter.com/fmfukuoka/status/827481009838895104,2017-02-03 11:37:01+00:00,827481009838895104,[NOA]:(2017/02/03 20:36) 「No Half Steppin' 」 / FREAK [ Coca-Cola Station ～Groove&amp;Vibes～ ] #nowplaying,2,0,5,fmfukuoka,FM FUKUOKA,29748,78,3,2,2017
https://twitter.com/XfmUG/status/827478677319454720,2017-02-03 11:27:45+00:00,827478677319454720,NEW TRACK Sean Kingston ft Vybz Kartel -- Chance #Top10Countdown with Coca-Cola Maritza Mama KLA TRASH or TREASURE? https://t.co/cUVVhFD33s,2,0,4,XfmUG,Today's Hit Music,162361,3357,3,2,2017
https://twitter.com/birkner_andrea/status/827476240638570496,2017-02-03 11:18:04+00:00,827476240638570496,We take over development and management of key #IT #apps for Coca-Cola Hellenic Bottling Company! #CPG https://t.co/flHh0hkiuZ https://t.co/Ey1iclT2qC,1,0,2,birkner_andrea,Andrea Birkner,197,438,3,2,2017
https://twitter.com/ultraliquors/status/827473971075497984,2017-02-03 11:09:03+00:00,827473971075497984,We’ve got the perfect pair for a weekend party. Get to your nearest Ultra and save with @CaptainMorganSA and @CocaCola_ZA #UltraOffer https://t.co/2VX2k2kvMq,3,0,3,ultraliquors,Ultra Liquors,12842,3536,3,2,2017
https://twitter.com/DrLindseyFitz/status/827468037800546304,2017-02-03 10:45:28+00:00,827468037800546304,"In the 19th century, Coca Cola contained cocaine &amp; was prescribed by doctors as a ""nerve stimulant."" #TheMoreYouKnow https://t.co/EOxb6bmKut",33,5,62,DrLindseyFitz,Lindsey Fitzharris,117433,998,3,2,2017
https://twitter.com/silverbacklive/status/827463154498228225,2017-02-03 10:26:04+00:00,827463154498228225,Coca-Cola with fiber in it sounds like a mad scientist's fever dream https://t.co/NDCxFKN7yH #strartup #Dubai #UAE #Innovation,1,0,1,silverbacklive,Alexandar,3074,618,3,2,2017
https://twitter.com/mashable/status/827460127171149825,2017-02-03 10:14:02+00:00,827460127171149825,Coca-Cola with fiber in it sounds like a mad scientist's fever dream https://t.co/hy6RFCaACc,31,3,39,mashable,Mashable,9413624,2736,3,2,2017
https://twitter.com/nikhilhmakwana/status/827459145670356992,2017-02-03 10:10:08+00:00,827459145670356992,#NEWS Coca-Cola with fiber in it sounds like a mad scientist's fever dream https://t.co/qeMUxFsCL8 https://t.co/0b9UPbD9LN,1,0,0,nikhilhmakwana,Nikhil Makwana #AppleEvent,5123,1713,3,2,2017
https://twitter.com/glennvalencich/status/827459081833050112,2017-02-03 10:09:53+00:00,827459081833050112,@Demonblog Optus and Coca-Cola are still on the roof from the 90s.,1,0,0,glennvalencich,Glenn Valencich,576,540,3,2,2017
https://twitter.com/world1consult/status/827449050718801922,2017-02-03 09:30:01+00:00,827449050718801922,#Mexicans threaten to boycott American goods https://t.co/GWJUJ4rHEi @Starbucks @McDonalds @CocaCola #socialmedia @Walmart #AdiosStarbucks,1,0,1,world1consult,Retail Detail,1475,146,3,2,2017
https://twitter.com/nzherald/status/827441626813517824,2017-02-03 09:00:31+00:00,827441626813517824,Coca-Cola is launching a new design system across its product range in Australia and New Zealand: https://t.co/EGd6m8k27U https://t.co/H6YuEEj22I,2,0,7,nzherald,nzherald,376785,2862,3,2,2017
https://twitter.com/jcatwindsor/status/827440805715517440,2017-02-03 08:57:15+00:00,827440805715517440,"@Monaca6 @SoSofieFatale @CocaCola If I ask for Coke and they say ""is Pepsi alright?"" I look @ them in disgust and tell them NO! I H8 Pepsi!",1,0,2,jcatwindsor,Catherine Windsor 🏳️‍🌈,513,518,3,2,2017
https://twitter.com/denkmit/status/827432178476785664,2017-02-03 08:22:58+00:00,827432178476785664,Brand identity. Like why the design of the Coca Cola logo hasn't changed since 1905! https://t.co/aFOyM5LWQ0,1,0,6,denkmit,Simon Patterson,65905,606,3,2,2017
https://twitter.com/ruliharahap/status/827431023554093057,2017-02-03 08:18:23+00:00,827431023554093057,"Quick poll this afternoon if you would, ladies and gents.  Are you aware of, and/familiar with,  Coca-Cola Foundation's Perpuseru program?",9,2,1,ruliharahap,Ruli Harahap 🇺🇦,11367,928,3,2,2017
https://twitter.com/rockinmama/status/827422565077377024,2017-02-03 07:44:46+00:00,827422565077377024,"Bacon, @Ritzcrackers, @CocaCola, and @smartfinal make the perfect team for your big game party. AD https://t.co/PEwcFWlI0A #unitedbyfootball https://t.co/m2cKUSD90x",57,0,13,rockinmama,Caryn Bailey,23211,22893,3,2,2017
https://twitter.com/AMA_Marketing/status/827416585094696960,2017-02-03 07:21:01+00:00,827416585094696960,What is your favorite classic Super Bowl ad? This one from Coca-Cola will always be in our top 10. #SuperBowlAds https://t.co/PVsbDlMy5U,3,0,0,AMA_Marketing,AMA,75514,258,3,2,2017
https://twitter.com/whee_inthusiast/status/827415515710836736,2017-02-03 07:16:46+00:00,827415515710836736,"@haeL_mooart mochi must want to become ""coca-cola flavored"" https://t.co/MNrkkHr5CB",1,0,4,whee_inthusiast,Halo,822,427,3,2,2017
https://twitter.com/MissingLynxx/status/827411031714467840,2017-02-03 06:58:57+00:00,827411031714467840,"Bacon, @Ritzcrackers, @CocaCola, and @smartfinal make the perfect team for your big game party. AD https://t.co/OoFaljFGKf #unitedbyfootball https://t.co/DH12U6g6HX",238,0,50,MissingLynxx,MissingLynxx,28139,24994,3,2,2017
https://twitter.com/MartinAButters/status/827405054550253570,2017-02-03 06:35:12+00:00,827405054550253570,How To Own Social Media: Always Coca-Cola: https://t.co/TwLRrTQ7BC  #SocialMedia #CocaCola https://t.co/L5b4y3IiHA,3,0,4,MartinAButters,Martin Butters - Tech Marketing,469159,382064,3,2,2017
https://twitter.com/ddongbyullie/status/827398563738968065,2017-02-03 06:09:24+00:00,827398563738968065,Coca Cola Korea loves Mamamoo just like how Pringles UK loves Seulgi LMAO,18,0,45,ddongbyullie,똥별이 🧀 (semi ia),31164,452,3,2,2017
https://twitter.com/Treasure_Demand/status/827381799563071488,2017-02-03 05:02:47+00:00,827381799563071488,♢♧ 20% OFF SALE 1967 Coca-Cola New Vaudeville Band Ad  London Mods by Tre... Hurry Now! https://t.co/Db5M5PtmVk https://t.co/0YtfnwTzr2,1,0,0,Treasure_Demand,Treasure by Demand,224,69,3,2,2017
https://twitter.com/avibarak1/status/827380818272088065,2017-02-03 04:58:53+00:00,827380818272088065,@nytimes what about cigarettes and alcohol and pills and McDonald's and Coca-Cola? Leave MJ alone !,1,1,5,avibarak1,Makelovenotwar,97,755,3,2,2017
https://twitter.com/4kidsactivities/status/827372294670524416,2017-02-03 04:25:01+00:00,827372294670524416,Easy Coca-Cola + BBQ Slow Cooker Chicken https://t.co/pX9zHpvhMw https://t.co/K2GooeUT07,3,0,0,4kidsactivities,Kids Activities Blog,20084,350,3,2,2017
https://twitter.com/pearwomper/status/827364582993838084,2017-02-03 03:54:22+00:00,827364582993838084,♤Ð Vintage Reproduction Collectible Coca Cola Tin “The Palms” Nice https://t.co/OhZJeAuiQ2 https://t.co/9Dw5ulm2eD,1,0,1,pearwomper,Pearwomper,3374,4972,3,2,2017
https://twitter.com/EstateFinds4u2/status/827364118705401857,2017-02-03 03:52:32+00:00,827364118705401857,Vintage Wood Coca Cola Ice Pick and Bottle by EstateFinds4U2 https://t.co/5Ccr7G0R3f via @Etsy,1,0,0,EstateFinds4u2,EstateFinds4u2,12433,4533,3,2,2017
https://twitter.com/dezeiikardash/status/827358955353624576,2017-02-03 03:32:01+00:00,827358955353624576,"*on ft with lys* @_alyssarochelle  My aunts boyfriend ""you ever had a Coca Cola cake before""  Me : https://t.co/utcvdKpTda",2,1,2,dezeiikardash,Release ya job,763,456,3,2,2017
https://twitter.com/1papusbueno/status/827357940856205314,2017-02-03 03:27:59+00:00,827357940856205314,Dance cover #cocacola #MovementIsHappiness @CocaCola @CocaColaPH  https://t.co/gEo2mJOhCc,1,0,2,1papusbueno,Papus Bueno,201,220,3,2,2017
https://twitter.com/plaidcladmadlad/status/827352041886511104,2017-02-03 03:04:32+00:00,827352041886511104,"@Monaca6 @SoSofieFatale @CocaCola @pepsi I mean, you're punishing yourself either way. @RCColaOfficial",1,1,2,plaidcladmadlad,Heironymus Brock,275,3044,3,2,2017
https://twitter.com/MattEchols1/status/827348249874935809,2017-02-03 02:49:28+00:00,827348249874935809,"""Hey Kid ... catch."" Read about what one of the best #CocaCola ads ever made means to its Hall of Fame star, Joe Greene #HaveACokeAndASmile https://t.co/wGvbpsGhC8",4,0,3,MattEchols1,Matt Echols,801,239,3,2,2017
https://twitter.com/CocaColaCo/status/827346865591037953,2017-02-03 02:43:58+00:00,827346865591037953,“Want my Coke?” – “Mean” Joe Greene reflects on the iconic Coca-Cola Big Game ad that changed his life: https://t.co/Mj7ygtgdRJ #TBT https://t.co/ByeWusfFIy,45,6,254,CocaColaCo,The Coca-Cola Co.,1190366,27091,3,2,2017
https://twitter.com/JRsPillows/status/827343397560188928,2017-02-03 02:30:11+00:00,827343397560188928,CocaCola Pillow Cover in Red White Woven Home Decor Print.. https://t.co/T8syH8LKTt #handmade #pottiteam https://t.co/FHudv5vwQp,5,0,0,JRsPillows,JRsPillowsandBags,19122,6292,3,2,2017
https://twitter.com/BalanceTheChaos/status/827342122059722752,2017-02-03 02:25:07+00:00,827342122059722752,"Bacon, @Ritzcrackers, @CocaCola, and @smartfinal make the perfect team for your big game party. AD https://t.co/JM4wVX3Bp4 #unitedbyfootball https://t.co/l8dNx0ihrU",18,0,2,BalanceTheChaos,Jenn Willey,6652,3874,3,2,2017
https://twitter.com/gamesfreezer/status/827339582836457472,2017-02-03 02:15:02+00:00,827339582836457472,☆ Can The SEGA Master System Survive After A Coca-Cola Spillage? ☆ 🤔 #Retrogaming #GamersUnite #SEGA https://t.co/lPQncnD0rX https://t.co/TsvcOCSsm2,3,0,2,gamesfreezer,💛💙 𝕲ames 𝕱reezer 💛💙 #IndieGames #RetroGaming,19112,592,3,2,2017
https://twitter.com/JRodOnAir/status/827338177597747201,2017-02-03 02:09:27+00:00,827338177597747201,Another chance 2 WIN FREE 12packs of @CocaCola 2mrw 10am-6pm on 101.3 FM https://t.co/0Xha4PAUQY Best way 2 kick-off THE BIG GAME wknd 😉😉 https://t.co/rgJFdvbhzh,1,0,1,JRodOnAir,JFierceRodriguez,1159,663,3,2,2017
https://twitter.com/NaddictsBrunei/status/827337647043407872,2017-02-03 02:07:20+00:00,827337647043407872,7.Coca-Cola would be green if coloring wasn’t added to it. #KCAFavPinoyStar #NadineLustre,4,0,0,NaddictsBrunei,NaddictsBrunei,185,12,3,2,2017
https://twitter.com/PhxMoms/status/827335771807813632,2017-02-03 01:59:53+00:00,827335771807813632,"Bacon, @Ritzcrackers, @CocaCola, and @smartfinal make the perfect team for your big game party. AD https://t.co/fe6Y1zEnvv #unitedbyfootball https://t.co/6dxssQGsEs",19,5,6,PhxMoms,PhoenixMoms,8906,5236,3,2,2017
https://twitter.com/tonegatherion/status/827329632592678912,2017-02-03 01:35:30+00:00,827329632592678912,The Hermelee is a drink that consists of one ice cold coca cola and one ice cold beer poured together,1,0,6,tonegatherion,Andrew,1280,220,3,2,2017
https://twitter.com/australian/status/827329531690115072,2017-02-03 01:35:06+00:00,827329531690115072,Thirsty? So is @CocaCola. For profits https://t.co/WneimzHgGb @_chriskohler https://t.co/0fYiPDejfB,5,0,5,australian,The Australian,800610,557,3,2,2017
https://twitter.com/AlDubNegrosOcc/status/827316759040389120,2017-02-03 00:44:20+00:00,827316759040389120,"#ALDUBExcitedForDTBY -Jj ® God bless adub,aldubnation,EB,KS,GMA Retweet,Quote tweet!! COCA COLA https://t.co/6hzbg3PiWr",3,0,1,AlDubNegrosOcc,EthanxJoy 💗,2869,120,3,2,2017
https://twitter.com/morgantownwings/status/827305903691014144,2017-02-03 00:01:12+00:00,827305903691014144,Recipe for sweet CHICKEN WINGS drunken with VODKA lemon and coca cola – easy how to marinade video https://t.co/rlnZvkb1fc,2,0,5,morgantownwings,Morgantown Wings Team,8098,6,3,2,2017
https://twitter.com/MuseumofBris/status/827305680293998594,2017-02-03 00:00:19+00:00,827305680293998594,"What do Coca-Cola, milk, dog food and tofu all have in common? Find out next Sat on our free guided tour of Ink Remix. https://t.co/f9WUyssoFR",2,0,2,MuseumofBris,MuseumofBris,9688,1922,3,2,2017
