url,Datetime,Tweet Id,Text,Retweet Count,Reply Count,Like Count,Username,Display Name,Followers Count,Friends Count,Day,Month,Year
https://twitter.com/turbotax/status/828015323660111872,2017-02-04 23:00:11+00:00,828015323660111872,Calling all commuters! You may be able to get a mileage #deduction! Know the 2017 mileage rates: https://t.co/bZLPX1o3sU https://t.co/K5xCYYPjO5,11,1,6,turbotax,Intuit TurboTax,64669,927,4,2,2017
https://twitter.com/mrslundy1417/status/827970633447374848,2017-02-04 20:02:36+00:00,827970633447374848,@turbotax disconnected with me after talking to them for an hour... No call back. Wow. #neveruseagain #notgoodservice,1,1,1,mrslundy1417,Ashley Lundy,34,265,4,2,2017
https://twitter.com/turbotax/status/827955081899282433,2017-02-04 19:00:48+00:00,827955081899282433,You don’t need to go out of your way to file your #taxes. Break up w the tax store &amp; file from home w TurboTax now: https://t.co/Ivv4ECCa29 https://t.co/O2hFn2NnDX,15,1,9,turbotax,Intuit TurboTax,64669,927,4,2,2017
https://twitter.com/BKarriem/status/827944215732682753,2017-02-04 18:17:38+00:00,827944215732682753,I just used @turbotax to get my #taxesdone and it was easy! Click here to save 20% on yours today. https://t.co/6iSvs8ZCn2,1,0,1,BKarriem,Bakka Karriem,237,751,4,2,2017
https://twitter.com/alexispayton7/status/827874252078604288,2017-02-04 13:39:37+00:00,827874252078604288,@cammpayy @turbotax hahahahahahah😂😂,1,0,0,alexispayton7,Alexis Payton,674,406,4,2,2017
https://twitter.com/slickdeals/status/827768307730092032,2017-02-04 06:38:38+00:00,827768307730092032,TurboTax Premier 2016 (Federal &amp; State) + Quicken 2017 Deluxe $50 &amp; More + Free S&amp;H https://t.co/zZQjn5AvcY,1,0,3,slickdeals,Slickdeals,226730,1039,4,2,2017
https://twitter.com/carlajo/status/827736437227417601,2017-02-04 04:31:59+00:00,827736437227417601,You know you are an adult when a wild Fri. night is @turbotax &amp; 🍷thankful for my #TaxHero Gladys!  #noK1deductions #taxesdone #Sweepstakes,1,1,8,carlajo,Carla Jo,1175,1275,4,2,2017
https://twitter.com/LeanOnAndLead/status/827730828935323648,2017-02-04 04:09:42+00:00,827730828935323648,"Turbotax just asked me if I received Paid Leave Benefits last year. Um, hello, live in Hawai, USA? @NPWF @MomsRising",2,0,3,LeanOnAndLead,Shay Chan Hodges,2796,2801,4,2,2017
https://twitter.com/divinecassie/status/827729024013045764,2017-02-04 04:02:32+00:00,827729024013045764,@Intuit @turbotax Self-Employed wins @PCMag editors choice!!! One  highlight: @QuickBooks self-employed #OneIntuit  https://t.co/vihS6hAhUI,8,0,17,divinecassie,Cassie Divine,1584,1059,4,2,2017
https://twitter.com/flyassauntie/status/827724086428065792,2017-02-04 03:42:55+00:00,827724086428065792,When your Tax Return gets approved in 40 minutes @turbotax y'all the best 🤗,1,0,1,flyassauntie,The Virgoat,773,388,4,2,2017
https://twitter.com/anenth/status/827710207241261057,2017-02-04 02:47:46+00:00,827710207241261057,Mind blown with these two products this week. @turbotax &amp; @GustoHQ. #happycustomer,2,0,3,anenth,Anenth Guru,929,609,4,2,2017
https://twitter.com/seen50states/status/827678241305550848,2017-02-04 00:40:44+00:00,827678241305550848,@RBReich What is the real process to get Trump's taxes released? Freedom of info act? Lawsuit by Congressional Ethics? Hacking TurboTax?,1,1,2,seen50states,JJ Jones 🇺🇦,70,159,4,2,2017
https://twitter.com/omgilysierra/status/827666101903437825,2017-02-03 23:52:30+00:00,827666101903437825,Filing your taxes liiiiikkkeeee.... @turbotax https://t.co/NJuQltKouR,2,0,4,omgilysierra,sierra 💞,559,384,3,2,2017
https://twitter.com/CraysMom/status/827659904538259458,2017-02-03 23:27:53+00:00,827659904538259458,@turbotax @RetailMeNot @AmericanExpress cool I can do everyone taxes on TutboTax this year #week0free #Absolute0 ##Giveaway,1,1,1,CraysMom,Kristen Stanley,1565,3614,3,2,2017
https://twitter.com/Matt_McGavic/status/827656926028775424,2017-02-03 23:16:02+00:00,827656926028775424,Oh TurboTax... how did you know? https://t.co/yvuNXkrPFD,1,0,15,Matt_McGavic,Matt McGavic,4323,1896,3,2,2017
https://twitter.com/turbotax/status/827652983282401280,2017-02-03 23:00:22+00:00,827652983282401280,Filing for the first time? It’s easier than you think! Use these tips to maximize your #tax refund. https://t.co/1o5P2D9y4Z https://t.co/8g2Uv8Ws75,24,2,15,turbotax,Intuit TurboTax,64669,927,3,2,2017
https://twitter.com/LifeAsAmberlyn/status/827651669307428864,2017-02-03 22:55:09+00:00,827651669307428864,@blevinsh31 @turbotax @RetailMeNot @AmericanExpress @cam_brandosmomm @Babygurlie73 awesome! Thanks for the tag GL,2,0,2,LifeAsAmberlyn,Amberlyn,1821,2671,3,2,2017
https://twitter.com/blevinsh31/status/827635176222003201,2017-02-03 21:49:37+00:00,827635176222003201,@turbotax @RetailMeNot @AmericanExpress fingers crossed @LifeAsAmberlyn @cam_brandosmomm @Babygurlie73 check this out #weekoffree,1,1,3,blevinsh31,Heather,419,1763,3,2,2017
https://twitter.com/TeamTurboTax/status/827626985648173060,2017-02-03 21:17:04+00:00,827626985648173060,@courtdeem I'm sorry you're considering leaving TurboTax family. You can avoid refund processing fee by paying TurboTax fees by card. -V,1,0,1,TeamTurboTax,TurboTax Support,19838,3804,3,2,2017
https://twitter.com/turbotax/status/827597077441974272,2017-02-03 19:18:13+00:00,827597077441974272,@chriscoyPA Thank you for sharing. We are so happy to hear it was a wonderful experience.  Happy filing!,1,0,3,turbotax,Intuit TurboTax,64669,927,3,2,2017
https://twitter.com/tjisneato/status/827586083907059712,2017-02-03 18:34:32+00:00,827586083907059712,hi my name is Tj and I lost 40lbs during my first 5 minutes with turbotax,1,0,5,tjisneato,teej,237,164,3,2,2017
https://twitter.com/littleblackbelt/status/827578066796834816,2017-02-03 18:02:41+00:00,827578066796834816,@turbotax @RetailMeNot @AmericanExpress @rosesofblue70 @cameron777 @PhyliciaSP @sheilamritter @BetteH9 @Roscoe1679  Come check out!,1,0,3,littleblackbelt,Scott W.,23,139,3,2,2017
https://twitter.com/turbotax/status/827577535626100736,2017-02-03 18:00:34+00:00,827577535626100736,Pulling off the perfect viewing party? Tough. Filing your taxes? Easy. #JustTap for a SmartLook™ expert: https://t.co/JUuXEPAUZj https://t.co/Gf5kv5byCW,41,4,25,turbotax,Intuit TurboTax,64669,927,3,2,2017
https://twitter.com/payin21/status/827573820861071360,2017-02-03 17:45:49+00:00,827573820861071360,@turbotax @RetailMeNot @AmericanExpress check this out ladies! @ggallagher71 @shadow62310 @TeacherStacyH @Snickerdoo2 @KittieKad @Rado426 🍀,1,2,4,payin21,Hazell,3300,4999,3,2,2017
https://twitter.com/PaightenHarkins/status/827567340669825025,2017-02-03 17:20:04+00:00,827567340669825025,"Good q, @turbotax. I'm honestly beginning to wonder https://t.co/ULOEO9sKRQ",1,2,7,PaightenHarkins,Paighten🆒Harkins,4053,3505,3,2,2017
https://twitter.com/turbotax/status/827562411532107776,2017-02-03 17:00:28+00:00,827562411532107776,Thanks to @RetailMeNot we’re ending #WeekOfFree w/ a $500 @AmericanExpress gift card! RT by 4pm PT for a chance to win! #Absolute0 #giveaway https://t.co/nrpFd6lxFa,821,192,259,turbotax,Intuit TurboTax,64669,927,3,2,2017
https://twitter.com/Oh_Wise1/status/827560451567403008,2017-02-03 16:52:41+00:00,827560451567403008,S/O @turbotax  I fuck with y'all ✊🏿 https://t.co/WV5fnFYV8V,1,0,0,Oh_Wise1,.,1007,679,3,2,2017
https://twitter.com/NicolesChoice1/status/827424918878945280,2017-02-03 07:54:08+00:00,827424918878945280,@turbotax WOW! CONGRATS TO ALL THE WINNERS!! @NeonBeaver @connieshannon17 @Momof4plus2dogs @JoniLoveVWBugs @ILiveToFish64 https://t.co/OZD5I1cVBk,3,1,5,NicolesChoice1,"It's JUNE! 🤪 Don't be a BUMMER, enjoy SUMMER!🤗",4589,793,3,2,2017
https://twitter.com/NGLsocial/status/827337316972781568,2017-02-03 02:06:02+00:00,827337316972781568,On behalf of @TurboTax &amp; @DiMeMedia – Thank you so much for joining us tonight! ¡Buenas noches! And happy tax season! #ConTurboTaxPuedes #Ad,2,4,6,NGLsocial,NGL Collective,20672,2546,3,2,2017
https://twitter.com/NGLsocial/status/827337159929630721,2017-02-03 02:05:24+00:00,827337159929630721,Follow @TurboTax on Twitter and Instagram to get the scoop on how to make the most of tax season! #ConTurboTaxPuedes #Ad,4,0,3,NGLsocial,NGL Collective,20672,2546,3,2,2017
https://twitter.com/NGLsocial/status/827337091172405248,2017-02-03 02:05:08+00:00,827337091172405248,Big thanks to our brand sponsor @TurboTax! #ConTurboTaxPuedes #Ad,2,2,1,NGLsocial,NGL Collective,20672,2546,3,2,2017
https://twitter.com/NGLsocial/status/827337051683090433,2017-02-03 02:04:58+00:00,827337051683090433,"Thanks to our @TurboTax co-hosts @MarinesDuarte, @GabyNatale, @paulabendfeldt, @AndreaMinski, @gusjournalist #ConTurboTaxPuedes #ad",1,3,5,NGLsocial,NGL Collective,20672,2546,3,2,2017
https://twitter.com/paulabendfeldt/status/827336851467952128,2017-02-03 02:04:11+00:00,827336851467952128,Gracias @TurboTax for empowering so many Latinos to take charge of their finances &amp; file their own taxes! #ConTurboTaxPuedes #Ad,1,0,1,paulabendfeldt,Paula Bendfeldt,96946,83389,3,2,2017
https://twitter.com/latinomarketing/status/827336689383305216,2017-02-03 02:03:32+00:00,827336689383305216,On behalf of @TurboTax &amp; @DiMeMedia – Thank you so much for joining us tonight! ¡Buenas noches! And happy tax season! #ConTurboTaxPuedes #Ad,29,25,34,latinomarketing,Cristy Clavijo-Kish,13174,5519,3,2,2017
https://twitter.com/JeseniaMontanez/status/827336650510499840,2017-02-03 02:03:23+00:00,827336650510499840,Follow TurboTax on Facebook for all the latest news and tips: https://t.co/GiFjrYlVQd #ConTurboTaxPuedes #Ad,1,1,2,JeseniaMontanez,Jesenia Montanez,34830,30014,3,2,2017
https://twitter.com/kymnasium/status/827336635154968577,2017-02-03 02:03:19+00:00,827336635154968577,Many awesome thank you's for everything @turbotax! #ConTurboTaxPuedes https://t.co/Bv6JiyqSib,1,0,0,kymnasium,Kymi,11797,12870,3,2,2017
https://twitter.com/CoolChillMom/status/827336594776608768,2017-02-03 02:03:10+00:00,827336594776608768,On behalf of @TurboTax &amp; @DiMeMedia  – Thank you so much for joining us tonight! ¡Buenas noches! happy tax season! #ConTurboTaxPuedes #Ad,1,0,0,CoolChillMom,Taty,48136,28774,3,2,2017
https://twitter.com/momochompers/status/827336593212133384,2017-02-03 02:03:09+00:00,827336593212133384,@latinomarketing @turbotax cheers to tax season #ConTurboTaxPuedes https://t.co/hewSmKo41s,1,0,0,momochompers,Monique,1000,3914,3,2,2017
https://twitter.com/latinomarketing/status/827336486206967808,2017-02-03 02:02:44+00:00,827336486206967808,Follow TurboTax on Facebook for all the latest news and tips: https://t.co/FccnAfYRMH #ConTurboTaxPuedes #Ad,21,5,26,latinomarketing,Cristy Clavijo-Kish,13174,5519,3,2,2017
https://twitter.com/CamilleElizabe/status/827336474098016256,2017-02-03 02:02:41+00:00,827336474098016256,@latinomarketing @turbotax @MarinesDuarte @GabyNatale @paulabendfeldt @AndreaMinski @gusjournalist thanks everyone! #ConTurboTaxPuedes,1,0,0,CamilleElizabe,Camille Walker,1012,4907,3,2,2017
https://twitter.com/latinomarketing/status/827336435158114304,2017-02-03 02:02:31+00:00,827336435158114304,Follow @TurboTax on Twitter and Instagram to get the scoop on how to make the most of tax season! #ConTurboTaxPuedes #Ad,22,12,28,latinomarketing,Cristy Clavijo-Kish,13174,5519,3,2,2017
https://twitter.com/CoolChillMom/status/827336403344306177,2017-02-03 02:02:24+00:00,827336403344306177,Follow TurboTax on Facebook for all the latest news and tips: https://t.co/aD0jrnlBye #ConTurboTaxPuedes #Ad,1,0,2,CoolChillMom,Taty,48136,28774,3,2,2017
https://twitter.com/CoolChillMom/status/827336363397754880,2017-02-03 02:02:14+00:00,827336363397754880,Follow @TurboTax on Twitter and Instagram to get the scoop on how to make the most of tax season! #ConTurboTaxPuedes #Ad,3,1,1,CoolChillMom,Taty,48136,28774,3,2,2017
https://twitter.com/latinomarketing/status/827336331286212608,2017-02-03 02:02:07+00:00,827336331286212608,Big thanks to our brand sponsor @TurboTax! #ConTurboTaxPuedes #Ad,29,27,29,latinomarketing,Cristy Clavijo-Kish,13174,5519,3,2,2017
https://twitter.com/CoolChillMom/status/827336275489411076,2017-02-03 02:01:53+00:00,827336275489411076,Big thanks to our brand sponsor @TurboTax! #ConTurboTaxPuedes #Ad,2,0,0,CoolChillMom,Taty,48136,28774,3,2,2017
https://twitter.com/latinomarketing/status/827336271790014466,2017-02-03 02:01:53+00:00,827336271790014466,"Thanks to our @TurboTax co-hosts @MarinesDuarte, @GabyNatale, @paulabendfeldt, @AndreaMinski, @gusjournalist #ConTurboTaxPuedes #ad",23,26,22,latinomarketing,Cristy Clavijo-Kish,13174,5519,3,2,2017
https://twitter.com/coralrae21/status/827336071054839808,2017-02-03 02:01:05+00:00,827336071054839808,@turbotax @NeonBeaver @connieshannon17 @Momof4plus2dogs @JoniLoveVWBugs @ILiveToFish64 Yay! Congrats Bev! #WeekOfFree #Absolute0,1,1,2,coralrae21,Susan T🐶🤸🏼‍♀️🧜‍♀️🧚🏼‍♀️,3296,4952,3,2,2017
https://twitter.com/alexaramoficial/status/827335822764564480,2017-02-03 02:00:05+00:00,827335822764564480,RT @LatinoMarketing Prize #4 is TurboTax Filing Gift Card ($79.99) + $500 Amex Gift Card ($500.00) #ConTurboTaxPuedes #Ad,2,3,2,alexaramoficial,Alexandra Ramírez,14513,14072,3,2,2017
https://twitter.com/Clarissa_Laskey/status/827335701041651712,2017-02-03 01:59:36+00:00,827335701041651712,@GabyNatale let's go! Need to finish my taxes first with @turbotax #ConTurboTaxPuedes,1,0,0,Clarissa_Laskey,Clarissa Explains It All,15223,7995,3,2,2017
https://twitter.com/alexaramoficial/status/827335669399818240,2017-02-03 01:59:29+00:00,827335669399818240,Premio #4 es TR TurboTax Filing Gift Card ($79.99) + TR $ Amex 500 ($500.00) #ConTurboTaxPuedes #Ad,1,0,2,alexaramoficial,Alexandra Ramírez,14513,14072,3,2,2017
https://twitter.com/paulabendfeldt/status/827335466055761922,2017-02-03 01:58:40+00:00,827335466055761922,Are you ready to win big with TurboTax?! #ConTurboTaxPuedes https://t.co/TaTnYwVofu,1,1,0,paulabendfeldt,Paula Bendfeldt,96946,83389,3,2,2017
https://twitter.com/JeseniaMontanez/status/827335432493002752,2017-02-03 01:58:32+00:00,827335432493002752,RT @LatinoMarketing Prize #4 is TurboTax Filing Gift Card ($79.99) + $500 Amex Gift Card ($500.00) #ConTurboTaxPuedes #Ad,1,1,2,JeseniaMontanez,Jesenia Montanez,34830,30014,3,2,2017
https://twitter.com/NGLsocial/status/827335372610875392,2017-02-03 01:58:18+00:00,827335372610875392,"You MUST RSVP, follow @TurboTax &amp; Tweet a correct answer using #ConTurboTaxPuedes for chance to win. #Ad",9,9,16,NGLsocial,NGL Collective,20672,2546,3,2,2017
https://twitter.com/NGLsocial/status/827335271339479044,2017-02-03 01:57:54+00:00,827335271339479044,Prize #4 is TurboTax Filing Gift Card ($79.99) + $500 Amex Gift Card ($500.00) #ConTurboTaxPuedes #Ad,15,17,21,NGLsocial,NGL Collective,20672,2546,3,2,2017
https://twitter.com/NGLsocial/status/827335162254000129,2017-02-03 01:57:28+00:00,827335162254000129,"Since TurboTax searches through over 350 tax deductions, you’re guaranteed to get your maximum refund. #ConTurboTaxPuedes #Ad",5,1,4,NGLsocial,NGL Collective,20672,2546,3,2,2017
https://twitter.com/latinomarketing/status/827334834838261760,2017-02-03 01:56:10+00:00,827334834838261760,PQ4: What is the name of the TurboTax feature that allows you to connect via one way-video for on-demand assistance? #ConTurboTaxPuedes #Ad,60,168,45,latinomarketing,Cristy Clavijo-Kish,13174,5519,3,2,2017
https://twitter.com/latinomarketing/status/827334779901243392,2017-02-03 01:55:57+00:00,827334779901243392,Prize #4 is TurboTax Filing Gift Card ($79.99) + $500 Amex Gift Card ($500.00) #ConTurboTaxPuedes #Ad,32,47,36,latinomarketing,Cristy Clavijo-Kish,13174,5519,3,2,2017
https://twitter.com/latinomarketing/status/827334736284614656,2017-02-03 01:55:46+00:00,827334736284614656,"Don’t forget: MUST RSVP, follow @TurboTax &amp; Tweet a correct answer using #ConTurboTaxPuedes for chance to win! #Ad",16,6,20,latinomarketing,Cristy Clavijo-Kish,13174,5519,3,2,2017
https://twitter.com/JeseniaMontanez/status/827334359048916996,2017-02-03 01:54:16+00:00,827334359048916996,"Since TurboTax searches through over 350 tax deductions, you’re guaranteed to get your maximum refund. #ConTurboTaxPuedes #Ad",2,1,0,JeseniaMontanez,Jesenia Montanez,34830,30014,3,2,2017
https://twitter.com/veda70/status/827334285334024192,2017-02-03 01:53:59+00:00,827334285334024192,@latinomarketing used @turbotax the past few years now. #ConTurboTaxPuedes,1,0,0,veda70,Veda,511,2391,3,2,2017
https://twitter.com/latinomarketing/status/827334101136965632,2017-02-03 01:53:15+00:00,827334101136965632,"Since TurboTax searches through over 350 tax deductions, you’re guaranteed to get your maximum refund. #ConTurboTaxPuedes #Ad",58,42,39,latinomarketing,Cristy Clavijo-Kish,13174,5519,3,2,2017
https://twitter.com/CoolChillMom/status/827333656419119104,2017-02-03 01:51:29+00:00,827333656419119104,"Since TurboTax searches through over 350 tax deductions, you’re guaranteed to get your maximum refund. #ConTurboTaxPuedes #Ad",1,2,3,CoolChillMom,Taty,48136,28774,3,2,2017
https://twitter.com/Clarissa_Laskey/status/827333562663837697,2017-02-03 01:51:07+00:00,827333562663837697,@latinomarketing @GabyNatale I can't wait to use @turbotax this year to get my taxes done right #ConTurboTaxPuedes,1,0,2,Clarissa_Laskey,Clarissa Explains It All,15223,7995,3,2,2017
https://twitter.com/shadow62310/status/827333297017585664,2017-02-03 01:50:03+00:00,827333297017585664,@latinomarketing love that thank you @turbotax  for all you do #ConTurboTaxPuedes,1,0,0,shadow62310,Shadow62310,4402,4999,3,2,2017
https://twitter.com/CoolChillMom/status/827333287563587585,2017-02-03 01:50:01+00:00,827333287563587585,RT @LatinoMarketing Just snap a secure photo of your W-2 in  app  &amp; @TurboTax pulls all your info right then &amp; there! #ConTurboTaxPuedes #Ad,2,2,3,CoolChillMom,Taty,48136,28774,3,2,2017
https://twitter.com/frugaliscious/status/827333253803683841,2017-02-03 01:49:53+00:00,827333253803683841,@latinomarketing I love that @turbotax allow you to integrate your W2 on site without typing one by one #ConTurboTaxPuedes #Ad,8,8,11,frugaliscious,frugaliscious 🌻,1970,4386,3,2,2017
https://twitter.com/TexinMiami/status/827333071556968448,2017-02-03 01:49:10+00:00,827333071556968448,I mean snapping a photo of your W-2?! That's GENIUS! @turbotax you ROCK! #ConTurboTaxPuedes #ad,1,2,3,TexinMiami,TexinMiami,5761,663,3,2,2017
https://twitter.com/CoolChillMom/status/827333033678118912,2017-02-03 01:49:00+00:00,827333033678118912,"RT @LatinoMarketing Instead of manually plugging in all the numbers &amp; doing the math , @TurboTax does it for you #ConTurboTaxPuedes #Ad",2,0,2,CoolChillMom,Taty,48136,28774,3,2,2017
https://twitter.com/JeseniaMontanez/status/827333023490273280,2017-02-03 01:48:58+00:00,827333023490273280,"RT Instead of manually plugging in all the numbers and doing the math with a calculator, @TurboTax does it for you #ConTurboTaxPuedes #Ad",4,0,3,JeseniaMontanez,Jesenia Montanez,34830,30014,3,2,2017
https://twitter.com/JeseniaMontanez/status/827332893001265152,2017-02-03 01:48:27+00:00,827332893001265152,"RT @LatinoMarketing Thankfully, @TurboTax offers W-2 Snap and Autofill. #ConTurboTaxPuedes #Ad",1,0,1,JeseniaMontanez,Jesenia Montanez,34830,30014,3,2,2017
https://twitter.com/latinomarketing/status/827332843785351169,2017-02-03 01:48:15+00:00,827332843785351169,Just snap a secure photo of your W-2 in the app and @TurboTax pulls all your info right then and there! #ConTurboTaxPuedes #Ad,40,30,34,latinomarketing,Cristy Clavijo-Kish,13174,5519,3,2,2017
https://twitter.com/latinomarketing/status/827332754664783873,2017-02-03 01:47:54+00:00,827332754664783873,"Instead of manually plugging in all the numbers and doing the math with a calculator, @TurboTax does it for you #ConTurboTaxPuedes #Ad",37,31,30,latinomarketing,Cristy Clavijo-Kish,13174,5519,3,2,2017
https://twitter.com/latinomarketing/status/827332608266731521,2017-02-03 01:47:19+00:00,827332608266731521,"Thankfully, @TurboTax offers W-2 Snap and Autofill. #ConTurboTaxPuedes #Ad",29,24,24,latinomarketing,Cristy Clavijo-Kish,13174,5519,3,2,2017
https://twitter.com/CoolChillMom/status/827332528964907008,2017-02-03 01:47:00+00:00,827332528964907008,"RT @LatinoMarketing Thankfully, @TurboTax offers W-2 Snap and Autofill. #ConTurboTaxPuedes #Ad",2,1,2,CoolChillMom,Taty,48136,28774,3,2,2017
https://twitter.com/paulabendfeldt/status/827332028324536321,2017-02-03 01:45:01+00:00,827332028324536321,Oh wow! 😍Good luck everyone! RT @LatinoMarketing Prize #3 TurboTax Filing Gift Card ($79.99) + iPad Mini 4 ($399.00) #ConTurboTaxPuedes #Ad,1,1,0,paulabendfeldt,Paula Bendfeldt,96946,83389,3,2,2017
https://twitter.com/NGLsocial/status/827331912683380736,2017-02-03 01:44:33+00:00,827331912683380736,Prize #3 is TurboTax Filing Gift Card ($79.99) + iPad Mini 4 ($399.00) #ConTurboTaxPuedes #Ad,17,21,28,NGLsocial,NGL Collective,20672,2546,3,2,2017
https://twitter.com/NGLsocial/status/827331861303156736,2017-02-03 01:44:21+00:00,827331861303156736,"You MUST RSVP, follow @TurboTax &amp; Tweet a correct answer using #ConTurboTaxPuedes for chance to win! #Ad",12,6,13,NGLsocial,NGL Collective,20672,2546,3,2,2017
https://twitter.com/JeseniaMontanez/status/827331803442720768,2017-02-03 01:44:07+00:00,827331803442720768,Yes! I've been doing my taxes for years using @turbotax and they only get better every year. So easy to use! #ConTurboTaxPuedes https://t.co/WH4n7G0VS9,2,1,1,JeseniaMontanez,Jesenia Montanez,34830,30014,3,2,2017
https://twitter.com/latinomarketing/status/827331647188193288,2017-02-03 01:43:30+00:00,827331647188193288,PQ3: What is the name of the TurboTax offer that allows you to file your taxes for free? #ConTurboTaxPuedes #Ad,67,165,45,latinomarketing,Cristy Clavijo-Kish,13174,5519,3,2,2017
https://twitter.com/latinomarketing/status/827331592230154240,2017-02-03 01:43:17+00:00,827331592230154240,Prize #3 is TurboTax Filing Gift Card ($79.99) + iPad Mini 4 ($399.00) #ConTurboTaxPuedes #Ad,33,37,40,latinomarketing,Cristy Clavijo-Kish,13174,5519,3,2,2017
https://twitter.com/latinomarketing/status/827331545887289345,2017-02-03 01:43:06+00:00,827331545887289345,"And you MUST RSVP, follow @TurboTax &amp; Tweet a correct answer using #ConTurboTaxPuedes for chance to win! #Ad",22,8,16,latinomarketing,Cristy Clavijo-Kish,13174,5519,3,2,2017
https://twitter.com/alexaramoficial/status/827331545446875137,2017-02-03 01:43:06+00:00,827331545446875137,RT @LatinoMarketing PQ3: What is the name of the TurboTax offer that allows you to file your taxes for free? #ConTurboTaxPuedes #Ad,2,3,2,alexaramoficial,Alexandra Ramírez,14513,14072,3,2,2017
https://twitter.com/momochompers/status/827331345512808448,2017-02-03 01:42:18+00:00,827331345512808448,@ChrissydSexton @latinomarketing @turbotax loo I crack myself up sometimes lol #ConTurboTaxPuedes,1,1,1,momochompers,Monique,1000,3914,3,2,2017
https://twitter.com/alexaramoficial/status/827331209818669056,2017-02-03 01:41:46+00:00,827331209818669056,RT @LatinoMarketing Prize #3 is TurboTax Filing Gift Card ($79.99) + iPad Mini 4 ($399.00) #ConTurboTaxPuedes #Ad,5,3,3,alexaramoficial,Alexandra Ramírez,14513,14072,3,2,2017
https://twitter.com/JeseniaMontanez/status/827331043774566400,2017-02-03 01:41:06+00:00,827331043774566400,"TurboTax searches through over 350 tax deductions, you’re guaranteed to get your maximum refund. #ConTurboTaxPuedes #Ad",2,2,2,JeseniaMontanez,Jesenia Montanez,34830,30014,3,2,2017
https://twitter.com/meowpar85/status/827330978012078080,2017-02-03 01:40:50+00:00,827330978012078080,@momochompers @latinomarketing @dimemedia @turbotax Sure hope so lol! #ConTurboTaxPuedes,1,0,0,meowpar85,SaraSaysMoo,1639,2809,3,2,2017
https://twitter.com/Gwhizmom1/status/827330855370620928,2017-02-03 01:40:21+00:00,827330855370620928,@coolchillmom @latinomarketing @turbotax  Yes big poppy is so funny! #ConTurboTaxPuedes,1,1,1,Gwhizmom1,Techmom4ever,665,2535,3,2,2017
https://twitter.com/NeonBeaver/status/827330652928303104,2017-02-03 01:39:33+00:00,827330652928303104,"@SassTheCouponer @turbotax @connieshannon17 @Momof4plus2dogs @JoniLoveVWBugs @ILiveToFish64 woohoo, thanks! I just saw this! #Absolute0",1,1,3,NeonBeaver,Stephanie Beaver,3043,4100,3,2,2017
https://twitter.com/momochompers/status/827330594988290048,2017-02-03 01:39:19+00:00,827330594988290048,@meowpar85 @latinomarketing @dimemedia lol well maybe @turbotax can ease some burdens somehow #ConTurboTaxPuedes,1,1,1,momochompers,Monique,1000,3914,3,2,2017
https://twitter.com/CoolChillMom/status/827330591158829056,2017-02-03 01:39:18+00:00,827330591158829056,RT @LatinoMarketing Have you seen the @TurboTax commercial with David Ortiz? #ConTurboTaxPuedes #Advocacy17,2,5,4,CoolChillMom,Taty,48136,28774,3,2,2017
https://twitter.com/CoolChillMom/status/827330516076621824,2017-02-03 01:39:00+00:00,827330516076621824,"With SmartLook™, you’re not alone. Connect with a live, bilingual TurboTax expert for personalized help. #ConTurboTaxPuedes #ad",2,0,2,CoolChillMom,Taty,48136,28774,3,2,2017
https://twitter.com/JeseniaMontanez/status/827330438041583616,2017-02-03 01:38:42+00:00,827330438041583616,"With TurboTax, there’s an expert, on-demand, if and when you need help. Learn more: https://t.co/S4R8Tcu1yd #ConTurboTaxPuedes #Ad",3,1,3,JeseniaMontanez,Jesenia Montanez,34830,30014,3,2,2017
https://twitter.com/momochompers/status/827330397365268480,2017-02-03 01:38:32+00:00,827330397365268480,@latinomarketing @turbotax not yet... googling now ! #ConTurboTaxPuedes https://t.co/lCDIdpHZ6G,1,1,1,momochompers,Monique,1000,3914,3,2,2017
https://twitter.com/frugaliscious/status/827330388657831936,2017-02-03 01:38:30+00:00,827330388657831936,@livingmoneywise @turbotax great info/tips most of the time we forget about this and miss it #ConTurboTaxPuedes,1,0,1,frugaliscious,frugaliscious 🌻,1970,4386,3,2,2017
https://twitter.com/paulabendfeldt/status/827330273733967873,2017-02-03 01:38:02+00:00,827330273733967873,I used to go to google! 😱 Now I have TurboTax With SmartLook™ &amp; I'm not alone! #ConTurboTaxPuedes #ad,1,1,1,paulabendfeldt,Paula Bendfeldt,96946,83389,3,2,2017
https://twitter.com/latinomarketing/status/827330183363436544,2017-02-03 01:37:41+00:00,827330183363436544,Have you seen the @TurboTax commercial with David Ortiz? #ConTurboTaxPuedes #Ad,28,50,27,latinomarketing,Cristy Clavijo-Kish,13174,5519,3,2,2017
https://twitter.com/nicole_perez1/status/827330174559645696,2017-02-03 01:37:39+00:00,827330174559645696,@livingmoneywise @turbotax These are always good questions #ConTurboTaxPuedes,1,0,1,nicole_perez1,Nicole Perez,2681,5000,3,2,2017
https://twitter.com/SassTheCouponer/status/827329989955706880,2017-02-03 01:36:55+00:00,827329989955706880,@turbotax @NeonBeaver @connieshannon17 @Momof4plus2dogs @JoniLoveVWBugs @ILiveToFish64 Congrats winners! #Absolute0,1,2,4,SassTheCouponer,SASS,1736,4920,3,2,2017
https://twitter.com/latinomarketing/status/827329768680988672,2017-02-03 01:36:02+00:00,827329768680988672,"With SmartLook™, you’re not alone. Connect with a live, bilingual TurboTax expert for personalized help. #ConTurboTaxPuedes #ad",43,33,30,latinomarketing,Cristy Clavijo-Kish,13174,5519,3,2,2017
https://twitter.com/taxmOuth/status/827329617727942656,2017-02-03 01:35:26+00:00,827329617727942656,"@IBMWatson @mashable Without a degree, CPA exam, license, etc. the @AICPA &amp; @NASBA won't like your use of ""CPA."" @TurboTax found that out.",1,0,1,taxmOuth,Free Tax Help,15856,2793,3,2,2017
https://twitter.com/CoolChillMom/status/827329517215682561,2017-02-03 01:35:02+00:00,827329517215682561,When you say your taxes are a breeze you know it was with @turbotax help @JVine1986 @dimemedia #ConTurboTaxPuedes  ad,1,1,4,CoolChillMom,Taty,48136,28774,3,2,2017
https://twitter.com/frugaliscious/status/827329395492810753,2017-02-03 01:34:33+00:00,827329395492810753,@livingmoneywise @latinomarketing @turbotax PQ2: APRIL 18 - hate filling late so we file as early as we have all the docu #ConTurboTaxPuedes,1,0,1,frugaliscious,frugaliscious 🌻,1970,4386,3,2,2017
https://twitter.com/TexinMiami/status/827329147034882048,2017-02-03 01:33:34+00:00,827329147034882048,How about these prizes tonight?!! Thank you @turbotax #ConTurboTaxPuedes #ad,1,0,1,TexinMiami,TexinMiami,5761,663,3,2,2017
https://twitter.com/ckrusch/status/827329108216524802,2017-02-03 01:33:25+00:00,827329108216524802,Have confidence your taxes are done right. Only TurboTax offers ExplainWhy. #ConTurboTaxPuedes #ad,1,0,1,ckrusch,ckrusch,37038,7658,3,2,2017
https://twitter.com/TexinMiami/status/827329056391700481,2017-02-03 01:33:12+00:00,827329056391700481,RT @LatinoMarketing Prize #2 is TurboTax Filing Gift Card ($79.99) + Amazon Echo ($179.99) #ConTurboTaxPuedes #Ad,2,0,1,TexinMiami,TexinMiami,5761,663,3,2,2017
https://twitter.com/JeseniaMontanez/status/827329010094977026,2017-02-03 01:33:01+00:00,827329010094977026,RT @LatinoMarketing Prize #2 is TurboTax Filing Gift Card ($79.99) + Amazon Echo ($179.99) #ConTurboTaxPuedes #Ad,1,1,1,JeseniaMontanez,Jesenia Montanez,34830,30014,3,2,2017
https://twitter.com/NGLsocial/status/827328912669736960,2017-02-03 01:32:38+00:00,827328912669736960,Premio #2 es TR TurboTax Filing Gift Card ($79.99) + Amazon Echo ($179.99) #ConTurboTaxPuedes #Ad,20,6,23,NGLsocial,NGL Collective,20672,2546,3,2,2017
https://twitter.com/NGLsocial/status/827328870588280833,2017-02-03 01:32:28+00:00,827328870588280833,Prize #2 is TurboTax Filing Gift Card ($79.99) + Amazon Echo ($179.99) #ConTurboTaxPuedes #Ad,18,14,18,NGLsocial,NGL Collective,20672,2546,3,2,2017
https://twitter.com/NGLsocial/status/827328818490834945,2017-02-03 01:32:16+00:00,827328818490834945,"MUST RSVP, follow @TurboTax &amp; Tweet a correct answer using #ConTurboTaxPuedes for chance to win. #Ad",13,7,14,NGLsocial,NGL Collective,20672,2546,3,2,2017
https://twitter.com/alexaramoficial/status/827328572440399872,2017-02-03 01:31:17+00:00,827328572440399872,RT @LatinoMarketing Prize #2 is TurboTax Filing Gift Card ($79.99) + Amazon Echo ($179.99) #ConTurboTaxPuedes #Ad,2,0,1,alexaramoficial,Alexandra Ramírez,14513,14072,3,2,2017
https://twitter.com/latinomarketing/status/827328526575661056,2017-02-03 01:31:06+00:00,827328526575661056,Prize #2 is TurboTax Filing Gift Card ($79.99) + Amazon Echo ($179.99) #ConTurboTaxPuedes #Ad,28,28,32,latinomarketing,Cristy Clavijo-Kish,13174,5519,3,2,2017
https://twitter.com/latinomarketing/status/827328467687596032,2017-02-03 01:30:52+00:00,827328467687596032,"You MUST RSVP, follow @TurboTax &amp; Tweet a correct answer using #ConTurboTaxPuedes for chance to win! #Ad",22,10,20,latinomarketing,Cristy Clavijo-Kish,13174,5519,3,2,2017
https://twitter.com/alexaramoficial/status/827328342684815360,2017-02-03 01:30:22+00:00,827328342684815360,Premio #2 es TR TurboTax Filing Gift Card ($79.99) + Amazon Echo ($179.99) #ConTurboTaxPuedes #Ad,8,3,6,alexaramoficial,Alexandra Ramírez,14513,14072,3,2,2017
https://twitter.com/paulabendfeldt/status/827328281716355076,2017-02-03 01:30:08+00:00,827328281716355076,Perfect! UR dinerito goes right in the bank! RT @LatinoMarketing PLUS w/ TurboTax U can opt in for direct deposit..#ConTurboTaxPuedes #Ad,2,1,1,paulabendfeldt,Paula Bendfeldt,96946,83389,3,2,2017
https://twitter.com/frugaliscious/status/827328238548615168,2017-02-03 01:29:57+00:00,827328238548615168,@livingmoneywise @turbotax MY mom used @turbotax when she filed hers last Monday! she paid NOTHING #ConTurboTaxPuedes,1,1,1,frugaliscious,frugaliscious 🌻,1970,4386,3,2,2017
https://twitter.com/latinomarketing/status/827328181413806081,2017-02-03 01:29:44+00:00,827328181413806081,PLUS with TurboTax you can opt in for direct deposit which makes tax filing even more convenient! #ConTurboTaxPuedes #Ad,13,21,22,latinomarketing,Cristy Clavijo-Kish,13174,5519,3,2,2017
https://twitter.com/upsldes/status/827327966489223169,2017-02-03 01:28:52+00:00,827327966489223169,Turbotax n chill??,1,1,0,upsldes,Tafkak,452,439,3,2,2017
https://twitter.com/is4drea2/status/827327931022143488,2017-02-03 01:28:44+00:00,827327931022143488,@turbotax @NeonBeaver @connieshannon17 @Momof4plus2dogs @JoniLoveVWBugs @ILiveToFish64 congrats!,1,1,3,is4drea2,DreaDreams,529,4994,3,2,2017
https://twitter.com/NGLsocial/status/827327786071228421,2017-02-03 01:28:09+00:00,827327786071228421,PLUS with TurboTax you can opt in for direct deposit which makes tax filing even more convenient! #ConTurboTaxPuedes #Ad,36,21,30,NGLsocial,NGL Collective,20672,2546,3,2,2017
https://twitter.com/MissMiles517/status/827327772540416000,2017-02-03 01:28:06+00:00,827327772540416000,@dimemedia @turbotax great way to save money and get back every dollar you deserve #ConTurboTaxPuedes,7,1,4,MissMiles517,Licia Michelle,3479,4897,3,2,2017
https://twitter.com/smethvin/status/827327678592212992,2017-02-03 01:27:44+00:00,827327678592212992,"@livingmoneywise @turbotax I have used the free one and like it, but gotta move to the pay one this year. #ConTurboTaxPuedes",1,0,1,smethvin,Stellaaaaaa,2400,2391,3,2,2017
https://twitter.com/NGLsocial/status/827327573835317248,2017-02-03 01:27:19+00:00,827327573835317248,.@TurboTax now offers people with simple tax returns the opportunity to do them for free with TurboTax Absolute Zero. #ConTurboTaxPuedes #Ad,12,6,9,NGLsocial,NGL Collective,20672,2546,3,2,2017
https://twitter.com/MarinesDuarte/status/827327456071839745,2017-02-03 01:26:51+00:00,827327456071839745,@mummadear @latinomarketing yes! and if you file a 1040EZ or 1014A u can do ur taxes at no cost @turbotax Absolute0 #ConTurboTaxPuedes #Ad,1,0,0,MarinesDuarte,Marines Duarte,1958,718,3,2,2017
https://twitter.com/SupermomOrlando/status/827327417731731456,2017-02-03 01:26:42+00:00,827327417731731456,@livingmoneywise @turbotax that's awesome. #ConTurboTaxPuedes,1,0,1,SupermomOrlando,supersimplemom,4471,5084,3,2,2017
https://twitter.com/TexinMiami/status/827327415991070721,2017-02-03 01:26:41+00:00,827327415991070721,.@TurboTax now offers people with simple tax returns the opportunity to do them for free with TurboTax Absolute Zero. #ConTurboTaxPuedes #Ad,2,0,0,TexinMiami,TexinMiami,5761,663,3,2,2017
https://twitter.com/GabyNatale/status/827327362912092160,2017-02-03 01:26:28+00:00,827327362912092160,This is one of my favorite things about @turbotax  It's so simple. Saves you time and gives you max refund! #ConTurboTaxPuedes #ad https://t.co/KfOHXMKBoa,2,2,2,GabyNatale,Gaby Natale,90556,1621,3,2,2017
https://twitter.com/TexinMiami/status/827327208536567809,2017-02-03 01:25:52+00:00,827327208536567809,Have confidence your taxes are done right. Only TurboTax offers ExplainWhy. #ConTurboTaxPuedes #ad,4,1,3,TexinMiami,TexinMiami,5761,663,3,2,2017
https://twitter.com/JeseniaMontanez/status/827327189356072960,2017-02-03 01:25:47+00:00,827327189356072960,.@TurboTax now offers people with simple tax returns the opportunity to do them for free with TurboTax Absolute Zero. #ConTurboTaxPuedes #Ad,3,0,1,JeseniaMontanez,Jesenia Montanez,34830,30014,3,2,2017
https://twitter.com/turbotax/status/827327181613264896,2017-02-03 01:25:45+00:00,827327181613264896,"Congrats to our #Absolute0 #WeekOfFree winners @NeonBeaver, @connieshannon17, @Momof4plus2dogs, @JoniLoveVWBugs &amp; @ILiveToFish64! DM us!",8,18,39,turbotax,Intuit TurboTax,64669,927,3,2,2017
https://twitter.com/latinomarketing/status/827327088319397889,2017-02-03 01:25:23+00:00,827327088319397889,.@TurboTax now offers people with simple tax returns the opportunity to do them for free with TurboTax Absolute Zero. #ConTurboTaxPuedes #Ad,36,28,27,latinomarketing,Cristy Clavijo-Kish,13174,5519,3,2,2017
https://twitter.com/NGLsocial/status/827326922069794816,2017-02-03 01:24:43+00:00,827326922069794816,"With @TurboTax, you don’t need to be an expert to do your taxes. #ConTurboTaxPuedes #Ad",18,17,16,NGLsocial,NGL Collective,20672,2546,3,2,2017
https://twitter.com/NGLsocial/status/827326868697251842,2017-02-03 01:24:31+00:00,827326868697251842,Have confidence your taxes are done right. Only TurboTax offers ExplainWhy. #ConTurboTaxPuedes #ad https://t.co/H71snApUXs,16,9,15,NGLsocial,NGL Collective,20672,2546,3,2,2017
https://twitter.com/ckrusch/status/827326832441696257,2017-02-03 01:24:22+00:00,827326832441696257,@Happy2BeLoved @turbotax Absolutely!!! #ConTurboTaxPuedes #ad,1,0,0,ckrusch,ckrusch,37038,7658,3,2,2017
https://twitter.com/Happy2BeLoved/status/827326625628975105,2017-02-03 01:23:33+00:00,827326625628975105,@ckrusch @turbotax could have helped -  One year IRS took away $50  for mistake they caught and returning me more money! #ConTurboTaxPuedes,1,1,2,Happy2BeLoved,Sam,536,1035,3,2,2017
https://twitter.com/latinomarketing/status/827326559270887424,2017-02-03 01:23:17+00:00,827326559270887424,Now this is great news! @turbotax all the way! #ConTurboTaxPuedes #ad,16,8,19,latinomarketing,Cristy Clavijo-Kish,13174,5519,3,2,2017
https://twitter.com/JeseniaMontanez/status/827326551326867456,2017-02-03 01:23:15+00:00,827326551326867456,"RT @LatinoMarketing With @TurboTax, you don’t need to be an expert to do your taxes. #ConTurboTaxPuedes #Ad",1,0,1,JeseniaMontanez,Jesenia Montanez,34830,30014,3,2,2017
https://twitter.com/kmtnmomof3/status/827326473740644353,2017-02-03 01:22:56+00:00,827326473740644353,@latinomarketing @turbotax expert I am definitely not! But @turbotax makes me feel like one! #ConTurboTaxPuedes,1,0,0,kmtnmomof3,Nona,985,3233,3,2,2017
https://twitter.com/Missperfectx13/status/827326450743332868,2017-02-03 01:22:51+00:00,827326450743332868,@latinomarketing @turbotax I love that #ConTurboTaxPuedes,1,0,0,Missperfectx13,A R I E L 💟 L Y N N,693,2708,3,2,2017
https://twitter.com/latinomarketing/status/827326440811200512,2017-02-03 01:22:49+00:00,827326440811200512,Have confidence your taxes are done right. Only TurboTax offers ExplainWhy. #ConTurboTaxPuedes #ad,36,18,31,latinomarketing,Cristy Clavijo-Kish,13174,5519,3,2,2017
https://twitter.com/latinomarketing/status/827326331675430913,2017-02-03 01:22:23+00:00,827326331675430913,"With @TurboTax, you don’t need to be an expert to do your taxes. #ConTurboTaxPuedes #Ad",21,18,20,latinomarketing,Cristy Clavijo-Kish,13174,5519,3,2,2017
https://twitter.com/meowpar85/status/827326227123953666,2017-02-03 01:21:58+00:00,827326227123953666,@Happy2BeLoved @coolchillmom @latinomarketing @turbotax Agreed #ConTurboTaxPuedes,1,0,0,meowpar85,SaraSaysMoo,1639,2809,3,2,2017
https://twitter.com/Happy2BeLoved/status/827326152012361728,2017-02-03 01:21:40+00:00,827326152012361728,"@coolchillmom @latinomarketing @turbotax Getting tax refund back faster &amp; CORRECTLY is winning, BIG prize of myown money! #ConTurboTaxPuedes",8,2,13,Happy2BeLoved,Sam,536,1035,3,2,2017
https://twitter.com/ckrusch/status/827325820758790144,2017-02-03 01:20:21+00:00,827325820758790144,With @TurboTax you can be sure you’re getting the maximum refund you deserve. #ConTurboTaxPuedes #Ad,1,1,1,ckrusch,ckrusch,37038,7658,3,2,2017
https://twitter.com/CoolChillMom/status/827325801578295296,2017-02-03 01:20:16+00:00,827325801578295296,Glad you are enjoying it! @Happy2BeLoved @latinomarketing @turbotax #ConTurboTaxPuedes  ad,1,1,0,CoolChillMom,Taty,48136,28774,3,2,2017
https://twitter.com/TexinMiami/status/827325746267955201,2017-02-03 01:20:03+00:00,827325746267955201,Everyone is going to be well equipped with information tonight to get their taxes done with @turbotax! #ConTurboTaxPuedes #ad,3,2,3,TexinMiami,TexinMiami,5761,663,3,2,2017
https://twitter.com/Happy2BeLoved/status/827325521616891904,2017-02-03 01:19:09+00:00,827325521616891904,"@coolchillmom @latinomarketing @turbotax Easy as TurboTax!! Refund, Prizes!! Such a great party! #ConTurboTaxPuedes",1,2,1,Happy2BeLoved,Sam,536,1035,3,2,2017
https://twitter.com/monicataher/status/827325445867646976,2017-02-03 01:18:51+00:00,827325445867646976,Here's the first question YOU need to answer to win prizes with @turbotax  #ConTurboTaxPuedes #Ad https://t.co/OmI6FTTYdi,1,0,1,monicataher,Mónica Taher ⚡️🇸🇻,76829,2083,3,2,2017
https://twitter.com/paulabendfeldt/status/827325228984459264,2017-02-03 01:18:00+00:00,827325228984459264,"Such awesome prizes! Don't forget to RSVP, follow @TurboTax &amp; Tweet a correct answer using #ConTurboTaxPuedes for chance to win! #Ad",1,0,0,paulabendfeldt,Paula Bendfeldt,96946,83389,3,2,2017
https://twitter.com/NGLsocial/status/827325037233463297,2017-02-03 01:17:14+00:00,827325037233463297,"MUST RSVP, follow @TurboTax &amp; Tweet a correct answer using #ConTurboTaxPuedes for chance to win! #Ad",9,4,13,NGLsocial,NGL Collective,20672,2546,3,2,2017
https://twitter.com/TexinMiami/status/827324905620434944,2017-02-03 01:16:43+00:00,827324905620434944,"Yes @turbotax makes filing, quick and simple! #ConTurboTaxPuedes #ad https://t.co/XDYNq5FKLK",1,0,0,TexinMiami,TexinMiami,5761,663,3,2,2017
https://twitter.com/latinomarketing/status/827324905490366464,2017-02-03 01:16:43+00:00,827324905490366464,"Yes @turbotax makes filing, quick and simple! #ConTurboTaxPuedes #ad https://t.co/V6VztI4gR9",4,1,7,latinomarketing,Cristy Clavijo-Kish,13174,5519,3,2,2017
https://twitter.com/latinomarketing/status/827324896371937281,2017-02-03 01:16:40+00:00,827324896371937281,"MUST RSVP, follow @TurboTax &amp; Tweet a correct answer using #ConTurboTaxPuedes for chance to win! #Ad",10,6,11,latinomarketing,Cristy Clavijo-Kish,13174,5519,3,2,2017
https://twitter.com/SupermomOrlando/status/827324885026340864,2017-02-03 01:16:38+00:00,827324885026340864,@TurboTax makes taxes easy by asking simple questions about your family so that you get every dollar you deserve. #ConTurboTaxPuedes #Ad,1,0,0,SupermomOrlando,supersimplemom,4471,5084,3,2,2017
https://twitter.com/KimberliLarae/status/827324767405486080,2017-02-03 01:16:10+00:00,827324767405486080,@dimemedia @turbotax so easy convient and fast which I love thank you @turbotax .#ConTurboTaxPuedes,1,0,0,KimberliLarae,Kimberlilarae,3825,4999,3,2,2017
https://twitter.com/CoolChillMom/status/827324586299650054,2017-02-03 01:15:26+00:00,827324586299650054,"RT @LatinoMarketing MUST RSVP, follow @TurboTax &amp; Tweet a correct answer using #ConTurboTaxPuedes for chance to win! #Ad",1,1,2,CoolChillMom,Taty,48136,28774,3,2,2017
https://twitter.com/meowpar85/status/827324512417021954,2017-02-03 01:15:09+00:00,827324512417021954,@coolchillmom @turbotax Alright....lets do! #ConTurboTaxPuedes https://t.co/BRyY3ppwTt,1,0,1,meowpar85,SaraSaysMoo,1639,2809,3,2,2017
https://twitter.com/TexinMiami/status/827324492141694976,2017-02-03 01:15:04+00:00,827324492141694976,.@TurboTax makes taxes easy by asking simple questions about your family so that you get every dollar you deserve. #ConTurboTaxPuedes #Ad,1,1,0,TexinMiami,TexinMiami,5761,663,3,2,2017
https://twitter.com/NGLsocial/status/827324379344289797,2017-02-03 01:14:37+00:00,827324379344289797,.@TurboTax makes taxes easy by asking simple questions about your family so that you get every dollar you deserve. #ConTurboTaxPuedes #Ad,18,7,12,NGLsocial,NGL Collective,20672,2546,3,2,2017
https://twitter.com/xbleedingblissx/status/827324308011810817,2017-02-03 01:14:20+00:00,827324308011810817,@latinomarketing @turbotax Totally easy and makes sure you get the refund you deserve! Can't beat that! #ConTurboTaxPuedes,6,1,3,xbleedingblissx,🎮💀Hailey💀🎮,2079,4831,3,2,2017
https://twitter.com/paulabendfeldt/status/827324224134070275,2017-02-03 01:14:00+00:00,827324224134070275,. @LatinoMarketing Filing the taxes myself is so empowering &amp; w/ @TurboTax I know I'm getting the maximum refund! #ConTurboTaxPuedes #Ad,1,0,0,paulabendfeldt,Paula Bendfeldt,96946,83389,3,2,2017
https://twitter.com/xbleedingblissx/status/827324165862612992,2017-02-03 01:13:46+00:00,827324165862612992,"@latinomarketing E-filing is convenient and easy! With @turbotax, filing is easy and not overwhelming! #ConTurboTaxPuedes",1,0,0,xbleedingblissx,🎮💀Hailey💀🎮,2079,4831,3,2,2017
https://twitter.com/latinomarketing/status/827324084795105280,2017-02-03 01:13:27+00:00,827324084795105280,.@TurboTax makes taxes easy by asking simple questions about your family so that you get every dollar you deserve. #ConTurboTaxPuedes #Ad,23,16,23,latinomarketing,Cristy Clavijo-Kish,13174,5519,3,2,2017
https://twitter.com/Happy2BeLoved/status/827323601397374977,2017-02-03 01:11:32+00:00,827323601397374977,@ckrusch @latinomarketing @turbotax Flan isn't always easy ;) Turbotax sounds very easy LOL #ConTurboTaxPuedes,1,1,1,Happy2BeLoved,Sam,536,1035,3,2,2017
https://twitter.com/latinomarketing/status/827323550688276480,2017-02-03 01:11:20+00:00,827323550688276480,"Seriously! Flan is calm, cool, and collected. It’s the food embodiment of 😎. So is @turbotax. #ConTurboTaxPuedes #ad https://t.co/DLT6LbBrNd",8,8,16,latinomarketing,Cristy Clavijo-Kish,13174,5519,3,2,2017
https://twitter.com/CoolChillMom/status/827323442626179072,2017-02-03 01:10:54+00:00,827323442626179072,lets do this! @meowpar85 @turbotax  #ConTurboTaxPuedes  ad,1,1,1,CoolChillMom,Taty,48136,28774,3,2,2017
https://twitter.com/kymnasium/status/827323342956826624,2017-02-03 01:10:30+00:00,827323342956826624,I love how @turbotax makes it easy for us. #ConTurboTaxPuedes https://t.co/a1LrfUKh96,2,0,1,kymnasium,Kymi,11797,12870,3,2,2017
https://twitter.com/nicole_perez1/status/827323202724560896,2017-02-03 01:09:57+00:00,827323202724560896,@dimemedia I sure am! I'm glad I joined so I could learn more about @turbotax #ConTurboTaxPuedes,2,0,4,nicole_perez1,Nicole Perez,2681,5000,3,2,2017
https://twitter.com/kmtnmomof3/status/827322993739255813,2017-02-03 01:09:07+00:00,827322993739255813,@latinomarketing @turbotax Flan! Maybe I'll get a good refund and can treat my crew to some! #ConTurboTaxPuedes,1,0,0,kmtnmomof3,Nona,985,3233,3,2,2017
https://twitter.com/NGLsocial/status/827322915775533056,2017-02-03 01:08:48+00:00,827322915775533056,.@TurboTax makes filing your taxes so easy. #ConTurboTaxPuedes #Ad,7,6,11,NGLsocial,NGL Collective,20672,2546,3,2,2017
https://twitter.com/NGLsocial/status/827322842542960640,2017-02-03 01:08:31+00:00,827322842542960640,"If you’re not, don’t worry! @TurboTax makes things simple as flan. #ConTurboTaxPuedes #Ad",10,3,11,NGLsocial,NGL Collective,20672,2546,3,2,2017
https://twitter.com/ckrusch/status/827322719779819521,2017-02-03 01:08:01+00:00,827322719779819521,@latinomarketing @turbotax For us it's easier than Flan :)  #ConTurboTaxPuedes  #ad,2,1,0,ckrusch,ckrusch,37038,7658,3,2,2017
https://twitter.com/CoolChillMom/status/827322656500363264,2017-02-03 01:07:46+00:00,827322656500363264,@PruittChante @JeseniaMontanez @livingmoneywise @ckrusch @turbotax  loving it too.  want all the tips #ConTurboTaxPuedes  ad,2,0,4,CoolChillMom,Taty,48136,28774,3,2,2017
https://twitter.com/latinomarketing/status/827322592029728768,2017-02-03 01:07:31+00:00,827322592029728768,.@TurboTax makes filing your taxes so easy. #ConTurboTaxPuedes #Ad,14,9,14,latinomarketing,Cristy Clavijo-Kish,13174,5519,3,2,2017
https://twitter.com/latinomarketing/status/827322510718935043,2017-02-03 01:07:12+00:00,827322510718935043,"If you’re not, don’t worry! @TurboTax makes things simple as FLAN. #ConTurboTaxPuedes#Ad",20,18,17,latinomarketing,Cristy Clavijo-Kish,13174,5519,3,2,2017
https://twitter.com/CoolChillMom/status/827322419845140481,2017-02-03 01:06:50+00:00,827322419845140481,RT @LatinoMarketing .@TurboTax makes filing your taxes so easy. #ConTurboTaxPuedes #Ad,4,0,1,CoolChillMom,Taty,48136,28774,3,2,2017
https://twitter.com/NGLsocial/status/827321520984821761,2017-02-03 01:03:16+00:00,827321520984821761,"Welcome the @TurboTax brand co-hosts: @MarinesDuarte, @GabyNatale, @paulabendfeldt, @AndreaMinski, @gusjournalist #ConTurboTaxPuedes #Ad",15,34,23,NGLsocial,NGL Collective,20672,2546,3,2,2017
https://twitter.com/ckrusch/status/827321520909406209,2017-02-03 01:03:16+00:00,827321520909406209,Please give a huge welcome to our fantastic brand sponsor @TurboTax #ConTurboTaxPuedes #Ad,1,0,2,ckrusch,ckrusch,37038,7658,3,2,2017
https://twitter.com/CoolChillMom/status/827321458569383936,2017-02-03 01:03:01+00:00,827321458569383936,"To be eligible to win prizes, you must RSVP, follow @TurboTax &amp; Tweet a correct answer using #ConTurboTaxPuedes #Ad",4,0,4,CoolChillMom,Taty,48136,28774,3,2,2017
https://twitter.com/Babygurlie73/status/827321398960017408,2017-02-03 01:02:47+00:00,827321398960017408,@latinomarketing @turbotax Hello! Thanks for sponsoring #ConTurboTaxPuedes,1,0,0,Babygurlie73,~KarenAnn~,3500,4307,3,2,2017
https://twitter.com/NGLsocial/status/827321392463040513,2017-02-03 01:02:45+00:00,827321392463040513,Please give a huge welcome to our fantastic brand sponsor @TurboTax #ConTurboTaxPuedes #Ad,18,27,25,NGLsocial,NGL Collective,20672,2546,3,2,2017
https://twitter.com/NGLsocial/status/827321267728547840,2017-02-03 01:02:15+00:00,827321267728547840,"To be eligible to win prizes, you must RSVP, follow @TurboTax &amp; Tweet a correct answer using #ConTurboTaxPuedes #Ad",15,20,21,NGLsocial,NGL Collective,20672,2546,3,2,2017
https://twitter.com/CoolChillMom/status/827321257498726400,2017-02-03 01:02:13+00:00,827321257498726400,"Welcome the @TurboTax brand co-hosts: @MarinesDuarte, @GabyNatale, @paulabendfeldt, @AndreaMinski, @gusjournalist #ConTurboTaxPuedes #Ad",4,3,4,CoolChillMom,Taty,48136,28774,3,2,2017
https://twitter.com/latinomarketing/status/827321205321564161,2017-02-03 01:02:00+00:00,827321205321564161,"Welcome @TurboTax brand co-hosts: @MarinesDuarte, @GabyNatale, @paulabendfeldt, @AndreaMinski, @gusjournalist #ConTurboTaxPuedes #Ad",22,19,17,latinomarketing,Cristy Clavijo-Kish,13174,5519,3,2,2017
https://twitter.com/CoolChillMom/status/827321187038593025,2017-02-03 01:01:56+00:00,827321187038593025,Please give a huge welcome to our fantastic brand sponsor @TurboTax #ConTurboTaxPuedes #Ad,5,3,4,CoolChillMom,Taty,48136,28774,3,2,2017
https://twitter.com/latinomarketing/status/827321118100975616,2017-02-03 01:01:40+00:00,827321118100975616,Please give a huge welcome to our fantastic brand sponsor @TurboTax #ConTurboTaxPuedes #Ad,18,24,15,latinomarketing,Cristy Clavijo-Kish,13174,5519,3,2,2017
https://twitter.com/latinomarketing/status/827320945547304960,2017-02-03 01:00:58+00:00,827320945547304960,"To be eligible to win prizes, you must RSVP, follow @TurboTax &amp; Tweet a correct answer using #ConTurboTaxPuedes #Ad",14,11,9,latinomarketing,Cristy Clavijo-Kish,13174,5519,3,2,2017
https://twitter.com/turbotax/status/827320773085900800,2017-02-03 01:00:17+00:00,827320773085900800,Saving on your student loans has never been easier! Learn about our partnership w @MeetEarnest: https://t.co/CTb6HdzTTd via @USAtoday,6,0,4,turbotax,Intuit TurboTax,64669,927,3,2,2017
https://twitter.com/idatchica87/status/827320261179559936,2017-02-03 00:58:15+00:00,827320261179559936,"@AndreaMinski @turbotax @dimemedia I'm looking forward to it! We have own business, this is the 1st yr filing ourselves #ConTurboTaxPuedes",1,1,1,idatchica87,💖💕JESSI H. 💕💖,2083,3560,3,2,2017
https://twitter.com/AndreaMinski/status/827318525580697604,2017-02-03 00:51:21+00:00,827318525580697604,You are going to learn a lot! @turbotax is of great help! @idatchica87 @dimemedia,1,1,3,AndreaMinski,Andrea Minski,22084,17041,3,2,2017
https://twitter.com/alexaramoficial/status/827318203844087809,2017-02-03 00:50:05+00:00,827318203844087809,@Summrluver: Be ready to learn how to get it $$$ with @turbotax! #ConTurboTaxPuedes,1,1,2,alexaramoficial,Alexandra Ramírez,14513,14072,3,2,2017
https://twitter.com/monicataher/status/827318009572102144,2017-02-03 00:49:18+00:00,827318009572102144,Join us for the #ConTurboTaxPuedes Twitter Party in 10 minutes 8 ET/5p PT! Win prizes with @turbotax RSVP here: https://t.co/xGfU0gDkFf #Ad https://t.co/gqXmtrtDqR,2,0,1,monicataher,Mónica Taher ⚡️🇸🇻,76829,2083,3,2,2017
https://twitter.com/alexaramoficial/status/827317225182883841,2017-02-03 00:46:11+00:00,827317225182883841,With TurboTax you can get your biggest refund with no appointment or tax knowledge needed! #ConTurboTaxPuedes #Ad,4,4,9,alexaramoficial,Alexandra Ramírez,14513,14072,3,2,2017
https://twitter.com/xbleedingblissx/status/827315798599417856,2017-02-03 00:40:31+00:00,827315798599417856,@livingmoneywise @turbotax Amazing prizes tonight! Wowza! Good luck everyone!!! #ConTurboTaxPuedes,1,0,1,xbleedingblissx,🎮💀Hailey💀🎮,2079,4831,3,2,2017
https://twitter.com/alexaramoficial/status/827315583813312512,2017-02-03 00:39:40+00:00,827315583813312512,"Prizes $$ Mophie Powerstation, Amazon Echo, iPad Mini 4 &amp; $500 AMEX GC! RSVP 8 pm: https://t.co/blbnR5upCf #ConTurboTaxPuedes #Ad @turbotax",4,2,8,alexaramoficial,Alexandra Ramírez,14513,14072,3,2,2017
https://twitter.com/JeseniaMontanez/status/827313253969719299,2017-02-03 00:30:25+00:00,827313253969719299,Who’s ready to party for taxes? Join us in 30 minutes for the #ConTurboTaxPuedes Twitter Party! RSVP: https://t.co/mamzMcAasq @turbotax #ad https://t.co/P2LS3uiW1s,1,3,3,JeseniaMontanez,Jesenia Montanez,34830,30014,3,2,2017
https://twitter.com/turbotax/status/827311929383276544,2017-02-03 00:25:09+00:00,827311929383276544,"Stuffed from @pizzadelpopolo today, but we’re making room for something sweet at our last stop for #Absolute0 #WeekOfFree tomorrow in LA☀️ https://t.co/fJRuvET4mK",3,1,7,turbotax,Intuit TurboTax,64669,927,3,2,2017
