url,Datetime,Tweet Id,Text,Retweet Count,Reply Count,Like Count,Username,Display Name,Followers Count,Friends Count,Day,Month,Year
https://twitter.com/GeorgeBranton/status/959914670885888000,2018-02-03 22:21:06+00:00,959914670885888000,"@WeatherTech If you support the unpatriotic NFL, me &amp; my family cannot support you!!",1,1,2,GeorgeBranton,George Branton,900,963,3,2,2018
https://twitter.com/PumpTheJuice/status/959886615949856768,2018-02-03 20:29:37+00:00,959886615949856768,@SmartGrowthUSA Seems a bit hard to #QUANTIFY this in re: to #SMARTGROWTH #DEVELOPMENT as all #Cities #Communities #GEOGRAPHY #TOPOGRAPHY #WEATHER ~~are unique unto themselves?  Is there an #ALGORITHM (#Algorithms) for this?!  #Tech #Talent #Analytics #mHealth #HQ2 @TriangleRegion @SASanalytics,1,0,2,PumpTheJuice,Jay A. Breen,268,1422,3,2,2018
https://twitter.com/billschrier/status/959871684240117761,2018-02-03 19:30:17+00:00,959871684240117761,"Columbus Ohio wants an ""Operating  System"" for its #smartcity sensors to capture mobility data (traffic, weather, parking, street closures etc.), make it available to the city as well as the tech and startup communities. https://t.co/W1bs03Sj2E",13,0,18,billschrier,Bill Schrier,7061,2041,3,2,2018
https://twitter.com/CMACTV/status/959864300029579264,2018-02-03 19:00:57+00:00,959864300029579264,"Tech Tip - Filming in Cold Weather Winter is here!  It doesn't quite get down to sub-zero temperatures in the Fresno area, but it still gets pretty chilly out there. Check out some tips on how to be prepared to shoot photos and videos in cold weather. https://t.co/yBFiwvtltA",1,0,1,CMACTV,CMAC Fresno/Clovis,2652,923,3,2,2018
https://twitter.com/msaunby/status/959830356596875264,2018-02-03 16:46:04+00:00,959830356596875264,"@swardley Reminds me of years spent in weather satellite software dev. Plan next gen tech, much distress over huge processing and data comms and storage. But Moore's Law I cry! 10 years later. Why weren't we more ambitious? Repeat...",3,0,3,msaunby,Michael Saunby,1590,3355,3,2,2018
https://twitter.com/TomJGalbraith/status/959824345114730496,2018-02-03 16:22:11+00:00,959824345114730496,Excited for the @GoRedHawks baseball home opener at Tiger Field today and the collegiate coaching debut of head coach Dan Tating. First pitch of the DH vs. Oregon Tech at noon. The weather is going to be absolutely perfect in Redding.,2,0,12,TomJGalbraith,Tom Galbraith,498,370,3,2,2018
https://twitter.com/HARMANservices/status/959803843579203584,2018-02-03 15:00:43+00:00,959803843579203584,#SmartCities are growing and some are preparing by developing models that leverage real-time data to see how connected tech could change things like traffic and weather predictions: https://t.co/UwOPReu890 https://t.co/L2lfhlfv5n,1,0,1,HARMANservices,Connected Services (Digital Transformation),61258,3264,3,2,2018
https://twitter.com/WeatherTech/status/959628862517907456,2018-02-03 03:25:24+00:00,959628862517907456,#WeatherTech is proud to be included in the celebration of American workers surrounding the Super Bowl® featured on @ABCWorldNews with David Muir! https://t.co/ybFq57rJjN,2,1,21,WeatherTech,WeatherTech,9739,1778,3,2,2018
https://twitter.com/Class8TruckPart/status/959607371331964930,2018-02-03 02:00:00+00:00,959607371331964930,Check out tech tips on how cold weather can affect your air hoses and gladhands. #truckparts #class8truckparts https://t.co/quc08vewzG https://t.co/U27pBIQzWS,1,0,0,Class8TruckPart,Class8TruckParts.com,1204,215,3,2,2018
https://twitter.com/Dialsmith/status/959582231294631937,2018-02-03 00:20:06+00:00,959582231294631937,"Prep for the big game this weekend be previewing and rating the pre-released #SuperBowlAds from @StellaArtois, @Kia, @WeatherTech and more! Take a look: https://t.co/GvIfwkLlvH #RatetheAds https://t.co/CGnksHSLoe",1,0,3,Dialsmith,DIALSMITH,627,775,3,2,2018
https://twitter.com/MattLorenzo/status/959516838127460353,2018-02-02 20:00:15+00:00,959516838127460353,"We got 3 inches of snow and the Comcast tech cancelled our appointment (without calling) because of the weather. Listen pussy, if you are gonna be a tool, at least call.",2,1,4,MattLorenzo,MacGyver,2302,1211,2,2,2018
https://twitter.com/Nostalgic_Tech/status/959483334941343747,2018-02-02 17:47:08+00:00,959483334941343747,Punxsutawney Phil saw his shadow.  Six more weeks of perfect video game weather!!! 😂😂😂 https://t.co/rhpWfDu9Sp,3,0,3,Nostalgic_Tech,Nostalgic Tech,493,554,2,2,2018
https://twitter.com/HernandezNY1/status/959458471770025985,2018-02-02 16:08:20+00:00,959458471770025985,"@humantransit The quality of the breaking components, feedback from the breaking system, feedback from steering components, etc. Cold weather plays a huge factor on how these components perform.  I honestly believe we need to keep a human behind the wheel.  At least until the AI tech is 💯",1,1,1,HernandezNY1,Mike,294,355,2,2,2018
https://twitter.com/Digitalmstream/status/959420857222336513,2018-02-02 13:38:52+00:00,959420857222336513,"Win or lose, it's a win-win for WeatherTech's commercial(s). I assumed the focus would be on Coca Cola's four new flavors. Did Coca-Cola miss the boat on ad time? #advertising #SuperBowl https://t.co/93D7cCDAkO",1,0,1,Digitalmstream,Digital Marketing Stream,27656,8665,2,2,2018
https://twitter.com/jstorres/status/959414970852302848,2018-02-02 13:15:28+00:00,959414970852302848,Is This the Most Unconventional Super Bowl Commercial You'll See This Year? - WeatherTech's Super Bowl ad might be the most unconventional commercial you'll see this year. https://t.co/uaAEWGEsxt,2,1,5,jstorres,Jesse Torres,408454,111716,2,2,2018
https://twitter.com/YoungElemAIM/status/959249231537205249,2018-02-02 02:16:53+00:00,959249231537205249,This meteorologist is a natural on camera for our weather PBL!  Loving teaching 2nd grdrs what goes in to making a forecast! Thanks @TrajanDeTejas and @jacobtech for your green screen app and tech expertise! @PioneerCrossin1 @jodihawk @Hauck2ndgrade @ThatLittleLady https://t.co/FuiLCfYlPy,5,1,17,YoungElemAIM,Ms. Lisa Young,65,156,2,2,2018
https://twitter.com/BVTHighSchool/status/959236156264275968,2018-02-02 01:24:56+00:00,959236156264275968,"Late Start 2.2.18 Due to inclement weather, Blackstone Valley Tech will have a three-hour delay tomorrow, February 2nd. Students should be at their bus stops three hours later than their usual pick-up time. School will start at 10:45 a.m. https://t.co/owt0YqVyN0",7,0,9,BVTHighSchool,BVT,1591,146,2,2,2018
https://twitter.com/njdotcom/status/959235446755680257,2018-02-02 01:22:06+00:00,959235446755680257,WATCH: WeatherTech Super Bowl ad promotes putting 'America first' https://t.co/HPyvqJxGpG https://t.co/mChCY3kOJ0,1,9,8,njdotcom,njdotcom,558860,731,2,2,2018
