url,Datetime,Tweet Id,Text,Retweet Count,Reply Count,Like Count,Username,Display Name,Followers Count,Friends Count,Day,Month,Year
https://twitter.com/NoahBrookz/status/959933263426056193,2018-02-03 23:34:59+00:00,959933263426056193,"How can ANYONE actually stomach Doritos fake accent?! I seriously cringe, like I can’t do this anymore #RHOBH",1,1,7,NoahBrookz,💙,299,177,3,2,2018
https://twitter.com/Lusi_Bee/status/959931384881172480,2018-02-03 23:27:31+00:00,959931384881172480,"If someone had asked me when I was 18 what my life would look like in ten years time, I would not have said: ""Alone on a Saturday night eating cheesey Doritos and drinking red wine in the bath"".",1,3,1,Lusi_Bee,Bridget Jones,235,247,3,2,2018
https://twitter.com/SlickN1982/status/959931254845173761,2018-02-03 23:27:00+00:00,959931254845173761,#whenifeelfancy I've just had a nice meal of Doritos and Mountain Dew. https://t.co/lSjoertj4f,1,0,3,SlickN1982,Mean Gene,766,1208,3,2,2018
https://twitter.com/aspatriarca/status/959931017044865030,2018-02-03 23:26:03+00:00,959931017044865030,"LEAVE THE DORITOS ALONE, PEPSICO. https://t.co/SYNp24TwJJ",1,2,9,aspatriarca,Dr. Ashley Patriarca,1537,1956,3,2,2018
https://twitter.com/LeannGomes/status/959929551043399681,2018-02-03 23:20:14+00:00,959929551043399681,"@vincentdonofrio Doritos , mild salsa or have scoops chips n mild salsa during the game V?",1,0,2,LeannGomes,leann gomes,172,267,3,2,2018
https://twitter.com/Walmart/status/959926555110764544,2018-02-03 23:08:19+00:00,959926555110764544,"Can you handle the heat of NEW @Doritos Blaze, Wasabi and Buffalo? #newflavoralert 🔥 Now in stores - try all 3 on #GameDay https://t.co/ugqgRZFKMv",7,9,29,Walmart,Walmart,1308477,355,3,2,2018
https://twitter.com/jordszal/status/959923543596261378,2018-02-03 22:56:21+00:00,959923543596261378,i’m eating these doritos and they remind me of you: hot — wanna get married https://t.co/EXzJmXd7Bo,1,0,1,jordszal,jordan,4754,1241,3,2,2018
https://twitter.com/COCONUTMILKYWAY/status/959921960061816834,2018-02-03 22:50:04+00:00,959921960061816834,Ok psa dont touch ur eyes after handling doritos like please just don't. My eyeballs are on fire,1,2,48,COCONUTMILKYWAY,coconutmilkyway,12849,657,3,2,2018
https://twitter.com/luzcstro/status/959921875991388160,2018-02-03 22:49:44+00:00,959921875991388160,like if u think my sis is cute she needs a nice boyfriend who can buy me Doritos flamas after their dates. Btw she’s so annoying but she means well dm me for more info https://t.co/rgYKbOOThB,1,2,16,luzcstro,🦁,1194,783,3,2,2018
https://twitter.com/JoseTheJudas/status/959916118189264897,2018-02-03 22:26:51+00:00,959916118189264897,why Doritos are so darned addictive?,1,0,0,JoseTheJudas,Mustafa,2659,1032,3,2,2018
https://twitter.com/theknightofhype/status/959915742669037568,2018-02-03 22:25:22+00:00,959915742669037568,DORITOS BLAZE vs. MTN DEW ICE | Super Bowl Commercial with Peter Dinklag... @SuazideKnight @GeorgeRangel4 @Burner303 @Titansdoom  https://t.co/Vus7uD3JhY,1,0,0,theknightofhype,SirJeffers,103,789,3,2,2018
https://twitter.com/JoseTheJudas/status/959908023429976066,2018-02-03 21:54:41+00:00,959908023429976066,we are already friends if you love Doritos,1,1,0,JoseTheJudas,Mustafa,2659,1032,3,2,2018
https://twitter.com/ProgressiveTex/status/959904877077061638,2018-02-03 21:42:11+00:00,959904877077061638,Misguided @PressSec finally found something she loves more than Doritos Locos Tacos...yo memo. #YoMemoJokes,2,0,2,ProgressiveTex,The Masked Blue Texan 🇺🇦🏳️‍🌈🏳️‍⚧️,13504,13189,3,2,2018
https://twitter.com/zunairayy/status/959903505367687171,2018-02-03 21:36:44+00:00,959903505367687171,I want doritos. https://t.co/JamuUohzVA,1,0,2,zunairayy,Zunaira Ahmad,36184,670,3,2,2018
https://twitter.com/coleslaw125/status/959900566506917896,2018-02-03 21:25:03+00:00,959900566506917896,One of my employees at Menards is dipping his cool ranch Doritos into nacho cheese and that's baller,2,0,9,coleslaw125,Bees?,101,141,3,2,2018
https://twitter.com/LaughingSquid/status/959879942774370304,2018-02-03 20:03:06+00:00,959879942774370304,Peter Dinklage and Morgan Freeman Face-Off in Rap Battle For Mountain Dew and Doritos Super Bowl Ad https://t.co/oObdibVF3D https://t.co/7v66vYiLPB,1,1,11,LaughingSquid,Laughing Squid,507203,22,3,2,2018
https://twitter.com/Pastel_teeth/status/959878175474950144,2018-02-03 19:56:05+00:00,959878175474950144,when are they going to bring back 3d doritos and hot cheeto asteroids?,1,4,26,Pastel_teeth,🏵️Pastel has the suds🏵️,19734,1113,3,2,2018
https://twitter.com/Misiluti21/status/959877710968320000,2018-02-03 19:54:14+00:00,959877710968320000,Talk About A DORITOS commercial! #PeterDinklage #MorganFreeman @BustaRhymes @MissyElliott #WhosSideAreYouOn #DoritosCommercial @Doritos THANK YOU! https://t.co/xDn5ULu9fS,2,0,3,Misiluti21,Misiluti,397,542,3,2,2018
https://twitter.com/YungPapaKwali/status/959875674516332544,2018-02-03 19:46:09+00:00,959875674516332544,"Doritos or not, “crunch nuts” don’t sound like no kind of shit I wanna be fuckin wit.... https://t.co/EHitcYaRVp",1,0,5,YungPapaKwali,BRAAAUUNNNN Blackman 🐨,811,2207,3,2,2018
https://twitter.com/Paeno/status/959860474715262976,2018-02-03 18:45:45+00:00,959860474715262976,"@fantasyhelpguru @MyFantasyLeague Trading King Kamara in the nuts landing spot (Saints) for the 1.02? Someone is obviously high.  Pass the Doritos, please.",1,0,2,Paeno,Joe Paeno,2868,950,3,2,2018
https://twitter.com/mktinginsights/status/959859390525386752,2018-02-03 18:41:26+00:00,959859390525386752,Behind the scenes #Doritos #MTNDEW https://t.co/kBMtql220j,1,0,0,mktinginsights,Chujfi,25,71,3,2,2018
https://twitter.com/danielsovich/status/959857306900025344,2018-02-03 18:33:09+00:00,959857306900025344,"Met a serial killer today. He hasn’t killed anyone yet, but he doesn’t like Doritos, so it’s only a matter of time",1,0,16,danielsovich,Disco,641,14,3,2,2018
https://twitter.com/britishemporium/status/959851281681698816,2018-02-03 18:09:13+00:00,959851281681698816,1) Forget the Doritos! You'll be the MVP at your #SuperBowl party with these delish British… https://t.co/iPdt9WVwoD,1,0,1,britishemporium,British Emporium,510,52,3,2,2018
https://twitter.com/porochuyeah4/status/959844892900958208,2018-02-03 17:43:50+00:00,959844892900958208,what's WRONG DORITO BOY? did ur Dorito Mom not pack enough Doritos for your Dorito sandwic,1,0,2,porochuyeah4,roach,617,557,3,2,2018
https://twitter.com/epicurious/status/959840691319910400,2018-02-03 17:27:08+00:00,959840691319910400,"Here’s how to make that addictive, orange Doritos powder at home:  https://t.co/nbMpQrKtI3 https://t.co/8VFuRgiPuO",16,2,76,epicurious,epicurious,2722491,272,3,2,2018
https://twitter.com/Doritos/status/959837234089332739,2018-02-03 17:13:24+00:00,959837234089332739,@SethBLVD69 @MountainDew The battle goes down tomorrow...,1,0,18,Doritos,Doritos,834473,242,3,2,2018
https://twitter.com/Doritos/status/959836971404288001,2018-02-03 17:12:21+00:00,959836971404288001,@doloreshmiff Glad you're enjoying the 🔥!,1,0,1,Doritos,Doritos,834473,242,3,2,2018
https://twitter.com/seanwhite44/status/959836009830678529,2018-02-03 17:08:32+00:00,959836009830678529,Pro tip: When you eat a sandwich and Doritos. Use the bread as a napkin for your cheesy fingers.  Adds flavor and saves trees,1,1,3,seanwhite44,Sean White,384,447,3,2,2018
https://twitter.com/abbbby_h/status/959827479623077889,2018-02-03 16:34:38+00:00,959827479623077889,@emmaross018 Don’t even bring up Doritos I’ll get a headache,1,0,2,abbbby_h,Abby Hawkins,572,251,3,2,2018
https://twitter.com/PepsiCo/status/959826408930496512,2018-02-03 16:30:23+00:00,959826408930496512,"Pro football legend @nickmangold won the #GameDayGrubMatch title with these wings coated in @Doritos Cool Ranch, served with a side of @BWWings sauce for a kick! Whip up your own: https://t.co/1pvyMF3jfB https://t.co/QhipnYROlU",7,1,17,PepsiCo,PepsiCo,353525,12400,3,2,2018
https://twitter.com/montenegro_emil/status/959824762036826112,2018-02-03 16:23:50+00:00,959824762036826112,WE WANT ALDUB   #ALDUBMakeAWish 😘 There's a fine line between tan and looking liked you rolled around in Doritos,16,0,0,montenegro_emil,LoloEmil,4612,2535,3,2,2018
https://twitter.com/fasulo_chris/status/959821529029672960,2018-02-03 16:10:59+00:00,959821529029672960,@IBEW465 @AFLCIO @StellaArtois @budweiserusa @Doritos @LAYS @HebrewNational_ @Tostitos Support #SpectrumStrike if you have spectrum as your cable internet provider switch if you can. ibew local 3 in NYC 313 days on strike.  #BoycottSpectrum https://t.co/jjvbprN1iY,3,0,3,fasulo_chris,Chris Fasulo,760,1272,3,2,2018
https://twitter.com/VMarieVrt/status/959820800516870144,2018-02-03 16:08:06+00:00,959820800516870144,@Doritos we just wanna talk https://t.co/pzOCcijDIz,1,0,1,VMarieVrt,IG: VMarieVrt,2926,991,3,2,2018
https://twitter.com/IBEW465/status/959819968857559041,2018-02-03 16:04:47+00:00,959819968857559041,We support those who support us! If we want strong unions we MUST buy UNION MADE goods! Go to the store and buy these #UnionMade drinks and food today! Celebrate responsibly and do not drink and drive! @aflcio @stellaartois @budweiserusa @doritos @lays @hebrewnational_ @tostitos https://t.co/FQlS2LAZET,10,3,18,IBEW465,IBEW Local 465,1743,3117,3,2,2018
https://twitter.com/ahomelessghost/status/959819118462500864,2018-02-03 16:01:25+00:00,959819118462500864,i love waking up and watching everyones stories of them with a bunch of people having a ball and i remember ill be watching tv with a bag of doritos again all day,1,0,1,ahomelessghost,lua,178,103,3,2,2018
https://twitter.com/BubblesnBooze/status/959818705713672192,2018-02-03 15:59:46+00:00,959818705713672192,I wish he looked at me with the same longing as he does Doritos dipped in ranch.,18,4,41,BubblesnBooze,Bubbles n' Booze,37013,10329,3,2,2018
https://twitter.com/MountainDew/status/959818663758098432,2018-02-03 15:59:36+00:00,959818663758098432,@Doritos Let’s settle this on game day.,6,3,65,MountainDew,Mountain Dew®,761896,35647,3,2,2018
https://twitter.com/sophiewarrenxx/status/959807165157519360,2018-02-03 15:13:55+00:00,959807165157519360,Doritos and dip is so addictive,1,0,15,sophiewarrenxx,Sophie❣️,1059,765,3,2,2018
https://twitter.com/pbandjilliii/status/959801527438381057,2018-02-03 14:51:31+00:00,959801527438381057,i’d throw it back for some sweet chili doritos,3,2,14,pbandjilliii,🦂,816,370,3,2,2018
https://twitter.com/cubfoods/status/959793265548648449,2018-02-03 14:18:41+00:00,959793265548648449,"Cub is bringing you BIG savings from 1992! We're honoring prices from 26 years ago on Pepsi and Doritos for ONE DAY ONLY on Sunday, February 4th. Don't miss this sale! https://t.co/Fiv6FwAsOV",1,0,7,cubfoods,cubfoods,3753,279,3,2,2018
https://twitter.com/Doritos/status/959788812263182337,2018-02-03 14:00:59+00:00,959788812263182337,Hey @MountainDew. A warm front is on the forecast and we're ready to BRING THE 🔥 #SPITFIRE,140,41,1194,Doritos,Doritos,834473,242,3,2,2018
https://twitter.com/ironravi/status/959780585207197697,2018-02-03 13:28:18+00:00,959780585207197697,Praise upon the holy Zelos era. Those who dismiss Dynamite shall be damned to eating rotten doritos #TeamVIXX #TwitterBestFandom https://t.co/UgTZa64ZOI,4,0,0,ironravi,Q.⁶ 🌱|,544,631,3,2,2018
https://twitter.com/00Fuzz/status/959773492135780352,2018-02-03 13:00:06+00:00,959773492135780352,Menu For The Superbowl Party Tomorrow: Wings and Fries From Wingstop Pizza  Two Bags Of Doritos A Dozen of Donuts Alcohol  Sodas,1,1,4,00Fuzz,Anthony,2213,2244,3,2,2018
https://twitter.com/Andrew_Morano/status/959767647008194560,2018-02-03 12:36:53+00:00,959767647008194560,When Call of Duty comes out and your diet consists of Mountain Dew and Doritos https://t.co/mncyN5M7Dt,3,1,14,Andrew_Morano,Andrew Morano III,772,681,3,2,2018
https://twitter.com/offbeatoliv/status/959747429905125376,2018-02-03 11:16:33+00:00,959747429905125376,Mary Poppins bag but with Doritos.,40,2,84,offbeatoliv,Marnie,10527,2381,3,2,2018
https://twitter.com/ciceleyynicole_/status/959728675913715712,2018-02-03 10:02:01+00:00,959728675913715712,Which Doritos are better ?,1,0,1,ciceleyynicole_,Ciceley,5880,4801,3,2,2018
https://twitter.com/_LittleTriangle/status/959706014063841281,2018-02-03 08:31:58+00:00,959706014063841281,This is how we did offline tests of Little Triangle before the release date. #indiedev #indie #platformer #nacho #doritos #xbox #NintendoSwitch https://t.co/WpGIE47LiV,1,0,5,_LittleTriangle,Little Triangle,323,226,3,2,2018
https://twitter.com/lawson04155300/status/959704891798278144,2018-02-03 08:27:31+00:00,959704891798278144,@Doritos where the super seasoned cool ranch at?,2,0,2,lawson04155300,lawsonbemis,16,116,3,2,2018
https://twitter.com/KaLeeBunny/status/959692837486039040,2018-02-03 07:39:37+00:00,959692837486039040,@nightbancometh @Clintstoise Taco bell getting that promo. Now I'm gonna crave some Doritos locos tacos every time my fight or flight response kicks in,7,3,199,KaLeeBunny,👽Experiment 62THICK👽,598,440,3,2,2018
https://twitter.com/thotlerrr/status/959691102432317440,2018-02-03 07:32:43+00:00,959691102432317440,All my friends are enjoying First Friday and I’m in bed eating Doritos,1,0,0,thotlerrr,tre,2334,705,3,2,2018
https://twitter.com/tutorialchef22/status/959674997877891073,2018-02-03 06:28:44+00:00,959674997877891073,When your gramps pa says to wash the Doritos before eating them https://t.co/Pzg53TLWyO,1,1,12,tutorialchef22,tutorialchef22,261,21,3,2,2018
https://twitter.com/Palmetto_Inn/status/959655063563194369,2018-02-03 05:09:31+00:00,959655063563194369,"Heading behind Target to check for some things.. Refill the happy pills Portable ladder, dang fences Bike light, again Cell phone carrier Doritos, 24 bags or so Longtail shirt, XXlong for the belly New Underoos, maybe Deadpool Condoms for Slidell Stinky Spice storage bag #LivePD https://t.co/CmyFtzVVUp",9,7,62,Palmetto_Inn,Not_Really_The_Palmetto_Inn,6902,45,3,2,2018
https://twitter.com/kindamoviesnob/status/959650464043184130,2018-02-03 04:51:14+00:00,959650464043184130,Step’s face at the boys saying Doritos 😂😂😂 https://t.co/fQAukFfHhH,1,1,8,kindamoviesnob,Britt Rivera,3147,1068,3,2,2018
https://twitter.com/101wixx/status/959642621747621888,2018-02-03 04:20:04+00:00,959642621747621888,Morgan Freeman &amp; Peter Dinklage Battle Rap In Latest SB Ad for Doritos/Mtn Dew (Video): https://t.co/Tf4HQybSTQ ~ @JSladeShow https://t.co/N8SeCDmmn9,2,0,4,101wixx,101 WIXX,10244,3698,3,2,2018
https://twitter.com/thatsojon/status/959641282049204224,2018-02-03 04:14:45+00:00,959641282049204224,how could you cheat on your girlfriend with a girl that smells like cool ranch doritos,6,0,11,thatsojon,𝔞𝔠𝔞𝔟,167,267,3,2,2018
https://twitter.com/JeffEisenband/status/959640663808708608,2018-02-03 04:12:18+00:00,959640663808708608,Could kick it with @BustaRhymes all day. Gotta pull for Team @Doritos this #SuperBowl. https://t.co/vGDp78zR1l,1,1,11,JeffEisenband,Jeff Eisenband,16484,7759,3,2,2018
https://twitter.com/beckpoppins/status/959632895374712833,2018-02-03 03:41:26+00:00,959632895374712833,@markpopham getting the munchies and really craving those cool garum doritos,1,1,2,beckpoppins,Beck Poppins,1695,201,3,2,2018
https://twitter.com/_LittleTriangle/status/959626799788392449,2018-02-03 03:17:12+00:00,959626799788392449,Four nachos fighting a boss in casual mode! #doritos #indiegames #XboxOne #PartyHard #platformer https://t.co/ZoXBugy7mQ,2,0,4,_LittleTriangle,Little Triangle,323,226,3,2,2018
https://twitter.com/babushkiii/status/959624366207242245,2018-02-03 03:07:32+00:00,959624366207242245,"if you’re the kid in the My Fair Lady pit at Eaton who had Doritos, you’re my hero bro",4,0,28,babushkiii,bek,393,609,3,2,2018
https://twitter.com/AmbitionRise/status/959619283465711616,2018-02-03 02:47:20+00:00,959619283465711616,Trade Gortat for a half bag of Doritos,1,1,1,AmbitionRise,Vic,1466,1098,3,2,2018
https://twitter.com/heyayana/status/959619212858806277,2018-02-03 02:47:03+00:00,959619212858806277,"frito lay would make sooooo much money if they just brought back the asteroids &amp; 3D doritos, why haven’t these made a comeback yet 😤 https://t.co/fv3gl3zp8v",1,2,2,heyayana,𝘼𝙮𝙖𝙣𝙖.,605,525,3,2,2018
https://twitter.com/ejschultz3/status/959618982453153792,2018-02-03 02:46:08+00:00,959618982453153792,"Super Bowl Pre-Game Winner: Doritos, Mtn Dew Get Most Views https://t.co/7Xxcli0GTM",1,0,3,ejschultz3,E.J. Schultz,4686,1604,3,2,2018
https://twitter.com/chang_koo/status/959612531231764481,2018-02-03 02:20:30+00:00,959612531231764481,"@fuzzlime @HatfieldAnne Growing up my sister loved chirimoyas but I thought they smelled like farts. Doritos too, when I first tried them.",1,1,2,chang_koo,Chang Koo,1647,520,3,2,2018
https://twitter.com/WinSpinCIC/status/959611761853911042,2018-02-03 02:17:27+00:00,959611761853911042,"Alexa @amazon ad funniest, although @Doritos pretty close second - no question @budweiserusa Water - they know how to bring out the tears - watch them all here. #advertising pays. Take a look at how many are about giving back. #marketing help others. https://t.co/ESo6v3MQoN",1,0,0,WinSpinCIC,Marilynn Mendell,1945,1940,3,2,2018
https://twitter.com/trailblazers/status/959609155244838912,2018-02-03 02:07:05+00:00,959609155244838912,@Raptors how many bags of ketchup doritos to bring your three-point percentage down to something a bit more manageable?,5,4,46,trailblazers,Portland Trail Blazers,1502639,8065,3,2,2018
https://twitter.com/FunnyQuotees/status/959607713369030658,2018-02-03 02:01:22+00:00,959607713369030658,"This is a Golden Dorito, it appears in only 1 of 10,000,000 Doritos retweet or you will have badluck for 13 years. https://t.co/1v9ueErOuB",289,1,88,FunnyQuotees,Funny Quotes,488342,369521,3,2,2018
https://twitter.com/MisterMassey/status/959606281706258432,2018-02-03 01:55:40+00:00,959606281706258432,Y’all be sure to check out my commercial this weekend!  I just know that this is the year they’re gonna air it! Who wants a @Doritos ?? #Retweet this &amp; LET’S GO VIRUS! 🙌🏻⭐️🎈🏈 https://t.co/2d5iSlKriz,10,1,21,MisterMassey,⚡️Bryan Massey ⚡️,6777,1860,3,2,2018
https://twitter.com/b15marie/status/959605027047272448,2018-02-03 01:50:41+00:00,959605027047272448,my life would be complete if @tacobell had a spicy sweet chili flavored doritos locos taco 😋,2,0,3,b15marie,𝓫.,555,570,3,2,2018
https://twitter.com/novoa_roberto/status/959604274727546880,2018-02-03 01:47:42+00:00,959604274727546880,Doritos is life😍.,2,1,1,novoa_roberto,Roberto Novoa,288,387,3,2,2018
https://twitter.com/couersharry/status/959598735750656001,2018-02-03 01:25:41+00:00,959598735750656001,"@savvyriker @NewHopeBlake also that shirt has the same colouring as the disgusting, disgrace to human kind Doritos",1,0,2,couersharry,peschk ⧗,13409,2867,3,2,2018
https://twitter.com/NessMudkip/status/959591391994236929,2018-02-03 00:56:30+00:00,959591391994236929,"So, a friend just revealed to me that for months he's been hiding packets of doritos and pringles tubes in random parts of my house for when he gets hungry without me knowing I'm not even mad, just very, very impressed.",2,0,9,NessMudkip,Caleb,687,901,3,2,2018
https://twitter.com/MountainDew/status/959585364179673088,2018-02-03 00:32:33+00:00,959585364179673088,"@Doritos We were born ready. If you don’t get cold feet, we’ll see you on #SuperBowl Sunday. #ICECOLD",3,0,25,MountainDew,Mountain Dew®,761896,35647,3,2,2018
https://twitter.com/Doritos/status/959583185301630976,2018-02-03 00:23:54+00:00,959583185301630976,48 hours to go @MountainDew. We're getting warmed up 🔥. You ready? #SPITFIRE,11,1,81,Doritos,Doritos,834473,242,3,2,2018
https://twitter.com/Ashtonis_AVFC/status/959578901931585536,2018-02-03 00:06:52+00:00,959578901931585536,@Raptors @DoritosCanada @trailblazers There's ketchup doritos?!?!?! @Tierchild,1,1,8,Ashtonis_AVFC,Ashton,138,425,3,2,2018
https://twitter.com/AsrielBot/status/959576353287868416,2018-02-02 23:56:45+00:00,959576353287868416,Lycanroc eat some doritos.,1,0,1,AsrielBot,Asriel 2.0,53,1,2,2,2018
https://twitter.com/adage/status/959573781214826496,2018-02-02 23:46:32+00:00,959573781214826496,#SuperBowl Pre-Game Winner: @Doritos and @MountainDew get the most views so far https://t.co/CXJyf1KwCf https://t.co/UW2m7tnvqo,3,0,13,adage,Ad Age,1001874,73145,2,2,2018
https://twitter.com/mazichloe/status/959564626303307777,2018-02-02 23:10:09+00:00,959564626303307777,rt if any of these are u •respect mitchs private life •support bitch  •respect scott's private life •support the throuple  •are not heterosexual •like doritos  •need coffee to live basically nobody will know which one (or many) you rted for 😜,67,3,49,mazichloe,o,797,8,2,2,2018
https://twitter.com/ShadowzCatz/status/959560142047072261,2018-02-02 22:52:20+00:00,959560142047072261,"My favorite part of the season, these #Commercials Most #Imaginative &amp; #Creative ideas of the entire year. #MorganFreeman #PeterDinklage #MountainDew #Doritos Peter Dinklage, Morgan Freeman engage in epic rap battle in Mountain Dew vs. Doritos commercial https://t.co/gmKzrJbHWL",3,0,15,ShadowzCatz,Anastasia Willwerth,192,810,2,2,2018
https://twitter.com/london_fog89/status/959547392268914688,2018-02-02 22:01:40+00:00,959547392268914688,Me: oh doritos! These are Jimin's favorite. And this bag is cute and small.... just like Jimin. 😍 SEOKJIN DAY #TeamCypher #iHeartAwards #BestBoyBand #BTS @BTS_twt https://t.co/WBjTcHNYb1,6,0,3,london_fog89,seokjin's wife,211,118,2,2,2018
https://twitter.com/yourstrulymck/status/959538091022196737,2018-02-02 21:24:42+00:00,959538091022196737,"I want cookie dough, doritos, and a girlfriend",1,2,6,yourstrulymck,McK ✌︎︎,71,46,2,2,2018
https://twitter.com/979WRMF/status/959536925148438529,2018-02-02 21:20:04+00:00,959536925148438529,I'll bring the Doritos if you'll invite me to watch The Super Bowl with you @realDonaldTrump - Tracy  https://t.co/u71md3rruF !,1,0,3,979WRMF,97.9 WRMF,4756,2186,2,2,2018
https://twitter.com/CustomerImpact/status/959535086478782468,2018-02-02 21:12:46+00:00,959535086478782468,"""@IndraNooyi, CEO of @Fritolay parent company @PepsiCo, told @Freakonomics Radio that it is looking at creating special #chips just for #women."" @Doritos @ChesterCheetah https://t.co/lWBBF3VSc2",1,1,1,CustomerImpact,Customer Impact,3210,662,2,2,2018
https://twitter.com/jeffreykoterba/status/959530803360354304,2018-02-02 20:55:45+00:00,959530803360354304,Why am I eating @Doritos in my latest #Superbowl #cartoon vid? #supermoon #comics https://t.co/ISRiMUmp7e,1,0,3,jeffreykoterba,jeffrey koterba,12186,200,2,2,2018
https://twitter.com/Doritos/status/959529009913712642,2018-02-02 20:48:37+00:00,959529009913712642,@MeganMegan012 Would you look at that. The start of a #bold friendship.,1,0,3,Doritos,Doritos,834473,242,2,2,2018
https://twitter.com/Ampwich/status/959526415963078656,2018-02-02 20:38:19+00:00,959526415963078656,A half eaten bag of @Doritos #LastMinutePartyFavors,1,0,1,Ampwich,Ampwich,116,85,2,2,2018
https://twitter.com/RickGriffin/status/959524082055352320,2018-02-02 20:29:02+00:00,959524082055352320,A5. I loved the Doritos Baby commercial #MobileLiving,2,5,9,RickGriffin,RickGriffin✈️,59977,44091,2,2,2018
https://twitter.com/joell51868/status/959523541707317250,2018-02-02 20:26:54+00:00,959523541707317250,@chicanamom02 @RickGriffin Doritos ones never disappoint #MobileLiving,1,1,2,joell51868,christy,3923,4987,2,2,2018
https://twitter.com/chicanamom02/status/959523412388597761,2018-02-02 20:26:23+00:00,959523412388597761,@RickGriffin A5 Doritos Time Machine with the little kid it was hilarious #MobileLiving,1,1,5,chicanamom02,Vanessa,2111,4908,2,2,2018
https://twitter.com/DanWeber24/status/959522189849526272,2018-02-02 20:21:31+00:00,959522189849526272,"@emboudrie That is true, similar to what I mentioned about Bud Light, Doritos has a reputation for having hilarious ads that everyone looks forward too. #sthm3224 #group3 https://t.co/Y9saxBTRZH",2,0,3,DanWeber24,Dan Weber,181,404,2,2,2018
https://twitter.com/dr_marshmallow/status/959517961349484545,2018-02-02 20:04:43+00:00,959517961349484545,DORITOS BLAZE vs. MTN DEW ICE | Super Bowl Commercial with Peter Dinklag... https://t.co/VrDNWOIJbR via @YouTube #sthm3224,1,1,3,dr_marshmallow,Joe Mahan,750,753,2,2,2018
https://twitter.com/domrenzetti/status/959508140248240128,2018-02-02 19:25:42+00:00,959508140248240128,@JEHADA says these new @Doritos chips taste like beef but in a good way @portilloshotdog 👀👀,1,1,2,domrenzetti,domo,393,842,2,2,2018
https://twitter.com/TheJimbothy/status/959506739061239809,2018-02-02 19:20:08+00:00,959506739061239809,"Happy Birthday, Doritos Ranch.",1,4,27,TheJimbothy,JIMBOTHY,14447,920,2,2,2018
https://twitter.com/jconard3/status/959501060900638720,2018-02-02 18:57:34+00:00,959501060900638720,"'Roses are red, Doritos are savory, The U.S. prison system is legalized slavery' https://t.co/09DTCvi4iN",2,0,4,jconard3,Jordan Conard,149,362,2,2,2018
https://twitter.com/hollycassell/status/959500312078888960,2018-02-02 18:54:35+00:00,959500312078888960,"Psst! The BBQ Rib flavour Doritos are not only vegan, but free of monosodium glutamate (MSG). I've literally never seen them anywhere before today but Asda currently have them if you fancy some crisps 🌿",1,0,16,hollycassell,🌹 Witch Cake 🌹,11617,406,2,2,2018
https://twitter.com/clausstudios/status/959499138487304193,2018-02-02 18:49:55+00:00,959499138487304193,"With the big game coming up on Sunday, figured it's a good time to revisit our Doritos Commercial Contest Entry. Apparently we were in the final top 5?  Shoulda won the damned thing, but I'm biased. @fowltown https://t.co/Edel8rE8vI",1,0,0,clausstudios,Justin Claus Harder,4752,1341,2,2,2018
https://twitter.com/Lemonka/status/959498910501924865,2018-02-02 18:49:01+00:00,959498910501924865,"I don't even eat Doritos,Imagine real ass. https://t.co/m1m40TPcQf",5,0,4,Lemonka,dj Lemonka,35898,2303,2,2,2018
https://twitter.com/owenbly/status/959495781790244864,2018-02-02 18:36:35+00:00,959495781790244864,he got 2000 wins? damn when’s your next date with him and where? in his basement eating doritos and chugging mountain dew? https://t.co/508Ld1pstj,1,0,4,owenbly,Owen,316,203,2,2,2018
https://twitter.com/noelmatta/status/959493540559708160,2018-02-02 18:27:41+00:00,959493540559708160,Mac and cheese Doritos and cookie dough scoops with the @hackeryou homies @natasha_teng @Joey_Deol @nishirathod85 https://t.co/GfHIxtgzR6,1,1,9,noelmatta,Fenny Cristo,551,481,2,2,2018
https://twitter.com/IntegrityIGP/status/959492890501304322,2018-02-02 18:25:06+00:00,959492890501304322,"@ResisterGMA @PalmerReport It is true. It looks like a middle school book report written by someone who never read the book, mistakenly watched a movie on another topic with a similar name, and finished it over Doritos after smoking a bowl. Amateur hour 100%",1,1,6,IntegrityIGP,Integrity InGov,2706,1232,2,2,2018
https://twitter.com/djchocchipcook/status/959492483116929024,2018-02-02 18:23:29+00:00,959492483116929024,Y'all ever realize that Doritos are literally just tortillas with cheesy cocaine on top,1,0,18,djchocchipcook,Mike,2331,664,2,2,2018
https://twitter.com/vedrashko/status/959491816792973317,2018-02-02 18:20:50+00:00,959491816792973317,"Re: the signaling value of being on the Super Bowl -- a few months later, nobody remembers the brands that advertised, unless it's Bud or Doritos or a couple of other brands. The signaling value accrues over time. (Source: an in-house study I did)",2,2,7,vedrashko,Ilya Vedrashko,2084,884,2,2,2018
https://twitter.com/AngryManTV/status/959487895961853958,2018-02-02 18:05:15+00:00,959487895961853958,"That was back when there was only one flavor of Cheerios, one color bag of Doritos and Coke was in a glass bottle. https://t.co/HV01jHU4Gt",1,0,3,AngryManTV,ManSitChoAzzDown,19757,1934,2,2,2018
https://twitter.com/kalehummus/status/959485124273467394,2018-02-02 17:54:14+00:00,959485124273467394,"""Dear Doritos, what about just selling bags full of your dust? I could put it on chicken or fish..."" https://t.co/pmEGWAYmGH",1,1,2,kalehummus,america's tweetheart,1471,569,2,2,2018
https://twitter.com/morningglory126/status/959479775403311104,2018-02-02 17:32:59+00:00,959479775403311104,So anyone that plans to come to my house for the Superbowl needs to understand that I have 2 major rules: 1. Don't touch my Momma. 2. Don't touch my Doritos.,1,0,2,morningglory126,Jayla 🙂,252,1021,2,2,2018
https://twitter.com/GroverCleveland/status/959476895812345860,2018-02-02 17:21:32+00:00,959476895812345860,"*on the couch watching tv drinking Mountain Dew Code Red® eating DORITOS® JACKED™ Ranch Dipped Hot Wings Flavored chips*  ""Wow, I can't believe Japanese people eat that poisonous fish delicacy... how could they put that stuff in their bodies""",1,0,5,GroverCleveland,Grover Cleveland,2256,813,2,2,2018
https://twitter.com/mallofamerica/status/959476023149649920,2018-02-02 17:18:04+00:00,959476023149649920,"We’re feeling lucky this Friday! Order @Doritos Cool Ranch-Dusted Wings at @BWWings (Lvl 3, S) + catch @nickmangold from NOW until noon for photos + autographs. 🤩 #BoldNorthMOA https://t.co/Xsin0V8HgE",1,1,9,mallofamerica,Mall of America,66348,2147,2,2,2018
https://twitter.com/onlyastoner/status/959473967659716610,2018-02-02 17:09:54+00:00,959473967659716610,if i had a sandwich named after me it would just be a bunch of nacho doritos between two breads,2,3,15,onlyastoner,onlyastoner,69762,420,2,2,2018
https://twitter.com/heyygirllhai/status/959472027886333952,2018-02-02 17:02:12+00:00,959472027886333952,Eatin Cheetos &amp; Doritos at the same damn time,2,0,7,heyygirllhai,••HD••,1089,1637,2,2,2018
https://twitter.com/5a5kiajade/status/959471612176355328,2018-02-02 17:00:33+00:00,959471612176355328,Kinda wanna go out and get drunk but also kinda wanna stay in with Doritos and dip 🤔🤔🤔,1,0,8,5a5kiajade,🌸S A S K I A🌸,457,574,2,2,2018
https://twitter.com/LoadingBar/status/959467713935609859,2018-02-02 16:45:03+00:00,959467713935609859,Saturdays #OWL2018 viewing party for @Spitfire kicks off at 6.30  1️⃣ Free shots *when* they win 2️⃣ Free Doritos at “kick off”  3️⃣ Art Book &amp; Comic giveaway draw 4️⃣ ‘Overscotch’ shooters 2-4-1  5️⃣ More things I forget! https://t.co/pSC2HEbeyh,3,3,17,LoadingBar,Loading Bar(s),12911,3311,2,2,2018
https://twitter.com/TheJPPass/status/959458604746096640,2018-02-02 16:08:51+00:00,959458604746096640,"This year’s best music uses range from re-imagined classic songs, to sing-along style lip-syncing. #SuperBowlLII #commercials #music  @Forbes @ForbesShowbiz shout outs to: @PepsiCo @squarespace @Doritos @MountainDew @budweiserusa @MichelobULTRA @amazon  https://t.co/q074e54kwy",1,0,6,TheJPPass,Jordan Passman,592,235,2,2,2018
https://twitter.com/michalec_max/status/959456513176883200,2018-02-02 16:00:33+00:00,959456513176883200,Make Doritos goldfish @GoldfishSmiles @Doritos,2,1,4,michalec_max,Max%,191,161,2,2,2018
https://twitter.com/babybug28/status/959448424130269185,2018-02-02 15:28:24+00:00,959448424130269185,THESE FROGS LOOK LIKE THE ASSORTED BINS OF FAKE DORITOS AND CHEESE BALLS https://t.co/2289u7r8KH,1,0,3,babybug28,valentines day flowers,418,333,2,2,2018
https://twitter.com/ahampp/status/959445843622416387,2018-02-02 15:18:09+00:00,959445843622416387,"My latest for @Variety - Super Bowl synchs are up as much as 25% in revenue for top publishers as big brands like Amazon, Doritos &amp; Budweiser bet big on well-known hits https://t.co/7RlUhsMjW1",6,1,7,ahampp,Andrew Hampp,6096,3754,2,2,2018
https://twitter.com/grapegrowersont/status/959445214594203648,2018-02-02 15:15:39+00:00,959445214594203648,Cool the heat of @Doritos Blaze with #VQA Icewine! Try this spicy &amp; sweet pairing this weekend while watching the @NFL @SuperBowl  #GoPats #FlyEaglesFly https://t.co/4ed37ZvrfA,1,0,1,grapegrowersont,Grape Growers of Ontario,5153,1495,2,2,2018
https://twitter.com/sandrasphiri/status/959440544668766209,2018-02-02 14:57:06+00:00,959440544668766209,The #ICECOLD battle between Peter Dinklage rapping to Busta Rhymes @doritos and Morgan Freeman rapping to @MissyElliott @MountainDew is lit! Love it  https://t.co/UD51VGSdSp @Lelemba,1,0,1,sandrasphiri,Sandras J Phiri,2339,432,2,2,2018
https://twitter.com/preeti_varathan/status/959437216530550786,2018-02-02 14:43:52+00:00,959437216530550786,"I'm so thrilled in 2018 we're finally going to solve the ""gender flavor gap"" ! *opens doritos, licks fingers sumptuously* this lovely tidbit from @corinnepurtill https://t.co/jmnSWzs8Vk",1,0,8,preeti_varathan,Preeti Varathan,852,677,2,2,2018
https://twitter.com/Asher_Wolf/status/959429666476994562,2018-02-02 14:13:52+00:00,959429666476994562,Oh. Apparently Doritos aren't for women. Guess I'll have to quit buying them. https://t.co/EZSeU4Fkgz,7,1,28,Asher_Wolf,Asher Wolf,76683,56190,2,2,2018
https://twitter.com/ejschultz3/status/959424156503769088,2018-02-02 13:51:58+00:00,959424156503769088,"Mtn Dew/Doritos, Amazon Alexa and Kia appear to be among the favorites so far … https://t.co/yh2A5ZJAVD",1,0,2,ejschultz3,E.J. Schultz,4686,1604,2,2,2018
https://twitter.com/BrokeBoiReef/status/959422433043378178,2018-02-02 13:45:07+00:00,959422433043378178,Super Bowl adds have been trash for some years now.. Doritos wins almost every year imo,1,0,0,BrokeBoiReef,Larry Fisherman,476,290,2,2,2018
https://twitter.com/mechelleh/status/959413724464517121,2018-02-02 13:10:31+00:00,959413724464517121,"One time I went to Punxsutawney and the most exciting things, in no particular order were: Seeing an Amish family buy Doritos at Wal-Mart, four-wheeling, seeing Phil at the library.",1,2,3,mechelleh,mechelle 🕵🏽‍♀️ hankerson,2423,1340,2,2,2018
https://twitter.com/beardandbounce/status/959407228976599040,2018-02-02 12:44:42+00:00,959407228976599040,"Hoomans are debating what I smell like...one thinks I have a bit of a rabbit hutch smell on me ears, and the other things I smell like a sweaty sock filled with Doritos. How berry rude!",1,5,24,beardandbounce,Benton & Bellatrix AKA the ‘Beard’ & the ‘Bounce’,1747,2264,2,2,2018
https://twitter.com/cki2017/status/959403024820170752,2018-02-02 12:28:00+00:00,959403024820170752,Have u tried the Doritos Blaze and do you like them?,3,0,0,cki2017,Casually Kickin' It podcast,270,415,2,2,2018
https://twitter.com/MelvinS7ven/status/959376550230667264,2018-02-02 10:42:48+00:00,959376550230667264,"The Doritos advert with Peter Dinklage &amp; Morgan Freeman wins best advert of 2018, hands down. Can't be topped.",1,0,4,MelvinS7ven,Aidan Stephenson,2064,1350,2,2,2018
https://twitter.com/zayuhhxo/status/959324090598178817,2018-02-02 07:14:21+00:00,959324090598178817,the Doritos ina purple bag be on POINT bro on everything🙌🏾🔥,1,0,5,zayuhhxo,ً,1085,1008,2,2,2018
https://twitter.com/IndasCorner/status/959320161143611393,2018-02-02 06:58:44+00:00,959320161143611393,Really did just hit my slow ass that the reason Peter Dinklage in that Doritos commercial coz of GOT... Song of Ice and Fire... I get it...,1,0,0,IndasCorner,Inda - Celebrating my womb voyage,1929,402,2,2,2018
https://twitter.com/MontezNotMontel/status/959302990938046464,2018-02-02 05:50:30+00:00,959302990938046464,no need for any other ads on Sunday. @Doritos &amp; @MountainDew got it in the bag. #PunIntended #SuperBowl  https://t.co/yybkgGb3Vt,1,0,2,MontezNotMontel,Montez 🎙🎧,1534,1898,2,2,2018
https://twitter.com/couersharry/status/959292503789772800,2018-02-02 05:08:50+00:00,959292503789772800,my god @NewHopeReece the chilli heatwave Doritos incident of 2018 is a full blown epidemic it’s not just nacho cheese anymore it’s cheese supreme too absolutely disgusting it’s a disgrace to human kind https://t.co/9JF0AWCMQy,5,0,38,couersharry,peschk ⧗,13409,2867,2,2,2018
https://twitter.com/UntitledLife/status/959289035385483264,2018-02-02 04:55:03+00:00,959289035385483264,Don't like Mountain Dew or Doritos but I got to admit this is a funny ad @jKhaaangaming https://t.co/T39NXR8XDA,1,1,2,UntitledLife,Biki,789,604,2,2,2018
https://twitter.com/Kara_The_Pug_/status/959287618549596160,2018-02-02 04:49:25+00:00,959287618549596160,@SirSpencerPug I’m Doritos all da way! Any of dem works for me. I’m not very finicky I love all snackies😋,1,2,5,Kara_The_Pug_,Kára & her little sister Katie🌷,6522,3798,2,2,2018
https://twitter.com/cierahollleerr/status/959285902538301441,2018-02-02 04:42:36+00:00,959285902538301441,Adam tried to convince me to try a Doritos Locos Taco by comparing it to “a good dickin’” so.. there’s that,1,0,2,cierahollleerr,Hi-Ci 🍊,923,627,2,2,2018
https://twitter.com/prncesshoneybee/status/959284872308142081,2018-02-02 04:38:30+00:00,959284872308142081,@semajxcx and that my friend is why you're my soulmate. I tought sex and sweet chili heat doritos. maybe the meat sweats?,1,1,1,prncesshoneybee,melissa🤌🏼,62,53,2,2,2018
https://twitter.com/the_tacofreak/status/959282834509783041,2018-02-02 04:30:25+00:00,959282834509783041,"Listen, I love @tacobell I was there for the Doritos taco I was there for the beefy 5 I was there for the quesarito I was there for the waffle taco I was there for the naked chicken taco I was there for the naked chicken chips But gOD DAMNIT Nacho Fries are where I draw the line",2,0,14,the_tacofreak,Formerly known as The Weeknd,482,767,2,2,2018
https://twitter.com/Mark_99nc/status/959279116028530689,2018-02-02 04:15:38+00:00,959279116028530689,@SirSpencerPug Doritos for sure.  Red ones and the blue ones. https://t.co/0EManYygfZ,1,1,5,Mark_99nc,Mark,1067,823,2,2,2018
https://twitter.com/Doritos/status/959279031462932481,2018-02-02 04:15:18+00:00,959279031462932481,@SHAQ GREATEST COMPLIMENT EVER. https://t.co/7KEefEDL9a,2,0,11,Doritos,Doritos,834473,242,2,2,2018
https://twitter.com/Mariepatrice_/status/959277389615218688,2018-02-02 04:08:46+00:00,959277389615218688,@woahoe07 @vtovat_ @brairiddley Ok but Doritos with cottage cheese is the shit,1,1,3,Mariepatrice_,Patrice,152,171,2,2,2018
https://twitter.com/rocknrollfloozy/status/959274996920020992,2018-02-02 03:59:16+00:00,959274996920020992,@mommygalore @Fancysez @tim4hire @uppyday @amlbonney @bertrand_boily @janewordsmith @EMB428 @jiminthecage @UncleRee1 @bessycee @Commodity52now @TimsDadDontAsk @DrJayDrNo @Frazzling @mikelinn25 @VicForAlberta Just make sure to make an arrow of sticks so you know which way to go when you wake up. It was hours before we realized we were headed in the wrong direction b/c we made ours out of doritos and someone ate a few during nap time. 😡,1,1,3,rocknrollfloozy,🇨🇦🇳🇿MzV🌻,990,1114,2,2,2018
https://twitter.com/Roseneath106/status/959268351057985536,2018-02-02 03:32:51+00:00,959268351057985536,Why not?? I used Doritos Roulette this week to teach probability. Next up... Shreddies and Pythagorean Theorem! #MathandFood #KPRisAwesome https://t.co/FawYttqjOb,2,0,7,Roseneath106,Gobinde Soligo,216,437,2,2,2018
https://twitter.com/angusdeluxe/status/959264182431567879,2018-02-02 03:16:18+00:00,959264182431567879,rt if you... hate school want to meet your idol have a crush on someone sacrificed the soul of your only child to the devil in favor of a bag of satanic spicy doritos hate acne no one will know what you chose :),4,0,20,angusdeluxe,eric,621,480,2,2,2018
https://twitter.com/imanibeau/status/959256891573637120,2018-02-02 02:47:19+00:00,959256891573637120,"bring vegetable noodle soup, a family sized nacho cheese Doritos &amp; a box of chocolates on your way please. Thanks.  - PMS",1,0,0,imanibeau,BEAU JUDDEN,532,390,2,2,2018
https://twitter.com/sexualtopiary/status/959255904268046336,2018-02-02 02:43:24+00:00,959255904268046336,So my fake nails don’t work on my screen but my bag of Doritos do?!? 😤,1,0,10,sexualtopiary,rae,988,236,2,2,2018
https://twitter.com/takilah805/status/959252243366273026,2018-02-02 02:28:51+00:00,959252243366273026,WOW I LOVE DORITOS https://t.co/eM6ONh8bQV,1,0,6,takilah805,Akilah 🖤🤍💜,1283,532,2,2,2018
https://twitter.com/jLea777/status/959250856196665350,2018-02-02 02:23:20+00:00,959250856196665350,“So he eat it like Doritos baby? He don’t eat it like Doritos baby.” I stg I’m ctfuuu 😭😭😭 https://t.co/aJMIhVOc8N,17,1,22,jLea777,God.🦋,846,792,2,2,2018
https://twitter.com/graypatches/status/959248693101809665,2018-02-02 02:14:45+00:00,959248693101809665,i say my dog is perfect but she does have 2 flaws 1) her paws smell like doritos  2) she always tries to harm misery,2,0,2,graypatches,( ͒꒪̛ཅ꒪̛ ͒)🌱,87,155,2,2,2018
https://twitter.com/spunky_dad/status/959243321091805186,2018-02-02 01:53:24+00:00,959243321091805186,me when im eating my bag of doritos me when i finish my bag of doritos https://t.co/mdv0bzK0VE,5,2,19,spunky_dad,tyler,1133,684,2,2,2018
https://twitter.com/Doritos/status/959241087570210816,2018-02-02 01:44:31+00:00,959241087570210816,@MountainDew @MysterEWoodz Think you know the right choice: 🔥🔥 #SPITFIRE,1,0,10,Doritos,Doritos,834473,242,2,2,2018
https://twitter.com/Doritos/status/959240656718675968,2018-02-02 01:42:49+00:00,959240656718675968,@MountainDew @AlanAnselmo Or was it... 🔥 🔥 🔥 #SPITFIRE,1,0,7,Doritos,Doritos,834473,242,2,2,2018
https://twitter.com/alisynlovetyler/status/959236406127267841,2018-02-02 01:25:55+00:00,959236406127267841,this bitch look like her pussy smell like Doritos and cigarettes,1,0,21,alisynlovetyler,AlisyN,2876,586,2,2,2018
https://twitter.com/Doritos/status/959234294819405825,2018-02-02 01:17:32+00:00,959234294819405825,@christeekov Just playing hard to get… 😉,1,0,1,Doritos,Doritos,834473,242,2,2,2018
https://twitter.com/nickydiy/status/959224787531857921,2018-02-02 00:39:45+00:00,959224787531857921,net neutrality is over I tried to google doritos blaze and the internet froze,1,0,4,nickydiy,nicky,306,1147,2,2,2018
https://twitter.com/stealthygeek/status/959224651074473985,2018-02-02 00:39:13+00:00,959224651074473985,"Me: ...and an order of those nacho fries. Taco Bell cashier: Sorry, can't. Me: Oh, are you out? TBC: No, we have plenty. Me: Then why can't I have any? TBC: Because they're nacho fries. [Cashier snaps fingers and disappears in a cloud of Doritos cooler ranch seasoning] Me: Huh...",5,4,52,stealthygeek,Patrick S. Tomlinson,47934,406,2,2,2018
https://twitter.com/zoeinwonderland/status/959224192385331206,2018-02-02 00:37:23+00:00,959224192385331206,I NEED DORITOS BUT I AM CRIPPLED BY SOCIAL ANXIETY AND CANNOT WALK TO THE VENDING MACHINE,3,5,64,zoeinwonderland,Zoë Pugh,17556,380,2,2,2018
https://twitter.com/Dave_White/status/959221768434126848,2018-02-02 00:27:45+00:00,959221768434126848,"Every time Erin asks me to add something to the food shopping list when it’s her turn to shop, I always try to sneak Doritos on there.  She has yet to fall for it.   One day.",1,4,11,Dave_White,Dave White,3690,3443,2,2,2018
