url,Datetime,Tweet Id,Text,Retweet Count,Reply Count,Like Count,Username,Display Name,Followers Count,Friends Count,Day,Month,Year
https://twitter.com/reggie_lew/status/959934964916768769,2018-02-03 23:41:45+00:00,959934964916768769,"T-Mobile &amp; Overwatch! IOT, Gaming and Unlimited speeds at its best! That magenta is everywhere! What's next?! #Tmobile #TeamAssurant #OWL2018 @JohnLegere @JonFreier @SievertMike @ https://t.co/uhwAuZnrr4",1,0,10,reggie_lew,Reginald Lewis,110,150,3,2,2018
https://twitter.com/ChrisTascione/status/959934662180311041,2018-02-03 23:40:32+00:00,959934662180311041,Love free inflight WiFi from T-Mobile #tmobilewingman,8,2,79,ChrisTascione,Chris Tascione,32,63,3,2,2018
https://twitter.com/_JRunk/status/959930918386352128,2018-02-03 23:25:40+00:00,959930918386352128,Pittsburg having some T-Mobile fun and enjoying some beautiful CA weather! #BOGO @TMobile @WcboundGh @AdrianVanHooser @ThegregKendrick @mikereis11 https://t.co/WeubWV0Hah,2,0,26,_JRunk,James Runkle,330,214,3,2,2018
https://twitter.com/iReonnn/status/959928469202366469,2018-02-03 23:15:56+00:00,959928469202366469,Same. I’m missing T-Mobile Tuesday’s 😭 https://t.co/eJfiEsuqHE,1,0,1,iReonnn,444.,4662,3338,3,2,2018
https://twitter.com/ScrewElonMusk/status/959927743390539776,2018-02-03 23:13:03+00:00,959927743390539776,It figures that @TMobile’s solution to the terrible wait times while being on-hold with their awful customer service is to give me the option of what kind of music to listen to ... and then to NOT play the kind of music I chose. I hate T-Mobile customer service so much ...,1,1,1,ScrewElonMusk,Screw Elon Musk,53,0,3,2,2018
https://twitter.com/TMobileHelp/status/959926919436185600,2018-02-03 23:09:46+00:00,959926919436185600,"@RevShepdaughter Well we only take cash or credit, but we're happy to find the best option for you. Send us a DM and we'll go over everything *ErikS",1,0,0,TMobileHelp,T-Mobile Help,416623,44093,3,2,2018
https://twitter.com/francefry_/status/959911388465565697,2018-02-03 22:08:03+00:00,959911388465565697,DOES ANYONE ELSE REMEMBER WHEN T-MOBILE USED TO HAVE 5 FAVES CONTACTS IN A CIRCLE ON YOUR HOME SCREEN,1,0,7,francefry_,🪴,1823,1060,3,2,2018
https://twitter.com/inlayterms/status/959907925958582272,2018-02-03 21:54:18+00:00,959907925958582272,"@ConEdison hey @ConEdison site is down using @twxcorp, maybe @Ask_Spectrum can explain why all URLs with https://t.co/xFDRtHnWW8 fail to load, but my smartphone on @TMobileHelp works perfectly.",3,2,1,inlayterms,Ross Murray,4281,1305,3,2,2018
https://twitter.com/country_online/status/959900295164669952,2018-02-03 21:23:59+00:00,959900295164669952,"George Strait LIVE, Tonight T-Mobile Arena - Las Vegas https://t.co/2Qd7TvACc8 #StraitToVegas #CountryRadioOnline  #TheWorldFamousMorningShow https://t.co/2P1W5xkf9y",1,0,2,country_online,CountryRadioOnline,3970,40,3,2,2018
https://twitter.com/LyleSmith1120/status/959895400936300544,2018-02-03 21:04:32+00:00,959895400936300544,Do you have roadside assistance??? Visit a T-Mobile in SWFL or DM me for more info #roadsideassistance #syncup #wifiincar #floridaexpress #200% #ftmyers #Naples #Sarasota #englewood https://t.co/L4RNg2YwjU,2,0,3,LyleSmith1120,Lyle Smith 🦍,287,405,3,2,2018
https://twitter.com/SimpleRick_SSB/status/959894878850199552,2018-02-03 21:02:27+00:00,959894878850199552,I’m going to switch to T-Mobile. Get your shit together @sprint https://t.co/yy2Buxpg4a,3,3,27,SimpleRick_SSB,SimpleRick,234,1296,3,2,2018
https://twitter.com/AdrinaLeigh3/status/959890093963083777,2018-02-03 20:43:26+00:00,959890093963083777,T-Mobile’s south central regions T-Voice! ❤️ so grateful to have met these peeps &amp; created an everlasting friendship. #SouthCentral #TVoice #tmobile #magentavibes #UnCarrier #Tennesse @JohnLegere @CallieField https://t.co/wIaKVEKkng,3,0,24,AdrinaLeigh3,Adrina♡,246,542,3,2,2018
https://twitter.com/FroniusUSASolar/status/959886710170640384,2018-02-03 20:30:00+00:00,959886710170640384,"In light of recent tariff, it is promising to see companies committing to renewables &amp; not backing down. 🌍Magenta Goes Green: T-Mobile Commits to 100% Renewable Energy https://t.co/7ywC4NVyTt #24hoursofsun",1,0,4,FroniusUSASolar,Fronius USA Solar,2807,1008,3,2,2018
https://twitter.com/EW_Brenda/status/959884006186672128,2018-02-03 20:19:15+00:00,959884006186672128,"Miss Eva in action, finding solutions for our Wonderful T-Mobile Customers #LB @eva_troncoso7 @S120200 @ZeekCarlos @RealEWInc @nazarma @isaac2691 https://t.co/BE4ZZDxTLD",1,0,1,EW_Brenda,Brenda Vasquez,24,16,3,2,2018
https://twitter.com/BITech/status/959865437327675392,2018-02-03 19:05:28+00:00,959865437327675392,"How AT&amp;T, Verizon, T-Mobile, and Sprint are overcoming slow user growth amid a price war https://t.co/lrzbb1UoLe https://t.co/ok2b1v7bZ0",1,1,4,BITech,Business Insider Tech,1258602,116,3,2,2018
https://twitter.com/BusinessInsider/status/959865430646185985,2018-02-03 19:05:26+00:00,959865430646185985,"How AT&amp;T, Verizon, T-Mobile, and Sprint are overcoming slow user growth amid a price war https://t.co/IKtpQcyhDF https://t.co/EhKogIut7b",5,4,8,BusinessInsider,Business Insider,3764949,413,3,2,2018
https://twitter.com/gnugent28/status/959858172298125313,2018-02-03 18:36:36+00:00,959858172298125313,Happy 15 year anniversary to @JGlinesTMob!  We are lucky to have you on the team and appreciate all of the contributions you’ve made to T-Mobile!  Looking forward to many more years of success!  @DianaTreantos @richgarwood,2,1,52,gnugent28,Gareth Nugent,1367,568,3,2,2018
https://twitter.com/khiladii420/status/959842903559495681,2018-02-03 17:35:55+00:00,959842903559495681,Celeste making customer happy with Apple Watch. Come get it yours at T-Mobile downtown Silver Spring and be happy too. @jeafig @tglover187 @TMobile @JohnLegere https://t.co/jbtYSwb0Ik,5,0,20,khiladii420,Alex Desai,134,498,3,2,2018
https://twitter.com/MissKathy815/status/959841581330202627,2018-02-03 17:30:40+00:00,959841581330202627,Come Pick up Your New Nest Security System here at T-Mobile in Sawgrass Mall! 🤗👮‍♂️🕵️‍♂️👮‍♀️ #ProtectTheNest @RJGomezIII @bnash001 @KenBittner @JohnLegere #TMobile #SFTL https://t.co/o5y4aOAymt,5,1,56,MissKathy815,Kathy Macias (Torres),765,1084,3,2,2018
https://twitter.com/eljefe_30/status/959838008123027457,2018-02-03 17:16:28+00:00,959838008123027457,T-Mobile joining a great cause with @YonkersPAL who are empowering young girls of the future! #girlpower #BeMagenta https://t.co/9ETafDraUB,5,0,15,eljefe_30,Antonio Chevalier,1050,761,3,2,2018
https://twitter.com/TMoTruckPutnam/status/959836726058520576,2018-02-03 17:11:23+00:00,959836726058520576,Current situation: Living la vida T-Mobile #BeMagenta #Girlpower #TMobile #teamworkmakesthedreamwork  #BeYou https://t.co/DdWFqLZC5c,2,0,8,TMoTruckPutnam,T-Mobile Truck Putnam County,1039,1035,3,2,2018
https://twitter.com/FraudDr/status/959795367360585728,2018-02-03 14:27:02+00:00,959795367360585728,T-Mobile addresses port-out #scam by texting customers | Pocketnow https://t.co/ekEE5uMpgH #PortOut https://t.co/ntzACBc1wp,1,0,1,FraudDr,"Alexis C. Bell, The Fraud Doctor",806,1053,3,2,2018
https://twitter.com/TMobile/status/959776575481790464,2018-02-03 13:12:22+00:00,959776575481790464,"@Lizeth_D_Galvan Lizeth, I'm rolling with T-Mobile. I've got unlimited talk, text, data, and so many additional features you'd be sure to love as well! Get into the details of our plans here https://t.co/8AO0ZM1Qvh *GiselleM",1,3,7,TMobile,T-Mobile,1486090,12622,3,2,2018
https://twitter.com/stadium_help/status/959773898932932608,2018-02-03 13:01:43+00:00,959773898932932608,"T-Mobile Arena Guide: Amenities, Attractions, Parking Our T-mobile Arena Guide provides all of the information you need to know when visiting this beautiful new arena in Las Vegas, Nevada. Find the best amenities, attractions, parking and more. https://t.co/psSP2sPdng https://t.co/65JDIzY2nb",1,0,1,stadium_help,Stadium Help,1767,154,3,2,2018
https://twitter.com/zahidtg/status/959711912152981504,2018-02-03 08:55:25+00:00,959711912152981504,😒 Sprint 5G in 2.5GHz vs T-Mobile 5G in 600MHz - depends what your interpretation of 5G is. See here: https://t.co/MODPAbfCtD https://t.co/46T0bIDV5l,4,2,3,zahidtg,Zahid Ghadialy,4663,311,3,2,2018
https://twitter.com/edxph/status/959707452039204864,2018-02-03 08:37:41+00:00,959707452039204864,T-Mobile’s 5 day pass used to have us chilling in every part of the house https://t.co/nbyGCa7vPc,29,2,26,edxph,NotSeriousEd,1577,709,3,2,2018
https://twitter.com/HHornFi/status/959682499713683456,2018-02-03 06:58:32+00:00,959682499713683456,T-Mobile commits to use only renewable energy in 2021. Signs 2nd wind power contract for 160MW.  https://t.co/wp2poNdluM,1,0,2,HHornFi,Henri Horn,525,336,3,2,2018
https://twitter.com/TMobileHelp/status/959680020565303296,2018-02-03 06:48:41+00:00,959680020565303296,@batman_2432 Sweet! I'm here waiting for ya. *VinnyFrancisco,1,1,1,TMobileHelp,T-Mobile Help,416623,44093,3,2,2018
https://twitter.com/TMobileHelp/status/959679098334294016,2018-02-03 06:45:01+00:00,959679098334294016,@batman_2432 Let's check it out! Shoot me a DM and let's crunch numbers! https://t.co/iUlnGXy3Ha *VinnyFrancisco,1,1,1,TMobileHelp,T-Mobile Help,416623,44093,3,2,2018
https://twitter.com/Aqeelshahid24/status/959659467875987456,2018-02-03 05:27:01+00:00,959659467875987456,Bridgeport CT with another syncup out! Led TPR T-Mobile last month with the most syncups and they are back at it again this month! @ExpStores #ExpressPride #SyncUpBowl #IoT @monuwimpy https://t.co/89pK9oaDbJ,2,1,8,Aqeelshahid24,Aqeel Shahid,193,299,3,2,2018
https://twitter.com/hudi_andycap/status/959655120563724288,2018-02-03 05:09:44+00:00,959655120563724288,Huge thanks to T-Mobile truck team based out of Salt Lake City you made our opening in Elko NV a huge success! @MGonzal186 @nazarma @theEdRomero https://t.co/4WjAEInzFO,5,0,13,hudi_andycap,Andy Hudak,504,465,3,2,2018
https://twitter.com/remove1cloud/status/959641980434345984,2018-02-03 04:17:32+00:00,959641980434345984,👉https://t.co/xFFrmEKmEw👈 #appleidlock #icloud not #bypass #fmioff #clean #icloudunlock #unlock #iphoneunlock #Europe Germany 🇩🇪 T-mobile #nocases #разблокировка #like #rt #ios11 Clean #iPhone #iPad #nocases #activationlock https://t.co/iOSCARiwhq,3,0,0,remove1cloud,Remove iCloud,482,32,3,2,2018
https://twitter.com/Lizziemeyer1118/status/959641415784456192,2018-02-03 04:15:17+00:00,959641415784456192,With @JetJurgensmeyer at the T-Mobile Arena!!! #georgestrait Check out Jet’s new single #everythingwillbealright @peytonmeyer9 @dmeyer_ @ColeMeyer https://t.co/bGCJKbohk0,2,1,24,Lizziemeyer1118,Lizzie Meyer,2835,221,3,2,2018
https://twitter.com/ybBryan_/status/959637292678750208,2018-02-03 03:58:54+00:00,959637292678750208,@TMobile @JohnLegere yo y'all should drop some $5 movie tickets on T-Mobile Tuesday 🙏,1,1,4,ybBryan_,ybBryan,52,170,3,2,2018
https://twitter.com/jdizzle1183/status/959626444564455424,2018-02-03 03:15:48+00:00,959626444564455424,Welcoming our new customers to the T-mobile family!! #FRESHNOFRIDAY @tmobbbrianaoki @isaac2691 @nazarma @YoungBoom1176 https://t.co/IPAHG8A6ZI,2,0,4,jdizzle1183,Johnniece Denton,103,25,3,2,2018
https://twitter.com/PizzaSparkles/status/959623285095981061,2018-02-03 03:03:14+00:00,959623285095981061,"I just remembered when i got my iPhone upgrade,when the T-mobile lady finished my iCloud transfer,she showed me the phone and there was a  graphic sex tape thumbnail ON THE PHOTO ALBUM SCREEN!!!! I FUCKING DIED!!!!! 😭 Im still traumatized",1,1,9,PizzaSparkles,✩ magic star ✩,601,310,3,2,2018
https://twitter.com/KamalD25/status/959622540665565184,2018-02-03 03:00:17+00:00,959622540665565184,T-Mobile is so trash,1,1,6,KamalD25,Kamal,550,440,3,2,2018
https://twitter.com/JonyIveParody/status/959622297735892995,2018-02-03 02:59:19+00:00,959622297735892995,Solution: Switch from T-Mobile. 👍 https://t.co/RfisgmAkHx,6,2,65,JonyIveParody,ᴺᴼᵀ Jony Ive,118219,0,3,2,2018
https://twitter.com/Radioo_/status/959620731565780992,2018-02-03 02:53:05+00:00,959620731565780992,"This old man came into T-Mobile today and said he’s been married 50 years to his high school sweet heart, I asked him what’s the trick? And he said  “Communication is key” and “never put yourself first. If you’re her #1 and she’s my #1 well we’re even and someone is always first”",2,1,20,Radioo_,CRUZxMORALES,859,218,3,2,2018
https://twitter.com/TMobileHelp/status/959605735813361664,2018-02-03 01:53:30+00:00,959605735813361664,"@elcuhburr Tell 'em, Ricardo! Sorry to hear about your phone. Send us a DM here so we can discuss your options with you. *BlakeT",1,0,1,TMobileHelp,T-Mobile Help,416623,44093,3,2,2018
https://twitter.com/MrLeonardKim/status/959602902783295488,2018-02-03 01:42:15+00:00,959602902783295488,Mom: call grandma  Me: why Mom: I don’t know. T-Mobile bill.  Grandma: hi.  Me: happy birthday! Grandma: say it louder I can’t hear you Me: happy birthday!!! Grandma: thank you!  Silence for 5 seconds  *click*,6,4,82,MrLeonardKim,Leonard Kim ✝️📝📚,524107,403844,3,2,2018
https://twitter.com/ginaj_13/status/959600232588873728,2018-02-03 01:31:38+00:00,959600232588873728,"When T-Mobile and Metro leaders from Engineering, Retail and Business Sales get together, you know some Agility Skills are going to happen!!  #ICmakeshifthappen #LeadershipDevelopment @tmobilecareers https://t.co/cfbxZ1uHvn",3,2,39,ginaj_13,Gina Johnson,888,1132,3,2,2018
https://twitter.com/KalAcademy/status/959599848952664067,2018-02-03 01:30:07+00:00,959599848952664067,"Kal Academy tailors curriculum to skills that companies are looking to hire. We have partnership with top tech firms &amp; have placed over 150 women at top tech companies like Microsoft, Amazon, LinkedIn, T-Mobile, and many other.Check this link for more info-https://t.co/oKTZvxL3AT",2,0,2,KalAcademy,Kal Academy,676,185,3,2,2018
https://twitter.com/VictorRomiti/status/959599726847868928,2018-02-03 01:29:38+00:00,959599726847868928,I really find the weirdest shit on the tablets when working at T-Mobile... https://t.co/BYkun9rE5Y,4,0,10,VictorRomiti,Victor Romiti,615,278,3,2,2018
https://twitter.com/marcohenry/status/959594295794704384,2018-02-03 01:08:03+00:00,959594295794704384,When I traded T-Mobile for Verizon cellphone service. https://t.co/B1yi4gwhth,1,0,21,marcohenry,Marco Henry Negrete,4358,1979,3,2,2018
https://twitter.com/GreenwaltJoshM1/status/959591675508146180,2018-02-03 00:57:38+00:00,959591675508146180,"We have the BOGO’S to your frown upside down! Come see us at Halsey T-Mobile 9924 NE Halsey Suite A Portland,OR 97220 https://t.co/F1tprv4tar",1,1,3,GreenwaltJoshM1,Joshua Greenwalt,52,37,3,2,2018
https://twitter.com/AndyLeeTweets/status/959571869308354560,2018-02-02 23:38:56+00:00,959571869308354560,Didn't think I lived in a rough neighborhood but they're opening a T-Mobile store around the corner.,2,1,9,AndyLeeTweets,Andy Lee,643,1367,2,2,2018
https://twitter.com/slefebvremerlin/status/959571603406381057,2018-02-02 23:37:52+00:00,959571603406381057,"T-Mobile pushes AT&amp;T and Verizon to take 100-percent renewable ... T-Mobile has already contracted for 320 megawatts of wind power, enough to meet 60 percent of its US corporate energy demand. #renewableenergy #climatechange #renewables https://t.co/iKZ8qU2iim https://t.co/Nbtu7Y4KtB",1,0,0,slefebvremerlin,Sylvain L,204,510,2,2,2018
https://twitter.com/TMoTruckWestNY/status/959568562619846657,2018-02-02 23:25:47+00:00,959568562619846657,Having a blast at Riverworks in #Buffalo with @TCSRoller and @RiverWorksBFLO.  Play some games and take advantage of #Tmobile #HotDeals like BOGO #iPhones and #samsunggalaxys8. Plus #ZeroDownForAll android phones! Win Free T-Mobile Merch #retweet @hgarciari88 @JayTag09 @AliSomji https://t.co/nC0u7XAXWW,2,0,7,TMoTruckWestNY,T-Mobile Truck Western Upstate NY,427,581,2,2,2018
https://twitter.com/BlueSteelDC/status/959560399942242304,2018-02-02 22:53:21+00:00,959560399942242304,@rosariodawson @TMobile I appreciate T-Mobile but I never want to hear from Rosario - I am voting for Gary Johnson in a Critical election -Dawson. I always retweet this type of news but not from her.,1,2,18,BlueSteelDC,New Radio Show in the USVI market,16038,2936,2,2,2018
https://twitter.com/carly_tysh/status/959553567282655232,2018-02-02 22:26:12+00:00,959553567282655232,T-Mobile Debuts Store on the Las Vegas Strip | design:retail https://t.co/cNGk86q3RF via @designretailmag @fitchdesign,2,0,4,carly_tysh,Carly Tysh,102,157,2,2,2018
https://twitter.com/icylike1017/status/959548734970519552,2018-02-02 22:07:00+00:00,959548734970519552,when the T-Mobile tweaked and gave me free minutes on my sidekick for like 8 months ... #TweetLikeThe2000s https://t.co/OC1dhzA6ss,5,0,16,icylike1017,the blueprint✨,8656,905,2,2,2018
https://twitter.com/997DJX/status/959543522931232769,2018-02-02 21:46:17+00:00,959543522931232769,Come see @Chelsea_OnAir at the new @TMobile in La Grange off Hwy 53 next to Kroger to win @LukeBryanOnline tix or this speaker/karaoke machine!! Switch to T-Mobile today!! https://t.co/bYmFZ3418W,1,0,4,997DJX,99.7 DJX 🏳️‍🌈🏳️‍⚧️,13350,62,2,2,2018
https://twitter.com/TangoinSA/status/959541945365282816,2018-02-02 21:40:01+00:00,959541945365282816,@A_MagentaLife @TMobile @JohnLegere Thanks to Jacob at Sequim T-Mobile for all his help today!! That's the reason the understanding-carrier works❤❤ https://t.co/fbdSaJSoEu,1,0,2,TangoinSA,Sandy Banks,102,101,2,2,2018
https://twitter.com/TeeHarris03/status/959538179828322309,2018-02-02 21:25:04+00:00,959538179828322309,"Come see Denise, Noah, and Josue at our brand new Highlands Ranch T-Mobile location at the Village Center! These guys really take care of their customers as they finished JAN with 💯likelihood to be recommended (NPS)! https://t.co/R6XjNToVNP",1,0,23,TeeHarris03,T Harris,730,773,2,2,2018
https://twitter.com/JennPaz11/status/959535441732079616,2018-02-02 21:14:11+00:00,959535441732079616,It was a successful Bring your Child to Work Day at T-Mobile. Thanks to all those in the Sunrise RBO that made this day amazing for the kids! #bemagenta #bringyourchildtoworkday @TrishFowlerFL @RRivera0822 @JoyIMunoz @arelys924 https://t.co/618Gtz0AFh,4,0,38,JennPaz11,jennifer paz,459,90,2,2,2018
https://twitter.com/TmobileWorkers/status/959532197836451842,2018-02-02 21:01:17+00:00,959532197836451842,"Whether our paychecks say T-Mobile, AT&amp;T or Verizon Wireless, we all share the same challenges in terms of pay, benefits, and working conditions. Let's stand up together to make sure wireless industry jobs are good jobs. Join Wireless Workers United! https://t.co/sMfk0WRKkN https://t.co/QF24Dua0wi",1,0,2,TmobileWorkers,T-Mobile Workers,1208,950,2,2,2018
https://twitter.com/Howard_Nickey/status/959531135377313792,2018-02-02 20:57:04+00:00,959531135377313792,Big congratulations to Jorge Cordero on being selected to participate in T-Mobile 2018 TOPS program! @CallieField @m_wan4life Way to represent the East &amp; your Tampa family! https://t.co/n8TlX1Ieuh,1,2,26,Howard_Nickey,A Howard,295,184,2,2,2018
https://twitter.com/btb503/status/959524654124736512,2018-02-02 20:31:19+00:00,959524654124736512,"Lisa, a Salem TEX coach with 16 years of experience at T-Mobile, on why she loves working in Customer Care! #SalemRockstarLeaders https://t.co/djpHCAmzSi",2,0,11,btb503,"T-Mobile Care in Salem, OR",400,288,2,2,2018
https://twitter.com/tomjyang/status/959521025263202305,2018-02-02 20:16:54+00:00,959521025263202305,"Lisa, a Salem TEX coach with 16 years of experience at T-Mobile, on why she loves working in Customer Care! #SalemRockstarLeaders @CallieField @jgebing https://t.co/RxUH6rGEYo",2,0,26,tomjyang,Tom Yang,1324,235,2,2,2018
https://twitter.com/CellstarI/status/959517150301118465,2018-02-02 20:01:30+00:00,959517150301118465,Ditched T-Mobile joined the Boost Fam 💪🏼💪🏼 8112 Idlewild Rd #BoostNationEvent @SamBSPG @ThomasSPG @shawnatspg https://t.co/navg8D1lVq,1,0,2,CellstarI,Cellstar Idlewild,3,3,2,2,2018
https://twitter.com/yoyoyohanna_/status/959512391804510210,2018-02-02 19:42:35+00:00,959512391804510210,My phone so dry I only get messages from T-Mobile,1,0,3,yoyoyohanna_,Yoha🌸🎀💓,356,209,2,2,2018
https://twitter.com/FierceWireless/status/959508074527469568,2018-02-02 19:25:26+00:00,959508074527469568,. @Sprint #5G timeline puts it ahead of T-Mobile in terms of launching nationwide mobile 5G; T-Mobile has promised to start its launch in 2019 and finish it in 2020. https://t.co/SePX620t76,7,0,12,FierceWireless,FierceWireless,41728,1494,2,2,2018
https://twitter.com/TMoTruckWestFL/status/959507149205491713,2018-02-02 19:21:45+00:00,959507149205491713,@Daveprince64 and @AliciaRTmo enjoying a great grand opening at the Lutz Corporate T-Mobile. @jboy1724 @JohnLegere https://t.co/q8dZIw3luG,4,0,16,TMoTruckWestFL,T-Mobile Truck Western FL,607,328,2,2,2018
https://twitter.com/TMoTruckWestFL/status/959506580952829952,2018-02-02 19:19:30+00:00,959506580952829952,West Florida Mobile showroom supporting our corporate T-Mobile store Grand Opening. @MalcolmDMcCloud @AliciaRTmo @jboy1724 @Daveprince64 @AudOpex @JohnLegere @bnash001 @Brittanyyy_Ray @RealMaddyPipes @TonyCBerger https://t.co/Yl7YJe0sF7,5,0,20,TMoTruckWestFL,T-Mobile Truck Western FL,607,328,2,2,2018
https://twitter.com/VzwRising/status/959505534964531200,2018-02-02 19:15:20+00:00,959505534964531200,"Huge announcement! Verizon, T-Mobile and AT&amp;T employees have joined together to form Wireless Workers United!... https://t.co/AP9vVqqp8Q",2,0,1,VzwRising,VZW Workers Rising,1210,1187,2,2,2018
https://twitter.com/frankhuron/status/959504673756631040,2018-02-02 19:11:55+00:00,959504673756631040,LG car visting us T-Mobile Bitters Loc. San Antonio TX.. @myamtel @EhabSweis @JonGerusa @LGUSAMobile https://t.co/NhxmguU78M,4,0,11,frankhuron,Frank Huron,169,54,2,2,2018
https://twitter.com/KingCasson/status/959504092375670784,2018-02-02 19:09:37+00:00,959504092375670784,Verizon &gt; T-Mobile don’t @ me,2,1,9,KingCasson,russell,763,119,2,2,2018
https://twitter.com/stephmescudi/status/959501916731518978,2018-02-02 19:00:58+00:00,959501916731518978,t-mobile ain’t shit,2,1,0,stephmescudi,stephanie,2822,591,2,2,2018
https://twitter.com/TMZ/status/959501802516484096,2018-02-02 19:00:31+00:00,959501802516484096,"Anthony Scaramucci Says T-Mobile Got It Wrong, He's Gay Rights Activist https://t.co/K8UmCCwBXq",3,2,16,TMZ,TMZ,6021273,927,2,2,2018
https://twitter.com/TMobileHelp/status/959501302865604610,2018-02-02 18:58:31+00:00,959501302865604610,"@_Beelze As a frequent user of memes and gifs to voice my emotions, I truly know your heartbreak Alex. Let's do what we can to make sure this tragedy doesn't befall you again. Send us a DM and we'll take a look. *ErikS",1,0,4,TMobileHelp,T-Mobile Help,416623,44093,2,2,2018
https://twitter.com/katwalk1B/status/959499157961453569,2018-02-02 18:50:00+00:00,959499157961453569,@Wintertab @TMobile @navfwd @Dotcy3 I’m here! So excited to be at T-Mobile and appreciate the warm welcome. I have never seen so much pride and excitement at work - truly refreshing! Looking forward to stepping up my magenta game!,1,2,2,katwalk1B,Kate Walker,40,68,2,2,2018
https://twitter.com/MarshaCollier/status/959493621832671232,2018-02-02 18:28:00+00:00,959493621832671232,T-Mobile Texting Customers To Alert Them To Phone Number Port Out Scam @TMobileHelp can prepaid customers get it too?  https://t.co/7kTeLFUGNP,6,0,3,MarshaCollier,Marsha Collier,234950,72165,2,2,2018
https://twitter.com/BrianBuettin/status/959488400171683840,2018-02-02 18:07:15+00:00,959488400171683840,"So I'm at a store with my T-Mobile scarf on and somebody yells out how they like the color and pink was a good choice. I'm not sure if they were being sarcastic or sincere but I turned to them with a straight face &amp; a stern voice and said ""it's magenta"". #BeMagenta @JohnLegere https://t.co/q5wSw0PvHr",7,8,104,BrianBuettin,Brian Buettin,71,504,2,2,2018
https://twitter.com/wolfcrane/status/959484740859564032,2018-02-02 17:52:43+00:00,959484740859564032,T-Mobile texting customers to alert them to phone number port out scam https://t.co/SZbFaCo4gV,3,0,0,wolfcrane,Jamie Todd,833,4989,2,2,2018
https://twitter.com/TmoNews/status/959482665689800704,2018-02-02 17:44:28+00:00,959482665689800704,T-Mobile LG V30 and LG V20 now receiving security updates https://t.co/lHsf3Hu0mV https://t.co/dQ08DF1fpy,2,2,9,TmoNews,TmoNews,33556,187,2,2,2018
https://twitter.com/iamkimberlyyj/status/959481146181672960,2018-02-02 17:38:26+00:00,959481146181672960,@Rosaaaay_ me when I first had T-Mobile in middle school.. 😂😂 https://t.co/i9yzTiAcia,1,1,1,iamkimberlyyj,K 🌴💦,1152,825,2,2,2018
https://twitter.com/househehn/status/959480050960818177,2018-02-02 17:34:05+00:00,959480050960818177,Come check out the Mobile Showroom here at the T-Mobile on North and Clyborn! https://t.co/qN46Tify5u,4,1,21,househehn,Nick Hehn,655,339,2,2,2018
https://twitter.com/DARE2BGR8_KW/status/959478266091442177,2018-02-02 17:26:59+00:00,959478266091442177,Welcoming our new Layer3TV family to T-Mobile #getoutthered @JohnLegere @tglover187 @JZ_Official1 https://t.co/aynmRLwpqL,3,0,16,DARE2BGR8_KW,Ka$,370,1341,2,2,2018
https://twitter.com/TMoTruckNewnan/status/959477943700480000,2018-02-02 17:25:42+00:00,959477943700480000,TKG Mobile Showroom pulled up at the T-Mobile Augusta Call Center for accessory day! #BeMagenta #CareTeam #Uncarrier #TruckSqaud 🚚💥💯🐻 @jackhjohnson @bnash001 @m_wan4life https://t.co/k9G59trUgc,1,0,14,TMoTruckNewnan,T-Mobile Truck Rural Western GA,1349,1898,2,2,2018
https://twitter.com/i4unews/status/959476542274351104,2018-02-02 17:20:08+00:00,959476542274351104,"#TMobile #Super#Bowl 2018 #Ad #stars #Kerry #Washington: As anticipated, T-Mobile is back at the Big Game. T-Mobile CEO John Legere just announced a T-Mobile #Super Bowl 2018 ad starring actress Kerry Washington. Verizon and Sprint are also advertising… https://t.co/U558vOw5rX",1,0,0,i4unews,I4U News,12039,4640,2,2,2018
https://twitter.com/FoodTruckCity/status/959474792611983360,2018-02-02 17:13:11+00:00,959474792611983360,Burgers from @StacksBurgers1 headed to T-Mobile today!!! https://t.co/NQsfxRLyUd,4,0,9,FoodTruckCity,Food Truck City,2556,778,2,2,2018
https://twitter.com/DiaMariesbeat/status/959473615724048384,2018-02-02 17:08:30+00:00,959473615724048384,US operator #5G timelines: Verizon - fixed in 2H2018 AT&amp;T - mobile (ish) starting in late 2018 Sprint - nationwide mobile in 1H2019 T-Mobile - nationwide mobile in 2020 with rollouts starting in 2019.,20,2,35,DiaMariesbeat,Diana Goovaerts,3418,1898,2,2,2018
https://twitter.com/JelloBelle/status/959471944818143233,2018-02-02 17:01:52+00:00,959471944818143233,"I honestly don't know how I ended up following @JohnLegere the CEO of T-Mobile when I have AT&amp;T (Sorry, I have no immediate plans for switching), but I'm really glad I do. He's one of my favorite people here. https://t.co/KLB5IZ5gWB",4,6,41,JelloBelle,Bronwyn McGuckin,183,497,2,2,2018
https://twitter.com/Adweek/status/959466297779277825,2018-02-02 16:39:26+00:00,959466297779277825,T-Mobile is returning to the Super Bowl with a spot starring Kerry Washington: https://t.co/pKazS1jDF2 https://t.co/r1BvUMYOvC,23,1,58,Adweek,Adweek,690382,26538,2,2,2018
https://twitter.com/michaeltomkins/status/959460206110535681,2018-02-02 16:15:13+00:00,959460206110535681,Love the shout-out for T-Mobile for Business on Freierside Chat @JonFreier @DanielleOubre20 #TVoiceSummit2018 https://t.co/jAV30yYzLH,1,0,21,michaeltomkins,Mike Tomkins,176,879,2,2,2018
https://twitter.com/bretmichaelstan/status/959458703261995008,2018-02-02 16:09:15+00:00,959458703261995008,the t-mobile CEO @JohnLegere reinventing himself into a pink god is at the top of my 2018 mood board https://t.co/Seou4eYZIR,6,4,57,bretmichaelstan,tired gf,2134,532,2,2,2018
https://twitter.com/WSJRealEstate/status/959458441025720320,2018-02-02 16:08:12+00:00,959458441025720320,T-Mobile chief @JohnLegere is selling his penthouse on Central Park West for $22 million https://t.co/y18pdm5meA https://t.co/ihGP5GIJQG,3,1,6,WSJRealEstate,WSJ Real Estate,195197,223,2,2,2018
https://twitter.com/HarveyLevinTMZ/status/959452506773323777,2018-02-02 15:44:38+00:00,959452506773323777,ANTHONY SCARAMUCCI TO T-MOBILE: I'M A GAY RIGHTS ACTIVIST!!!... Can Ya Hear Me Now?! https://t.co/ATykwFa1P8 Any thoughts on this?,1,7,8,HarveyLevinTMZ,Harvey Levin,582416,856,2,2,2018
https://twitter.com/WJBF/status/959448850544160768,2018-02-02 15:30:06+00:00,959448850544160768,#SCAM ALERT | T-Mobile is warning customers that scammers are trying to get into bank accounts by stealing phone numbers. https://t.co/PVgocsVRzq,3,0,0,WJBF,WJBF,57857,500,2,2,2018
https://twitter.com/_edwardx/status/959448000576868354,2018-02-02 15:26:43+00:00,959448000576868354,I don’t work for T-Mobile but thats respect https://t.co/CLuna4das4,1,0,0,_edwardx,Eddie,605,365,2,2,2018
https://twitter.com/FRE_plc/status/959446334339153921,2018-02-02 15:20:06+00:00,959446334339153921,https://t.co/CWqXDQTO61 T-Mobile Details Plan for 100 Percent Renewable Energy by 2021 #Renewables #GoGreen #CleanEnergyUK,1,0,0,FRE_plc,FRE plc,55,24,2,2,2018
https://twitter.com/magentatiffany/status/959445341190967297,2018-02-02 15:16:09+00:00,959445341190967297,At T-Mobile you play hard...we took Nashville/Broadway last night and making THIS happen this morning... https://t.co/IO8E6I7Mql,8,0,71,magentatiffany,🎀MagentaTiffany🎀,1882,1289,2,2,2018
https://twitter.com/Avenue4Fourth/status/959439786556747777,2018-02-02 14:54:05+00:00,959439786556747777,T-Mobile completes first Narrowband IoT test in guard bands | https://t.co/eT3tj4UMfS | #iot #internetofthings,1,0,0,Avenue4Fourth,Fourth Ave,10377,908,2,2,2018
https://twitter.com/TMZ/status/959436769182736384,2018-02-02 14:42:05+00:00,959436769182736384,"Anthony Scaramucci Says T-Mobile Got It Wrong, He's Gay Rights Activist https://t.co/tkLWSibc08",29,12,96,TMZ,TMZ,6021273,927,2,2,2018
https://twitter.com/CNET/status/959430000679284737,2018-02-02 14:15:12+00:00,959430000679284737,"Without T-Mobile, Sprint finds it's tough going it alone https://t.co/2aolDUeKXe https://t.co/CUuOmpFYz7",4,1,6,CNET,CNET,1757515,444,2,2,2018
https://twitter.com/bigdramashow/status/959409404113227777,2018-02-02 12:53:21+00:00,959409404113227777,T-Mobile Arena and Madison Square Garden will battle to host Canelo Alvarez-Gennady Golovkin rematch https://t.co/n9H1ZKPsWG,1,0,2,bigdramashow,BigDramaShow,1283,599,2,2,2018
https://twitter.com/Germz93/status/959397423847178245,2018-02-02 12:05:45+00:00,959397423847178245,#TweetLikeThe2000s T-mobile 5 day pass 🧡 hi @RayannaLeslie,1,0,0,Germz93,G,479,1201,2,2,2018
https://twitter.com/JEMartel/status/959396226335760384,2018-02-02 12:00:59+00:00,959396226335760384,T-Mobile exec: ‘We learned about what happened with PREPA via Twitter’ https://t.co/2DFO9DQ2ox via @newsismybusines,12,1,45,JEMartel,Jorge Martel,3055,651,2,2,2018
https://twitter.com/WFLA/status/959395018338336768,2018-02-02 11:56:11+00:00,959395018338336768,T-Mobile warns customers of number port-out scams https://t.co/jT2JNXvSH1,2,0,0,WFLA,WFLA NEWS,187362,2300,2,2,2018
https://twitter.com/AndroidAuth/status/959351640515121152,2018-02-02 09:03:49+00:00,959351640515121152,"T-Mobile “testing” Oreo for Galaxy S8 and S8 Plus, full rollout incoming https://t.co/y3XhRZPkMG https://t.co/KrFVlV6BQG",16,5,154,AndroidAuth,Android Authority,1179129,122,2,2,2018
https://twitter.com/TheBSTravelers/status/959350792753950720,2018-02-02 09:00:27+00:00,959350792753950720,"S4 E3: Thanks T-Mobile.for RUINING Macedonia Square. #Skopje, #Macedonia.https://t.co/JjO5evpXlI via @YouTube #Travel #grlpower #bloggerstribe #bloggerssparkle #TheGirlGang @GRLPOWRCHAT @BloggerBees @LovingBlogs @allthoseblogs @PLBChat @GirlsWhoBlogRT #BloggingGals @wetweetblogs",6,1,5,TheBSTravelers,The Budget Savvy Travelers 🇺🇸🦅🇵🇱,13674,5519,2,2,2018
https://twitter.com/tefficient/status/959317426763579393,2018-02-02 06:47:52+00:00,959317426763579393,".@Tele2Nederland is now reported as 'discontinued' due to the merger with T-Mobile, but it continues to take revenue market share. +43k mobile net adds in Q4 2017. https://t.co/uosAa0CDdD https://t.co/2W1sEOZGPV",1,0,1,tefficient,tefficient 🚥,2848,681,2,2,2018
https://twitter.com/JenMateus/status/959305859800080384,2018-02-02 06:01:54+00:00,959305859800080384,"@thats_nyce @TMobile It just happened to me too! Drained my bank account my phone still doesn't work and I need to ""call"" them tomorrow because they're fraud dept doesn't work 24hr wtf how am I calling them without a working phone? @tmobilehelp #tmobilescam #tmobilefraud #tmobile",2,1,0,JenMateus,rururu,138,685,2,2,2018
https://twitter.com/LodgeXLodge/status/959296806885584896,2018-02-02 05:25:56+00:00,959296806885584896,Lodge #News:Anthony Scaramucci Tapped for T-Mobile Super Bowl Ad and then 86'd https://t.co/ZyJrDsRAmq,1,0,1,LodgeXLodge,LODGE THE CRYPTO VET,21202,13919,2,2,2018
https://twitter.com/JenMateus/status/959296582746189824,2018-02-02 05:25:02+00:00,959296582746189824,"It just happened to me too! Drained my bank account my phone still doesn't work and I need to ""call"" them tomorrow because they're fraud dept doesn't work 24hr wtf how am I calling them without a working phone? @tmobilehelp #tmobilescam #tmobilefraud #tmobile https://t.co/Tymy1ucRPk",1,1,0,JenMateus,rururu,138,685,2,2,2018
https://twitter.com/Pocketnow/status/959293904318115845,2018-02-02 05:14:24+00:00,959293904318115845,T-Mobile addresses port-out scam by texting customers https://t.co/3VtSd7Irh3,6,0,14,Pocketnow,Pocketnow,195267,433,2,2,2018
https://twitter.com/TMobileHelp/status/959281840950411265,2018-02-02 04:26:28+00:00,959281840950411265,@jthomasfl @JohnLegere We are truly committed to a resolution for you here. We'll meet you in DM shortly to explore all our options. https://t.co/lH0SH5fy2m *MikeRice,1,0,1,TMobileHelp,T-Mobile Help,416623,44093,2,2,2018
https://twitter.com/Robbleaux/status/959279546993291264,2018-02-02 04:17:21+00:00,959279546993291264,#tweetliketye200s                       *friend calling* *Answers phone* Friend: hang up and call me back *Calls friend back* *Friend picks up* Me with T-Mobile: nigga wtf was that? Friend w/ Sprint: nigga you know only my incoming calls free! Me: https://t.co/J9ep1OEHXU,1,0,0,Robbleaux,Phobetor,653,1423,2,2,2018
https://twitter.com/cinsation_/status/959279207296720896,2018-02-02 04:16:00+00:00,959279207296720896,"T-Mobile, sponsor me https://t.co/SBKUfKMMzH",6,1,60,cinsation_,cindy n,622,479,2,2,2018
https://twitter.com/tomjyang/status/959271751334035457,2018-02-02 03:46:22+00:00,959271751334035457,"Happy Work Anniversary to Ali and Gretchen, our amazing frontline experts. It’s folks like you who truly make T-Mobile great!! https://t.co/EkiCYEWviG",1,0,23,tomjyang,Tom Yang,1324,235,2,2,2018
https://twitter.com/__kristenm/status/959264073945788416,2018-02-02 03:15:52+00:00,959264073945788416,T-Mobile is a bitch for having a limit on “unlimited” lmao,3,0,4,__kristenm,kristen✨,901,320,2,2,2018
https://twitter.com/MobileOneLLC/status/959253799511748609,2018-02-02 02:35:02+00:00,959253799511748609,T-Mobile will start using 100% renewable energy in the next few years. https://t.co/V14rYEk1RP,1,0,7,MobileOneLLC,MobileOneLLC,1189,558,2,2,2018
https://twitter.com/nbc4i/status/959247860201082880,2018-02-02 02:11:26+00:00,959247860201082880,T-Mobile warns customers of number port-out scams https://t.co/j0obcTNgJH,2,0,1,nbc4i,NBC4 Columbus,183770,5501,2,2,2018
https://twitter.com/TMobileHelp/status/959240348278013952,2018-02-02 01:41:35+00:00,959240348278013952,"@A_B_O_VEaverage Hey there!  I appreciate you reaching out, you deserve the best and we’ll get this figured out.  I’m responding to your DM right now, I’ll meet you back there. *MeghanParks",1,0,0,TMobileHelp,T-Mobile Help,416623,44093,2,2,2018
https://twitter.com/TMobileHelp/status/959238824671961088,2018-02-02 01:35:32+00:00,959238824671961088,@A_B_O_VEaverage Woah! We absolutely want you to enjoy your device. What's going on? Are you running into issues? Send us a DM and let us know how we can help. *KeithM,1,1,0,TMobileHelp,T-Mobile Help,416623,44093,2,2,2018
https://twitter.com/TMobileHelp/status/959234306697699328,2018-02-02 01:17:35+00:00,959234306697699328,"@Sucioliciousvic @JohnLegere I truly want to resolve any concerns that may have impacted you, Alessandro and make sure we're taking great care of you. Please DM us. https://t.co/lH0SH5fy2m *MikeRice",1,1,2,TMobileHelp,T-Mobile Help,416623,44093,2,2,2018
https://twitter.com/eastsidenoble/status/959223738519687168,2018-02-02 00:35:35+00:00,959223738519687168,Niggas with Sprint/T-Mobile  gonna be tight when they can’t connect to the servers https://t.co/cgxaHUpQch,1,0,3,eastsidenoble,yane 🟩,1134,926,2,2,2018
https://twitter.com/gsmarena_com/status/959221341143547905,2018-02-02 00:26:03+00:00,959221341143547905,T-Mobile in testing phase of Android Oreo update for Galaxy S8 https://t.co/o9tgflOmDx https://t.co/tnMw7CNXXo,2,0,12,gsmarena_com,GSMArena.com,170657,1,2,2,2018
https://twitter.com/TMobileHelp/status/959215656011931649,2018-02-02 00:03:28+00:00,959215656011931649,@ErlindaFelix T-Force is here to help! DM me and I'll get right to work! https://t.co/hpGGTthdHr *TanyaFalandysz,1,0,0,TMobileHelp,T-Mobile Help,416623,44093,2,2,2018
