url,Datetime,Tweet Id,Text,Retweet Count,Reply Count,Like Count,Username,Display Name,Followers Count,Friends Count,Day,Month,Year
https://twitter.com/ModistBrewing/status/959935664052756480,2018-02-03 23:44:31+00:00,959935664052756480,Oh hey look @budlight came by. Cheers and/or Dilly Dilly to this whole thing. At the time of… https://t.co/8Id7lKf8gb,2,0,10,ModistBrewing,modistbrewing,7801,745,3,2,2018
https://twitter.com/jkmoss/status/959923086085775362,2018-02-03 22:54:32+00:00,959923086085775362,"1. @ModistBrewing creates Dilly Dilly beer 2. @budlight sends courtly cease &amp; desist scroll, offers bar 2 Super Bowl tickets  3. Modist raffles off SB tickets, gives all money raised to charity  https://t.co/kjUlHXAg9z https://t.co/bZzXoy8c2H",1,0,2,jkmoss,Jess Moss,1679,544,3,2,2018
https://twitter.com/amyl_olsen/status/959914730956652545,2018-02-03 22:21:20+00:00,959914730956652545,@STLMardiGras @budlight @jcoatar @MackBradley @FearlessJohnny @bwahby Dilly Dilly! #Budlight,2,0,2,amyl_olsen,amy olsen,568,1019,3,2,2018
https://twitter.com/Zen_Darius/status/959909180906782720,2018-02-03 21:59:17+00:00,959909180906782720,"@PrinceArthasLK @holinka @devolore @WatcherDev @KristianGrandst @TaliesinEvitel @BellularGaming @heelvsbabyface @ChrisMetzen The Lich King isn't dead, #Budlight hired him ! https://t.co/92CCOjMF78",1,1,2,Zen_Darius,Zendarius,317,1239,3,2,2018
https://twitter.com/Conor_Miller37/status/959908770120916993,2018-02-03 21:57:39+00:00,959908770120916993,Saturday’s are for the good boys! @budlight @barstoolsports #SAFTGB #DillyDilly #VIVA https://t.co/ohv0InDl5d,2,0,3,Conor_Miller37,Vinnie Chase,742,333,3,2,2018
https://twitter.com/STLMardiGras/status/959904715940261894,2018-02-03 21:41:33+00:00,959904715940261894,"Here’s to a great Taste of Soulard! Cheers, @budlight, @jcoatar, @MackBradley, @FearlessJohnny and @bwahby https://t.co/ewl7gIdjmO",6,1,15,STLMardiGras,Soulard Mardi Gras,7072,1232,3,2,2018
https://twitter.com/Darinstrauss/status/959900599767719939,2018-02-03 21:25:11+00:00,959900599767719939,"You know what's not so funny as its makers think it is? The @budlight ""Dilly dilly"" ads.",1,2,2,Darinstrauss,Darinstrauss,10917,6386,3,2,2018
https://twitter.com/lovedigiorno/status/959897327778463746,2018-02-03 21:12:11+00:00,959897327778463746,"It’s party time @PapaJohns !  Do your locations take reservations for #SuperBowl Sunday?  Thinking 6 adults.  We can sit in the kitchen if necessary. Also, my group would like to order a pie and some @budlight while we watch the game...do any of your spots have a liquor license?",1,1,0,lovedigiorno,DiGiorno is Delectable,5,24,3,2,2018
https://twitter.com/MiMa_Apparel/status/959896243441946625,2018-02-03 21:07:53+00:00,959896243441946625,"#Dilly #DillyDilly #Beershirt #Drinkingshirt #budlight Funny Men's tshirt, Funny Christmas... https://t.co/fm3DgM2cHE … … … … … … … … … … … … … … … … … … via @amazon #DillyDilly #footballsunday #SuperBowl #handmade #babyshower #happyvalentinesday",1,0,1,MiMa_Apparel,MiMa | Apparel,1425,2964,3,2,2018
https://twitter.com/DonJonGraham/status/959894480257212417,2018-02-03 21:00:52+00:00,959894480257212417,Spent a good cpl of hours cleaning My @Trianco stove this PM now to enjoy the fruits of my labour with a nice cold @budlight https://t.co/Xda8A40kyh,2,0,5,DonJonGraham,Don Graham,750,850,3,2,2018
https://twitter.com/DjChange/status/959880129706188800,2018-02-03 20:03:51+00:00,959880129706188800,"#partywitchang3 For Sink or Swim at @dallasbull Tonight And Every #SaturdayNight !!! $12 All You Can Drink wells and #BudLight draft beer starting from 9pm-3am!!! #CrownRoyal, #GreyGoose, and #Patrón! @tommytdj88  @djchang3 #boots #daisydukes #trucks #hiphop #EDM #country #Howdy https://t.co/wS5DYbRYZo",1,0,0,DjChange,Dj ¢hang3,1296,1038,3,2,2018
https://twitter.com/kweags/status/959879732396462080,2018-02-03 20:02:16+00:00,959879732396462080,@IamPicclo @PUGA20 @Manal_Cali @_ClassicJeff @BSTeGz @Eagles @4thandJawn @budlight One more day! https://t.co/H49A51gouH,1,0,1,kweags,Jeff with Bowser pics,2688,1882,3,2,2018
https://twitter.com/1025TheBone/status/959878331901542401,2018-02-03 19:56:42+00:00,959878331901542401,"We've got a winner! Michael is walking away with a brand new #BigGreenEgg,  60”TV, $1K, &amp; 5 cases of #budlight #superboneparty https://t.co/Elq9kWtPos",4,1,10,1025TheBone,102.5 The Bone,31478,206,3,2,2018
https://twitter.com/budlight/status/959876373010632704,2018-02-03 19:48:55+00:00,959876373010632704,@darrenrovell Parade route goals.,2,2,61,budlight,Bud Light,265047,254,3,2,2018
https://twitter.com/alywhoop/status/959874010199687168,2018-02-03 19:39:32+00:00,959874010199687168,Yes pls treat me like a budlight &amp; a tractor https://t.co/W8VsckJRKC,8,1,73,alywhoop,alyswoop,1202,206,3,2,2018
https://twitter.com/TheLizGonzales/status/959871236754075649,2018-02-03 19:28:31+00:00,959871236754075649,"Leaving the @budlight house for the airport, on time and with my ID, is the real Minnesota Miracle https://t.co/1pfa1HT2JW",3,4,415,TheLizGonzales,Liz Gonzales,83318,681,3,2,2018
https://twitter.com/gdnightelizbeth/status/959866800275116032,2018-02-03 19:10:53+00:00,959866800275116032,Omg 👏 luvin 👏the 👏Dilly Dilly 👏campaign. 😩😂 Well done @budlight 🙌,1,0,1,gdnightelizbeth,Lizzy Leigh,2162,1178,3,2,2018
https://twitter.com/JakeHeaphy/status/959858754723438592,2018-02-03 18:38:55+00:00,959858754723438592,BILLY BILLY! @budlight @PardonMyTake @barstoolsports https://t.co/0P4nvrjjVB,4,0,28,JakeHeaphy,Jake Heaphy,41,220,3,2,2018
https://twitter.com/FunnyCostaki/status/959854154213666823,2018-02-03 18:20:38+00:00,959854154213666823,.@Budweiser has a #SuperBowl ad where they switch the taps in the factory and fill millions of cans with water for relief efforts. It’s not a stretch for them.  It’s just #BudLight.,6,5,43,FunnyCostaki,Costaki Economopoulos,46355,1158,3,2,2018
https://twitter.com/budlight/status/959851693637816321,2018-02-03 18:10:51+00:00,959851693637816321,@EdHickey4 Dilly Dilly-delphia is also acceptable.,1,0,3,budlight,Bud Light,265047,254,3,2,2018
https://twitter.com/budlight/status/959850671167111169,2018-02-03 18:06:47+00:00,959850671167111169,"@Syurri Two words. Say it, and we're yours.",1,2,2,budlight,Bud Light,265047,254,3,2,2018
https://twitter.com/ZinkDistribCo/status/959849212874776577,2018-02-03 18:01:00+00:00,959849212874776577,"Where will you be watching the big game? Wherever you go, drink responsibly. Dilly Dilly! @budlight #SBLII https://t.co/lsHSusjxVl",1,0,4,ZinkDistribCo,Zink Distributing Co,645,279,3,2,2018
https://twitter.com/budlight/status/959841224197902343,2018-02-03 17:29:15+00:00,959841224197902343,@RealPatSajak What's up dawg? #DillyDilly,1,1,1,budlight,Bud Light,265047,254,3,2,2018
https://twitter.com/RealPatSajak/status/959839383221288960,2018-02-03 17:21:56+00:00,959839383221288960,Hey @budlight my dog needs more beer... #DillyDilly 🍻… https://t.co/7N6hmogvj2,3,1,4,RealPatSajak,Pat,153,348,3,2,2018
https://twitter.com/TiltedKiltPub/status/959838658747686912,2018-02-03 17:19:03+00:00,959838658747686912,"Who's your team, @Patriots or @Eagles?  Watch the game over  wings, @budlight specials and of course the Kilt Girls. Staying home? Order out. Call your local Pub to place your pickup order today. https://t.co/VXSP7kqSZ6 https://t.co/OfGeq6cg9H",4,2,31,TiltedKiltPub,Tilted Kilt,16468,109,3,2,2018
https://twitter.com/ZipsMBB/status/959837370156748800,2018-02-03 17:13:56+00:00,959837370156748800,"Akron's Starting 5, game presented by @budlight #ZipsGameday  #OneAKRON 📅 Sat., Feb. 3 🏀 Toledo ⏰ NOON 📍 JAR 📻 1350 AM https://t.co/SeZtHasx98  📺 CBS SN 💻 https://t.co/GAdLnTlBay https://t.co/PExc4bIQFT",1,0,1,ZipsMBB,Akron Zips MBB,11185,332,3,2,2018
https://twitter.com/budlight/status/959834265654611968,2018-02-03 17:01:36+00:00,959834265654611968,"Tomorrow, the great battle. Today, the great re-watching of the videos. #DillyDilly  https://t.co/ps6IkzVt5B",11,2,64,budlight,Bud Light,265047,254,3,2,2018
https://twitter.com/RRExpress/status/959821306148610048,2018-02-03 16:10:06+00:00,959821306148610048,Is your favorite part of #RRExpress games the 🎆 🎇 @budlight Friday Fireworks🎇 🎆 ? Check out our Fireworks Membership mini-plan -- it includes tickets to 22 games with a liberal ticket exchange policy so you never waste a ticket.  ❇️ details: https://t.co/0iuhDPY6ux https://t.co/VdZMy3qJuo,6,1,9,RRExpress,Round Rock Express,40835,101,3,2,2018
https://twitter.com/GTPlayers/status/959814913085657089,2018-02-03 15:44:42+00:00,959814913085657089,"So excited for the #BIGGAME, 25 cent boneless #wings &amp; $3 #BudLight pints at @GTPlayers #miami #tampa #fortmyers 🏈🍺🏈🍺 #GTplayers #deals #superbowl #patriots #eagles #nfl #football #familyfun #games #sportsbar #beer #fun https://t.co/BFTATx95PA",2,0,0,GTPlayers,GameTime,936,1833,3,2,2018
https://twitter.com/AnheuserBuschCO/status/959809217560498177,2018-02-03 15:22:04+00:00,959809217560498177,"Tune in to the #SuperBowl action — and stay for the #superbowlcommercials to catch new ads from @Budweiser, @BudLight, @StellaArtois and @MichelobUltra. https://t.co/zASI268Bk4",2,0,1,AnheuserBuschCO,Anheuser-Busch Colorado,332,220,3,2,2018
https://twitter.com/mchapel54/status/959806538427887617,2018-02-03 15:11:25+00:00,959806538427887617,Rt if you think @budlight should sponsor me. https://t.co/a3l2xcfPqm,8,1,8,mchapel54,Chapel,260,198,3,2,2018
https://twitter.com/vincenzolandino/status/959793340488343552,2018-02-03 14:18:59+00:00,959793340488343552,"Curious if the social media manager on duty came up with this or if this was sanctioned from the top. Answers needed, @budlight ! #SuperBowl https://t.co/WSwTMUWFlM",1,0,3,vincenzolandino,Vincenzo Landino,40656,1876,3,2,2018
https://twitter.com/RosemaryConnors/status/959780122709684224,2018-02-03 13:26:27+00:00,959780122709684224,Did you think we’d forget? 😉 Where can we fill up??  #SuperBowl #DreamsComeTrue #DillyDilly #PhillyPhilly @budlight @NBCPhiladelphia #FlyEaglesFly 🦅 https://t.co/92OnkjmKu4,1,0,6,RosemaryConnors,Rosemary Connors,9629,2724,3,2,2018
https://twitter.com/NYSE/status/959779669754171393,2018-02-03 13:24:39+00:00,959779669754171393,"Thanks to @budlight, I think we found @ThomasFarley a new profile pic #DillyDilly https://t.co/VdywkBKt73",10,2,33,NYSE,NYSE 🏛,1665516,6521,3,2,2018
https://twitter.com/ZipsMBB/status/959763148227186688,2018-02-03 12:19:00+00:00,959763148227186688,"It's @budlight #ZipsGameday as the Zips host Toledo. First 2,500  receive white shirt courtesy of @CocaCola and @TheAKROWDIES. Visit https://t.co/mQF3Jxgwyh #OneAKRON 📅 Sat., Feb. 3 🏀 Toledo ⏰ NOON 📍 JAR 📻 1350 AM https://t.co/SeZtHasx98 📺 CBS SN 💻 https://t.co/GAdLnTlBay https://t.co/HDJ4uobNaF",6,0,22,ZipsMBB,Akron Zips MBB,11185,332,3,2,2018
https://twitter.com/NWilliams_STrib/status/959657012538871808,2018-02-03 05:17:16+00:00,959657012538871808,"@MSPBJnews I’m hearing $750 at the door, $15,000 for a table to get into #Barstool #budlight #taogroup Super Bow party at Lumber Exchange in Minneapolis right now.",1,1,0,NWilliams_STrib,Nick Williams,1575,1796,3,2,2018
https://twitter.com/jordangreen71/status/959629098636271616,2018-02-03 03:26:20+00:00,959629098636271616,I could really use a nice warm summer night a case of budlight and a fire surrounded by good friends,1,0,7,jordangreen71,The White Guy,213,308,3,2,2018
https://twitter.com/CoryHepola/status/959624299442311169,2018-02-03 03:07:16+00:00,959624299442311169,".@ModistBrewing named its mosaic double IPA ""Dilly Dilly."" They knew @budlight had it trademarked &amp; they'd be hearing from them. Only not like this.... https://t.co/frJZFkleYx",10,0,22,CoryHepola,Cory Hepola,9544,1230,3,2,2018
https://twitter.com/BadFoxGraphics/status/959622747210047489,2018-02-03 03:01:06+00:00,959622747210047489,"A Few Thoughts: 1. ""Markets Angst"" makes no sense - Market Angst or Market's Angst 2. These @budlight people look awful happy for a Dow plunge of 666 pts 3. ""Dilly Dilly!"" 🍻 https://t.co/eNn7pQk56D",1,1,1,BadFoxGraphics,Bad Fox Graphics,41787,1902,3,2,2018
https://twitter.com/jl_dodson/status/959622710560247811,2018-02-03 03:00:57+00:00,959622710560247811,"@NastyNate4869 @b_locks28 @barstoolsports @PatMcAfeeShow @budlight Count me in, but BL is trash #DillyDilly",1,0,2,jl_dodson,j dodson,177,621,3,2,2018
https://twitter.com/DhananjayAsia/status/959619809989181440,2018-02-03 02:49:26+00:00,959619809989181440,Retweeted Gigi A (@gigi_nyc): .@budlight kicks off Super Bowl weekend and rings the closing Bell @NYSE... https://t.co/FO63q1mnhm,1,0,2,DhananjayAsia,Dhananjay Parmar,1330,11,3,2,2018
https://twitter.com/NatureCoastCo/status/959619449069457408,2018-02-03 02:48:00+00:00,959619449069457408,Idk if they had @budlight in #ww2 #ohwell #DillyDilly,1,0,0,NatureCoastCo,Nature Coast Cooking,308,239,3,2,2018
https://twitter.com/5ugarcane/status/959608070799286272,2018-02-03 02:02:47+00:00,959608070799286272,"@timetoact2 @budlight Excellent! Yeah, Bud Light has some funny marketing around this dilly dilly stuff.",1,1,1,5ugarcane,Sugarcane,2181,2105,3,2,2018
https://twitter.com/mstrward/status/959606634472501257,2018-02-03 01:57:04+00:00,959606634472501257,#ChillyChilly @budlight - gotta do it!,3,1,2,mstrward,Joe Ward,80,144,3,2,2018
https://twitter.com/420AsburyPark/status/959603826595696640,2018-02-03 01:45:55+00:00,959603826595696640,@budlight probably should get truck loads of kegs ready! EAGLES BABY!!!!! #beerIsOnYou #beer #philly https://t.co/JmlVPPRqzC,1,0,1,420AsburyPark,Jersey Shore Marijuana,368,248,3,2,2018
https://twitter.com/timetoact2/status/959599455946334208,2018-02-03 01:28:33+00:00,959599455946334208,@budlight DILLY DILLY!!! 🤠🍺 https://t.co/asx7aRgLEQ,1,1,1,timetoact2,Gunner25mm ✝️🇮🇱JESUS IS MY ETERNAL KING🇮🇱✝️,9057,8949,3,2,2018
https://twitter.com/GretzBeerCo/status/959598069640843264,2018-02-03 01:23:02+00:00,959598069640843264,"Super Bowl Pregame Party with @budlight and @SportsRadioWIP Hollis Thomas at Via Marconi Sports Bar and Pizza Pub SUNDAY - 3:30 PM to 5:00 PM Bud Light Girls - $2.25 Bud Light Drafts - Prizes &amp;* Giveaway VIA Marconi Pizza Pub 190 Forty Foot Road Hatfield, PA 19440 https://t.co/EPbKBswtwb",2,0,4,GretzBeerCo,Gretz Beer Co.,1432,1058,3,2,2018
https://twitter.com/WFMGINC/status/959592791578849281,2018-02-03 01:02:04+00:00,959592791578849281,@budlight @Lanejohnson65 Im 🛫🛩🛬 to #Philly...... #FlyEaglesFly About to the join tbe greatest party ever!!!! https://t.co/lvqdJ9BBZO,1,0,4,WFMGINC,Frank®™,3895,169,3,2,2018
https://twitter.com/Air1Dave/status/959587723710525440,2018-02-03 00:41:56+00:00,959587723710525440,"@ShelbyCashman @budlight That was my favorite part of the #SOTU, too 😂",1,0,1,Air1Dave,Dave,2566,1169,3,2,2018
https://twitter.com/WarriorsMommy_/status/959585454969454593,2018-02-03 00:32:55+00:00,959585454969454593,"@budlight Also, i only checked Twitter to share this lovely gem with y’all #FlyEaglesFly https://t.co/gK9EVVOK8h",1,0,1,WarriorsMommy_,Britt Bernard,15,97,3,2,2018
https://twitter.com/jesmendoza22/status/959567198468616195,2018-02-02 23:20:22+00:00,959567198468616195,It’s Friday and it’s 5pm! Time for a @budlight! 🍻 #DillyDilly https://t.co/NwpCHNQhYv,1,0,6,jesmendoza22,Jesse,440,1107,2,2,2018
https://twitter.com/abbyschreibz/status/959562924753858565,2018-02-02 23:03:23+00:00,959562924753858565,Philly Philly @budlight https://t.co/g7uuRnk8fz,1,0,1,abbyschreibz,gritty’s mistress,514,413,2,2,2018
https://twitter.com/ZinkDistribCo/status/959562280454295552,2018-02-02 23:00:50+00:00,959562280454295552,Stock up before game day! Dilly Dilly! @budlight #SBLII https://t.co/5QeQUCtHSG,1,0,2,ZinkDistribCo,Zink Distributing Co,645,279,2,2,2018
https://twitter.com/gigi_nyc/status/959558504552988672,2018-02-02 22:45:49+00:00,959558504552988672,.@budlight kicks off Super Bowl weekend and rings the closing Bell @NYSE #DillyDilly https://t.co/MrfiXpvl8O,10,0,34,gigi_nyc,Gigi A,7378,308,2,2,2018
https://twitter.com/hen_ease/status/959557146835865607,2018-02-02 22:40:26+00:00,959557146835865607,It's crazy how @barstoolsports always finds a way to take over Super Bowl week. Thanks again @budlight https://t.co/bUDh4grE77,5,6,397,hen_ease,Hank Lockwood,373351,1987,2,2,2018
https://twitter.com/deathbois/status/959551804118917121,2018-02-02 22:19:12+00:00,959551804118917121,Just got another shipment from our sponsors @budlight. Tour's comin up. Have yourself a warm one. https://t.co/V056DcBWQq,2,1,50,deathbois,Greet Death,4469,251,2,2,2018
https://twitter.com/ModernWallSt/status/959541769489846272,2018-02-02 21:39:19+00:00,959541769489846272,Not the best way to close out the trading week BUT w. @budlight on-location at @nyse to ring the Closing Bell 🛎 to kick off @SuperBowl 52 #DillyDilly Perhaps a relaxing weekend of sport 🏈 food &amp; @Budweiser will fuel a Dow rebound next week $BUD #media #thisbudsforyou #superbowl https://t.co/ISM3nplAKL,2,0,2,ModernWallSt,Modern Wall Street,2889,290,2,2,2018
https://twitter.com/cheddar/status/959541502459355136,2018-02-02 21:38:16+00:00,959541502459355136,.@BudLight's Andy Goeler on the origins of #DillyDilly and the marketing behind this year's biggest viral ad campaign. #CheddarLive https://t.co/cHgaAdEtWX,9,3,28,cheddar,Cheddar News 🧀,247590,7081,2,2,2018
https://twitter.com/NYSE/status/959539170933968898,2018-02-02 21:29:00+00:00,959539170933968898,Soooo....@budlight just had the best ever signing of The NYSE Book of Distinguished Guests #DillyDilly https://t.co/kihjLXRN3p,150,27,1078,NYSE,NYSE 🏛,1665516,6521,2,2,2018
https://twitter.com/1067KJUGCountry/status/959533956592005120,2018-02-02 21:08:17+00:00,959533956592005120,#Budlight bringing the #afterhours party! Starring craigcampbelltv  &amp; @82deluxe Feb 14th at the… https://t.co/LWphC9zPAt,1,0,1,1067KJUGCountry,106.7 KJUG Country,7915,1028,2,2,2018
https://twitter.com/budlight/status/959533442324148225,2018-02-02 21:06:14+00:00,959533442324148225,@oodotrent Chilly Chilly. #DillyDilly,1,0,1,budlight,Bud Light,265047,254,2,2,2018
https://twitter.com/KarmaIntl/status/959532258532184064,2018-02-02 21:01:32+00:00,959532258532184064,Walking into this Friday like…@marshmellomusic | Attend 2018 Maxim Party and see him perform! Access Code: KARMASOCIAL  #karmalife #11miami #e11even #mellogang #maxim #maximparty #karmainternational #rockstarenergy #rockstar #budlight #polarisslingshot #11miami #biggameweekend https://t.co/61UTutnwRQ,177,0,134,KarmaIntl,Karma International,4193,67,2,2,2018
https://twitter.com/NYSE/status/959531671648313344,2018-02-02 20:59:12+00:00,959531671648313344,Thanks to @BudLight whose royal court travelled all the way from their medieval kingdom to the NYSE today #DillyDil… https://t.co/P7XOshNV8F,25,11,106,NYSE,NYSE 🏛,1665516,6521,2,2,2018
https://twitter.com/budlight/status/959527157843283969,2018-02-02 20:41:16+00:00,959527157843283969,@katiecherr We're big fans of your poetry. It moves us. 😍,1,1,1,budlight,Bud Light,265047,254,2,2,2018
https://twitter.com/abinbev/status/959520939275931649,2018-02-02 20:16:33+00:00,959520939275931649,It's down to the final two teams! We hope you've had another safe and responsible season cheering for your favorite team. Image via: @budlight #SBLII https://t.co/SVcoVbfupY,7,0,21,abinbev,AB InBev,33572,269,2,2,2018
https://twitter.com/RiversCasino_NY/status/959520917461372928,2018-02-02 20:16:28+00:00,959520917461372928,Touchdown at Van Slyck’s this Sunday to have a chance at winning some SUPER swag from @budlight! 🏈🍻 Must be 21+. Gambling Problem? Call 877-8-HOPENY or text HOPENY (467369) https://t.co/aTlXpDJCOh,1,0,2,RiversCasino_NY,Rivers Casino & Resort,3240,2121,2,2,2018
https://twitter.com/GTPlayers/status/959517669060939776,2018-02-02 20:03:33+00:00,959517669060939776,"Get to @GTPlayers #Miami at @ShopsatSunset TONIGHT for an epic #HeatParty w/ @790TheTicket , surprise guests from the Miami Heat, $3 #Tacos &amp; $3 #BudLight pints starting at 8pm! Learn More @ https://t.co/uLYqW0oSqO https://t.co/foU7aUG7RK",1,0,0,GTPlayers,GameTime,936,1833,2,2,2018
https://twitter.com/theBreaux/status/959516793684586496,2018-02-02 20:00:05+00:00,959516793684586496,"I'm actually speaking on 2 panels (s/o to @Budlight for making it work). The first panel I got included in is You Can Merch That: Artist Branding and Social Media. Speakers are @VicLloyd @ThisIsEsquire, @JoeFreshgoods &amp; me https://t.co/o16EQ5Vqe8…",3,1,7,theBreaux,BrandonBreaux.eth,9477,1091,2,2,2018
https://twitter.com/budlight/status/959515751177752576,2018-02-02 19:55:56+00:00,959515751177752576,@King_Felix092 Thine allegiance to the crown shall not go unnoticed. Dilly Dilly!,1,0,5,budlight,Bud Light,265047,254,2,2,2018
https://twitter.com/gopuff/status/959494686766501889,2018-02-02 18:32:14+00:00,959494686766501889,JUST DROPPED THE HOTTEST SUPER BOWL COMMERCIAL OF 2018 🍺🔥☝🏽 @budlight #phillyphilly #superbowl #gopuff https://t.co/tnL4aMo4gf,55,8,250,gopuff,Gopuff,32661,1577,2,2,2018
https://twitter.com/BelAirLiquors/status/959493824170086402,2018-02-02 18:28:48+00:00,959493824170086402,The king of Dilly Dilly gives budlight two thumbs up! 👍Be sure to stop in this weekend for your… https://t.co/figYQPJHdP,2,0,2,BelAirLiquors,Bel Air Liquors,91,46,2,2,2018
https://twitter.com/cannonjw/status/959491201970909184,2018-02-02 18:18:23+00:00,959491201970909184,Per @BudLight:  - Avg 1.1M searches of “Dilly Dilly” on Google per mo - Dilly Dilly mentioned 500K+ times on social since launch - More brand social mentions past 4 mos than previous 9 mos - +14% in positive sentiment since campaign launch #marketing (ht @StateStSports),8,0,15,cannonjw,J.W. Cannon,12782,3142,2,2,2018
https://twitter.com/WhiskeyRiff/status/959487635256422401,2018-02-02 18:04:13+00:00,959487635256422401,It's here. @budlight  https://t.co/ukSpCGqH0E,2,1,12,WhiskeyRiff,Whiskey Riff,185025,689,2,2,2018
https://twitter.com/PlayersTribune/status/959487092228177920,2018-02-02 18:02:03+00:00,959487092228177920,"Friends, football and a Hall of Fame wide receiver. This flag football game was anything but ordinary when @JerryRice rolled up with a truck full of @budlight. #FamousAmongFriends https://t.co/OlDItvvULj",7,0,9,PlayersTribune,The Players' Tribune,644317,4379,2,2,2018
https://twitter.com/CastronovoShow/status/959471809170214912,2018-02-02 17:01:20+00:00,959471809170214912,"Join us Sunday to watch the BIG game! 🏈 We're closing down 2nd street in #FortLauderdale &amp; bringing you live music, food &amp; drink specials and more! Details ➡️  https://t.co/VOrWLGJXZu Sponsored by: @TarponBend_FTL @budlight @PublicHouseFTL https://t.co/n9asBmLpn1",3,2,3,CastronovoShow,Paul Castronovo Show,11962,4490,2,2,2018
https://twitter.com/budlight/status/959467236472868864,2018-02-02 16:43:09+00:00,959467236472868864,Six more weeks of colder beer? #GroundhogDay,190,16,536,budlight,Bud Light,265047,254,2,2,2018
https://twitter.com/budlight/status/959446684869607424,2018-02-02 15:21:29+00:00,959446684869607424,"@FlatbushPapi Nope, #DillyDilly !!!",1,0,2,budlight,Bud Light,265047,254,2,2,2018
https://twitter.com/ApexMarketing/status/959445760927465472,2018-02-02 15:17:49+00:00,959445760927465472,#GroundhogDay ceremony with #PunxsutawneyPhil indicating 6 more weeks of winter shoutout to #DillyDilly  provided @BudLight with exposure worth over $200k (and growing) on morning shows (compilation of the Morning show shoutouts) https://t.co/qxTo0Fagih,1,0,2,ApexMarketing,Apex Marketing Group,17161,1045,2,2,2018
https://twitter.com/Karmacigars/status/959441541734510592,2018-02-02 15:01:03+00:00,959441541734510592,"No matter what day of the week it is, there's always something to get excited about here. @beer @domestic@CoorsLight @budlight @MillerLite https://t.co/ZhPEDVQOLN",1,0,1,Karmacigars,Karma Cigar Bar,801,638,2,2,2018
https://twitter.com/adage/status/959437545787535360,2018-02-02 14:45:11+00:00,959437545787535360,Dilly Dilly! @BudLight released its full #SuperBowl ad. https://t.co/IMThMc7jZD https://t.co/yWtEuyofrs,4,0,9,adage,Ad Age,1001874,73145,2,2,2018
https://twitter.com/AustinKarp/status/959436911348678657,2018-02-02 14:42:39+00:00,959436911348678657,Not sure which way to go with this one. @BettingDime has Over/Under for combined “Dilly-Dillys” in all @budlight Super Bowl commercials at 15.5. That's a lot of Dilly Dilly,1,2,0,AustinKarp,Austin Karp,13163,480,2,2,2018
https://twitter.com/BusinessInsider/status/959435500061732864,2018-02-02 14:37:03+00:00,959435500061732864,What 'Dilly Dilly' means — and how @BudLight came up with its viral campaign https://t.co/dpw1xl1ZJZ,12,3,35,BusinessInsider,Business Insider,3764932,413,2,2,2018
https://twitter.com/JonJRees/status/959422027550642177,2018-02-02 13:43:31+00:00,959422027550642177,"Dilly Dilly, Phil.  Dilly Dilly @budlight #budknight https://t.co/mdbYTQlGpf",1,0,3,JonJRees,Jonathan Rees,225,316,2,2,2018
https://twitter.com/KOCOShelby/status/959401535380828160,2018-02-02 12:22:05+00:00,959401535380828160,"If you don't think the best part of Groundhog Day in Punxsutawney was when everyone yelled ""Dilly, Dilly"" I don't know if we can be friends @budlight",1,9,15,KOCOShelby,Shelby Cashman,2608,732,2,2,2018
https://twitter.com/adage/status/959316734460051456,2018-02-02 06:45:07+00:00,959316734460051456,Dilly Dilly! @BudLight released its full #SuperBowl ad. https://t.co/azGaOb00cK https://t.co/xjIDkmVVPg,3,0,8,adage,Ad Age,1001874,73145,2,2,2018
https://twitter.com/JoshGBalla89/status/959301878726078469,2018-02-02 05:46:05+00:00,959301878726078469,Hey @budlight how many retweets do I need to get a year supply on beer.,1,0,0,JoshGBalla89,Josh Acuña Jr.,658,734,2,2,2018
https://twitter.com/lindzmc03/status/959284279074217984,2018-02-02 04:36:09+00:00,959284279074217984,@Swilly44 @CaraSottile @budlight She did have a sip of water💧,1,0,0,lindzmc03,Lindsay,69,404,2,2,2018
https://twitter.com/peepbullz33/status/959268247517396992,2018-02-02 03:32:27+00:00,959268247517396992,#PUBGXboxOne duos getting that chicken dinner folks come chill in the drinking stream #budlight!!  #SupportSmallStreamers  @PromoteGamers  @GamerRter  @ShoutGamers  @Small_Streamers  @SupStreamers  @TwitchSharing  @Retweet_Twitch https://t.co/jI2SGMpw4m,2,0,5,peepbullz33,jaydonnelly,156,232,2,2,2018
https://twitter.com/NBCSPatriots/status/959222354126684160,2018-02-02 00:30:05+00:00,959222354126684160,#SuperBowl sound presented by @budlight: @RobGronkowski breaks out his spanish for the Mexican Patriots fans 🇲🇽 #NotDone https://t.co/8UY1bNaXSP,1,0,5,NBCSPatriots,NBC Sports Boston's Patriots Coverage,11465,141,2,2,2018
https://twitter.com/NBCSBoston/status/959216895156211718,2018-02-02 00:08:23+00:00,959216895156211718,#SuperBowl sound presented by @budlight: Gronk explains why he's happy to be cleared from the concussion protocol https://t.co/fxD5J2NXBa,7,0,14,NBCSBoston,NBC Sports Boston,112570,278,2,2,2018
