url,Datetime,Tweet Id,Text,Retweet Count,Reply Count,Like Count,Username,Display Name,Followers Count,Friends Count,Day,Month,Year
https://twitter.com/StableMGMT/status/959931423397474304,2018-02-03 23:27:40+00:00,959931423397474304,"If you love the Budweiser Clydesdales, here's the ""behind the scenes"" of making their newest commercial. https://t.co/CM5aSxJbOE",1,0,0,StableMGMT,StableManagement,221,18,3,2,2018
https://twitter.com/MartinFreeze/status/959925303232647169,2018-02-03 23:03:21+00:00,959925303232647169,"Yo memo so light, Budweiser made a commercial about it. #dillydilly #YoMemoJokes",2,0,8,MartinFreeze,Marty Freeze,153,100,3,2,2018
https://twitter.com/nuggets/status/959924485657837572,2018-02-03 23:00:06+00:00,959924485657837572,"The safest way to get to or from Pepsi Center is even more economical for tonight’s game, courtesy of @Budweiser!  Details | https://t.co/9AS3ZTXcZY https://t.co/pffpurMzJr",1,0,12,nuggets,Denver Nuggets,1291410,1055,3,2,2018
https://twitter.com/JCC_Starguy/status/959920939239723011,2018-02-03 22:46:01+00:00,959920939239723011,"Yo memo so weak, Budweiser's gonna put it in cans and call it beer. #YoMemoJokes",2,1,7,JCC_Starguy,Jim Craig,251,195,3,2,2018
https://twitter.com/White_Versace/status/959916582062321664,2018-02-03 22:28:42+00:00,959916582062321664,BUDWEISER IS FOR THE PEOPLE STOP DRINKING MEXICAN BEER MY TIOS NEED WATER https://t.co/moPaG0pKPD,1,0,4,White_Versace,Thereal White Gurb,417,305,3,2,2018
https://twitter.com/Dial_adrink/status/959916313350148096,2018-02-03 22:27:38+00:00,959916313350148096,"Dial A Drink have you all covered throughout the night tonight. If you need us, call us 0852003555. #dialadrinkdublin #dialadrink #dialabeer #dublin #ireland #alcohol #beer #heineken #bulmers #coorslight #budweiser #vodka #southerncomfort #captainmorgan https://t.co/0sptIPHYMO",1,0,1,Dial_adrink,Dial A Drink Dublin,241,175,3,2,2018
https://twitter.com/SportsPageWV/status/959910821747920896,2018-02-03 22:05:48+00:00,959910821747920896,"🚨DON’T MISS SUPERBOWL WITH US!🚨 Prize giveaways throughout the game. 3 GRAND PRIZES FOR GIVEAWAY. 1. Jameson Corn Boards, Two Super Bowl Budweiser Lawn Chairs  2. Jameson Tent, Two Super Bowl Budweiser Lawn Chairs, Budweiser Duffle Bag 3. SAMSUNG FLAT SCREEN TV https://t.co/mDFTWQ5H8H",4,1,8,SportsPageWV,The Sports Page,5521,346,3,2,2018
https://twitter.com/gusisdead/status/959904063663083522,2018-02-03 21:38:57+00:00,959904063663083522,"Just witnessed a police motorcycle escort for three Budweiser 18wheelers in Covington, shit serious out here",1,0,6,gusisdead,gus,197,353,3,2,2018
https://twitter.com/USATODAY/status/959901862827786241,2018-02-03 21:30:12+00:00,959901862827786241,"“The Clydesdales are, and always will be, a big part of Budweiser’s history.”  https://t.co/nR2D8Q8hWS #SuperBowl",17,6,84,USATODAY,USA TODAY,4791339,923,3,2,2018
https://twitter.com/Rare_org/status/959893346201325568,2018-02-03 20:56:22+00:00,959893346201325568,“It seems odd that conservationists might have something to learn about animals from Budweiser.”  Go on... https://t.co/0JNUpZFlIM #SuperBowlAds,7,0,8,Rare_org,Rare,34433,22530,3,2,2018
https://twitter.com/LindaJo344/status/959888162574209025,2018-02-03 20:35:46+00:00,959888162574209025,"#BLM removing 1000's of #wildhorses in order to clear the way for #BigOil &amp; #Cattle using your Tax dollars is this Legal? Some chased to their death, removed from the only home they know. Shipped to captivity-  #SuperBowl2018 #Budweiser #animalrights https://t.co/b5HqROnE0l",70,4,13,LindaJo344,FreeSpirit ✌❤,1166,2327,3,2,2018
https://twitter.com/SteinbeckHull/status/959886968632041472,2018-02-03 20:31:01+00:00,959886968632041472,SUPER BOWL TOMORROW 🏈 Don't miss Budweiser pints for only £2.25 in happy hour 🍺 Tweet who's joining you to watch the big game! #TimeToPonyUp https://t.co/7e0bH20gVU,1,0,0,SteinbeckHull,Steinbeck & Shaw,249,197,3,2,2018
https://twitter.com/barandbeyondkin/status/959886954346184704,2018-02-03 20:30:58+00:00,959886954346184704,SUPER BOWL TOMORROW 🏈 Don't miss Budweiser pints for only £2.25 in happy hour 🍺 Tweet who's joining you to watch the big game! #TimeToPonyUp https://t.co/L8av29WehO,2,0,0,barandbeyondkin,Bar & Beyond King's,115,11,3,2,2018
https://twitter.com/SkylarGreyNews/status/959885829765255168,2018-02-03 20:26:30+00:00,959885829765255168,"""@SkylarGrey's #StandByMe Cover Commercial Collaboration w/ @BudweiserUSA - Live on @MegynTODAY/@TodayShow | Video"" :: https://t.co/rAXkrkVa3U f/ @NearaRussell #Budweiser #BenEKing #RedCross #TodayShow #MegynToday #cover #charity #disasterrelief #liveperformance #livemusic",5,0,3,SkylarGreyNews,SkylarGreyNews.com,584,252,3,2,2018
https://twitter.com/JaySinkie/status/959885169527283712,2018-02-03 20:23:52+00:00,959885169527283712,"""@SkylarGrey's #StandByMe Cover Commercial Collaboration w/ @BudweiserUSA - Live on @MegynTODAY/@TodayShow | Video"" :: https://t.co/Oo10J4pHb2 f/ @NearaRussell #Budweiser #BenEKing #RedCross #TodayShow #MegynToday #cover #charity #disasterrelief #liveperformance #livemusic",1,0,3,JaySinkie,Jay Sinkie,466,504,3,2,2018
https://twitter.com/wfryer/status/959883832219586561,2018-02-03 20:18:34+00:00,959883832219586561,[VIDEO] My favorite #SuperBowl #SuperBowl2018 commercial so far: Budweiser 2018 Super Bowl Commercial | “Stand By You” https://t.co/6ShmrumAuI #NaturalDisaster #SuperBowlAds,1,1,2,wfryer,"Wesley Fryer, Ph.D. 🌎🎙🚀 (he/him)",39132,34609,3,2,2018
https://twitter.com/LouHoffman/status/959881175094386688,2018-02-03 20:08:00+00:00,959881175094386688,Deconstructing the #Storytelling in Budweiser’s Legendary #SuperBowl Ad https://t.co/7HehuwBXSF,1,0,2,LouHoffman,Lou Hoffman,5979,3933,3,2,2018
https://twitter.com/AliciaAtout/status/959867149400424448,2018-02-03 19:12:16+00:00,959867149400424448,I love this hoodie. Thanks @Budweiser x @UnclexStudios! ❤🍻 https://t.co/JnyWkUMDU6,3,0,15,AliciaAtout,Alicia Atout,84986,4984,3,2,2018
https://twitter.com/IvanMenaTinoco/status/959865374572363776,2018-02-03 19:05:13+00:00,959865374572363776,#beercountry #bts #budweiser #beer somewhere in #grandcanyon a few weeks ago... #filmmaking #commercial #ad #clydesdales #horses @budweiserusa #ThisBudsForYou @MosaicNA vayner productions @Khaleed_Juma @aligmeyer https://t.co/zDNTxclSGp,1,0,3,IvanMenaTinoco,Ivan Mena-Tinoco,551,499,3,2,2018
https://twitter.com/3PercentConf/status/959855953930833920,2018-02-03 18:27:47+00:00,959855953930833920,"Last year, @Budweiser showed the importance of an immigrant’s narrative. But, it didn’t feature a single woman in it. Women drink beer, and not including them was a missed opportunity.  It fails the 3% Test. #3percentsb https://t.co/YGEugSBKyB",4,1,17,3PercentConf,The 3% Conference,23849,1487,3,2,2018
https://twitter.com/FunnyCostaki/status/959854154213666823,2018-02-03 18:20:38+00:00,959854154213666823,.@Budweiser has a #SuperBowl ad where they switch the taps in the factory and fill millions of cans with water for relief efforts. It’s not a stretch for them.  It’s just #BudLight.,6,5,43,FunnyCostaki,Costaki Economopoulos,46355,1158,3,2,2018
https://twitter.com/Lynnsinger8/status/959850587922710529,2018-02-03 18:06:27+00:00,959850587922710529,I just rated Blake Shelton - I Lived It on Q104KC! Help me get this song played more often! https://t.co/JQ6wU4ZOsu Powered by Budweiser! false,1,1,1,Lynnsinger8,Lynn singer,239,144,3,2,2018
https://twitter.com/IvanMenaTinoco/status/959848883143655424,2018-02-03 17:59:41+00:00,959848883143655424,"My latest ad ""Beer Country"" for Budweiser is in the top 3! #SuperBowl #Beer #Budweiser @budweiserusa https://t.co/sRqGpGRqYC",1,0,1,IvanMenaTinoco,Ivan Mena-Tinoco,551,499,3,2,2018
https://twitter.com/KimKendrick19/status/959848768534433794,2018-02-03 17:59:14+00:00,959848768534433794,@linky1964 @dastheblue @Bluesue180 @Julesywooooolsy @white_arrow_uk @Smileygirl19681 @westyisback @ZeStormIsHere @pick291 @sandieshoes @lorrainewatmou1 @BaconInfidel @jchr5667 @TheCleaner13 @BluehandArea @Nigel_Farage @1QueenAvatar1 @will_uncensored @realDonaldTrump @linky1964. I just choked on my budweiser then hahaha https://t.co/XrEf5L4b1a,1,1,1,KimKendrick19,What will you tell your Grandchildren,1126,1657,3,2,2018
https://twitter.com/_VINTAGEJEWELRY/status/959845722634899456,2018-02-03 17:47:08+00:00,959845722634899456,1985 #Budweiser #CLYDESDALE Busch A Series 3-D QUILTED Ceramarte Brazil #BEER #MUG | eBay #Tankard https://t.co/zaSoto6P9c https://t.co/9lbAx8xZTL,3,0,0,_VINTAGEJEWELRY,PLANT SALES Home Garden Pond Landscape,3115,3424,3,2,2018
https://twitter.com/FreeTheWavyMan/status/959840367867723776,2018-02-03 17:25:51+00:00,959840367867723776,@Ray_thewavyman I know I realize that. I remember this night now. I bet Adrian has a Budweiser in his hand,1,0,1,FreeTheWavyMan,Chris Wingate,1496,1193,3,2,2018
https://twitter.com/IvanMenaTinoco/status/959826186376437760,2018-02-03 16:29:30+00:00,959826186376437760,#beercountry #bts #budweiser #beer somewhere in #Elgin a few weeks ago... #filmmaking #commercial #ad #clydesdales #horses https://t.co/sDH4KOnpsw https://t.co/bEfCHCT8Dt,2,0,6,IvanMenaTinoco,Ivan Mena-Tinoco,551,499,3,2,2018
https://twitter.com/WSJbusiness/status/959824314228002818,2018-02-03 16:22:03+00:00,959824314228002818,The fan-favorite Clydesdales are getting sidelined from Budweiser’s Super Bowl commercial this year #SBLII  https://t.co/cMKLI104aO,1,2,0,WSJbusiness,WSJ Business News,1686901,395,3,2,2018
https://twitter.com/rexer25/status/959822096217100289,2018-02-03 16:13:15+00:00,959822096217100289,"@Fiery_Floridian Looks like one of those Budweiser spoofs for lessor heroes. ""Here's to you, Mr. Obfuscatory Memo Writer!""",1,0,0,rexer25,Rex Westerman,113,315,3,2,2018
https://twitter.com/LindaJo344/status/959813343937691649,2018-02-03 15:38:28+00:00,959813343937691649,@BLMWHB @SecretaryZinke #mustangs are a Symbol of An American Icon We Mustn't let Greed destroy them- current mismanagement needs to be addressed immediately  #AnimalRights #Budweiser #SuperBowl https://t.co/DM0JePtN1z,58,1,16,LindaJo344,FreeSpirit ✌❤,1166,2327,3,2,2018
https://twitter.com/AnheuserBuschCO/status/959809217560498177,2018-02-03 15:22:04+00:00,959809217560498177,"Tune in to the #SuperBowl action — and stay for the #superbowlcommercials to catch new ads from @Budweiser, @BudLight, @StellaArtois and @MichelobUltra. https://t.co/zASI268Bk4",2,0,1,AnheuserBuschCO,Anheuser-Busch Colorado,332,220,3,2,2018
https://twitter.com/austin360/status/959809129001955329,2018-02-03 15:21:43+00:00,959809129001955329,Remember when people saw the world-famous Budweiser Clydesdales in the Elgin area? About that. #SuperBowl ads with Texas ties: https://t.co/PCaPZrx8o9 https://t.co/oAeOLqa2yD,2,0,3,austin360,Austin 360,254336,8654,3,2,2018
https://twitter.com/epenniman/status/959807068936065025,2018-02-03 15:13:32+00:00,959807068936065025,"Thank you, @SkylarGrey for your beautiful and inspiring song in support of the @RedCross! @Budweiser 🏈 https://t.co/t0Lf9EXpzW",2,0,4,epenniman,Elizabeth Penniman,1514,2251,3,2,2018
https://twitter.com/HankMorse/status/959791190009839616,2018-02-03 14:10:26+00:00,959791190009839616,My #alltimefavorite @SuperBowl commercials! https://t.co/9tEIUliWrh @lorenandwally @1057WROR @Budweiser @Reebok https://t.co/823sTEaApL,3,1,5,HankMorse,Hank Morse,3102,4938,3,2,2018
https://twitter.com/Jim_Udder/status/959789856347041798,2018-02-03 14:05:08+00:00,959789856347041798,If you stare at this truck in direct sunlight your Budweiser gets warm and your wife starts nagging you about that promotion at work until you get back to the trailer park. https://t.co/UIa8YZsY1i,2,0,12,Jim_Udder,Hooptie King,1744,718,3,2,2018
https://twitter.com/welliwagner/status/959789402745659392,2018-02-03 14:03:20+00:00,959789402745659392,"@youngalask4 To namorando a budweiser, amante da skol beats",1,1,2,welliwagner,wellington,3748,2447,3,2,2018
https://twitter.com/pro360tb/status/959779439252066304,2018-02-03 13:23:44+00:00,959779439252066304,How the Budweiser Clydesdales Will Make an Appearance During the Super Bowl https://t.co/1hKXyNpp3h,6,0,8,pro360tb,Pro360Thoroughbred,1568,4497,3,2,2018
https://twitter.com/martechismktg/status/959769720646963200,2018-02-03 12:45:07+00:00,959769720646963200,"[Updated] The big list of Super Bowl LII ads: @Amazon, @M&amp;Ms, @Budweiser &amp; more offer sneak peeks of game day spots https://t.co/tqMRoAfCLE https://t.co/Vi9vX4gZ6Y",9,0,2,martechismktg,MarTech,206303,1006,3,2,2018
https://twitter.com/Lord_Rob83/status/959764114984914944,2018-02-03 12:22:51+00:00,959764114984914944,This weekend 😀 @btsportfootball @SkySports @DavisCup @SixNationsRugby @itvracing @SkySportsBoxing and then 2 finish the weekend off @SuperBowl #winning #Inmychair #beer @Budweiser #pizza @PapaJohns https://t.co/MEOvkEjIAJ,1,0,0,Lord_Rob83,Lord Rob 🇬🇧™,2541,2842,3,2,2018
https://twitter.com/DinoFallsGolf/status/959750822794940417,2018-02-03 11:30:02+00:00,959750822794940417,"Bring your loved one to DinoFalls for a date night with a Jurassic twist!  From 9th - 18th February, say “I Love Dinosaurs” at the desk on payment to get a FREE Budweiser or glass of Prosecco for any adult! Find out more: https://t.co/qL34AGcAvW https://t.co/8CMrzjn70w",1,0,1,DinoFallsGolf,Dino Falls Adventure Golf,693,653,3,2,2018
https://twitter.com/its_mohitd/status/959738229745360896,2018-02-03 10:39:59+00:00,959738229745360896,@BudweiserIndia @alt_J live at #Supersonic2018  while sipping Budweiser @BudweiserIndia with my #BudSuperGroup  is how I love to chill. @Vh1Supersonic @nitin_cul @shubhamvijan @yashvig009 @jignesh_wasan https://t.co/6uJm3g4xCS,2,0,3,its_mohitd,Mohit 📚,434,352,3,2,2018
https://twitter.com/ethicalgourmet/status/959732131621720066,2018-02-03 10:15:45+00:00,959732131621720066,"The Cocktail Show will take place on Sat, April 14th from 3pm-11pm at Budweiser Gardens. Attendees will have drinks prepared by world-class mixologists &amp; the opportunity to discuss different cocktail varieties with brand ambassadors &amp; learn from experts in the field of mixology. https://t.co/8Ye7k5OsGf",1,0,0,ethicalgourmet,Bryan Lavery,3047,1991,3,2,2018
https://twitter.com/SuckerPunchEnt/status/959700454245576704,2018-02-03 08:09:53+00:00,959700454245576704,SuckerPunch inks endorsement deal with @budweiser and @ufc champ @blessedMMA #represented... https://t.co/pQBJagUudM,3,4,26,SuckerPunchEnt,SuckerPunch,6657,257,3,2,2018
https://twitter.com/MMAWeeklycom/status/959666510376644610,2018-02-03 05:55:00+00:00,959666510376644610,UFC champ Max Holloway inks endorsement deal with Budweiser  #UFC @BlessedMMA @SuckerPunchEnt  ➡️➡️ https://t.co/iNlAITBz6x https://t.co/I6kphXItrM,3,0,14,MMAWeeklycom,MMAWeekly,154440,1375,3,2,2018
https://twitter.com/_ptseduarda/status/959654172739145728,2018-02-03 05:05:58+00:00,959654172739145728,a Budweiser,2,1,0,_ptseduarda,soy el diablo,2027,696,3,2,2018
https://twitter.com/SustainBrands/status/959636564295999488,2018-02-03 03:56:00+00:00,959636564295999488,.@Budweiser's decision to use #RenewableEnergy across its #Brewing operations is expected to reduce CO2 emissions by approximately 400k tons ANNUALLY. Cheers to that! 🍻 https://t.co/xritosHfA4,3,0,10,SustainBrands,Sustainable Brands,97707,7669,3,2,2018
https://twitter.com/NikkieBamBam/status/959635390029320192,2018-02-03 03:51:20+00:00,959635390029320192,Wait. FB is getting a Super Bowl ad? 😨 I just realized they liked my tweet earlier about it and the Budweiser tweet makes sense now,2,0,0,NikkieBamBam,Empress,1211,161,3,2,2018
https://twitter.com/gwenblakeinfo/status/959626682310172673,2018-02-03 03:16:44+00:00,959626682310172673,📸 Feb. 8 II #gwenstefani and #tonykanal at William Morris Agency/Budweiser Grammys afterparty [x17] https://t.co/4N8lkwVqAZ https://t.co/zT3RTvoHcy,2,1,7,gwenblakeinfo,Nicole,3809,700,3,2,2018
https://twitter.com/MKorn19/status/959619554686234629,2018-02-03 02:48:25+00:00,959619554686234629,(August 2017) *Slightly buzzed social media manager for Budweiser sees an opportunity to make waves.* (February 2018) *Incredibly drunk social media manager for Budweiser fears for job.* https://t.co/Db3fzpTCZ2,1,3,21,MKorn19,mkorn,3849,2723,3,2,2018
https://twitter.com/eflow_egiap/status/959617598722801664,2018-02-03 02:40:39+00:00,959617598722801664,we’re drinking Budweiser and listening to Scotty Doesn’t Know on repeat tonight ladies,1,0,6,eflow_egiap,paige (taylor’s version),562,395,3,2,2018
https://twitter.com/AxelMedellin/status/959613095269228544,2018-02-03 02:22:45+00:00,959613095269228544,TLIID 377. This #Budweiser is for #Frog #Thor by yours truly https://t.co/q0tSisyWiX #MarvelComics https://t.co/kTqzO0A4SM,1,0,2,AxelMedellin,Axel Medellin,1394,541,3,2,2018
https://twitter.com/UtahGrizzBC/status/959608835890561024,2018-02-03 02:05:49+00:00,959608835890561024,How to follow tonight's game in Boise against the Idaho Steelheads: ⏰: 7:00 PM MT 📍: Budweiser Events Center 📻: KSOP 1370 📺: @ECHL TV 📱: @GrizzliesVoice/@UtahGrizz/@UtahGrizzBC/@TysonOnSports,1,0,0,UtahGrizzBC,Growlin' Grizzlies Booster Club,348,191,3,2,2018
https://twitter.com/i24NEWS_EN/status/959604253277982722,2018-02-03 01:47:37+00:00,959604253277982722,"You don't want to be the first #Pepsi or #Budweiser exec to say 'we won't have a #SuperBowl commercial this year' - for some brands it's a 'defensive' move, marketing expert Hilary Fordwich tells @TalHeinrich https://t.co/o0gpgGX3B8",2,1,5,i24NEWS_EN,i24NEWS English,66934,116,3,2,2018
https://twitter.com/pro360tb/status/959597316436119552,2018-02-03 01:20:03+00:00,959597316436119552,"Budweiser's Clydesdales won't be in Super Bowl ad, will you miss them? #SuperBowl  https://t.co/GBEBgN2gZo https://t.co/DowEaN8Ql0",1,0,5,pro360tb,Pro360Thoroughbred,1568,4497,3,2,2018
https://twitter.com/DamonMartin/status/959596663714217985,2018-02-03 01:17:27+00:00,959596663714217985,UFC champ Max Holloway inks endorsement deal with Budweiser  #UFC @BlessedMMA @SuckerPunchEnt  ➡️➡️ https://t.co/FD1pjAbOWf https://t.co/C12DBpV2WV,11,2,56,DamonMartin,Damon Martin,41162,2189,3,2,2018
https://twitter.com/_HorsesForLife/status/959588270861639682,2018-02-03 00:44:06+00:00,959588270861639682,"🐴🇺🇸 By popular demand, Budweiser is featuring the Clydesdales in a special film + more! #Horses #SuperBowl https://t.co/Db8q8yXuiN",4,1,10,_HorsesForLife,Horses For Life Foundation,6388,4790,3,2,2018
https://twitter.com/ThomasKnapp_4/status/959584943339958279,2018-02-03 00:30:53+00:00,959584943339958279,I'm only fired up for the Budweiser commercial this year #SBLII #pleasebepuppiesandhorses,1,0,5,ThomasKnapp_4,Mullet Knapp,444,205,3,2,2018
https://twitter.com/buttyholly1/status/959582769503440896,2018-02-03 00:22:15+00:00,959582769503440896,Week one of my new job is finished. I ordered pizza on the way home and picked up a 6 pack of Budweiser. As soon as the beer is gone I'm going to bed.,1,0,4,buttyholly1,Everyone Knows It's Wendy,1638,1309,3,2,2018
https://twitter.com/pokejungle/status/959578402259795968,2018-02-03 00:04:53+00:00,959578402259795968,@IGN FCC requires disclosure of how much Budweiser paid you to advertise them,1,1,7,pokejungle,PokéJungle: Gen IX,136022,1449,3,2,2018
https://twitter.com/KarlShowbiz/status/959568371678359552,2018-02-02 23:25:02+00:00,959568371678359552,.@budweiser The #King of #Beers #StLouis #STL #Missouri #Clydesdales https://t.co/djqTT1pEcA https://t.co/9fxddO3zdw,2,0,1,KarlShowbiz,Karl Showbiz,5106,5605,2,2,2018
https://twitter.com/BonusFPL/status/959567527411109888,2018-02-02 23:21:41+00:00,959567527411109888,"Here’s one for you all - Can we all agree Budweiser + Desperados are two overrated, awful beers? Or is that a sin?",1,11,21,BonusFPL,FPL Bonus Points,21082,40,2,2,2018
https://twitter.com/SylviaObell/status/959550003307040769,2018-02-02 22:12:03+00:00,959550003307040769,"Omg this is like the Budweiser ""wassup"" superbowl ad but for women of color https://t.co/Fylk0A1zyq",186,4,441,SylviaObell,Sylvia,49035,3249,2,2,2018
https://twitter.com/jdsgiftshack/status/959549529656840192,2018-02-02 22:10:10+00:00,959549529656840192,Pre Owned Retro Red &amp; Gold Budweiser Emblem Belt Buckle https://t.co/Zk4tsv1nFj,1,0,0,jdsgiftshack,JDsPromotions,11297,11462,2,2,2018
https://twitter.com/FoxBusiness/status/959542715015983104,2018-02-02 21:43:05+00:00,959542715015983104,Budweiser just released its Super Bowl LII ad: Here's a look #SBLII https://t.co/5oP8zvqILC,1,1,13,FoxBusiness,FOX Business,838697,390,2,2,2018
https://twitter.com/ModernWallSt/status/959541769489846272,2018-02-02 21:39:19+00:00,959541769489846272,Not the best way to close out the trading week BUT w. @budlight on-location at @nyse to ring the Closing Bell 🛎 to kick off @SuperBowl 52 #DillyDilly Perhaps a relaxing weekend of sport 🏈 food &amp; @Budweiser will fuel a Dow rebound next week $BUD #media #thisbudsforyou #superbowl https://t.co/ISM3nplAKL,2,0,2,ModernWallSt,Modern Wall Street,2889,290,2,2,2018
https://twitter.com/socialgood/status/959540803835187203,2018-02-02 21:35:29+00:00,959540803835187203,Budweiser and Stella Artois devote their Super Bowl ads to clean water efforts https://t.co/rjr57JyZQy https://t.co/CC5gxYi5xq,3,0,4,socialgood,Social Good,85334,476,2,2,2018
https://twitter.com/geekwire/status/959534636085886976,2018-02-02 21:10:59+00:00,959534636085886976,Top 5 ads before Super Bowl kickoff: Amazon hangs with the big-game brands like Budweiser https://t.co/QuoyIl9haG,4,0,5,geekwire,GeekWire,169059,3289,2,2,2018
https://twitter.com/SportSXMichelle/status/959531601569890304,2018-02-02 20:58:55+00:00,959531601569890304,Budweiser Clydesdale Puppy Love Super Bowl 2014 Commercial https://t.co/IHZ8CqDibH via @YouTube. #PuppyBowl,1,1,2,SportSXMichelle,SportSXMichelle,3750,3271,2,2,2018
https://twitter.com/gdinges/status/959530617816920064,2018-02-02 20:55:01+00:00,959530617816920064,"Super Bowl ads with Texas ties: H-E-B, Shiner, avocados, Budweiser https://t.co/mfXpyjCu7m #SuperBowl https://t.co/nj4yfFlWsh",1,0,0,gdinges,Gary Dinges,10446,6638,2,2,2018
https://twitter.com/iAktiniumTTV/status/959527827656925184,2018-02-02 20:43:55+00:00,959527827656925184,@YaaBoiiTkill Right lol idk why she didn’t like her Budweiser shower 🚿 probably cleanest she’s ever been,1,1,1,iAktiniumTTV,Brandon M.J Williams,1052,955,2,2,2018
https://twitter.com/vizzyv2dope/status/959526346564173824,2018-02-02 20:38:02+00:00,959526346564173824,“King of Threads” @tooWiseclothing #GraphicDesign #Budweiser https://t.co/AAuZIb20CD,1,0,3,vizzyv2dope,Vizzy-V,123,187,2,2,2018
https://twitter.com/PrideMarkets/status/959520355596500992,2018-02-02 20:14:14+00:00,959520355596500992,Catch these super beer deals! https://t.co/5ixpYh8Ckq #beer #beeroclock #SuperBowl2018 #SuperBowl #Budweiser https://t.co/uc5El633wZ,1,0,0,PrideMarkets,Pride,917,149,2,2,2018
https://twitter.com/YutongBree/status/959520002616545280,2018-02-02 20:12:50+00:00,959520002616545280,"@BillySchumach12 I totally agree with you. I really like Budweiser ads. A touching story and simple advertising words attract me, especially the main character of the advertisement is animal, I like animals very much. #sthm3224 #group4",1,0,1,YutongBree,Yutong Chen,2,8,2,2,2018
https://twitter.com/TheGoodShopping/status/959514617201483777,2018-02-02 19:51:26+00:00,959514617201483777,"Global beer giant, @Budweiser, is set to celebrate the company’s 100% clean energy commitment with new labelling to help promote #RenewableEnergy https://t.co/lNiqUYGZct #CSR #renewables #beer",1,0,1,TheGoodShopping,The Good Shopping Guide,4503,1264,2,2,2018
https://twitter.com/Poynter/status/959509979291049985,2018-02-02 19:33:00+00:00,959509979291049985,What the Budweiser and PETA Super Bowl ads can teach you about video storytelling https://t.co/pGknNLcphK,2,0,8,Poynter,Poynter,221651,2032,2,2,2018
https://twitter.com/SkylarGreyNews/status/959505229300555776,2018-02-02 19:14:08+00:00,959505229300555776,"""@SkylarGrey's #StandByMe Cover Commercial Collaboration w/ @BudweiserUSA - Official Visual | Video"" :: https://t.co/bmFRfYkuCW f/ @DanielCarberry #Budweiser #BenEKing #RedCross #cover #charity #disasterrelief #musicvideos #musicvideo",4,0,3,SkylarGreyNews,SkylarGreyNews.com,584,252,2,2,2018
https://twitter.com/JaySinkie/status/959504622581886979,2018-02-02 19:11:43+00:00,959504622581886979,"""@SkylarGrey's #StandByMe Cover Commercial Collaboration w/ @BudweiserUSA - Official Visual | Video"" :: https://t.co/6RDUXHmM6I f/ @DanielCarberry #Budweiser #BenEKing #RedCross #cover #charity #disasterrelief #musicvideos #musicvideo",2,0,1,JaySinkie,Jay Sinkie,466,504,2,2,2018
https://twitter.com/BrianButler_Au/status/959503803807608832,2018-02-02 19:08:28+00:00,959503803807608832,Excited to officially announce the partnership between @blessedmma and budweiser #kingofbeers… https://t.co/1wEcXiRJLB,1,0,5,BrianButler_Au,Brian Butler-Au,4611,415,2,2,2018
https://twitter.com/sammodibz/status/959503713583890437,2018-02-02 19:08:06+00:00,959503713583890437,“Hi is this the Department of Public Safety?” “No this is Budweiser”,1,0,14,sammodibz,Sam,1050,394,2,2,2018
https://twitter.com/rusty_shackles/status/959494444046258177,2018-02-02 18:31:16+00:00,959494444046258177,It’s funny Budweiser has a Super Bowl ad about their canned water and I’m like “yeah I know I’ve drank your beer before”,1,4,15,rusty_shackles,Beloved Internet Artist Rusty Shackles,4505,3288,2,2,2018
https://twitter.com/BarstoolBigCat/status/959492293882449920,2018-02-02 18:22:44+00:00,959492293882449920,"Really fun interview with @joethomas73 on today’s PMT. Plus we scripted Budweiser’s Super Bowl commercial that always makes you cry a little. Subscribe and Download, do your job —-&gt; https://t.co/htoaCr8KQG https://t.co/FJVZ8ZpCBS",6,3,107,BarstoolBigCat,Big Cat,1500340,3753,2,2,2018
https://twitter.com/jeepgirl77/status/959492200513105920,2018-02-02 18:22:21+00:00,959492200513105920,THANK YOU @Budweiser for including #PuertoRico in this. They are our fellow citizens but they have been so overlooked. | Budweiser 2018 Super Bowl Commercial | “Stand By You” https://t.co/OcfN0B8Kgi  via @YouTube,1,0,3,jeepgirl77,The Oklahoma Kid (is living in a theocracy)🐾,2492,2357,2,2,2018
https://twitter.com/GrantsFarm/status/959488159049543685,2018-02-02 18:06:18+00:00,959488159049543685,"Come meet your favorite Big Game superstars, the Budweiser Clydesdales, when we open our doors on April 14. And there’s still time to join our winning team. Apply Now! https://t.co/fj05EaVJo1 https://t.co/YQgdViJ7fA",1,0,6,GrantsFarm,Grant's Farm,4704,189,2,2,2018
https://twitter.com/MarshaCollier/status/959487124876726272,2018-02-02 18:02:11+00:00,959487124876726272,Budweiser 'Puppy Love' Named the Best #SuperBowl Ad Meter Winner of All Time https://t.co/8ACJ8zFzBU https://t.co/Byg1BioG2g,8,0,11,MarshaCollier,Marsha Collier,234950,72165,2,2,2018
https://twitter.com/OxLanguages/status/959486591965245441,2018-02-02 18:00:04+00:00,959486591965245441,"Made famous by a Budweiser commercial in the late 90s and early 2000s, wassup (or whassup) as a colloquial pronunciation of 'what’s up' has written evidence from almost a century earlier...  https://t.co/YBGS0sFFk6",11,2,22,OxLanguages,Oxford Languages,316237,1544,2,2,2018
https://twitter.com/IvanMenaTinoco/status/959485325973241861,2018-02-02 17:55:02+00:00,959485325973241861,#beercountry #bts #budweiser #beer early in the morning somewhere in Texas a few weeks ago... #filmmaking #commercial #ad #clydesdales https://t.co/ViNRQrmOcT,1,1,1,IvanMenaTinoco,Ivan Mena-Tinoco,551,499,2,2,2018
https://twitter.com/RidleyScottCG/status/959480246264147968,2018-02-02 17:34:51+00:00,959480246264147968,"Which spot was runner up to Jake Scott's ""Puppy Love"" in @USAToday's AdMeter 30th Anniversary Bracket? His own, ""Brotherhood,"" also directed for @budweiser! More of our other favorites #SuperBowl spots: https://t.co/tDpszKDksV https://t.co/X3rR3pD53T",2,0,9,RidleyScottCG,Ridley Scott Creative Group,23238,519,2,2,2018
https://twitter.com/cjkrier/status/959479430677606400,2018-02-02 17:31:37+00:00,959479430677606400,"Russell Wilson tried hocking concussion water, Tom Brady is going on about his glove with “recovery properties”, and everyone was up in arms when PFM said Budweiser. Gimme beer guy every time.",2,0,8,cjkrier,Chris,1849,1373,2,2,2018
https://twitter.com/ProMarkDirect/status/959474604371791872,2018-02-02 17:12:26+00:00,959474604371791872,"#Budweiser scores big with 2018 #SuperBowl #advertising theme. Clydesdales, intro 1933 #flashbackfriday, are retiring and new #marketing focuses on social consciousness featuring AB employees helping w/hurricane relief. https://t.co/7E1BqGNAPd  #promarkdirect #bergencounty #NJ",1,0,0,ProMarkDirect,promarkdirect,153,764,2,2,2018
https://twitter.com/hellofelicia14/status/959470740696420354,2018-02-02 16:57:05+00:00,959470740696420354,"Budweiser must believe the world will end if they don't put animals in their commercials: dogs, frogs, Clydesdales....   Sure, these say ""beer"" to me #BigGameSuperstitions https://t.co/8kemMG4Eeh",3,0,6,hellofelicia14,Hello Felicia Fuming At SCOTUS,5527,5118,2,2,2018
https://twitter.com/sandtcec/status/959469754070261760,2018-02-02 16:53:10+00:00,959469754070261760,Great to see a pair of @MinerAlumni featured at the pinnacle of pop culture and pro sports this weekend: Kevin Fahrenkrog of @abinbev in #ChemicalEngineering and #CivilEngineer Gary White from @Water.org @SuperBowl @StellaArtois @Budweiser #ThisBudsForYou https://t.co/P8cOann0co,3,0,2,sandtcec,S&T College of Engineering and Computing,1081,347,2,2,2018
https://twitter.com/ParkerPolice/status/959468239095934976,2018-02-02 16:47:08+00:00,959468239095934976,"Looking for witnesses of Lincoln &amp; Jordan accident at  6:15 a.m. Accident involved eastbound Budweiser semi &amp; westbound silver Chevy sedan. Case #2018-000526, Please contact Officer Rebecca Smith at rsmith@parkeronline.org or call at 303.981.1578 with any information. https://t.co/diUvmvhA3N",8,1,6,ParkerPolice,Parker Police Dept.,12807,215,2,2,2018
https://twitter.com/tweetboeren/status/959464758909992960,2018-02-02 16:33:19+00:00,959464758909992960,@djpbut @Ferrari_SEB5 @86danaaa86 @natskat @leo_shane @deanjones225 @GayanF1 @SelineOK @nickyfox22 @timwagner66 @LadyVettel @RebeccaCann6 @MadForLeclerc90 @4378cah @yamatoJB22 @SirJamesVino @JassFm19 @1972Boro @richardrodijnen 😂👍 Whoom a circle of Budweiser https://t.co/8y19wMd5xz,1,2,3,tweetboeren,Tweetboeren,1389,1930,2,2,2018
https://twitter.com/nudd/status/959464604630945793,2018-02-02 16:32:42+00:00,959464604630945793,"The best ad on the Super Bowl. 2011: Volkswagen ""The Force"" 2012: Chrysler ""Halftime in America"" 2013: RAM ""Farmer"" 2014: Budweiser ""Puppy Love"" 2015: Always ""Like a Girl"" 2016: Jeep ""Portraits"" 2017: 84 Lumber ""The Journey"" 2018: ?",68,23,211,nudd,Tim Nudd,18337,3255,2,2,2018
https://twitter.com/Bonnie_Bolden_/status/959458796899840006,2018-02-02 16:09:37+00:00,959458796899840006,Budweiser Clydesdales will make West Monroe beer deliveries https://t.co/REaWjx9zhp,1,0,0,Bonnie_Bolden_,Bonnie Bolden,1222,4989,2,2,2018
https://twitter.com/PittsburghNerd/status/959454617309470720,2018-02-02 15:53:01+00:00,959454617309470720,This week we talk about how micro brews and wine drinkers are hurting Budweiser's bottom line and so much more  #PodernFamily #PodEcho #PodGenie https://t.co/Jn8fBbeWHK,4,0,5,PittsburghNerd,Pittsburgh Nerd Podcast,9319,8650,2,2,2018
https://twitter.com/bwbDennis69/status/959453852503347200,2018-02-02 15:49:58+00:00,959453852503347200,"Time for my #SuperBowl pick. I binge watched the whole season last night.  #NewEnglandPatriots 35, #PhiladelphiaEagles 21.  Commerical of the year: The #Budweiser #clydesdale's commericial where the #WalkingDead zombies are eating them. #PodernFamily what say you?",1,0,3,bwbDennis69,This Account is Generational,2129,1256,2,2,2018
https://twitter.com/TigNotaro/status/959451975556493312,2018-02-02 15:42:31+00:00,959451975556493312,The other day I was drinking a Budweiser while wearing a Budweiser t-shirt... I couldn’t help but think “I’m turning into my mother.”,2,2,138,TigNotaro,Eunisses Hernandez,189176,5972,2,2,2018
https://twitter.com/ReadOctober/status/959450376574562310,2018-02-02 15:36:10+00:00,959450376574562310,"From @Budweiser's Whassup? commercial to the John Madden’s @MillerLite Train, we revisited iconic Super Bowl Sunday beer commercials as we gear up for the Big Game with the @Eagles and @Patriots https://t.co/QyEz8kZyNE",1,0,2,ReadOctober,OCTOBER,3770,483,2,2,2018
https://twitter.com/ahampp/status/959445843622416387,2018-02-02 15:18:09+00:00,959445843622416387,"My latest for @Variety - Super Bowl synchs are up as much as 25% in revenue for top publishers as big brands like Amazon, Doritos &amp; Budweiser bet big on well-known hits https://t.co/7RlUhsMjW1",6,1,7,ahampp,Andrew Hampp,6096,3754,2,2,2018
https://twitter.com/Cody_Rohlfing/status/959444830924439552,2018-02-02 15:14:07+00:00,959444830924439552,When Budweiser did more for Puerto Rico than the President of the United States: https://t.co/nHQMkj7Vjk,1,0,1,Cody_Rohlfing,Kanye Midwest,556,1564,2,2,2018
https://twitter.com/S83865267Monica/status/959442215645958144,2018-02-02 15:03:44+00:00,959442215645958144,@MartinB45719553 @bdclq Was that Maxine Waters? Would be a great Super Bowl commercial for Budweiser!,1,0,3,S83865267Monica,Monica Stewart,2557,3268,2,2,2018
https://twitter.com/Poynter/status/959442032178683904,2018-02-02 15:03:00+00:00,959442032178683904,What the Budweiser and PETA Super Bowl ads can teach you about video storytelling https://t.co/pGknNLu0Gk https://t.co/VWjxfeQRo6,6,0,8,Poynter,Poynter,221651,2032,2,2,2018
https://twitter.com/budweiserstage/status/959441283856064514,2018-02-02 15:00:02+00:00,959441283856064514,Tickets are now on sale for the 2018 Country Megaticket Presented by Budweiser – your season pass to all the great country shows coming to our stage this summer! Packages are only available until March 5 – don’t miss out: https://t.co/wiZJ8isMtI https://t.co/Jow5fqlGAc,10,2,26,budweiserstage,Budweiser Stage,23337,821,2,2,2018
https://twitter.com/IvanMenaTinoco/status/959439512869920768,2018-02-02 14:53:00+00:00,959439512869920768,"Beer Country, the ad I have directed for Budweiser is the first one of the list! #SuperBowl #Budweiser https://t.co/AbKhvJQcuT",2,2,6,IvanMenaTinoco,Ivan Mena-Tinoco,551,499,2,2,2018
https://twitter.com/GreenSportsBlog/status/959437822351544320,2018-02-02 14:46:16+00:00,959437822351544320,Happy Ground Hog Day! Budweiser and Stella Artois 2 air green-themed ads on @NBCSports  @super_bowl_LII broadcast Sunday. Will the @NFL join green ad party by promoting its good works at the Big Game? It should. https://t.co/UfYL2yMja9 #greensports #ActOnClimate #CoverGreenSports https://t.co/ucUalxrmE9,2,1,3,GreenSportsBlog,Lewis Blaustein,2416,1698,2,2,2018
https://twitter.com/Glock_94/status/959435057025908736,2018-02-02 14:35:17+00:00,959435057025908736,Budweiser has to got to be the most disgusting beer there is out there. Don't @ me,1,0,2,Glock_94,Chris Gowanlock,808,1437,2,2,2018
https://twitter.com/RailwaySouthend/status/959433800521605120,2018-02-02 14:30:18+00:00,959433800521605120,"After 10 yrs of expensive beer, we finally negotiated a discount from the brewery &amp;now hav 2 cheaper lagers - Budweiser @£3.50 &amp; Becks at £3.80. Not Wetherspoons prices, but a bit more like it. Look out 4 Happy Hour/food deals in the coming weeks. New lease, new deal, new rose.x https://t.co/UeDCBapRNb",1,0,11,RailwaySouthend,The Railway Hotel,2173,2009,2,2,2018
https://twitter.com/valenzine/status/959432635696152577,2018-02-02 14:25:40+00:00,959432635696152577,Your life: brought to you by Budweiser https://t.co/v7Gn0KZxhX Timeless article by @aza,1,0,0,valenzine,Valentín Muro,28317,686,2,2,2018
https://twitter.com/stopguninsanity/status/959431557109907456,2018-02-02 14:21:23+00:00,959431557109907456,RT @cowboytexas: 2017: Budweiser Just Trolled Trump With This Amazing Super Bowl Ad https://t.co/JeBexxCZ5F via @anteksiler #FBR #UniteBlue #Resist #VetsResistSupportSquadron #TheResistance #BlueWave2018,3,0,2,stopguninsanity,#milliontweetmarch,2077,3694,2,2,2018
https://twitter.com/farmbroke/status/959429909012799489,2018-02-02 14:14:50+00:00,959429909012799489,"@StuCowan1 @jacktodd46 so here's the scam, Duracell in an effort to promote lasting batteries teamed up with Budweiser Goal lights for Habs, Resulting in longer life because they never go on. #plslightcomeon",1,1,4,farmbroke,lostfarmer,58,340,2,2,2018
https://twitter.com/HysterEurope/status/959428221916909568,2018-02-02 14:08:08+00:00,959428221916909568,We were honoured to see a fleet of @hysteramericas #forklift trucks operating at the #Budweiser plant on a pre #Superbowl2018 advert. https://t.co/3ZzpS4kxpO https://t.co/9j0joyYWuD,14,1,17,HysterEurope,Hyster Europe,22655,748,2,2,2018
https://twitter.com/NASCARMemories/status/959419072017412097,2018-02-02 13:31:46+00:00,959419072017412097,Bill Elliott and Junior Johnson pose alongside of the Budweiser Clydesdales during the 1992 Winston Cup season. https://t.co/B0qriCYi9x,38,3,264,NASCARMemories,NASCAR Memories,45498,2845,2,2,2018
https://twitter.com/logisticsviewpt/status/959414216972267522,2018-02-02 13:12:29+00:00,959414216972267522,"This Week in Logistics News @Amazon @UPS @FedEx, @Target @Shipt @Zara  @thyssenkrupp @nikolamotor @Budweiser @AnheuserBusch @abinbev #SuperBowl #ThisBudsForYou #Autonomous #lastmile #robots #windpower   https://t.co/CxJwN2VQg8 https://t.co/pE8aqQPJUk",1,0,1,logisticsviewpt,Logistics Viewpoints,23774,307,2,2,2018
https://twitter.com/skylargrey_ita/status/959411162910773250,2018-02-02 13:00:20+00:00,959411162910773250,#StandByMe - Watch the Video here https://t.co/PNpOdWAkUA   #SkylarGrey #Budweiser #SuperBowl2018  #teamGrizzle,1,0,3,skylargrey_ita,Skylar Grey Italia,277,96,2,2,2018
https://twitter.com/arcequine/status/959411139611422720,2018-02-02 13:00:15+00:00,959411139611422720,Friday Fun!  The wait is over for the new Budweiser advert featuring the company’s iconic Clydesdale horses. https://t.co/kDQf0K75cC,1,0,1,arcequine,ArcEquine,2537,4145,2,2,2018
https://twitter.com/britnywilkerson/status/959381227005464576,2018-02-02 11:01:23+00:00,959381227005464576,"With @Budweiser's new #ecolabel, you can find beer brewed with 100% #RenewableEnergy. #cheers #bottomsup https://t.co/heZ0hUWF4w https://t.co/3dxsvvVOQC",1,0,4,britnywilkerson,Brittany Wilkerson,972,1370,2,2,2018
https://twitter.com/Donohues/status/959380566226415616,2018-02-02 10:58:46+00:00,959380566226415616,"Pre Party Super Sunday. Meet former Patriot, join Budweiser and 98.5 for great prizes and… https://t.co/XXFiM2Qe6T",1,0,1,Donohues,Donohues,758,82,2,2,2018
https://twitter.com/TheGlobalGoals/status/959372381776220160,2018-02-02 10:26:14+00:00,959372381776220160,"What a week we had in @ArcticDavos, &amp; it’s thanks to all our partners who made it possible. @EvianWater, @The2030Vision &amp; @Budweiser have an exciting year ahead, launching various initiatives towards achieving the #GlobalGoals – and we are delighted to be working with them. 💫 https://t.co/tb11Qrh27x",5,0,20,TheGlobalGoals,The Global Goals,144525,1941,2,2,2018
https://twitter.com/GenoRadio/status/959333560984461313,2018-02-02 07:51:59+00:00,959333560984461313,This guy at karaoke night in #Ybor deserves one of those old Budweiser we salute you commercials. We salute you Mr “F It I’m Doing The Macarena.” https://t.co/6yVE1HQwuF,2,1,8,GenoRadio,Geno from Q105,11205,4642,2,2,2018
https://twitter.com/brodbeck750/status/959309282779873280,2018-02-02 06:15:30+00:00,959309282779873280,Budweiser 2018 Super Bowl Commercial | “Stand By You” https://t.co/nyB39MY2wM via @YouTube,1,0,1,brodbeck750,Sharon,618,181,2,2,2018
https://twitter.com/nuggets/status/959309121135656960,2018-02-02 06:14:52+00:00,959309121135656960,Here are the options for the Budweiser #NuggetOfTheNight!,11,18,62,nuggets,Denver Nuggets,1291410,1055,2,2,2018
https://twitter.com/nuggets/status/959308756990410753,2018-02-02 06:13:25+00:00,959308756990410753,Everyone's in a good mood so go ahead and vote for the Budweiser #NuggetOfTheNight. https://t.co/u6fIFSv4xT,8,10,81,nuggets,Denver Nuggets,1291410,1055,2,2,2018
https://twitter.com/growingheather/status/959304207298838528,2018-02-02 05:55:20+00:00,959304207298838528,"02/02/2014 while watching the #superbowl, I decided to go back to #gradschool. A #dog, a #horse, and a song about letting go made me want to be in corporate comms. I finished my MS w/a thesis on the #abinbev merger. #AnhueserBusch #Budweiser #Thanks @AnheuserBusch",1,0,5,growingheather,Heather Cotton,838,1977,2,2,2018
https://twitter.com/Ware11Ware/status/959296280009650177,2018-02-02 05:23:50+00:00,959296280009650177,Budweiser releases Superbowl Commercial https://t.co/sfYqPyf21M,1,0,1,Ware11Ware,Eric Ware,158,2093,2,2,2018
https://twitter.com/rudyalvrzzzz/status/959275508256079877,2018-02-02 04:01:18+00:00,959275508256079877,"Texas girls bios be like  “Yeehaw, the names Jessica ❤️, married to my cousin! ❤️❤️ Challenge me to shotgun a Budweiser! 😍😍 love to ride horses and my brother ✨😙💕 &amp; I love bbq and Texas heat! Love to fish and hunt for pigs! If u like bbq sauce you’ll love me! 🤭❤️”",2,1,7,rudyalvrzzzz,Rudy 🏁,1283,1233,2,2,2018
https://twitter.com/GroseAndrew/status/959271175871344640,2018-02-02 03:44:05+00:00,959271175871344640,My Budweiser red light isn't seeing much action but my bullshit meter is working overtime. #LetsGoOilers,7,5,56,GroseAndrew,Andrew Grose,9647,873,2,2,2018
https://twitter.com/SteveDezTV/status/959259168690520064,2018-02-02 02:56:22+00:00,959259168690520064,"@MavericksUnltd @MThorpXXi @mrduzee1 @Tfraziersocal @MikeBballAllDay @DJMikiOfficial @TheRealFredLee @BenOnAdventures @OnlyJustLucy @sharethatsnap @unorganzed_lost @wbaidan @SoniaDoubleG @summersilvery @Markus_Delforce @VeronicaTFI @RaymondDware @AboveAvgNate @tommyscience @mohitwhabi @RealDeeGreene @adrianvvlogs @lawrencekim808 @MatthewLeJune @DeLaFuerte17 @ashkatch @alexcw16 @miqk @kurtlewis07 @YesTheory @emelander_21 @nirthpanter @thereal_breel @StevieDub @IAMDanielQ @ukenun @Gabe_DeSanti @nikkosalgado1 @Hyder_83 @kat_m_perry @mattloberstein @DavidRachford @garyvee @robertoblake @JoeMerrick @Budweiser @MatthiasKlima @rthl_shop @claudesilver #TwitterFAM I'm available yet again, if anyone is interested in boosting their exposure and checking out a new platform, I'm available to hop on calls :) https://t.co/weIC7FpXJo",1,2,4,SteveDezTV,Steve Dez 🇵🇷 🦜🍍🔥is Buying $TSLA,3383,1328,2,2,2018
https://twitter.com/BlessedMMA/status/959251761734152193,2018-02-02 02:26:56+00:00,959251761734152193,By the looks of it you’ll think @suckerpunchent got signed lol Welcome to the team @budweiser   #kingofbeers #kingmoments https://t.co/FjUtTkEtqP,12,5,81,BlessedMMA,Max Holloway,808211,360,2,2,2018
https://twitter.com/DamonMartin/status/959242568335798272,2018-02-02 01:50:24+00:00,959242568335798272,Looks like UFC champ @BlessedMMA has added another major endorsement with Budweiser coming on board.  #UFC222 #UFC https://t.co/cNlwrEAcV8,2,3,11,DamonMartin,Damon Martin,41162,2189,2,2,2018
https://twitter.com/BrianButler_Au/status/959242115430666240,2018-02-02 01:48:36+00:00,959242115430666240,Welcome to the team. #kingofbeers #kingoftheisland #budweiser #kingmoments @blessedmma #represented https://t.co/stqdJZDfjl,1,0,3,BrianButler_Au,Brian Butler-Au,4611,415,2,2,2018
https://twitter.com/adage/status/959238713887940608,2018-02-02 01:35:05+00:00,959238713887940608,.@Budweiser's Clydesdales are going to be in the #SuperBowl after all! https://t.co/Qsor9XRGog https://t.co/MjVKc85foz,2,0,7,adage,Ad Age,1001874,73145,2,2,2018
https://twitter.com/vlynpowell/status/959237659712507911,2018-02-02 01:30:54+00:00,959237659712507911,@CT_Classic @BloodHorse There are not going to be any Budweiser commercials with the Clydesdales during the SB this year.,1,1,1,vlynpowell,Lyn Powell,834,97,2,2,2018
https://twitter.com/thetrillbillies/status/959225972447997953,2018-02-02 00:44:28+00:00,959225972447997953,UPDATE: Another kid’s birdhouse was done up in Budweiser with “Kickin’ Ass” written on the side of it. At this point it’s a coin flip who I’d rather buy cigarettes for. https://t.co/5WKAJuK0OP,5,1,45,thetrillbillies,The Trillbillies,43969,6761,2,2,2018
https://twitter.com/cyclopticalone/status/959223247106707456,2018-02-02 00:33:38+00:00,959223247106707456,@SpeakToMeInDots @Its_Stationary @FlatEarthCity @BookishNeptune @honeman_kade @EliTheWatchman @FLATEARTHCENTER @Antarcticaa95 @DomeGecko95 @waynemerritt @tsnurds Today we salute you Mr. Fake Space Mission Flag Fluffer Guy. Without your funky wrinkles and fluffy ruffles we would have a flat flag. This Bud’s for you.  ↗️Promoted by Budweiser  The First Beer on Mars®️ https://t.co/FOJE6y9Qyj,3,4,5,cyclopticalone,cyclopticalusion,1158,293,2,2,2018
https://twitter.com/marawilliamskc/status/959215679693053953,2018-02-02 00:03:34+00:00,959215679693053953,"Missouri University S&amp;T @MissouriSandT  graduate featured in one of this year’s #SuperBowl Ad lineup. Kevin Fahrenkrog,  1988 graduate  in Budweiser Ad to air on NBC Sun. Feb 4.  but here's a peek https://t.co/dIAmtXLKU6 #Missouri https://t.co/yeu06XSXCH",3,0,7,marawilliamskc,mara rose williams,3443,2740,2,2,2018
https://twitter.com/jdforward/status/959215038685999105,2018-02-02 00:01:01+00:00,959215038685999105,Budweiser Brewery Acquires Israeli Startup That Provides Bar Tap Data - https://t.co/ptuWgNZxQo,2,0,0,jdforward,The Forward,68115,1242,2,2,2018
