url,Datetime,Tweet Id,Text,Retweet Count,Reply Count,Like Count,Username,Display Name,Followers Count,Friends Count,Day,Month,Year
https://twitter.com/europeanjesus/status/959936531824865281,2018-02-03 23:47:58+00:00,959936531824865281,post looks like he’s bout to hit save a lot up and buy 12 twelve packs of mountain dew https://t.co/G4wzJ13Mfv,2,1,17,europeanjesus,Jonathan,359,75,3,2,2018
https://twitter.com/SlickN1982/status/959931254845173761,2018-02-03 23:27:00+00:00,959931254845173761,#whenifeelfancy I've just had a nice meal of Doritos and Mountain Dew. https://t.co/lSjoertj4f,1,0,3,SlickN1982,Mean Gene,767,1209,3,2,2018
https://twitter.com/ryanztweetz/status/959928844458143744,2018-02-03 23:17:25+00:00,959928844458143744,#WhenIFeelFancy I put my pinky up when I’m drinking a fancy Mountain Dew,1,0,4,ryanztweetz,ryan the cable viewer,3510,1647,3,2,2018
https://twitter.com/WGCI/status/959927675522396160,2018-02-03 23:12:47+00:00,959927675522396160,Win CASH MONEY from #MtnDewICE! Find out where to visit us for a chance to win @MountainDew #DewIceColdCash here: https://t.co/H7QPrXRxO8 https://t.co/AtwV0czrFo,1,0,0,WGCI,WGCI,68040,248,3,2,2018
https://twitter.com/ItstheBomb1/status/959917422055583744,2018-02-03 22:32:02+00:00,959917422055583744,"@demonseed69 @AEexpo @Campbells @MountainDew you are awesome thank you so much for shout out, hope you loved it #cbdbathcrystals",1,0,1,ItstheBomb1,It's the Bomb,896,390,3,2,2018
https://twitter.com/grild_cheez/status/959916316428660736,2018-02-03 22:27:38+00:00,959916316428660736,"Yo memo is so trashy it now lives in a double wide, smokes crack and drinks Mountain Dew. #YoMemoJokes",2,0,4,grild_cheez,Grild Cheez,6345,6796,3,2,2018
https://twitter.com/YouLoveDrinks/status/959906606824685568,2018-02-03 21:49:03+00:00,959906606824685568,Blue Raspberry Mountain Dew with some other slammin stuff🤤 https://t.co/GbJu7Tzk7M,1,0,15,YouLoveDrinks,Delicious Drinks,372,391,3,2,2018
https://twitter.com/ChrisInlow/status/959883942257184768,2018-02-03 20:19:00+00:00,959883942257184768,#YoMemo is so dumb it died trying to climb Mountain Dew! #YoMemoJokes #YoMemoJoke @StephenKing @Alyssa_Milano,2,0,3,ChrisInlow,Christopher Inlow,436,1038,3,2,2018
https://twitter.com/LondonKnights/status/959880003193208832,2018-02-03 20:03:21+00:00,959880003193208832,"Big matchup in net with tonight’s @MountainDew #Kickstart starting goalies. Raaymakers will suit up for London, with Fazio in net for Sarnia. https://t.co/xPfCgAz9E0",1,0,3,LondonKnights,London Knights,68631,372,3,2,2018
https://twitter.com/LaughingSquid/status/959879942774370304,2018-02-03 20:03:06+00:00,959879942774370304,Peter Dinklage and Morgan Freeman Face-Off in Rap Battle For Mountain Dew and Doritos Super Bowl Ad https://t.co/oObdibVF3D https://t.co/7v66vYiLPB,1,1,11,LaughingSquid,Laughing Squid,507137,22,3,2,2018
https://twitter.com/sapphiReGG/status/959866225756012544,2018-02-03 19:08:36+00:00,959866225756012544,Clutch overnight delivery from @MountainDew before the Superbowl. 😎 #ICECOLD https://t.co/kCbuQqz90N,2,1,28,sapphiReGG,Heather 'sapphiRe' Garozzo,35202,1181,3,2,2018
https://twitter.com/DougKyed/status/959863121673367554,2018-02-03 18:56:16+00:00,959863121673367554,Just took a shot of mountain dew ice at the mall of America. Super Bowl week has now OFFICIALLY started,6,5,66,DougKyed,Doug Kyed,58433,1112,3,2,2018
https://twitter.com/SRAINDL/status/959861607605198852,2018-02-03 18:50:15+00:00,959861607605198852,"@radiolemans Houston, TX 12:49 P.M. pizza rolls and mountain dew kickstart. 😂",1,1,3,SRAINDL,Sean,140,379,3,2,2018
https://twitter.com/brunofmpinto/status/959854654434750465,2018-02-03 18:22:37+00:00,959854654434750465,"""Purp all up in the coupe, everybody know I flex like ouu Bitch, I don't know who the fuck is you Pour a four tec in my Mountain Dew""",1,0,0,brunofmpinto,Bruno Pinto 🇨🇭🇵🇹,144,105,3,2,2018
https://twitter.com/kleptocracynow/status/959854204893347840,2018-02-03 18:20:50+00:00,959854204893347840,I'd use my extra $1.50 to start each weekend off right by buying a 20-oz Diet Mountain Dew at the convenience store. Problem is $1.50 isn't enough for a 20-oz Diet Mountain Dew. https://t.co/3SO6RqwVfh,4,1,5,kleptocracynow,Kleptocracy Now™,1952,4961,3,2,2018
https://twitter.com/billboard/status/959848740545851394,2018-02-03 17:59:07+00:00,959848740545851394,".@BustaRhymes talks @MountainDew #SuperBowl ad, his upcoming album, and working with Janet Jackson https://t.co/sdSziu3DuB",24,3,125,billboard,billboard,13821495,3479,3,2,2018
https://twitter.com/mallofamerica/status/959845212179910656,2018-02-03 17:45:06+00:00,959845212179910656,"It's time to chill! Come hang out in the @MountainDew ICE BOX lounge on Level 3, West to sample their new #MTNDEWICE 😎 https://t.co/ALljk8Xy1R",2,1,7,mallofamerica,Mall of America,66354,2147,3,2,2018
https://twitter.com/EvanRileyMusic/status/959844802308304896,2018-02-03 17:43:28+00:00,959844802308304896,Support my #friend @holymoun so he can get that money and enjoy a crisp @MountainDew Code Red ™ https://t.co/8WxnL3zQUd,1,1,3,EvanRileyMusic,(evanriley),1412,1250,3,2,2018
https://twitter.com/fastcopy/status/959844729952309254,2018-02-03 17:43:11+00:00,959844729952309254,A #lego tribute to @MountainDew in this colorful @starwars MOC by caffeinated builders @BrickFair #dothedew https://t.co/NOhtl576tU,1,1,5,fastcopy,Lori Johnston,2025,3051,3,2,2018
https://twitter.com/yourgirlkey/status/959843484655026177,2018-02-03 17:38:14+00:00,959843484655026177,@carlosxlazo @Mahogany_Rozay @xayoncex well you love you “ Mountain Dew “ 🐴 yehaw,1,0,1,yourgirlkey,KTAT🗣❄️,666,759,3,2,2018
https://twitter.com/Doritos/status/959837234089332739,2018-02-03 17:13:24+00:00,959837234089332739,@SethBLVD69 @MountainDew The battle goes down tomorrow...,1,0,18,Doritos,Doritos,834430,242,3,2,2018
https://twitter.com/AchieveThis/status/959836154454405122,2018-02-03 17:09:06+00:00,959836154454405122,"Busta Rhymes Talks Mountain Dew Super Bowl Ad, Upcoming Album &amp; More https://t.co/Ju1a5oegqk https://t.co/SfMIMZBmm8",6,0,1,AchieveThis,Achieve This,54818,5220,3,2,2018
https://twitter.com/Word_Jockey/status/959835489388830721,2018-02-03 17:06:28+00:00,959835489388830721,"Yo Memo is so dumb, it tried to climb Mountain Dew. #YoMemoJokes",1,0,1,Word_Jockey,Eric Almaguer,77,628,3,2,2018
https://twitter.com/christophurious/status/959833704515305472,2018-02-03 16:59:22+00:00,959833704515305472,Our @POTUS is referring to himself in the 3rd person ... he has officially become Dwayne Elizondo Mountain Dew Herbert Camacho. #Idiocracy https://t.co/NzO77GiXTN,4,2,9,christophurious,𝒄𝒉𝒓𝒊𝒔𝒕𝒐𝒑𝒉𝒖𝒓𝒊𝒐𝒖𝒔🇺🇸,4086,2516,3,2,2018
https://twitter.com/SUNSHlNEGRL/status/959828449148964864,2018-02-03 16:38:29+00:00,959828449148964864,diet mountain dew https://t.co/7WK3qQC05y,1,0,31,SUNSHlNEGRL,Beth,766,950,3,2,2018
https://twitter.com/MountainDew/status/959818663758098432,2018-02-03 15:59:36+00:00,959818663758098432,@Doritos Let’s settle this on game day.,6,3,65,MountainDew,Mountain Dew®,762154,35642,3,2,2018
https://twitter.com/wordrefiner/status/959816630304784384,2018-02-03 15:51:31+00:00,959816630304784384,Grizz is fatigued and needs a #MountainDew! He found the blog 13 4-letter words that end in -INK. https://t.co/rXQjlAu48m. #TyposHurtYourWriting https://t.co/xe1NNhemXY,5,1,4,wordrefiner,Mark Schultz,70252,58640,3,2,2018
https://twitter.com/FunFoodsyt/status/959805328870211584,2018-02-03 15:06:37+00:00,959805328870211584,#ICanAlwaysUseAnother slice of Mountain Dew Cheesecake. Recipe: https://t.co/C8ppL4nxwL https://t.co/PNrG5QDsSD,1,0,4,FunFoodsyt,James Lamprey,3636,1969,3,2,2018
https://twitter.com/Doritos/status/959788812263182337,2018-02-03 14:00:59+00:00,959788812263182337,Hey @MountainDew. A warm front is on the forecast and we're ready to BRING THE 🔥 #SPITFIRE,140,41,1193,Doritos,Doritos,834430,242,3,2,2018
https://twitter.com/Andrew_Morano/status/959767647008194560,2018-02-03 12:36:53+00:00,959767647008194560,When Call of Duty comes out and your diet consists of Mountain Dew and Doritos https://t.co/mncyN5M7Dt,3,1,14,Andrew_Morano,Andrew Morano III,772,681,3,2,2018
https://twitter.com/cutupx2/status/959733464135340032,2018-02-03 10:21:03+00:00,959733464135340032,@Dubzzzinyaface @MountainDew That Type Of Label started showing up in early 70’s other than that Idk...filtered out in 90’s,1,1,1,cutupx2,Judie Geeee!,14401,9285,3,2,2018
https://twitter.com/BtrKrishu/status/959702927999774720,2018-02-03 08:19:43+00:00,959702927999774720,just drank my first mountain dew ever i think i earned like 5 cod prestige badges,1,0,6,BtrKrishu,big taper / 2.3,740,391,3,2,2018
https://twitter.com/Borgerface/status/959688400520454145,2018-02-03 07:21:59+00:00,959688400520454145,"When you finish a Mountain Dew, does it become a Mountain Did?",4,3,26,Borgerface,nolnz🦜,1123,1473,3,2,2018
https://twitter.com/spazzy_azzie/status/959665166366527488,2018-02-03 05:49:40+00:00,959665166366527488,#mountaindew little spokesman ❣️ https://t.co/MApKShrjaq,1,1,2,spazzy_azzie,Azzzzzie,395,623,3,2,2018
https://twitter.com/Jackstar009/status/959650821049847809,2018-02-03 04:52:39+00:00,959650821049847809,I love this so much❤️ And I love thinking about all those rednecks with Mountain Dew mouth looking at all these perfect teeth and dying a little bit inside with each one 😂 https://t.co/rbDR0KuzQy,2,2,9,Jackstar009,Jackie,6521,5879,3,2,2018
https://twitter.com/Dubzzzinyaface/status/959647875411066880,2018-02-03 04:40:57+00:00,959647875411066880,Hey @MountainDew 🙋 I don't suppose you could estimate what year this bottle is??? Found it in the walls of the hotel I work at. https://t.co/4lEg8INDAr,1,3,8,Dubzzzinyaface,Dubzzz,11526,8964,3,2,2018
https://twitter.com/desdiazz/status/959637575211233280,2018-02-03 04:00:01+00:00,959637575211233280,“That couple behind us both got Mountain Dew...I’m appalled...couple goals” @dogzarecool is the embodiment of bare minimum twitter,1,1,5,desdiazz,des💬,253,182,3,2,2018
https://twitter.com/Paddington2News/status/959630523692859392,2018-02-03 03:32:00+00:00,959630523692859392,"You know I had to Dew® it to them! @MountainDew : ICE available in stores now! With a flavor so phenomenal you would think it was the number one rated soda on @RottenTomatoes of all time. I love to drink it while watching my movie, Paddington 2! Retweet if you agree https://t.co/wATQcqIdyt",3,0,14,Paddington2News,Paddington 2̶3 News,24512,3226,3,2,2018
https://twitter.com/PreauXX/status/959621382106763269,2018-02-03 02:55:41+00:00,959621382106763269,S/o to the bro @UnderDogCentral and teaming with @MountainDew to become an influencer! Always working.💪🏾🙏🏾🍋🔥 https://t.co/9qXZ3o9A6y,2,1,2,PreauXX,Handsome Samson,2287,511,3,2,2018
https://twitter.com/Kathryn__Ruth/status/959620687072776197,2018-02-03 02:52:55+00:00,959620687072776197,A meal can be 3 pieces of garlic bread and a cup of mountain dew.,1,0,3,Kathryn__Ruth,kate 🪴,164,426,3,2,2018
https://twitter.com/waltasti/status/959617061025497088,2018-02-03 02:38:30+00:00,959617061025497088,The managers with a pregame Mountain Dew shotgun. It apparently brings good luck. Sure. 🍀 https://t.co/xFDme57HZl,1,2,37,waltasti,Joe Waltasti,1526,1400,3,2,2018
https://twitter.com/LeVeonBell/status/959616877487063040,2018-02-03 02:37:47+00:00,959616877487063040,"It's official, I'm with @MountainDew Ice team and Morgan Freeman on Sunday... @BustaRhymes and Dinklage, I hope youu understand that youu don't stand a chance at all!! #RapBattle #SBLII #IceCold #ad https://t.co/TYqowpErVL",60,20,546,LeVeonBell,Le'Veon Bell,1850068,241,3,2,2018
https://twitter.com/bearphobe/status/959612754960171010,2018-02-03 02:21:24+00:00,959612754960171010,dear evan fansens grab your trees chill pills grab your mountain dew red short insomniacs grab your chess boards elders grab your book of mormon,5,0,20,bearphobe,bear!,3450,229,3,2,2018
https://twitter.com/CapsHokies90/status/959609852581605376,2018-02-03 02:09:52+00:00,959609852581605376,Best Presidents in U.S. history: 1. George Washington 2. Thomas Jefferson 3. Bill Pullman in Independence Day 17. Millard Fillmore 25. Morgan Freeman  150. Dwayne Elizondo Mountain Dew Herbert Camacho 198. Donald Trump,1,7,2,CapsHokies90,Justin,531,221,3,2,2018
https://twitter.com/KeoughM5/status/959607656871874562,2018-02-03 02:01:08+00:00,959607656871874562,I haven’t had a Mountain Dew in 3 weeks. This is not the kind of life I want to live,1,0,2,KeoughM5,Wolf Stansson,377,414,3,2,2018
https://twitter.com/FanfareFutaba/status/959602312804208643,2018-02-03 01:39:54+00:00,959602312804208643,"@kaneshiro_sez 1v1 me rust m8, ill bloody rek u fgt, cheeky skrub lord, i swer on me mum thet ill bloody 420 no scope u across the map, mountain dew dorritos style.",1,1,4,FanfareFutaba,Futaba Sakura,5065,25,3,2,2018
https://twitter.com/ChrisChenes/status/959597016362967040,2018-02-03 01:18:51+00:00,959597016362967040,"How many drinks it takes @scottnoel125 to get through one @SienaSaints basketball game. Includes two types of water, Mountain Dew, and of course @redbull! https://t.co/rwEU5vd8mQ",1,2,14,ChrisChenes,Chris Chenes,508,1070,3,2,2018
https://twitter.com/sapphiReGG/status/959590844025118723,2018-02-03 00:54:20+00:00,959590844025118723,Some Friday night frags! I'm tonight's @MountainDew stream. Come stop by and watch me play #CSGO on @ESEA 😎 &gt;&gt; https://t.co/jfm1ndeUBN https://t.co/e674atnwMP,1,0,9,sapphiReGG,Heather 'sapphiRe' Garozzo,35202,1181,3,2,2018
https://twitter.com/dignitas/status/959590529192280066,2018-02-03 00:53:05+00:00,959590529192280066,"She did it on LAN at the #CSGO Major Showmatch. How will @sapphiReGG fare in online pugs tonight? Tune in for our next @MountainDew stream, starting now! 📺 https://t.co/Ao4hE9cwtb https://t.co/IysJ8ZHBi1",1,0,18,dignitas,Dignitas,276145,424,3,2,2018
https://twitter.com/MountainDew/status/959585364179673088,2018-02-03 00:32:33+00:00,959585364179673088,"@Doritos We were born ready. If you don’t get cold feet, we’ll see you on #SuperBowl Sunday. #ICECOLD",3,0,25,MountainDew,Mountain Dew®,762154,35642,3,2,2018
https://twitter.com/HASEEBthefew/status/959584360339881985,2018-02-03 00:28:34+00:00,959584360339881985,the fact that Mountain Dew understands that Busta is the Dragon makes this authentic https://t.co/HvstGl0nBo,2,1,7,HASEEBthefew,HASEEB,2890,1252,3,2,2018
https://twitter.com/Doritos/status/959583185301630976,2018-02-03 00:23:54+00:00,959583185301630976,48 hours to go @MountainDew. We're getting warmed up 🔥. You ready? #SPITFIRE,11,1,81,Doritos,Doritos,834430,242,3,2,2018
https://twitter.com/fkhs_ebooks/status/959574726158012421,2018-02-02 23:50:17+00:00,959574726158012421,the deep mountain dew lore i need to know the alignment of code red lawful or chaotic evil?,1,0,0,fkhs_ebooks,FKHS Simulator 2017,28,1,2,2,2018
https://twitter.com/adage/status/959573781214826496,2018-02-02 23:46:32+00:00,959573781214826496,#SuperBowl Pre-Game Winner: @Doritos and @MountainDew get the most views so far https://t.co/CXJyf1KwCf https://t.co/UW2m7tnvqo,3,0,13,adage,Ad Age,1001855,73123,2,2,2018
https://twitter.com/findwhykickmumk/status/959572721926574081,2018-02-02 23:42:19+00:00,959572721926574081,"The quality is not suffering! The people leaving need to understand that daily vlogs about Mountain Dew and getting high is Art. If they understood that Digi is highly artistic, then they would realize that this isn't an issue of quality. They are just entitled and wrong. Lol https://t.co/xHsyZaixvM",1,2,44,findwhykickmumk,Y Kick,349,13,2,2,2018
https://twitter.com/abbbby_h/status/959570140227620864,2018-02-02 23:32:04+00:00,959570140227620864,Is Mountain Dew trashy?,2,3,1,abbbby_h,Abby Hawkins,572,251,2,2,2018
https://twitter.com/LondonKnights/status/959565395656134656,2018-02-02 23:13:12+00:00,959565395656134656,"Tonight's @MountainDew #Kickstart starting goalies are, for your London Knights, Joseph Raaymakers! And for Barrie, Kai Edmonds.",1,0,4,LondonKnights,London Knights,68631,372,2,2,2018
https://twitter.com/ShadowzCatz/status/959560142047072261,2018-02-02 22:52:20+00:00,959560142047072261,"My favorite part of the season, these #Commercials Most #Imaginative &amp; #Creative ideas of the entire year. #MorganFreeman #PeterDinklage #MountainDew #Doritos Peter Dinklage, Morgan Freeman engage in epic rap battle in Mountain Dew vs. Doritos commercial https://t.co/gmKzrJbHWL",3,0,15,ShadowzCatz,Anastasia Willwerth,192,810,2,2,2018
https://twitter.com/theDodom13/status/959559500138196994,2018-02-02 22:49:47+00:00,959559500138196994,Sometimes I wonder why I'm not in good shape. Then 5 minutes later I go to the store for water and come home with 36 cans of mountain dew and oreos...,1,0,6,theDodom13,Prank Sinatra,593,95,2,2,2018
https://twitter.com/moodyflufnstuf/status/959557221762945028,2018-02-02 22:40:44+00:00,959557221762945028,I’ve seen the same Mountain Dew commercial 3x in the past 2 minutes.  They are trying to kill Americans.,1,1,6,moodyflufnstuf,🌹Mel🌹,8952,3920,2,2,2018
https://twitter.com/LightningMaloy/status/959541318983868416,2018-02-02 21:37:32+00:00,959541318983868416,New Mountain Dew Flavor Best Ever https://t.co/DfEjgVjNDO @UTubeRetweeter @retweet_videos @YouTubershout  @YouTubeRetweet @YTRetweets  @GamingWorldUK  @NightOfv5 #YTv5 @collectiongamin @Retweet_Lobby @ShoutRTs @ShoutGamers @GamerRTer @VideoRetweet  @videoretweets,1,1,0,LightningMaloy,Lightningmaloy,460,189,2,2,2018
https://twitter.com/sentientrattail/status/959534543677087745,2018-02-02 21:10:37+00:00,959534543677087745,Mountain Dew tastes like God himself cried into a vat of acid and set it alight,2,0,3,sentientrattail,👁️ x 👁️,58,250,2,2,2018
https://twitter.com/mallofamerica/status/959531993083121666,2018-02-02 21:00:29+00:00,959531993083121666,"It's time for a shopping break! Head to the @MountainDew ICE BOX lounge (Lvl 3, N) + sample their new #MTNDEWICE, now - Feb. 3. 😋 https://t.co/o6Pzs04rII #BoldNorthMOA https://t.co/r1NJQ6bzrU",1,1,4,mallofamerica,Mall of America,66354,2147,2,2,2018
https://twitter.com/KorstJ/status/959525134213222400,2018-02-02 20:33:13+00:00,959525134213222400,"@A_S12 @Hooters @GettyImages @GettySport @GettyImagesNews @TeamHendrick @MountainDew @FuelSMG @NAPARacing @alpinestars That’s a big thing many brands forget - it’s key to invest more $ to activate the brand sponsorship and maximize ROI, including track activation, media, social, etc.",1,1,9,KorstJ,jeremy korst,1503,1113,2,2,2018
https://twitter.com/BrianIsSuperRad/status/959514535177740288,2018-02-02 19:51:06+00:00,959514535177740288,"We bought a juicer.  According to Jessi, it extracts all the nutrients from whatever you put in it.  So, I poured a can of Mountain Dew into it.  Turns out, Mountain Dew is all nutrients!",1,0,9,BrianIsSuperRad,Brian is Super Rad,2689,1023,2,2,2018
https://twitter.com/mallofamerica/status/959512583723257856,2018-02-02 19:43:21+00:00,959512583723257856,"Now this is 🔥! @BustaRhymes + @L_Bell26 stopped by the @MountainDew Ice Box on Level 3, North today to showcase #MtnDewIce + #DoritosBlaze! Thanks for stopping by! https://t.co/cD0MhZV5zO",7,2,21,mallofamerica,Mall of America,66354,2147,2,2,2018
https://twitter.com/DiecastFans/status/959511252757307394,2018-02-02 19:38:04+00:00,959511252757307394,PRE-ORDER: @chaseelliott 2018 Mountain Dew Chevy Camaro! Order now at @PlanBSales!  https://t.co/2KRTwGePIN https://t.co/x77k9g0l3K,25,3,91,DiecastFans,NASCAR DIECAST FANS,11455,160,2,2,2018
https://twitter.com/ccmcloughlin/status/959504586393489408,2018-02-02 19:11:34+00:00,959504586393489408,"Had a dream that I was building a new PC, and slotted a 2-liter bottle of Mountain Dew into the power supply to make it faster.  Honestly, might give it a try IRL",1,0,8,ccmcloughlin,CC McLoughlin,331,323,2,2,2018
https://twitter.com/ellisisonline/status/959503877023453185,2018-02-02 19:08:45+00:00,959503877023453185,when I was 13 I would smoke hot cheeto dust out of a mountain dew can,1,0,5,ellisisonline,51773,125,338,2,2,2018
https://twitter.com/ZTreiber12/status/959502324413681666,2018-02-02 19:02:35+00:00,959502324413681666,Happy birthday to the roomie!! Sleep in extra late and drink a couple more cans of Mountain Dew😉❤️ enjoy the BIG 20 Rawry xD👍🏽 I did not make you a filpagram https://t.co/5GbKX253oq,1,2,14,ZTreiber12,Zach Treiber,723,529,2,2,2018
https://twitter.com/BraleyDodson/status/959502087888371712,2018-02-02 19:01:39+00:00,959502087888371712,"""Mountain Dew, take the wheel."" @OHnewsroom",10,0,66,BraleyDodson,Braley Dodson,896,432,2,2,2018
https://twitter.com/SeanYoo/status/959501216857247745,2018-02-02 18:58:11+00:00,959501216857247745,"This is a v organic, homegrown, farm raised Mountain Dew from Sqirl. https://t.co/Ilj4pjZOBE",1,0,8,SeanYoo,sean yoo,16089,1358,2,2,2018
https://twitter.com/owenbly/status/959495781790244864,2018-02-02 18:36:35+00:00,959495781790244864,he got 2000 wins? damn when’s your next date with him and where? in his basement eating doritos and chugging mountain dew? https://t.co/508Ld1pstj,1,0,4,owenbly,Owen,316,202,2,2,2018
https://twitter.com/DerekDollevoet/status/959492211443486720,2018-02-02 18:22:24+00:00,959492211443486720,"@Alex_Fernandez4 @AbbaeKristine I’m sure his mommy paid for his truck, the lift, the chew, Mountain Dew, and any other tacky accessories on the douchemobile",1,1,0,DerekDollevoet,Derek Dellavedova,573,577,2,2,2018
https://twitter.com/StevesPeepsNews/status/959485209984012288,2018-02-02 17:54:35+00:00,959485209984012288,So I tried that new Mountain Dew Ice. It tastes like Sprite is screaming inside of a freezer.,5,0,4,StevesPeepsNews,Steves Peeps,7775,1084,2,2,2018
https://twitter.com/KySportsRadio/status/959483093529788416,2018-02-02 17:46:10+00:00,959483093529788416,Corbin woman arrested for Assaulting Wal-Mart Employee with a Mountain Dew Bottle: https://t.co/oZPywlWPKa,36,22,102,KySportsRadio,Matt Jones,250066,2678,2,2,2018
https://twitter.com/NelsonBrandonA2/status/959481417003667456,2018-02-02 17:39:30+00:00,959481417003667456,@jblair8888 Are You really the guy from the NASCAR Mountain Dew commercial?,1,2,1,NelsonBrandonA2,Nelson B. Alves,430,1540,2,2,2018
https://twitter.com/GroverCleveland/status/959476895812345860,2018-02-02 17:21:32+00:00,959476895812345860,"*on the couch watching tv drinking Mountain Dew Code Red® eating DORITOS® JACKED™ Ranch Dipped Hot Wings Flavored chips*  ""Wow, I can't believe Japanese people eat that poisonous fish delicacy... how could they put that stuff in their bodies""",1,0,5,GroverCleveland,Grover Cleveland,2251,810,2,2,2018
https://twitter.com/yngnova/status/959470646446129152,2018-02-02 16:56:42+00:00,959470646446129152,@RollingLoud who tryna smoke mid out of a Mountain Dew can,3,3,59,yngnova,nova,576,442,2,2,2018
https://twitter.com/Shadow_frax/status/959466946986217472,2018-02-02 16:42:00+00:00,959466946986217472,Mountain dew anyone? https://t.co/A9r3rR5TVP https://t.co/WJKANDeGzn,3,0,22,Shadow_frax,SHADOWFRAX,39514,325,2,2,2018
https://twitter.com/1035KISSFM/status/959458764129820672,2018-02-02 16:09:29+00:00,959458764129820672,Stop by @jewelosco today at 54th &amp; Pulaski for a chance to score #DewIceColdCash from @MountainDew. We are here until 1pm! https://t.co/ioTy7kZxgF,1,1,0,1035KISSFM,103.5 KISS FM,89621,670,2,2,2018
https://twitter.com/TheJPPass/status/959458604746096640,2018-02-02 16:08:51+00:00,959458604746096640,"This year’s best music uses range from re-imagined classic songs, to sing-along style lip-syncing. #SuperBowlLII #commercials #music  @Forbes @ForbesShowbiz shout outs to: @PepsiCo @squarespace @Doritos @MountainDew @budweiserusa @MichelobULTRA @amazon  https://t.co/q074e54kwy",1,0,6,TheJPPass,Jordan Passman,593,235,2,2,2018
https://twitter.com/Alex_Fernandez4/status/959454806590066688,2018-02-02 15:53:46+00:00,959454806590066688,"hey buddy, your lifted truck, that 2 liter mountain dew you’re drinking and that big fat chew you have in your mouth doesn’t intimidate me one bit, especially not when you’re revving your weak ass engine at the stop light. so it would be cool if you could stop staring at me 😒",1,2,8,Alex_Fernandez4,Alex Fernandez⁶𓅓,785,279,2,2,2018
https://twitter.com/sandrasphiri/status/959440544668766209,2018-02-02 14:57:06+00:00,959440544668766209,The #ICECOLD battle between Peter Dinklage rapping to Busta Rhymes @doritos and Morgan Freeman rapping to @MissyElliott @MountainDew is lit! Love it  https://t.co/UD51VGSdSp @Lelemba,1,0,1,sandrasphiri,Sandras J Phiri,2339,432,2,2,2018
https://twitter.com/DJDURL/status/959433067579559936,2018-02-02 14:27:23+00:00,959433067579559936,This JT album should come with a can of Skoal and a mountain dew.,1,1,1,DJDURL,#ʏᴏᴜʀғᴀᴠᴏʀɪᴛᴇ 🏁,2284,748,2,2,2018
https://twitter.com/KT_Wohlford/status/959432962369576960,2018-02-02 14:26:58+00:00,959432962369576960,I'm going to SHOTGUN a Mountain Dew KICKSTART so I can focus on learning some MUSIC THEORY and LINEAR ALGEBRA 😤💯😤💯,1,0,12,KT_Wohlford,wohlford 🪴,530,384,2,2,2018
https://twitter.com/stash_magazine/status/959431225818705920,2018-02-02 14:20:04+00:00,959431225818705920,Elemental #SuperBowlLll rap battle pits #PeterDinklage against #MorganFreeman with #VFX support via @MillChannel https://t.co/wLcIWDINOq #DoritosBlaze @MountainDew https://t.co/YLolruqkf4,4,0,9,stash_magazine,Stash Magazine,13843,195,2,2,2018
https://twitter.com/RickyRedtail/status/959430056446779393,2018-02-02 14:15:25+00:00,959430056446779393,"Closing out a great, busy #NationalLINC conference today with a little @MountainDew fuel at booth 302 and our kiosk in the #VeoVillage! Stop by, grab a rocket, and check out @RedtailCRM! https://t.co/s4Ye7rRE7b",2,0,15,RickyRedtail,Rick Williamson,744,438,2,2,2018
https://twitter.com/GatorsReddit/status/959426954746322944,2018-02-02 14:03:05+00:00,959426954746322944,@CoachCollins @RedditCFB @Temple_FB 100% guarantee there's Diet Mountain Dew in that cup.,1,0,4,GatorsReddit,r/FloridaGators,2982,618,2,2,2018
https://twitter.com/GatorsReddit/status/959426721882787841,2018-02-02 14:02:10+00:00,959426721882787841,@Temple_FB @CoachCollins @Coach_DFeeley @TempleOwls @SWAGcoordinator @sirknight95 @_CoachThacker @sdot_bradley @CoachRyanHorton 100% guarantee there's Diet Mountain Dew in that cup.,3,0,10,GatorsReddit,r/FloridaGators,2982,618,2,2,2018
https://twitter.com/KFAN1003/status/959421988543586304,2018-02-02 13:43:21+00:00,959421988543586304,Time to get your votes in for today’s Initials Game! 1. Who wins? 2. How many points? 3. #PowerTrip Get it right and you are eligible to win today’s $100 VISA GC from @MountainDew and a 12 pack! https://t.co/T9tgecC12K,3,224,18,KFAN1003,KFAN1003,162155,345,2,2,2018
https://twitter.com/chaceRider/status/959420986625011712,2018-02-02 13:39:23+00:00,959420986625011712,"Q: ""To Space Mom-friend, what can I make with only Jalapeno Cheetos and Mountain Dew ?"" A: I refuse to believe those survived 333 years &amp; Jark Matter #kyuranger #キュウレンジャー https://t.co/syHNVqTWlO",1,0,3,chaceRider,Ace ✨,1867,180,2,2,2018
https://twitter.com/Sairentto/status/959414971166871552,2018-02-02 13:15:28+00:00,959414971166871552,#AddABrandRuinAMovie Brokeback Mountain Dew,1,0,14,Sairentto,Silent,1109,71,2,2,2018
https://twitter.com/immy999x/status/959364277781041152,2018-02-02 09:54:02+00:00,959364277781041152,Brokeback Mountain Dew  #AddABrandRuinAMovie,1,0,5,immy999x,Imran Saeed aka Immi,4288,4698,2,2,2018
https://twitter.com/RyanXOfficial/status/959350271896821761,2018-02-02 08:58:23+00:00,959350271896821761,@JacobAntonelli i heard he actually empties out the yerb &amp; just fills it w/ mountain dew code red. it's just mtn. dew but he keeps it a secret,1,0,2,RyanXOfficial,fleetwood smack,418,671,2,2,2018
https://twitter.com/BroRobdePZySg70/status/959346466912288770,2018-02-02 08:43:16+00:00,959346466912288770,Mountain Dew the Right Thing #AddABrandRuinAMovie,4,1,13,BroRobdePZySg70,Brother Rob,165,594,2,2,2018
https://twitter.com/RashleahAbdlsmd/status/959324537694253057,2018-02-02 07:16:07+00:00,959324537694253057,Spanish bread x Mountain dew,1,0,4,RashleahAbdlsmd,tayan ✨,415,245,2,2,2018
https://twitter.com/1996_rahheim/status/959319399973896192,2018-02-02 06:55:42+00:00,959319399973896192,@UnderDogCentral @MountainDew 🙌🏿 underdog making big dog moves,1,1,1,1996_rahheim,Rah’heim96,377,219,2,2,2018
https://twitter.com/DragonflyJonez/status/959308357537443840,2018-02-02 06:11:50+00:00,959308357537443840,Mountain Dew drinking muthafucka getting in MY president's face like that. Fuck wrong with you boy,70,8,327,DragonflyJonez,✨🦦America Is Musty🦦✨,216800,2440,2,2,2018
https://twitter.com/iris_bestia/status/959307043722035200,2018-02-02 06:06:36+00:00,959307043722035200,"@NicRango94 @MountainDew Dam, POINTS. 😍 https://t.co/FZ2seHgmuI",1,0,1,iris_bestia,Iris the best! Terms & Conditions. No refunds,2921,3172,2,2,2018
https://twitter.com/INSaneNShades/status/959305308823683080,2018-02-02 05:59:43+00:00,959305308823683080,Brokeback @MountainDew #AddABrandRuinAMovie https://t.co/4pLBR1Sbov,4,1,8,INSaneNShades,Insanely Sane,2995,2233,2,2,2018
https://twitter.com/MontezNotMontel/status/959302990938046464,2018-02-02 05:50:30+00:00,959302990938046464,no need for any other ads on Sunday. @Doritos &amp; @MountainDew got it in the bag. #PunIntended #SuperBowl  https://t.co/yybkgGb3Vt,1,0,2,MontezNotMontel,Montez 🎙🎧,1534,1898,2,2,2018
https://twitter.com/UntitledLife/status/959289035385483264,2018-02-02 04:55:03+00:00,959289035385483264,Don't like Mountain Dew or Doritos but I got to admit this is a funny ad @jKhaaangaming https://t.co/T39NXR8XDA,1,1,2,UntitledLife,Biki,788,604,2,2,2018
https://twitter.com/EmberWebs/status/959286265618227200,2018-02-02 04:44:03+00:00,959286265618227200,😳😳😳 The hand cannon by @kabooseCS  ...But @TeamBlackOut_GG fall short in their @MountainDew League match vs Subtle 16-13. GGs boys https://t.co/apUHG6Nh6M,2,0,4,EmberWebs,"EmberWebs, Inc. 🔥",9791,165,2,2,2018
https://twitter.com/RKMeibalane/status/959285236352802816,2018-02-02 04:39:57+00:00,959285236352802816,@daytonward @KRADeC @ShoreLeaveCon But does Code Red get along with regular Mountain Dew?  That’s the question.,1,0,0,RKMeibalane,Ravi Meibalane,1274,2037,2,2,2018
https://twitter.com/daytonward/status/959284726203793410,2018-02-02 04:37:56+00:00,959284726203793410,"@KRADeC @ShoreLeaveCon ""This Shore Leave panel discussion brought to you by Mountain Dew: Freshly goodness distilled from the tears of the goddess Aphrodite herself.""",1,1,2,daytonward,Dayton Ward 🖖😎,5547,2218,2,2,2018
https://twitter.com/peggyflanagan/status/959275714334875649,2018-02-02 04:02:07+00:00,959275714334875649,On the road to Northern Minnesota. One of us chose Diet Mountain Dew. One of us chose chamomile tea. #cantstopwontstop #walzflanagan https://t.co/riZQrDaC0T,4,1,68,peggyflanagan,Peggy Flanagan,30184,4334,2,2,2018
https://twitter.com/andrew_gugumuck/status/959269396823855104,2018-02-02 03:37:01+00:00,959269396823855104,"@imcorinnemec Now all we need bro is the movies #KillerBud &amp; #SandSharks, the entire Season 6 of #StargateSG1, crates of #MountainDew, and lots and lots of delicious #Mexican food mmmmmm...delicious",1,0,5,andrew_gugumuck,Andrew Gugumuck,733,565,2,2,2018
https://twitter.com/cban21/status/959262777847308289,2018-02-02 03:10:43+00:00,959262777847308289,I really....really want a mountain dew.,1,3,2,cban21,Chris Bangasser,384,493,2,2,2018
https://twitter.com/NoMoreQuarks/status/959261130978988033,2018-02-02 03:04:10+00:00,959261130978988033,"Try Mountain Dew's new flavor, ""Diabetes and existential crises.""",1,0,1,NoMoreQuarks,Quarks McQuade,2332,562,2,2,2018
https://twitter.com/brettalford20/status/959258250867822594,2018-02-02 02:52:43+00:00,959258250867822594,Diet Mountain Dew is just as good if not better than regular Mountain Dew don’t play with me on this one,6,1,10,brettalford20,Brett Alford,731,657,2,2,2018
https://twitter.com/kaine_scearbo/status/959249310025121792,2018-02-02 02:17:12+00:00,959249310025121792,Mountain Dew: Code Red flavored blunt wraps,2,0,10,kaine_scearbo,kaine scearbo,415,153,2,2,2018
https://twitter.com/Doritos/status/959241087570210816,2018-02-02 01:44:31+00:00,959241087570210816,@MountainDew @MysterEWoodz Think you know the right choice: 🔥🔥 #SPITFIRE,1,0,10,Doritos,Doritos,834430,242,2,2,2018
https://twitter.com/Doritos/status/959240656718675968,2018-02-02 01:42:49+00:00,959240656718675968,@MountainDew @AlanAnselmo Or was it... 🔥 🔥 🔥 #SPITFIRE,1,0,7,Doritos,Doritos,834430,242,2,2,2018
https://twitter.com/8bitanimal/status/959234274993082369,2018-02-02 01:17:27+00:00,959234274993082369,@UnderDogCentral @MountainDew Prosper young man prosper,1,1,2,8bitanimal,Frequent Visitor To The Tokyo Megaplex,1566,1468,2,2,2018
https://twitter.com/timburchett/status/959229363567947776,2018-02-02 00:57:56+00:00,959229363567947776,Having a @MountainDew icee will help me sleep tonite. https://t.co/1tDfZxHs18,10,4,123,timburchett,Tim Burchett,59709,1930,2,2,2018
https://twitter.com/SBFettig/status/959226452800671745,2018-02-02 00:46:22+00:00,959226452800671745,"Just overheard an authentic #SuperBowl tourist interaction at @WedgeAndLHCoop: ""Do you have soda here?  ...No, real soda, like Mountain Dew."" CC: @WedgeLIVE",3,2,32,SBFettig,Sam Fettig,1678,2846,2,2,2018
https://twitter.com/lilchocolatefem/status/959224985272365057,2018-02-02 00:40:32+00:00,959224985272365057,sooo .. my mama boyf been going in my room touching shit: wo yesterday he went in my room and threw some of my things away. so i took his mountain dew and rubbed the top all up in my ass.... was i wrong? 🤔,1,2,1,lilchocolatefem,"Sam, I am ✨",39220,25162,2,2,2018
https://twitter.com/lexydray/status/959223530478014469,2018-02-02 00:34:45+00:00,959223530478014469,"😌😌😌😌😌😌shoutout to the asshole in the pick up truck who almost ran me off the road while passing me 👍🏼 take your mountain dew, your dip and yee haw 🤠🤠🤠🤠🤠 and shove it up your ass 💋💋💋💋",2,1,22,lexydray,lexy ✺,3472,495,2,2,2018
https://twitter.com/ACooke11/status/959219938513866752,2018-02-02 00:20:29+00:00,959219938513866752,"- instead of blocking, all linemen bare knuckle fight. - the ball weighs 15 pounds - strict no Chris Collinsworth policy - pyro for every 1st down - only Mountain Dew and Dickies can be sponsors https://t.co/zFYerTMVDI",1,0,1,ACooke11,Alex Cooke,215,279,2,2,2018
https://twitter.com/GiantEagle/status/959215542136721408,2018-02-02 00:03:01+00:00,959215542136721408,This week's eAdvantage Offer of the Week is Mountain Dew Ice for 49¢! Sign-up here: https://t.co/zO4lbA5zUN. https://t.co/AmM0NTrNk0,1,1,3,GiantEagle,"Giant Eagle, Inc.",26867,4586,2,2,2018
