url,Datetime,Tweet Id,Text,Retweet Count,Reply Count,Like Count,Username,Display Name,Followers Count,Friends Count,Day,Month,Year
https://twitter.com/chitocardenas/status/959803308155207680,2018-02-03 14:58:35+00:00,959803308155207680,"It's Super Bowl weekend and Avocados From Mexico is locked and loaded. #GuacWorld #TeamTabasco  Go to https://t.co/wQJfixw38G and see the work by Richards/Lerma, Wealthy Minds and The Electric Factory Group Powered by Havas, RO2Media and Inmoji, Inc. https://t.co/pCKztujvhl",1,2,1,chitocardenas,Francisco Cardenas,1592,2601,3,2,2018
https://twitter.com/Its_looees/status/959680316406251520,2018-02-03 06:49:52+00:00,959680316406251520,"I'm sorry but if you aren't from Mexico you cant eat Avocados, I'm sick of you culture vultures putting it on toast and selling it for $20 a slice",5,0,24,Its_looees,K.K Comrade,1220,1020,3,2,2018
https://twitter.com/SealandAmericas/status/959471584967843841,2018-02-02 17:00:26+00:00,959471584967843841,"Congrats to #Westfalia on their first container of #avocados imported from Mexico to their new Oxnard-based cold storage facility! Great teamwork by @ SeaLand , #ChannelIslandsLogistics @portofhueneme and all #logistics partners involved! #SeaLand  #Oxnard  @CityofOxnard https://t.co/n57Wa5RE3H",1,0,6,SealandAmericas,Sealand - A Maersk Company Americas,1597,364,2,2,2018
https://twitter.com/TheTradeLady/status/959461432394944512,2018-02-02 16:20:06+00:00,959461432394944512,"Ready for #SuperBowl2018 &amp; your favorite #avocado dip? Did you know the US banned avocado imports from Mexico for 83 years, from 1914-1997?Thanks to #NAFTA we can now enjoy avocados all year long. More than 80% of the 🥑 Americans eat come from #Mexico.  Muchas gracias 🇲🇽",1,0,2,TheTradeLady,Leila Aridi Afas,955,1161,2,2,2018
https://twitter.com/SarahSchradin/status/959445470811697153,2018-02-02 15:16:40+00:00,959445470811697153,"""Just under 80% of avocados eaten in the US come from [Mexico]. 'Fear over what happens with #NAFTA remains an ever-present shadow,' Mr Bautista says. While the US could place tariffs on avocados if the trade pact falls apart, 'that would only hurt the US consumer.'"" #NAFTAWorks https://t.co/KfOuzEuIMo",2,1,4,SarahSchradin,Sarah Schradin,234,200,2,2,2018
https://twitter.com/Proud2bMexican/status/959247746019528704,2018-02-02 02:10:59+00:00,959247746019528704,Super Bowl demand results in avocado volume increase of up to 50% with 93% percent were sourced from Mexico https://t.co/nlF9JrZhQw #ProudToBeMexican,11,0,14,Proud2bMexican,Proud to be Mexican,4991,1742,2,2,2018
https://twitter.com/MxUSTrade/status/959220882441895936,2018-02-02 00:24:14+00:00,959220882441895936,"Super Bowl demand results in avocado volume increase of up to 50%. According to the Hass Avocado Board, 204M pounds of 🥑were shipped into the US during the first  4 weeks of January. Out of this amount of 🥑, 93% were sourced from #Mexico.  https://t.co/vIl1c7IkcY   #NAFTAWorks",2,0,5,MxUSTrade,Mx-US Trade,2973,797,2,2,2018
