url,Datetime,Tweet Id,Text,Retweet Count,Reply Count,Like Count,Username,Display Name,Followers Count,Friends Count,Day,Month,Year
https://twitter.com/LyleLovett/status/1091845669344763906,2019-02-02 23:47:47+00:00,1091845669344763906,"T-Mobile Arena, opening for George Strait, Las Vegas, NV, 12/7/18 &amp; 12/8/18:  Thanks to @georgestrait for inviting @robertearlkeen1 and me back to Las Vegas to open his shows at… https://t.co/eTTEyr6Z5E",7,4,76,LyleLovett,Lyle Lovett,60986,3575,2,2,2019
https://twitter.com/Loray524/status/1091845048713396225,2019-02-02 23:45:19+00:00,1091845048713396225,A special shoutout to @Raflague Celebrating 14yrs with T-Mobile. Thank you for all that you do for team Sherwood. #workiversary #Tmobilefamily #CBayHeat @gaby_rosita_  @WcboundGh @OfficialMattyK @YeeMobileJay @JohnLegere @JonFreier @richgarwood 🎉🎉🎉 https://t.co/f7TcPcy0sA,1,0,21,Loray524,Lori Angulo,314,868,2,2,2019
https://twitter.com/EvanKirstel/status/1091834535761702913,2019-02-02 23:03:33+00:00,1091834535761702913,Opposition to T-Mobile/Sprint merger grows https://t.co/0yiZWq0wV9 https://t.co/BiX1fyDKIU,4,0,2,EvanKirstel,🇺🇦Evan Kirstel #TechFluencer,326592,280377,2,2,2019
https://twitter.com/Joshhall513/status/1091813594709323777,2019-02-02 21:40:20+00:00,1091813594709323777,Hiring for full time Mobile Experts at Collins Mobile T-Mobile in @westchestertwp Apply online At https://t.co/aKgii4BBAj,2,0,1,Joshhall513,Josh Hall,76,156,2,2,2019
https://twitter.com/TMoTruckSouthMA/status/1091804789330141185,2019-02-02 21:05:21+00:00,1091804789330141185,Sunday's the fun day!!! Raynham flea market is where it's at!!!!!! Ain't no party like a T-Mobile party cuz a T-Mobile party don't stop!!!! #NERULES #beepbeep,1,0,2,TMoTruckSouthMA,T-Mobile Truck Southeastern Massachusetts,1689,3615,2,2,2019
https://twitter.com/saar_khalil/status/1091803651545407488,2019-02-02 21:00:49+00:00,1091803651545407488,Metro by T-Mobile 😈 #SouthSide330 https://t.co/xP1QV0LARC,1,0,47,saar_khalil,SADA,2063,1980,2,2,2019
https://twitter.com/Magentalorian/status/1091801244216320003,2019-02-02 20:51:15+00:00,1091801244216320003,"T-Mobile Feeding America, One Cookbook at a Time!! My customer was asking about the cookbook and after our initial transaction, he said ""I'll take one!!"" @TMobile @TonyCBerger @FeedingAmerica https://t.co/N0beSh82HM",5,0,25,Magentalorian,George Hoaglin,1985,3797,2,2,2019
https://twitter.com/sarahcolonna/status/1091793294202425346,2019-02-02 20:19:40+00:00,1091793294202425346,jonryan_9 caught me in pure joy sing #NoShame 😂 @ T-Mobile Arena https://t.co/8LDGkrRDx3,1,4,36,sarahcolonna,Sarah Colonna,164980,2419,2,2,2019
https://twitter.com/TMoTruckNewnan/status/1091783608501760000,2019-02-02 19:41:11+00:00,1091783608501760000,Shout out to @WakaFlocka for coming out to the @TmobileTruckATL 🎉 it’s always a party when you visit the T-Mobile truck💯💯 https://t.co/TNi0duAJtL,8,0,33,TMoTruckNewnan,T-Mobile Truck Rural Western GA,1349,1898,2,2,2019
https://twitter.com/TrulyTru11/status/1091775756219437056,2019-02-02 19:09:59+00:00,1091775756219437056,T-Mobile Customers in Panama City are having serious fun playing Magenta Cornhole! #PanamaCity #BeMagenta #SeriousFun #CustomerObsessed #850strong https://t.co/spRqI70CF3,1,0,8,TrulyTru11,Truly Scott,700,1463,2,2,2019
https://twitter.com/YaniMIAMI/status/1091750933724389381,2019-02-02 17:31:21+00:00,1091750933724389381,Life is good when you’re Magenta I’m so happy i just switched to T-Mobile @TmobileTruckATL,2,0,6,YaniMIAMI,Mrs.OVO,408,268,2,2,2019
https://twitter.com/TherealDerickW/status/1091750157148798981,2019-02-02 17:28:15+00:00,1091750157148798981,T-mobile is the official presenting sponsor of the Chinese Lunar New Year Parade &amp; Festival in downtown San Francisco this year Feb 23rd! Proud to work for a company so invested in D&amp;I! https://t.co/CG3BkvSDQD,4,0,30,TherealDerickW,Derick W,181,258,2,2,2019
https://twitter.com/tony_hartman/status/1091747607309766656,2019-02-02 17:18:07+00:00,1091747607309766656,"10 years ago today(ish) @chrisfafalios and I released a ""children's book for people who used to be children"" that we wrote on our T-Mobile Sidekicks.  https://t.co/BU0YnR5ssx",1,0,7,tony_hartman,tony hartman,2133,552,2,2,2019
https://twitter.com/FRIV_KenniK/status/1091744610576187392,2019-02-02 17:06:13+00:00,1091744610576187392,Original tweet smells like T-Mobile sidekicks &amp; fairoaks mall. https://t.co/RSe4nBac6N,1,2,1,FRIV_KenniK,Friv 🇬🇭,1676,798,2,2,2019
https://twitter.com/fateslostlove/status/1091736834898649088,2019-02-02 16:35:19+00:00,1091736834898649088,"@verizon your coverage is AMAZING!!! But your prices &amp; HORRIBLE customer service make me consider going back to @TMobile. @TMobile don’t get a big head, because you have THE WORST coverage. Maybe you two need to merge. Verizon service &amp; T-Mobile’s prices &amp; customer service.",1,1,0,fateslostlove,.,77,164,2,2,2019
https://twitter.com/RodneyJThomas/status/1091719555708264448,2019-02-02 15:26:39+00:00,1091719555708264448,"@HoneyBakedBeans @verizon @JohnLegere T-Mobile has the best customer support in the world. Leave Verizon, but ensure your bill is PAID IN FULL before you leave. They close your online account immediately and make final payment a hassle, in an attempt to place you in collection. Corporate bullies. #NeverVerizon",1,0,2,RodneyJThomas,Rod,150,170,2,2,2019
https://twitter.com/mwells9420/status/1091719131274137600,2019-02-02 15:24:58+00:00,1091719131274137600,@MistyBleu11 @MarkHall247 @MrDennisJones  #AREYOUWITHUS #carolinagamessummit  Shawn a Loyal T-Mobile customer and Veteran stop by to see us this Morning! Thank you Shawn for your service to Our Great Country! https://t.co/yBtTTY2RPY,1,0,9,mwells9420,Marsha Wells,293,637,2,2,2019
https://twitter.com/ITech_G/status/1091696621014921216,2019-02-02 13:55:31+00:00,1091696621014921216,@Weaddaman @PhilipRLeodoro @TMobile @TMobileHelp @JohnLegere So curious to see what is the resolution of this.,1,1,1,ITech_G,George F. Santiago,526,1033,2,2,2019
https://twitter.com/naturalgeorge/status/1091665967577468928,2019-02-02 11:53:43+00:00,1091665967577468928,"The Weight of the Badge/2019/Las Vegas, NV/T-Mobile Arena https://t.co/CXGl7e0EKu via @YouTube #police #respect #dedication",4,1,24,naturalgeorge,A George Strait Fan,33670,557,2,2,2019
https://twitter.com/batchelorshow/status/1091599011465887744,2019-02-02 07:27:39+00:00,1091599011465887744,Pacific Watch: Chinese National spies nabbed at T-Mobile (Huawei-op) and Apple (unknown link).Jeff... https://t.co/8qJtfPchGA via @Audioboom,2,1,8,batchelorshow,John Batchelor,45997,27226,2,2,2019
https://twitter.com/AmyBCruz1517/status/1091598183329816577,2019-02-02 07:24:22+00:00,1091598183329816577,These two items are calling my name in sooooo many levels!!! 😩 Anyone wanna buy me a gift? 😅 Show some love!! 😃😂🥰🥰 Look up our site attire site for more beautiful T-Mobile fashion trends guys! https://t.co/UsF23e9IP6 #bemagenta #Tmobile #tmobilefashion https://t.co/juYAPruP04,1,0,6,AmyBCruz1517,Amy B Cruz 💕,96,95,2,2,2019
https://twitter.com/Maxs_Books/status/1091580445882544128,2019-02-02 06:13:53+00:00,1091580445882544128,after 9 years my carrier offered the following loyalty reward. Keep in Mind No perks have ever been given we always have to pay to get any additional perks . Thank @JohnLegere @TMobileHelp. For the offer of two iPhones For $799 and hands tied for anything else  what would you do?,1,0,0,Maxs_Books,Max and Wrigley,41872,41311,2,2,2019
https://twitter.com/FeinbergFOX5/status/1091574781080727552,2019-02-02 05:51:22+00:00,1091574781080727552,Write This Down @georgestrait tmobilearena @fox5vegas morefox5 @ T-Mobile Arena https://t.co/Cz4Ne1s8ed,1,0,2,FeinbergFOX5,JASON FEINBERG,16540,572,2,2,2019
https://twitter.com/TMobileHelp/status/1091568599364292609,2019-02-02 05:26:49+00:00,1091568599364292609,@DaGurlTarantino Thanks for reaching out. Shoot me a DM so we can make sure we get this cleared up for you. https://t.co/3hyhCiTfQi *EmmanuelLopez,1,0,0,TMobileHelp,T-Mobile Help,416623,44093,2,2,2019
https://twitter.com/briehadden/status/1091557180975673344,2019-02-02 04:41:26+00:00,1091557180975673344,The fact that Safeco is now T-mobile Field... https://t.co/klSANuH3zS,1,0,4,briehadden,B R I E .,276,132,2,2,2019
https://twitter.com/DiamondBoxing/status/1091551686194167809,2019-02-02 04:19:36+00:00,1091551686194167809,#NHL #Hockey #VGK #GoldenNights #Vegas #Arizona Check out Vegas Golden Knights Vs Arizona  2 Tickets 2/12/19 T-Mobile Arena https://t.co/hEpW7s9Ise @eBay,1,0,1,DiamondBoxing,Madison.Ave.Poshers,3269,4998,2,2,2019
https://twitter.com/VNessJSM9/status/1091544539121168394,2019-02-02 03:51:12+00:00,1091544539121168394,"walked into t-mobile, cancelled my ex’s line and got myself the new apple watch 🤷🏻‍♀️",3,1,10,VNessJSM9,Vanessa,198,200,2,2,2019
https://twitter.com/peteblast/status/1091543144297123840,2019-02-02 03:45:40+00:00,1091543144297123840,Amazing turnout today by the T-Mobile Northeast Team to support #slowcookersunday and cook up with @JohnLegere @jimmyfallon Thank You @StarkeyMeredith and @JillHalterman for making us part of this special event #TMobile #fallontonight @JonFreier @thayesnet @JAGoldth @Joby265 https://t.co/pAuM6pgO0U,4,3,74,peteblast,Pete Santaniello,496,365,2,2,2019
https://twitter.com/MasiGWOMO/status/1091536510070018048,2019-02-02 03:19:18+00:00,1091536510070018048,"Me, on the phone with T-Mobile, making a “Payment Arrangement” https://t.co/m2VbTMSU8C",1,0,0,MasiGWOMO,Maśi GWOMO,879,254,2,2,2019
https://twitter.com/Idecboxing/status/1091526959300034561,2019-02-02 02:41:21+00:00,1091526959300034561,@DaVeDoGg76 The dates under consideration are April 27th (less likely) and May 18 (probable). It'll be at @barclayscenter. The @Canelo-@DanielJacobsTKO fight is May 4 at T-Mobile Arena in Las Vegas.,1,0,1,Idecboxing,Keith Idec,9606,1126,2,2,2019
https://twitter.com/i_Botak_/status/1091524007525081088,2019-02-02 02:29:37+00:00,1091524007525081088,Accepting Clean iCloud Sold To ATT &amp; T-Mobile USA  Collecting Orders! High Ratio🔥🔥 #Dm Orders now 👨🏻‍💻,1,0,4,i_Botak_,iBotak .,1144,41,2,2,2019
https://twitter.com/MikeSievert/status/1091518513208934400,2019-02-02 02:07:47+00:00,1091518513208934400,"Wow, check out that T-Mobile difference! I dare say everyone should work at @TMobile @MetroByTMobile for 18 years!!!! Happy workiversary and thanks so much for all you’ve done! We wouldn’t be the same without ya @braxtoncarter !!! https://t.co/0bo6WLEO6T",15,7,273,MikeSievert,Mike Sievert,319816,769,2,2,2019
https://twitter.com/JohnLegere/status/1091505151616049152,2019-02-02 01:14:41+00:00,1091505151616049152,@Breeze315 @TMobileHelp No bots here. That's the other guys,1,1,2,JohnLegere,John Legere,5944559,334,2,2,2019
https://twitter.com/tworldvol1/status/1091499289090707457,2019-02-02 00:51:24+00:00,1091499289090707457,Please give special praises to Mark McLaughlin @TMobileHelp . He kept his word and called me back when he said he would and got me prices and a great deal for the XR! I been a tmobile customer for over a decade and it was great to know you still work with loyal customers.,1,2,28,tworldvol1,empress_tik,2,111,2,2,2019
https://twitter.com/OnAirWithMike/status/1091496556031819776,2019-02-02 00:40:32+00:00,1091496556031819776,"Got to upgrade my iPhone 8 to the iPhone XR, can’t wait for it to arrive! Thanks for @TMobile for being the best carrier in the country! They know how to treat their customers!! Love being a long time customer! @TMobileHelp @JohnLegere",1,0,0,OnAirWithMike,Michael 🎙,2571,3991,2,2,2019
https://twitter.com/frisitz76/status/1091489068305780738,2019-02-02 00:10:47+00:00,1091489068305780738,Come start your magenta journey today! #TMOICT #BeMagenta Customer Service Associate Expert - Wichita | T-Mobile https://t.co/HWVlBS45vp,2,0,5,frisitz76,Larissa Wray Tolbert,618,721,2,2,2019
https://twitter.com/YallMyHoes/status/1091477528194240512,2019-02-01 23:24:56+00:00,1091477528194240512,T-Mobile fucking sucks asss😤😤😤,1,0,0,YallMyHoes,dani,984,351,1,2,2019
https://twitter.com/kicknitwu/status/1091464237552144384,2019-02-01 22:32:07+00:00,1091464237552144384,@JohnLegere you see here that they have a hold category of people like me...id love a sneak peak at your next T-mobile phone release @TMobile #tmobileinsider https://t.co/zYgj7uJ3mm,1,0,4,kicknitwu,👽account,32,213,1,2,2019
https://twitter.com/smanofsteel76/status/1091459008551178246,2019-02-01 22:11:20+00:00,1091459008551178246,@TMobileHelp @JohnLegere Preventing me from getting a lower price phone via jump on demand is a funny way to show it. @JohnLegere @TMobile,1,0,1,smanofsteel76,Stephen J Sundberg,223,1215,1,2,2019
https://twitter.com/smanofsteel76/status/1091457800956530689,2019-02-01 22:06:32+00:00,1091457800956530689,@TMobileHelp @JohnLegere I am beginning to think that this is an anti customer company.,1,1,1,smanofsteel76,Stephen J Sundberg,223,1215,1,2,2019
https://twitter.com/smanofsteel76/status/1091456652241502208,2019-02-01 22:01:58+00:00,1091456652241502208,@TMobile @TMobileHelp @JohnLegere TMO is now preventing me from lowering my bill and claiming I don't have enough credit to turn in my expensive phone and get a cheaper one.  I was like... WHAT???  Fraud???,1,1,1,smanofsteel76,Stephen J Sundberg,223,1215,1,2,2019
https://twitter.com/davidbucchi1/status/1091454691035283457,2019-02-01 21:54:11+00:00,1091454691035283457,"Are you over 55 and tired of paying way too much for your wireless service? The Anderson T-Mobile has a deal just for you!! Get one line for $50 or two for $70 with unlimited talk, text and data! @CinciSusieD @AndersonTownshp @AndersonAreaCC https://t.co/KZvTgsXTPJ",2,0,2,davidbucchi1,David Bucchi,74,203,1,2,2019
https://twitter.com/Treasurecolecto/status/1091450805075525632,2019-02-01 21:38:44+00:00,1091450805075525632,"T-Mobile and #Sprint, of course, have a battalion of lobbyists fighting for the #merger. T-Mobile, which spent $8.1 million on #WashingtonDC lobbying last year, retains more than two dozen outside #lobbying firms, according to disclosure filings",1,0,0,Treasurecolecto,Jimmy Daspit,2892,2889,1,2,2019
https://twitter.com/EDub_MackenzieC/status/1091448879055138816,2019-02-01 21:31:05+00:00,1091448879055138816,Salmon Creek T-Mobile had a fan come in on Wednesday! Look at him 🥰😍 #TMobileTuesday #PawsitiveExperience https://t.co/r70YTDgtzI,1,1,21,EDub_MackenzieC,Mackenzie,463,506,1,2,2019
https://twitter.com/agencybrandit/status/1091447491650879488,2019-02-01 21:25:34+00:00,1091447491650879488,Corporate Metro by T-Mobile and Brandit Collaboration happening here this past week. We are thankful to have had some creative and hard working minds in the office the past two days! 💜 #LivePurple #BranditLikeAPro #metrobytmobile #PurpleLife #MetroBranditCollab #Brainstorming https://t.co/jDtqD1HXzo,1,0,11,agencybrandit,The Brandit Agency,4270,2972,1,2,2019
https://twitter.com/jeffkagan/status/1091447012854251525,2019-02-01 21:23:40+00:00,1091447012854251525,"T-Mobile US focus on customer care could create 5,600 new jobs post-Sprint merger https://t.co/C3Ra4lLGJG via @rcrwirelessnews @tmobile @tmobileus @sprint #customercare @jeffkagan",10,0,7,jeffkagan,"Jeff Kagan - Industry Analyst, Columnist",86757,91010,1,2,2019
https://twitter.com/RoKhanna/status/1091445334109171712,2019-02-01 21:17:00+00:00,1091445334109171712,"In 2011, the market share of the four largest cell phone providers was 93 percent. Today, it’s 98 percent. If Sprint and T-Mobile are allowed to merge, that will leave three companies in control of the market, meaning higher prices and fewer choices for consumers.",105,16,372,RoKhanna,Ro Khanna,298554,1530,1,2,2019
https://twitter.com/TMOVegasStrip/status/1091444987126923264,2019-02-01 21:15:37+00:00,1091444987126923264,"Experience the @beatsbydre Skyline collection TODAY! Score a free gift with the purchase of any Beats by Dre headphones starting now! *While supplies last, valid 2/1-14 at T-Mobile Signature Store on the Vegas Strip only.* https://t.co/lePk7hl18U",7,0,19,TMOVegasStrip,T-Mobile Vegas Strip,3825,182,1,2,2019
https://twitter.com/TMOSouthBeach/status/1091441151092117511,2019-02-01 21:00:23+00:00,1091441151092117511,"Experience the @beatsbydre Skyline collection today! Score a free gift with the purchase of any Beats by Dre headphones starting today! *While supplies last, valid Feb 1st-14th at T-Mobile 738 Lincoln Rd, Miami Beach, FL only. https://t.co/HLum1F5FKj",2,0,5,TMOSouthBeach,T-Mobile South Beach,1274,304,1,2,2019
https://twitter.com/DavidT937/status/1091439175331729409,2019-02-01 20:52:32+00:00,1091439175331729409,Enjoying the last training day with my new T-Mobile family members @gabriel_ealy @Jp_Perkins @mobALityadrian @JessMiller209,3,0,4,DavidT937,David Taylor,14,12,1,2,2019
https://twitter.com/TheCHLI/status/1091428379126099971,2019-02-01 20:09:37+00:00,1091428379126099971,"CHLI Advisory Member @TMobile, just announced Sprint will merge to become the New T-Mobile, building five new state-of-the-art Customer Experience Centers around the US, creating an average of 1,000 new jobs! https://t.co/zCPrNaeTqf",1,0,2,TheCHLI,CHLI,2730,380,1,2,2019
https://twitter.com/Androidheadline/status/1091427135321972746,2019-02-01 20:04:41+00:00,1091427135321972746,"T-Mobile's customer care is still the best, in an industry that is known for having terrible customer care... by @DG_Landrik https://t.co/wZPWSgBv59",3,0,3,Androidheadline,Android Headlines,480323,581,1,2,2019
https://twitter.com/ChristopherATL/status/1091425698915536896,2019-02-01 19:58:58+00:00,1091425698915536896,"@RocBoi I’m with Verizon. Best service hands down. Best value, T-Mobile for sure.",1,0,0,ChristopherATL,Followed by Beyoncé’s Troll Account ✊🏾,2714,842,1,2,2019
https://twitter.com/arashisonline/status/1091420787087560704,2019-02-01 19:39:27+00:00,1091420787087560704,As you as you move to LA they make you star in a T-Mobile commercial,1,0,4,arashisonline,arash,456,740,1,2,2019
https://twitter.com/jpizarro05/status/1091412224499961859,2019-02-01 19:05:26+00:00,1091412224499961859,"@JohnLegere @TMobile #SuperBowlSunday T-Mobile has FOUR spots. One in every quarter. If you're not a customer, you're gonna wish you were on Sunday!",1,0,2,jpizarro05,Juan,74,934,1,2,2019
https://twitter.com/chdcosta/status/1091411223462141957,2019-02-01 19:01:27+00:00,1091411223462141957,Big Congrats to @reidarjensvold celebrating 14 years with T-Mobile today!! Lucky to have such a talented guy on the team! @arunramchan,1,0,23,chdcosta,Chad Costa,398,498,1,2,2019
https://twitter.com/msgeekmedia/status/1091409993797033984,2019-02-01 18:56:34+00:00,1091409993797033984,@NewYorkCityCom2 @Davidlaz T-Mobile's 5G service can't come soon enough.,1,0,0,msgeekmedia,Ms. Geek ✡️ 2022 is srs bzns. VOTE.,1157,1229,1,2,2019
https://twitter.com/amdierich/status/1091404071989325824,2019-02-01 18:33:02+00:00,1091404071989325824,Come check out @tmobile and razor ray at back to life barbershop in #mechanicsburg. Amazing promos here at T-Mobile! https://t.co/n5zV3YCkj1,3,0,5,amdierich,Ashley Dierich 🏳️‍🌈🌈,160,286,1,2,2019
https://twitter.com/ChristianJWhite/status/1091402723444936704,2019-02-01 18:27:41+00:00,1091402723444936704,Amazing week here in Los Angeles. I’ve taken away so many habits that I want to enhance and even more opportunities to overcome. T-Mobile has the most amazing and encouraging training hands down #TURedondoBeach https://t.co/duRfsKKirk,2,0,18,ChristianJWhite,Christian White,31,130,1,2,2019
https://twitter.com/jchengery/status/1091399569617895431,2019-02-01 18:15:09+00:00,1091399569617895431,15 US senators calling 4 investigation into how #telecom firms handle customers' location data; AT&amp;T/Sprint/T-Mobile have all pledged 2 stop selling location data 2 data aggregators. #digitalmarketing #ecommerce #mcommerce #retail #ROI #targeting #datamarketing $T $S $TMUS,1,0,1,jchengery,Joe Chengery,6212,6810,1,2,2019
https://twitter.com/LowensteinLLP/status/1091398273674502144,2019-02-01 18:10:00+00:00,1091398273674502144,"Michael Himmel discusses the charges facing Huawei after an alleged trade secrets heist from T-Mobile &amp; misrepresentation of financial dealings, noting that the alleged actions form a basis for an obstruction of #justice charge against the company. https://t.co/BLRxngCD1Z https://t.co/tkEUBt9UN0",1,0,0,LowensteinLLP,Lowenstein Sandler,2039,789,1,2,2019
https://twitter.com/marshawright/status/1091397153547792384,2019-02-01 18:05:33+00:00,1091397153547792384,#ADVERTISING NEWSWIRE: T-Mobile Will Run an Ad in Each Quarter of the Super Bowl https://t.co/yubqfi3JCL #marketing #socialmedia #influencermarketing https://t.co/RqVADb9FYt,1,0,1,marshawright,Real Marsha Wright®,527400,394144,1,2,2019
https://twitter.com/Xoskii20/status/1091392290696785920,2019-02-01 17:46:13+00:00,1091392290696785920,AT&amp;T 🌐 &amp; Verizon ✔️ really be on their own island up there bruh. • • • • • Sprint 🚮 T-Mobile cheap 🚮 I haven’t heard much about Straight Talk Wireless out of Walmart but hey I bet you they better than those two ☝🏾☝🏾 bc Walmart is 🐐🐐🐐,1,2,2,Xoskii20,xoren.,662,216,1,2,2019
https://twitter.com/iHoopAlott/status/1091392284220887043,2019-02-01 17:46:12+00:00,1091392284220887043,Why T-Mobile sprint and Verizon all say they got the best coverage in their commercials lol somebody bullshitting,1,0,1,iHoopAlott,🤷‍♂️,4216,3341,1,2,2019
https://twitter.com/Adweek/status/1091392007438848001,2019-02-01 17:45:06+00:00,1091392007438848001,T-Mobile will run an ad in each quarter of the Super Bowl: https://t.co/myYOq5B5dW https://t.co/zJctcOkagO,2,1,3,Adweek,Adweek,690382,26538,1,2,2019
https://twitter.com/calvin_gray/status/1091390982774501377,2019-02-01 17:41:02+00:00,1091390982774501377,T-Mobile is live downtown #tmobiletechtruck https://t.co/4qEk6v23lI,1,0,8,calvin_gray,Calvin Gray,137,418,1,2,2019
https://twitter.com/mikeddano/status/1091381803884019712,2019-02-01 17:04:33+00:00,1091381803884019712,"@DiaMariesbeat @JohnLegere I definitely think T-Mobile's super secret #SuperBowlLIII announcement will be about a cloud-native deployment of iNFV via agile SDN architecture to deploy network-based, AI-powered analytics omg I hate #MWC2019 make it stop",1,0,5,mikeddano,Mike Dano,8000,927,1,2,2019
https://twitter.com/hraycalles/status/1091370521252581376,2019-02-01 16:19:43+00:00,1091370521252581376,T-Mobile helping to feed America. Riverbend Asheville NC location #1 in WNC feeding 2210. For every Cookbook we sell we serve 130 meals. #slowcookersunday #thayesnet @MrDennisJones @TonyCBerger @FotiosK https://t.co/URjQ01D5Yp,1,4,18,hraycalles,Hector Ray Calles,814,803,1,2,2019
https://twitter.com/CrownOfTheMMA/status/1091368015772422144,2019-02-01 16:09:46+00:00,1091368015772422144,T-mobile Truck D.C is live at the 2019 Washington Golf &amp; Travel Show!!!! #magentaprime https://t.co/BK7k5x3TCh,4,0,14,CrownOfTheMMA,#,4180,1752,1,2,2019
https://twitter.com/TMoTruckNewnan/status/1091363981925773313,2019-02-01 15:53:44+00:00,1091363981925773313,Do you like football? Want to meet an NFL player? Come out to the t-mobile store at 5001 Peachtree Blvd chamblee GA for your chance to meet Andre Reed and Deion Jones Today🎉🎉🎉 #RETWEEET #SuperBowlLIII #magentafleetatl #tmobiletruck https://t.co/Vo1ijaJDGI,7,0,13,TMoTruckNewnan,T-Mobile Truck Rural Western GA,1349,1898,1,2,2019
https://twitter.com/Androidheadline/status/1091358406450049024,2019-02-01 15:31:35+00:00,1091358406450049024,"Sprint apparently really needs that T-Mobile merger, @DG_Landrik explains why: https://t.co/FlGLPXgikb #android #wireless",2,0,3,Androidheadline,Android Headlines,480323,581,1,2,2019
https://twitter.com/Magentalorian/status/1091352647385403392,2019-02-01 15:08:42+00:00,1091352647385403392,"Jacob and Myself Ready for February at T-Mobile!!! Come see our location at 4741 Poplar Ave Memphis, TN 38117!! @TMobile @TChainzDC @TonyCBerger https://t.co/WrBUZap8Sr",1,0,11,Magentalorian,George Hoaglin,1985,3797,1,2,2019
https://twitter.com/ScottInDaBronx/status/1091328989518413824,2019-02-01 13:34:41+00:00,1091328989518413824,"It's February! We made it! How would you like to save over $190 on a 32G iPhone 6s? Come see us at T-Mobile today at any of our stores in Manhattan, The Bronx, or Westchester! Great deals on tablets and accessories as well! Come thaw out with us! #NERules",1,0,6,ScottInDaBronx,Scott H,811,1335,1,2,2019
https://twitter.com/jai_pairaee/status/1091299114418098176,2019-02-01 11:35:58+00:00,1091299114418098176,Stg I’m going to t-mobile https://t.co/kZuNaF0BTI,1,0,1,jai_pairaee,Royalty~🥰,951,1341,1,2,2019
https://twitter.com/RosaGoesDigital/status/1091282512393850881,2019-02-01 10:30:00+00:00,1091282512393850881,"With their big merger looming, Sprint is still hard at work on 5G. That’s great news to anyone currently on Sprint — and it could end up being good news for T-Mobile customers, too. https://t.co/V4zOWBP8zB",1,0,1,RosaGoesDigital,Rosa Moncayo,1445,1085,1,2,2019
https://twitter.com/frankiethebot/status/1091223218793398273,2019-02-01 06:34:23+00:00,1091223218793398273,@Matsboomchafsky T-Mobile is pretty great,1,0,1,frankiethebot,Modesta,112,482,1,2,2019
https://twitter.com/nessnitty/status/1091215905483341824,2019-02-01 06:05:20+00:00,1091215905483341824,"Didn't January just fly by? Well if you're still bringing in the New Year with an old phone, it's time to head to @TMobile to get the Samsung Galaxy S9 included with your unlimited plan for just $40 a line for 4 lines. Keep it new for 2019! Go to T-Mobile now! #ad",1,4,6,nessnitty,NESSA,137378,1439,1,2,2019
https://twitter.com/WTVM/status/1091209850661556224,2019-02-01 05:41:16+00:00,1091209850661556224,UPDATE: 5th suspect wanted for armed robbery at T-Mobile on Veterans Parkway in Columbus | All suspects are from the Atlanta area See suspects here &gt;&gt; https://t.co/jm06Oy6gx7 https://t.co/zjV1SqGEXD,1,0,1,WTVM,WTVM News Leader 9,37441,2422,1,2,2019
https://twitter.com/MelvinDoo/status/1091201098298216448,2019-02-01 05:06:30+00:00,1091201098298216448,@TMobileHelp I keep getting calls for the wrong Doo. Is there anything you can do about this?,1,1,0,MelvinDoo,melvin doo,131,1,1,2,2019
https://twitter.com/shadeed_mango/status/1091198964496584704,2019-02-01 04:58:01+00:00,1091198964496584704,T-mobile migrating datacenter to the cloud. https://t.co/qCnTd6eiZF,1,0,2,shadeed_mango,Mango Man,363,186,1,2,2019
https://twitter.com/dreddy7_dt/status/1091197792113049600,2019-02-01 04:53:21+00:00,1091197792113049600,BHAM had the pleasure of hosting our SVP of HR (Marty)@Wintertab . Where he took the opportunity to thank our Experts for making T-Mobile #FamousForCare . @CallieField @LizInMotion @m_wan4life @GeminiKNM @TamaraSmith7730 @BKsykes @cc_joseph @EMowjee @Vrazhilov https://t.co/7cuqSYqrFu,3,2,46,dreddy7_dt,Dave Thompson,1087,571,1,2,2019
https://twitter.com/mrjlwilliams/status/1091187269262868480,2019-02-01 04:11:32+00:00,1091187269262868480,"For sale #Honor8X (Chinese model) No LTE for US T-Mobile. 6GB 128GB make me an offer. All contents of the box are still together, only used the phone. Comes complete. #smartphone #sale https://t.co/vO6jQ0Ls04",1,0,7,mrjlwilliams,J. Williams,3546,34,1,2,2019
https://twitter.com/tibbief/status/1091184530323656704,2019-02-01 04:00:39+00:00,1091184530323656704,"Celebrating these 2 fierce, smart women tonight - one promoting to the next big T-Mobile role and one moving on to blissful retirement after 19 years at T-Mobile! We will miss you both!!! Thank you for all you’ve done !! 💕💕@KimberlyJWyman @dvidalTMO https://t.co/ZyUZlnZeCX",1,1,32,tibbief,Tibbie Farnsworth,561,180,1,2,2019
https://twitter.com/business/status/1091169927225053184,2019-02-01 03:02:38+00:00,1091169927225053184,"Allegations against Huawei justify a close look by Congress into T-Mobile’s proposed $26.5 billion purchase of Sprint, say former U.S. officials https://t.co/sVnaK1NhhC",10,0,17,business,Bloomberg,8409400,1401,1,2,2019
https://twitter.com/Millicent_xoxo/status/1091151696280076288,2019-02-01 01:50:11+00:00,1091151696280076288,I want to throw up just looking at this. My dad got 100k bill from T-Mobile for having his hotspot on in Mexico for four weeks. RT https://t.co/6RZLcliu14,1,0,1,Millicent_xoxo,General Mills,239,137,1,2,2019
https://twitter.com/Antfacee/status/1091149049007357953,2019-02-01 01:39:40+00:00,1091149049007357953,@Weaddaman @PhilipRLeodoro @TMobile @TMobileHelp @JohnLegere @ABC7Chicago @ABC @nbcchicago @CBSNews @CNN @TwitterMoments @Oprah @TheEllenShow @PerezHilton @ThePerezHilton @cher @DavidMuir @1019MIXChicago @CarolMarin @TheView Cricket is where it’s at lol unlimited to and from lol,1,1,4,Antfacee,Antoinette,436,285,1,2,2019
https://twitter.com/Arelis11419/status/1091144345561063425,2019-02-01 01:20:59+00:00,1091144345561063425,“Creativity is inteligente having FUN” 🙌🏼😁 #ReadyPR19 rocking these T-Mobile Tuesdays cool socks 🧦! #BeYou @ElvisJoel @JOSEEVAZQUEZ16 @SashaCardona6 @Jimandino16 @margaret07fel @RebeccaBecky777 @layza7550 @XanderVRod @RIMARIE1229 @rogeliorosa2973 https://t.co/LQifepOPRo,3,1,12,Arelis11419,Are’ Maldonado,456,816,1,2,2019
https://twitter.com/iamRAWzeal/status/1091143550719459328,2019-02-01 01:17:49+00:00,1091143550719459328,@JohnLegere @TMobile @TMobileHelp   When are we getting the Galaxy Note 9 Android Pie and One UI Update?,2,0,4,iamRAWzeal,J. Conner,206,1745,1,2,2019
https://twitter.com/WirelessGus/status/1091143317780418560,2019-02-01 01:16:54+00:00,1091143317780418560,"What's your favorite thing about  T-Mobile? from ""RealCustomers"" #TeamOfExperts #tmobile #CustomerExperienceObsessed #WinAllTheThings @CallieField @JohnLegere @JonFreier @KatzMike @SievertMike @braxtoncarter @ARAINONE75 @TheMonsoon1 @kirby3james @MagentaHypeGirl @Donnaprice2424 https://t.co/h4WP8Y6JbI",1,0,11,WirelessGus,Gus Sanchez,176,562,1,2,2019
https://twitter.com/Gq_kevv/status/1091136904135872512,2019-02-01 00:51:24+00:00,1091136904135872512,@guzman__g Good so just text me don’t waste yo t-mobile Service @TMobile  right,1,0,1,Gq_kevv,The Hope,1848,1410,1,2,2019
https://twitter.com/KingLouieOG/status/1091135017944735744,2019-02-01 00:43:55+00:00,1091135017944735744,@slackademics My money goes to food weed and T-Mobile I guess 🤮,1,1,1,KingLouieOG,Slimebaby,569,1494,1,2,2019
https://twitter.com/KingLouieOG/status/1091132344742797313,2019-02-01 00:33:17+00:00,1091132344742797313,Fuck T-Mobile just spent 300$ on my phone bill,1,1,1,KingLouieOG,Slimebaby,569,1494,1,2,2019
