url,Datetime,Tweet Id,Text,Retweet Count,Reply Count,Like Count,Username,Display Name,Followers Count,Friends Count,Day,Month,Year
https://twitter.com/WFLA/status/1091846835839356930,2019-02-02 23:52:25+00:00,1091846835839356930,Get banned from Walmart with these Pringles can tumblers for your wine https://t.co/1tizd8BMcY https://t.co/RLiYy2I4Cc,2,1,4,WFLA,WFLA NEWS,187362,2300,2,2,2019
https://twitter.com/Z3PHR1/status/1091844496004833280,2019-02-02 23:43:07+00:00,1091844496004833280,"jungkook: hello 911? my hands are stuck in these pringles tubes... both hands, yes... jungkook: look, it's not important how i dialed the number.. just send help!",191,4,1021,Z3PHR1,nat !!,34913,2468,2,2,2019
https://twitter.com/LogisticalPal/status/1091844104881721344,2019-02-02 23:41:34+00:00,1091844104881721344,"//Hey everyone! I know lots of you are single pringles for Valentine’s Day. Come celebrate and read the thread we’ll be doing together. Jay and I are very exited to have all of our friends with us when we do this, and we love you! It’s going to be tons of fun. https://t.co/KlQHsx06n7",1,0,7,LogisticalPal,Log In 🦕,1201,266,2,2,2019
https://twitter.com/angelbabyakalei/status/1091837649369862149,2019-02-02 23:15:55+00:00,1091837649369862149,I might be living off Pringles but I'm still having fun,1,1,2,angelbabyakalei,Ashley🌹,1164,1010,2,2,2019
https://twitter.com/_Chining_/status/1091836955569082372,2019-02-02 23:13:10+00:00,1091836955569082372,"We’re watching Call Me By Your Name and Elio came onto screen shirtless, it’s completely silent and Jan sat there crunching on his Pringles just goes ‘Hello cutie’",1,0,2,_Chining_,JuiceyJuice,444,335,2,2,2019
https://twitter.com/weartv/status/1091817768096317440,2019-02-02 21:56:55+00:00,1091817768096317440,"After a woman was banned from Walmart in Texas after drinking wine from a Pringles can while driving around on an electric shopping cart, an Etsy store owner has found inspiration. https://t.co/staGbOR859",1,0,3,weartv,WEAR ABC 3,83345,802,2,2,2019
https://twitter.com/hollybrock/status/1091806296934887425,2019-02-02 21:11:20+00:00,1091806296934887425,Incredible turnout at Kissimmee Walmart today!  Met lots of new Pringles fans!!! #Pringlesfishing #PringlesStack #flwfishing #bassfishing,1,0,1,hollybrock,Greg Bohannan,1845,44,2,2,2019
https://twitter.com/aaa_adesua/status/1091805067353747456,2019-02-02 21:06:27+00:00,1091805067353747456,"You don’t like Pringles, you don’t like Skittles. Cold stone? No! Cake? No! Chocolate Bar? No! Please, how are we friends? 😒",1,0,1,aaa_adesua,Obiajulum 🖤 Molly 🤍 TAM ✨,422,262,2,2,2019
https://twitter.com/fox5dc/status/1091803444753575936,2019-02-02 21:00:00+00:00,1091803444753575936,"Pringles wine tumbler gives new meaning to 'once you pop, you just can't stop' https://t.co/jd7qHX4KVL",2,0,7,fox5dc,FOX 5 DC,328038,5927,2,2,2019
https://twitter.com/THV11/status/1091798410196185088,2019-02-02 20:40:00+00:00,1091798410196185088,Yes -- Pringles wine tumblers are a thing https://t.co/eFHtuIYbVv https://t.co/bPUi2ye5VT,1,0,0,THV11,THV11,170390,934,2,2,2019
https://twitter.com/zseward/status/1091793405418659842,2019-02-02 20:20:07+00:00,1091793405418659842,"Dejected robots are the subject of Super Bowl ads this year by Michelob, Pringles, TurboTax, and even Amazon. ""This is the year of the sad robot, absolutely."" https://t.co/dkFl9AlQBO",2,1,3,zseward,Zach Seward,27247,2385,2,2,2019
https://twitter.com/CNNBusiness/status/1091788344030347264,2019-02-02 20:00:00+00:00,1091788344030347264,"The usual Super Bowl suspects like Coke, Pepsi, Pringles and Doritos are back with new ads that feature a host of celebrities. Watch them before they air: https://t.co/BCqPEFSbzC https://t.co/QRI23VA48r",22,5,22,CNNBusiness,CNN Business,1865800,950,2,2,2019
https://twitter.com/Pringles/status/1091776170482434048,2019-02-02 19:11:37+00:00,1091776170482434048,"@ernestwinters Way to think outside… or actually, inside of the can with that request. We’re happy to hear how we can make your snack time better!",1,0,3,Pringles,Pringles,476855,610,2,2,2019
https://twitter.com/WPLGLocal10/status/1091774537618935818,2019-02-02 19:05:08+00:00,1091774537618935818,Artist creates Pringles wine tumbler after Walmart incident https://t.co/pEv8SZRAq7 https://t.co/msi6VBELqz,3,0,4,WPLGLocal10,WPLG Local 10 News,206376,1107,2,2,2019
https://twitter.com/redgglass/status/1091768443601387525,2019-02-02 18:40:55+00:00,1091768443601387525,"https://t.co/qmasnQE9DH interviewed local chromatic glasses canine @BluShades and he loudly ate pringles during my introduction, whatever tho man thank you so much for coming on the show brother HH",5,3,10,redgglass,grant,628,147,2,2,2019
https://twitter.com/mothcub_/status/1091763909676154880,2019-02-02 18:22:54+00:00,1091763909676154880,And THAT's why we should all boycott Pringles.,1,1,35,mothcub_,Lilly ✨ mothcub,38454,1856,2,2,2019
https://twitter.com/1075theriver/status/1091761920485384193,2019-02-02 18:15:00+00:00,1091761920485384193,Combining my two loves in life - wine and @Pringles 🍷❤️https://t.co/v5QgP9eKW8,1,0,3,1075theriver,1075 The River,40419,2744,2,2,2019
https://twitter.com/cyndachoo/status/1091757135241842692,2019-02-02 17:55:59+00:00,1091757135241842692,"lance: baaabe? could you come in here for a sec? keith: hey, whats wrong— lance: (is sitting on the kitchen floor elbow deep in a pringles tube wildy trying to shake it off while crumbs fly everywhere) keith:",22,2,120,cyndachoo,tal 🏴‍☠️🏳️‍🌈🏳️‍⚧️,32467,962,2,2,2019
https://twitter.com/cyndachoo/status/1091756345131450370,2019-02-02 17:52:51+00:00,1091756345131450370,lance has gotten his hand stuck in a pringles tube more than once,28,3,205,cyndachoo,tal 🏴‍☠️🏳️‍🌈🏳️‍⚧️,32467,962,2,2,2019
https://twitter.com/3onyourside/status/1091751908342222850,2019-02-02 17:35:13+00:00,1091751908342222850,Artist sells Pringles wine tumblers after viral story of woman banned from Walmart https://t.co/CILzrbtl7y,1,0,1,3onyourside,WREG News Channel 3,176760,890,2,2,2019
https://twitter.com/PatrickLaugh/status/1091750888190984193,2019-02-02 17:31:10+00:00,1091750888190984193,"Dear Pringles, as I'm no longer a damn child, I cannot fit my hand inside yo tubes of deliciousness. Sincerely, everyone …",7,0,19,PatrickLaugh,Patrick Star,3746,2235,2,2,2019
https://twitter.com/dougbies/status/1091745669033938944,2019-02-02 17:10:25+00:00,1091745669033938944,I eat Girl Scout Cookies as fast as I eat Pringles,2,3,20,dougbies,Doug Bies,19191,5426,2,2,2019
https://twitter.com/gaellesworld/status/1091743385411571712,2019-02-02 17:01:21+00:00,1091743385411571712,just say pringles akhdar and go https://t.co/V4XUPM9XMt,14,3,58,gaellesworld,vincent mangogh,4908,1198,2,2,2019
https://twitter.com/Coupons/status/1091743347683872769,2019-02-02 17:01:12+00:00,1091743347683872769,"Gear up to throw a last minute Big Game party! Here’s a quick, simple &amp; cute (read awesome) ­­idea.  Presenting to you.. Chocolate-Dipped Pringles: https://t.co/qGcieL2ci8 🤤🏈🤤🏈🤤🏈 #BigGameBigSavings #SuperBowlSunday #PartyHits #EasyRecipes https://t.co/ddj8HAN1B1",1,0,2,Coupons,Coupons.com,200672,421,2,2,2019
https://twitter.com/7NewsDC/status/1091739271084630016,2019-02-02 16:45:00+00:00,1091739271084630016,"Creative idea? After a woman was banned from Walmart in Texas earlier this month after drinking wine from a Pringles can while driving around on an electric shopping cart, an Etsy store owner has found inspiration. https://t.co/Gj187fotno",1,0,5,7NewsDC,7News DC,179136,1377,2,2,2019
https://twitter.com/Happyhourguys/status/1091736072961359878,2019-02-02 16:32:17+00:00,1091736072961359878,Artist sells Pringles wine tumblers after viral story of woman banned from Walmart https://t.co/OE0DhrRqvQ via @wqad,1,0,1,Happyhourguys,Happyhourguys,11416,7553,2,2,2019
https://twitter.com/hxrrieett/status/1091733955437625344,2019-02-02 16:23:53+00:00,1091733955437625344,@Joshbavo Pringles are disgusting,1,2,4,hxrrieett,harriet,4695,1254,2,2,2019
https://twitter.com/jashuawonder/status/1091732226566430722,2019-02-02 16:17:00+00:00,1091732226566430722,"I just need lots of pringles, chocolate and chicken for valentine's day sigh",10,2,29,jashuawonder,Joshy Woshy™,10658,2237,2,2,2019
https://twitter.com/greygroup/status/1091730914701389825,2019-02-02 16:11:48+00:00,1091730914701389825,"With endless combinations, there’s a @Pringles flavor stack for everyone. Or is there? #getstacking https://t.co/wm2YsqLxsH via @Adweek #client https://t.co/xORiwz1Ky4",1,0,7,greygroup,Grey,15495,1299,2,2,2019
https://twitter.com/jansnow_007/status/1091730263225389057,2019-02-02 16:09:12+00:00,1091730263225389057,"So my sister asked khane se pehle ki Dua and then prayed, ""YA ALLAH mere Pringles main barkat hojae ameen.""😂😂😂",1,1,18,jansnow_007,JAN SNOW🇵🇸,1479,1126,2,2,2019
https://twitter.com/Suntouch_/status/1091728757256261632,2019-02-02 16:03:13+00:00,1091728757256261632,Hey UK people sign up to the @Pringles event for a chance to get a trip to London and compete on the 100 seater sofa challenge! https://t.co/mVSFHaO11y #ad #pringles https://t.co/1YlNtBoxFF,5,0,22,Suntouch_,SUNNY,8212,529,2,2,2019
https://twitter.com/lilvcid/status/1091723961493270528,2019-02-02 15:44:10+00:00,1091723961493270528,"I’m sitting in bed drinking a bottle of water,  Nich wakes up “is that a pringles can?”  We don’t even have pringles.",1,1,5,lilvcid,rally’s rat,446,466,2,2,2019
https://twitter.com/WGNOtv/status/1091721707759513600,2019-02-02 15:35:12+00:00,1091721707759513600,Artist sells Pringles wine tumblers after viral story of woman banned from Walmart https://t.co/QthM93ViMc https://t.co/UQSviTKfcN,1,0,1,WGNOtv,WGNO-TV (ABC) New Orleans,48912,700,2,2,2019
https://twitter.com/CNN/status/1091720648341229570,2019-02-02 15:31:00+00:00,1091720648341229570,"The usual Super Bowl suspects like Coke, Pepsi, Pringles and Doritos are back with new ads that feature a host of celebrities. Watch them before they air: https://t.co/VEhOHkZMnu https://t.co/rFFvRSIYof",132,32,418,CNN,CNN,58711478,1103,2,2,2019
https://twitter.com/cnni/status/1091720648177537030,2019-02-02 15:31:00+00:00,1091720648177537030,"The usual Super Bowl suspects like Coke, Pepsi, Pringles and Doritos are back with new ads that feature a host of celebrities. Watch them before they air: https://t.co/nOfEy2FkJk https://t.co/Lt4d88F86m",59,10,172,cnni,CNN International,13861037,369,2,2,2019
https://twitter.com/emhavenger/status/1091719090882793472,2019-02-02 15:24:49+00:00,1091719090882793472,Bet @joshuadun cant reach his pringles because of how short his arms are,1,0,1,emhavenger,rocks,728,515,2,2,2019
https://twitter.com/daarkins/status/1091716769218285568,2019-02-02 15:15:35+00:00,1091716769218285568,Why are people like Chris Brown still at the top of the charts when Bo Burnham made a parody of an equally shit musician with more intricacy in both entertainment and self awareness singing about not fitting his hand inside a Pringles can,2,0,4,daarkins,𝔪𝔞𝔡𝔢 𝔬𝔣 𝔟𝔞𝔱𝔰,567,297,2,2,2019
https://twitter.com/ksatnews/status/1091712847745335296,2019-02-02 15:00:00+00:00,1091712847745335296,How can you drink wine WITHOUT a Pringles tumbler? https://t.co/yD92Fkw01N,1,0,3,ksatnews,KSAT 12,275146,886,2,2,2019
https://twitter.com/ksdknews/status/1091712607789215745,2019-02-02 14:59:03+00:00,1091712607789215745,"After a woman in Texas made headlines for getting banned from a Walmart for riding around their parking lot on an electric shopping cart, drinking wine from a Pringles can, the idea for a cleaner wine container came about. https://t.co/FFcHweLjh8",1,0,0,ksdknews,KSDK News,245335,1585,2,2,2019
https://twitter.com/2litature/status/1091701218873933824,2019-02-02 14:13:48+00:00,1091701218873933824,@pringles_bish @merrpppp Yall silly asl 😂,1,0,1,2litature,🥷🏾 IG :cozymode98,3852,4328,2,2,2019
https://twitter.com/2much_opoTBdope/status/1091699980518260736,2019-02-02 14:08:52+00:00,1091699980518260736,@Poshpresh @Itz_iyisam And these singles are enjoying pr**k... Can we now call dem 'Pringles'??,2,0,3,2much_opoTBdope,MC_PUNs😀😀,8089,7306,2,2,2019
https://twitter.com/fox13seattle/status/1091699402631204864,2019-02-02 14:06:35+00:00,1091699402631204864,Artist sells Pringles wine tumblers after viral story of woman banned from Walmart https://t.co/pTEkwiyeHw https://t.co/MLGFvwZzoX,1,0,0,fox13seattle,FOX 13 Seattle,156183,2094,2,2,2019
https://twitter.com/fox43/status/1091697750989815808,2019-02-02 14:00:01+00:00,1091697750989815808,The story of a woman riding an electric shopping cart and drinking wine from a Pringles can at a Walmart has become an inspiration for an artist. https://t.co/325sTIkJsT,2,0,4,fox43,WPMT FOX43,82981,1173,2,2,2019
https://twitter.com/RealDealBeal23/status/1091696518824890369,2019-02-02 13:55:07+00:00,1091696518824890369,Hey @FloridaGators it’s time to rally your crew. @CheezIt and @Pringles are sending fans to Minneapolis to see Shaq and Barkley coach it out at the Celebrity Crunch Classic. Tweet using #CrunchClassicEntry for a chance to WIN. For Rules https://t.co/ipqqpl5Fxl https://t.co/YccqJVReBR,71,48,712,RealDealBeal23,Bradley Beal,683419,509,2,2,2019
https://twitter.com/YICETOR/status/1091670557496610817,2019-02-02 12:11:57+00:00,1091670557496610817,@robdowde @L0RD_H That's what I'm going for! I'm hoping that it's a Pringles scoreline. Once they pop they just can't stop.,1,1,4,YICETOR,Laura Lawrence ⚽📚,6341,5441,2,2,2019
https://twitter.com/AOL/status/1091648827076104193,2019-02-02 10:45:36+00:00,1091648827076104193,Pringles wine tumblers are inspired by woman banned from Walmart https://t.co/Nn2YYhRuaD,1,0,1,AOL,AOL.com,163331,3152,2,2,2019
https://twitter.com/pjydino1234/status/1091631925813342208,2019-02-02 09:38:27+00:00,1091631925813342208,"Favorite Snack? 🌙 Pringles. And also korean's chips squid flavored Ojingeo-Chips! Favorite Sports? 🌙 I dont really like sports but if i had to choose, soccer. In the summer i like playing active sports like water skiing. https://t.co/HcNIVCWRat",4,1,8,pjydino1234,billア🌙,261,288,2,2,2019
https://twitter.com/fox13seattle/status/1091623828122468352,2019-02-02 09:06:16+00:00,1091623828122468352,Artist sells Pringles wine tumblers after viral story of woman banned from Walmart https://t.co/7640TxTQb1 https://t.co/7UhHH6KmDY,1,0,2,fox13seattle,FOX 13 Seattle,156183,2094,2,2,2019
https://twitter.com/hahahaharlequin/status/1091609532361392129,2019-02-02 08:09:28+00:00,1091609532361392129,"Baekhyun: Hello 911? My hands are stuck in Pringles tubes... Both hands, yes. Baekhyun: Look, it's not important how I dialled the number, just send help",1,1,8,hahahaharlequin,working on sheets and fics,1476,3977,2,2,2019
https://twitter.com/1027KIISFM/status/1091606924318203904,2019-02-02 07:59:06+00:00,1091606924318203904,"Pringles wine tumblers exist, because why not? https://t.co/neYn0deuwu",3,0,4,1027KIISFM,102.7 KIIS FM,349304,978,2,2,2019
https://twitter.com/CarrlynBathe/status/1091605593800900608,2019-02-02 07:53:49+00:00,1091605593800900608,@andylassner I hate when they do that. Especially when they team up with the Pringles and bully me.,2,0,77,CarrlynBathe,Carrlyn Bathe,21194,1719,2,2,2019
https://twitter.com/cartermaddyg/status/1091601695749087233,2019-02-02 07:38:19+00:00,1091601695749087233,someone please bring pringles to me &amp; maiya,2,0,26,cartermaddyg,maddy carter,2439,480,2,2,2019
https://twitter.com/WNEP/status/1091592236205293574,2019-02-02 07:00:44+00:00,1091592236205293574,Artist Sells Pringles Wine Tumblers After Viral Story of Woman Banned From Walmart https://t.co/ecFH8Ahfax https://t.co/xZqA7JC8ZB,1,0,1,WNEP,WNEP,148761,157,2,2,2019
https://twitter.com/dtwoods/status/1091591878938480640,2019-02-02 06:59:19+00:00,1091591878938480640,"Browser tabs are like Pringles, you pop open 4 or 5 and the next thing you know you’re 70 tabs deep, covered in crumbs and can barely remember where you started or who the fuck your are. https://t.co/9qGBMGRlDL",1,0,10,dtwoods,Derek,1578,442,2,2,2019
https://twitter.com/arieffyong/status/1091585024187498496,2019-02-02 06:32:05+00:00,1091585024187498496,"Buying groceries for yourself is actually kinda fun. Macam aku bila nampak pringles or ice cream, I’ll say to myself, “damn ni kalau makan time Netflix ni nice gak.” Then amik masuk cart 😂",187,1,235,arieffyong,Arieff Yong,46541,823,2,2,2019
https://twitter.com/wwmtnews/status/1091585003945844742,2019-02-02 06:32:00+00:00,1091585003945844742,"The description also states that the tumblers are ""Great for your friends or moms that endure long trips in Walmart and need to drink wine from a Pringles can."" https://t.co/iSnxRzf4NM",1,0,4,wwmtnews,News Channel 3 WWMT-TV,59724,378,2,2,2019
https://twitter.com/kfor/status/1091578339393966081,2019-02-02 06:05:31+00:00,1091578339393966081,Artist sells Pringles wine tumblers after viral story of woman banned from Walmart https://t.co/SwSfGyhdlS https://t.co/fCPSS0CaMB,1,0,1,kfor,KFOR,104729,2162,2,2,2019
https://twitter.com/incorrectbas/status/1091571765048938496,2019-02-02 05:39:23+00:00,1091571765048938496,"dan: hello 911? my hands are stuck in pringles tubes… both hands, yes… dan: it’s not important how i dialed the number just send help",10,0,53,incorrectbas,incorrect bastille quotes,240,15,2,2,2019
https://twitter.com/WKRG/status/1091569409112584193,2019-02-02 05:30:02+00:00,1091569409112584193,Now you too can drink wine (or whatever beverage of your choosing) from a Pringles can! https://t.co/BDhvnZwJ7M,2,0,6,WKRG,WKRG,81820,450,2,2,2019
https://twitter.com/wqad/status/1091562019600433152,2019-02-02 05:00:40+00:00,1091562019600433152,Pringles can wine tumblers are now a thing https://t.co/GeEwQAzfjn https://t.co/psLNT3hb2i,1,0,2,wqad,WQAD,48371,802,2,2,2019
https://twitter.com/12NewsNow/status/1091556567776935937,2019-02-02 04:39:00+00:00,1091556567776935937,"After a woman in Texas made headlines for getting banned from a Walmart for riding around their parking lot on an electric shopping cart, drinking wine from a Pringles can, the idea for a cleaner wine container came about. https://t.co/f2MUifwbcV",1,1,2,12NewsNow,12NewsNow,45431,2497,2,2,2019
https://twitter.com/WGNNews/status/1091555657759768576,2019-02-02 04:35:23+00:00,1091555657759768576,Artist sells Pringles wine tumblers after viral story of woman banned from Walmart https://t.co/4NuHtAOLrh https://t.co/BCRPWZQjNT,7,0,11,WGNNews,WGN TV News,361395,1180,2,2,2019
https://twitter.com/CNN/status/1091555111174918144,2019-02-02 04:33:13+00:00,1091555111174918144,"The usual Super Bowl suspects like Coke, Pepsi, Pringles and Doritos are back with new ads that feature a host of celebrities. Watch them before they air: https://t.co/VEhOHkZMnu https://t.co/ZQOzcK2Ryo",111,27,324,CNN,CNN,58711478,1103,2,2,2019
https://twitter.com/cnni/status/1091555111137091584,2019-02-02 04:33:13+00:00,1091555111137091584,"The usual Super Bowl suspects like Coke, Pepsi, Pringles and Doritos are back with new ads that feature a host of celebrities. Watch them before they air: https://t.co/nOfEy2WW7U https://t.co/nxiK3u9Bp7",23,1,86,cnni,CNN International,13861037,369,2,2,2019
https://twitter.com/ComicFanboy616/status/1091553366814019584,2019-02-02 04:26:17+00:00,1091553366814019584,"Hey. Listen. Just because I Eat Ruffles in my bed, I’m not a Loser. I’ve also been known to eat Pringles, the winning man’s crisp.",1,1,4,ComicFanboy616,Jake Murphy,174,621,2,2,2019
https://twitter.com/ezayur/status/1091551214108635136,2019-02-02 04:17:44+00:00,1091551214108635136,Y’all why I was at target in my white ass neighborhood and thought I heard a Greek roll call. I got so scared I almost dropped my pringles. I swear college gave me ptsd,2,0,25,ezayur,zay,2212,988,2,2,2019
https://twitter.com/AhmurShaye/status/1091549053194813440,2019-02-02 04:09:08+00:00,1091549053194813440,Pringles https://t.co/cDQWzEolYg,1,0,3,AhmurShaye,Char,3292,2742,2,2,2019
https://twitter.com/FOX61News/status/1091548356885823488,2019-02-02 04:06:22+00:00,1091548356885823488,Artist sells Pringles wine tumblers after viral story of woman banned from Walmart https://t.co/JyfDlftPTk https://t.co/35s4vP3xBW,2,0,3,FOX61News,FOX61,148183,855,2,2,2019
https://twitter.com/10TampaBay/status/1091537685020377088,2019-02-02 03:23:58+00:00,1091537685020377088,Remember the woman accused of drinking wine from a Pringles can while riding a scooter in a Walmart parking lot? Now you can get a Pringles wine tumbler and re-enact the scene! https://t.co/PZ7NV0ZLhD https://t.co/eG2Yp8Keie,2,0,3,10TampaBay,10 Tampa Bay,173664,12143,2,2,2019
https://twitter.com/KPRC2/status/1091531653586059264,2019-02-02 03:00:00+00:00,1091531653586059264,How can you drink wine WITHOUT a Pringles tumbler? https://t.co/R2mf6wlwWE,2,0,6,KPRC2,KPRC 2 Houston,695646,1613,2,2,2019
https://twitter.com/wqad/status/1091516725869330437,2019-02-02 02:00:41+00:00,1091516725869330437,Artist sells Pringles wine tumblers after viral story of woman banned from Walmart https://t.co/I2aXQOkPI5 https://t.co/oYGphSGgoN,1,0,2,wqad,WQAD,48371,802,2,2,2019
https://twitter.com/wjxt4/status/1091516562106925061,2019-02-02 02:00:02+00:00,1091516562106925061,How can you drink wine WITHOUT a Pringles tumbler? https://t.co/QgUFo4FY9L,1,0,1,wjxt4,News4JAX,201668,897,2,2,2019
https://twitter.com/Local4News/status/1091516561783951361,2019-02-02 02:00:02+00:00,1091516561783951361,How can you drink wine WITHOUT a Pringles tumbler? https://t.co/uQBQudNSFS,1,0,0,Local4News,Local 4 WDIV Detroit,427690,2534,2,2,2019
https://twitter.com/WPLGLocal10/status/1091516559133163525,2019-02-02 02:00:01+00:00,1091516559133163525,How can you drink wine WITHOUT a Pringles tumbler? https://t.co/fa7PcVVc7G,1,0,0,WPLGLocal10,WPLG Local 10 News,206376,1107,2,2,2019
https://twitter.com/10TV/status/1091511519928496128,2019-02-02 01:40:00+00:00,1091511519928496128,Artist creates Pringles wine tumblers after viral story of woman banned from Walmart https://t.co/0G6s0MUD6f #10TV https://t.co/pVEt41iPOQ,1,0,7,10TV,10TV,348449,21591,2,2,2019
https://twitter.com/WTHRcom/status/1091510972509024259,2019-02-02 01:37:49+00:00,1091510972509024259,Sometimes inspiration comes in the form of a woman drinking wine out of a Pringles can on an electric scooter at Walmart. https://t.co/0gpoOTIj4y,5,4,14,WTHRcom,WTHR.com,290816,7420,2,2,2019
https://twitter.com/Real923LA/status/1091508131669164034,2019-02-02 01:26:32+00:00,1091508131669164034,Pringles Wine Tumblers Do Exist https://t.co/GvQVKXF9zk,1,0,2,Real923LA,REAL 92.3 LA,44121,487,2,2,2019
https://twitter.com/kennycooks/status/1091505063841943557,2019-02-02 01:14:21+00:00,1091505063841943557,Thanks @Pringles https://t.co/l5Q4CP05KW,1,1,5,kennycooks,kenny jervis🇺🇦🌻,2233,3281,2,2,2019
https://twitter.com/Jezebel/status/1091504725709803520,2019-02-02 01:13:00+00:00,1091504725709803520,We drank wine from Pringles cans in solidarity with the woman banned from Walmart. 🥂 https://t.co/skiB6j4lA1,4,0,31,Jezebel,Jezebel,310635,48,2,2,2019
https://twitter.com/fox4kc/status/1091502819335647234,2019-02-02 01:05:25+00:00,1091502819335647234,Artist sells Pringles wine tumblers after viral story of woman banned from Walmart https://t.co/q1bgQfVEmS https://t.co/CnFp1THZlp,1,0,4,fox4kc,FOX4 News,225724,694,2,2,2019
https://twitter.com/DailyMail/status/1091500458798182400,2019-02-02 00:56:03+00:00,1091500458798182400,An artist is selling Pringles WINE TUMBLERS - after a woman was banned from a Walmart store for drinking alcohol from the chips container https://t.co/AGc2IW9h5m,2,3,6,DailyMail,Daily Mail US,410035,1804,2,2,2019
https://twitter.com/CBS21NEWS/status/1091497678716964865,2019-02-02 00:45:00+00:00,1091497678716964865,"After a woman was banned from Walmart in Texas earlier this month after drinking wine from a Pringles can while driving around on an electric shopping cart, an Etsy store owner has found inspiration. https://t.co/sUMwCKveI5",1,0,0,CBS21NEWS,CBS 21 News,65309,1081,2,2,2019
https://twitter.com/wsvn/status/1091493907949670400,2019-02-02 00:30:01+00:00,1091493907949670400,The story of a woman riding an electric shopping cart and drinking wine from a Pringles can at a Walmart has become an inspiration for an artist in Mississippi. 🍷😂 https://t.co/axrLdnJXed,2,0,5,wsvn,WSVN 7 News,434776,1024,2,2,2019
https://twitter.com/gofooji/status/1091479056628006912,2019-02-01 23:31:00+00:00,1091479056628006912,"BOSTON, there's still time to take your Big Game party to the next level and @Pringles has you covered 😉 We teamed up to deliver the ultimate snack kits to football fans 🙌 Tweet #PringlesFlavorStack + #Boston to receive yours now. https://t.co/xAn94pAdkH",16,81,41,gofooji,Fooji,117463,5,1,2,2019
https://twitter.com/probablynotkgb/status/1091474469254807554,2019-02-01 23:12:46+00:00,1091474469254807554,I sleep on a bed of roses except the roses are crumbs from those stax crisps that look like pringles but theyre cheaper and taste worse,1,1,4,probablynotkgb,flavor aid drinker,121,414,1,2,2019
https://twitter.com/FoodSided/status/1091468753496354821,2019-02-01 22:50:03+00:00,1091468753496354821,Are you ready for some super flavor stacking @Pringles this weekend? #snacks #SuperBowlLIII https://t.co/ialSPWme5E,1,0,1,FoodSided,FoodSided,1641,2016,1,2,2019
https://twitter.com/andysauvin/status/1091467961032953856,2019-02-01 22:46:55+00:00,1091467961032953856,"So @tobiwilson56 found a secret flavour of Pringles tonight and they were, just as claimed, XTRA-ordinary. https://t.co/hmTwmrb8t9",1,2,1,andysauvin,Andy Davies,644,550,1,2,2019
https://twitter.com/Pringles/status/1091467305874345987,2019-02-01 22:44:18+00:00,1091467305874345987,@_clever_image_ Thanks for the shout-out. We think that Pringles taste better than air!,1,0,1,Pringles,Pringles,476855,610,1,2,2019
https://twitter.com/lesroberts77/status/1091466063475286016,2019-02-01 22:39:22+00:00,1091466063475286016,Same way Danielle Lloyd likes her Pringles. https://t.co/wfnT98KJpY,1,1,14,lesroberts77,Les Roberts,2281,2100,1,2,2019
https://twitter.com/3onyourside/status/1091465052048244736,2019-02-01 22:35:21+00:00,1091465052048244736,Artist sells Pringles wine tumblers after viral story of woman banned from Walmart https://t.co/3f1TOYvc3p,1,1,7,3onyourside,WREG News Channel 3,176760,890,1,2,2019
https://twitter.com/Pringles/status/1091459188994248707,2019-02-01 22:12:03+00:00,1091459188994248707,"@kennycooks @kennycooks Congratulations, you're in. Get ready to get stacking. #PringlesFlavorStack",1,0,2,Pringles,Pringles,476855,610,1,2,2019
https://twitter.com/CBS6/status/1091457555002470400,2019-02-01 22:05:34+00:00,1091457555002470400,Artist sells Pringles wine tumblers after viral story of woman banned from Walmart https://t.co/JAmnyLlVKk https://t.co/aeysmHMgv6,2,0,4,CBS6,WTVR CBS 6 Richmond,139379,2498,1,2,2019
https://twitter.com/pristinepmI/status/1091455543389114374,2019-02-01 21:57:34+00:00,1091455543389114374,ollie *shows me a packet of extra hot pringles*: look it’s you  me: omfg i hated that,1,0,1,pristinepmI,georgia,739,340,1,2,2019
https://twitter.com/news6wkmg/status/1091453638306877442,2019-02-01 21:50:00+00:00,1091453638306877442,How can you drink wine WITHOUT a Pringles tumbler? https://t.co/7pYpOGLJW2,1,0,1,news6wkmg,News 6 WKMG,146110,1535,1,2,2019
https://twitter.com/Blanca83353564/status/1091453301957132288,2019-02-01 21:48:40+00:00,1091453301957132288,Thank you @Pringles and @gofooji 😋😋😋 https://t.co/FBZZOj290e,1,0,11,Blanca83353564,Blanca,5,52,1,2,2019
https://twitter.com/KUTV2News/status/1091452883579666432,2019-02-01 21:47:00+00:00,1091452883579666432,"Woman drove around Walmart on an electric shopping cart, drinking wine from a #Pringles can. She was banned.   A cup artist was inspired to make tumblers. $29.99 https://t.co/2VZWHzMFet",2,1,7,KUTV2News,KUTV2news,128095,1129,1,2,2019
https://twitter.com/TheWineSnob101/status/1091451333939523584,2019-02-01 21:40:50+00:00,1091451333939523584,"""I just saw some idiot at the gym put a water bottle in the Pringles holder on the treadmill.""  Austin Daily Globe",1,1,2,TheWineSnob101,Wine Lover,3905,3916,1,2,2019
https://twitter.com/gofooji/status/1091448606089977856,2019-02-01 21:30:00+00:00,1091448606089977856,"BOSTON: We teamed up with @Pringles to help you snack like a champion 🏆 Tweet  #PringlesFlavorStack + #Boston if you're in Boston, for your chance at a snack kit delivered right now! https://t.co/lb9n7sJQHN",10,28,24,gofooji,Fooji,117463,5,1,2,2019
https://twitter.com/Pringles/status/1091447767665397762,2019-02-01 21:26:40+00:00,1091447767665397762,@KEEPITONTHEREAL @gofooji @KEEPITONTHEREAL Confirm your order and get stacking! Just click the link here https://t.co/jkZiUMEIF2 #PringlesFlavorStack,1,0,1,Pringles,Pringles,476855,610,1,2,2019
https://twitter.com/Pringles/status/1091447442426527746,2019-02-01 21:25:23+00:00,1091447442426527746,"@KrispyGold21 It gets even better when you stack ‘em, too!",1,0,1,Pringles,Pringles,476855,610,1,2,2019
https://twitter.com/FOX59/status/1091446088907649025,2019-02-01 21:20:00+00:00,1091446088907649025,Artist sells Pringles wine tumblers after viral story of woman banned from Walmart https://t.co/VC1342OJwM,1,0,2,FOX59,FOX59 News,277111,6212,1,2,2019
https://twitter.com/clcrealquotes/status/1091443511252189186,2019-02-01 21:09:45+00:00,1091443511252189186,"Elkie: Hello 119? My hands are stuck in Pringles tubes… both hands, yes… Elkie: Look, it’s not important how I dialed the number just send help #CLC #CLC_NO_1",6,1,28,clcrealquotes,correct clc quotes,250,54,1,2,2019
https://twitter.com/fox5sandiego/status/1091442421743931393,2019-02-01 21:05:26+00:00,1091442421743931393,Artist sells Pringles wine tumblers after viral story of woman banned from Walmart https://t.co/ZyRKF4lLgI https://t.co/U0PUvgHz4Q,3,0,2,fox5sandiego,FOX 5 San Diego,205204,477,1,2,2019
https://twitter.com/NellaJamison/status/1091438414908534784,2019-02-01 20:49:30+00:00,1091438414908534784,#RejectedBigGameCommercials Dorito's sexually assault Oreo's &amp; get sentenced to a lifetime in a Pringles can!,1,0,2,NellaJamison,I'm that Chick people 💙 to Hate,278,1192,1,2,2019
https://twitter.com/KFOX14/status/1091434256591659008,2019-02-01 20:32:59+00:00,1091434256591659008,"After a woman was banned from Walmart in Texas earlier this month after drinking wine from a Pringles can while driving around on an electric shopping cart, an Etsy store owner has found inspiration. https://t.co/WoehLhq7nQ",1,0,4,KFOX14,KFOX14 News,126636,817,1,2,2019
https://twitter.com/ChaseEdmondson/status/1091433501658759168,2019-02-01 20:29:59+00:00,1091433501658759168,Thanks @gofooji and @Pringles! https://t.co/4YoosDPbFR,1,0,6,ChaseEdmondson,cнaѕe edмondѕon,730,479,1,2,2019
https://twitter.com/lovelyti/status/1091428259064176643,2019-02-01 20:09:09+00:00,1091428259064176643,Ratchet FL~ woman shot after giving a bad BJ for $5 and a can of Pringles https://t.co/YLRsxMJiiL,4,6,9,lovelyti,lovelyti,47155,312,1,2,2019
https://twitter.com/gofooji/status/1091425959402749952,2019-02-01 20:00:01+00:00,1091425959402749952,"BOSTON, it's time for the Big Game, so show your team some love! We teamed up with @Pringles to deliver some snacks ❤️ Tweet #PringlesFlavorStack + #Boston if the Patriots are taking it this Sunday! https://t.co/XaavUsagt3",5,35,21,gofooji,Fooji,117463,5,1,2,2019
https://twitter.com/KeroCake/status/1091423974670495744,2019-02-01 19:52:07+00:00,1091423974670495744,"YUM! Love Pringles. Will be hard not to keep for myself but I guess I’ll bring ‘em to game day 😜 🏈 Thanks, @gofooji and @Pringles !!! https://t.co/hcjX1v6RUX",3,1,10,KeroCake,Emily Sussman,44,80,1,2,2019
https://twitter.com/kfor/status/1091423504837369857,2019-02-01 19:50:15+00:00,1091423504837369857,Artist sells Pringles wine tumblers after viral story of woman banned from Walmart https://t.co/gzBjjkKda4 https://t.co/ZSdDbwROqP,1,0,1,kfor,KFOR,104729,2162,1,2,2019
https://twitter.com/thekitchn/status/1091422068078465024,2019-02-01 19:44:33+00:00,1091422068078465024,The Pringles Wine Tumbler You Need Is Already Sold Out — Food News https://t.co/Hy82OuZodR https://t.co/AJhqXvsfu0,5,1,6,thekitchn,The Kitchn,263589,949,1,2,2019
https://twitter.com/AdamNiehl/status/1091420560377159682,2019-02-01 19:38:33+00:00,1091420560377159682,".@Pringles any truth to the rumor that, much like in Frankenstein, “Mr. Pringle” is actually Dr. Pringle’s Monster? https://t.co/aTRHI9XWKR",1,0,2,AdamNiehl,Adam Niehl,288,790,1,2,2019
https://twitter.com/ALauwasser/status/1091419374110400512,2019-02-01 19:33:51+00:00,1091419374110400512,@Pringles Feeling stacked!! Thanks @Pringles and @gofooji !! https://t.co/2jgOsR5ki6,2,0,2,ALauwasser,Andy L,570,846,1,2,2019
https://twitter.com/andystreacle/status/1091417651107246080,2019-02-01 19:27:00+00:00,1091417651107246080,@PopTartsUS @MissDLloyd did a similar advert for @Pringles_UK,1,0,2,andystreacle,AJ Smith,2876,2334,1,2,2019
https://twitter.com/LiveForToday82/status/1091414837924487168,2019-02-01 19:15:49+00:00,1091414837924487168,Thank you @gofooji and @Pringles ! I’m game day ready! Go rams! https://t.co/8GmKxFxSpO,2,0,7,LiveForToday82,Franco,8,258,1,2,2019
https://twitter.com/WGNNews/status/1091413242709184512,2019-02-01 19:09:29+00:00,1091413242709184512,Artist sells Pringles wine tumblers after viral story of woman banned from Walmart https://t.co/B5kquvtupM,3,3,19,WGNNews,WGN TV News,361395,1180,1,2,2019
https://twitter.com/roxanneselby/status/1091410752387330048,2019-02-01 18:59:35+00:00,1091410752387330048,@k21fem Cannot beat a cheese straw. Except with vol au vents and Pringles.,1,0,1,roxanneselby,Roxanne Selby,2136,1125,1,2,2019
https://twitter.com/YAHU_co/status/1091409667845050368,2019-02-01 18:55:16+00:00,1091409667845050368,@gofooji @Pringles Yuhsss https://t.co/sHPivF1wYR,1,0,2,YAHU_co,YAHU,44,121,1,2,2019
https://twitter.com/BevVincent/status/1091408725783515136,2019-02-01 18:51:32+00:00,1091408725783515136,Pringles wine tumblers are inspired by woman banned from Walmart https://t.co/juNn1Ya2fV,1,0,3,BevVincent,Bev Vincent,9002,393,1,2,2019
https://twitter.com/theimpulsivebuy/status/1091408326045433857,2019-02-01 18:49:56+00:00,1091408326045433857,REVIEW: Pringles Wavy Crisps - The Impulsive Buy https://t.co/dScwObgmI4 https://t.co/fyxBhSquJQ,2,0,7,theimpulsivebuy,The Impulsive Buy,8132,363,1,2,2019
https://twitter.com/shwiggity5079/status/1091407248482492416,2019-02-01 18:45:40+00:00,1091407248482492416,@gofooji @Pringles Thank you! https://t.co/0veTOQQNKm,1,1,3,shwiggity5079,Shwiggity,0,7,1,2,2019
https://twitter.com/gofooji/status/1091404565419683841,2019-02-01 18:35:00+00:00,1091404565419683841,"Looking to take your Big Game party to the next level? @Pringles has you covered 😉 We teamed up to deliver the ultimate snacks to football fans 🙌 Tweet #PringlesFlavorStack + #LosAngeles if you're in LA, or #PringlesFlavorStack + #Boston if you're in Boston, to get yours now. https://t.co/YaQfY7jLLO",17,282,65,gofooji,Fooji,117463,5,1,2,2019
https://twitter.com/akikochan007/status/1091403367723626496,2019-02-01 18:30:14+00:00,1091403367723626496,@Pringles @gofooji Thanks for the Pringle’s ♥️🏈 https://t.co/0AhGipqGFX,1,0,4,akikochan007,Mel,59,220,1,2,2019
https://twitter.com/DrewScofield01/status/1091402684102574080,2019-02-01 18:27:31+00:00,1091402684102574080,"After the Walmart Pringles wine lady, this was inevitable. https://t.co/cKQLPKrwOv",3,0,2,DrewScofield01,Drew Scofield,624,375,1,2,2019
https://twitter.com/BucklesandBulls/status/1091399810274361345,2019-02-01 18:16:06+00:00,1091399810274361345,Banned Walmart Lady Inspires Amazing Line Of Pringles Wine Tumblers https://t.co/7WA8iUdSJy https://t.co/AWYnjYLi7F,2,0,4,BucklesandBulls,Buckles and Bulls,47521,46429,1,2,2019
https://twitter.com/hannah86471/status/1091398610191818752,2019-02-01 18:11:20+00:00,1091398610191818752,"@gofooji Once you pop the, fun don’t stop! Thank you @gofooji and @Pringles Let’s go Rams #LosAngeles  #PringlesFlavorStack https://t.co/FtZ0zIJnsB",4,1,5,hannah86471,Hannah,48,285,1,2,2019
https://twitter.com/Pringles/status/1091397605714812928,2019-02-01 18:07:21+00:00,1091397605714812928,@JackGameAttack No arguments here! Thanks for being a loyal fan.,1,1,1,Pringles,Pringles,476855,610,1,2,2019
https://twitter.com/fox28columbus/status/1091396533772267520,2019-02-01 18:03:05+00:00,1091396533772267520,"After a woman was banned from Walmart in Texas earlier this month after drinking wine from a Pringles can while driving around on an electric shopping cart, an Etsy store owner has found inspiration. https://t.co/cB73iYVuxJ https://t.co/9sdMcxjTeO",3,0,2,fox28columbus,FOX 28 Columbus,58017,4617,1,2,2019
https://twitter.com/WNEP/status/1091396511592861696,2019-02-01 18:03:00+00:00,1091396511592861696,Still looking for the perfect #ValentinesDay gift? These wine tumblers inspired by the story of a woman riding an electric shopping cart and drinking wine from a Pringles can at a Walmart may be it 😀 https://t.co/2kJ1TwlHFg,2,0,6,WNEP,WNEP,148761,157,1,2,2019
https://twitter.com/SecksWrecks/status/1091395188688384008,2019-02-01 17:57:44+00:00,1091395188688384008,Pringles family bringing good games to Genesis https://t.co/DJLCkx2Sg0,1,1,3,SecksWrecks,Seckswrecks,1024,1403,1,2,2019
https://twitter.com/WHO13news/status/1091391794410127361,2019-02-01 17:44:15+00:00,1091391794410127361,Artist Sells Pringles Wine Tumblers After Viral Story of Woman Banned from Walmart https://t.co/gD79JTzDfd https://t.co/skcX1Zu72E,2,0,3,WHO13news,WHO 13 News,84464,1696,1,2,2019
https://twitter.com/Sethisto/status/1091390674635636736,2019-02-01 17:39:48+00:00,1091390674635636736,Why do I even buy pringles? I know I'm just going to down the entire can in a day. That's 2 hours of hiking I need to do afterward to make up for the 800 calories.  Have a bat  https://t.co/tlX7Xg4kSb https://t.co/nVnPsIBgCC,26,4,185,Sethisto,Sethisto,29419,210,1,2,2019
https://twitter.com/fox6now/status/1091390499884355584,2019-02-01 17:39:06+00:00,1091390499884355584,Artist sells Pringles wine tumblers after viral story of woman banned from Walmart https://t.co/eGDoaRrwLC https://t.co/YcSY0WYJkM,2,1,1,fox6now,FOX6 News,93752,1976,1,2,2019
https://twitter.com/FOX40/status/1091390488253526021,2019-02-01 17:39:04+00:00,1091390488253526021,Artist Sells Pringles Wine Tumblers after Viral Story of Woman Banned from Walmart https://t.co/SLfu8Ad6yM,1,0,2,FOX40,FOX40 News,132352,611,1,2,2019
https://twitter.com/ChairGTables/status/1091386978967334912,2019-02-01 17:25:07+00:00,1091386978967334912,We're here at Genesis 6! Pringles hype https://t.co/AEFvzdVJvC,2,2,25,ChairGTables,𝘾𝙀 | 𝘾𝙝𝙖𝙞𝙧𝙂𝙏𝙖𝙗𝙡𝙚𝙨 🍔🍔🍔🍔🍔,2246,1340,1,2,2019
https://twitter.com/News3LV/status/1091380557684981761,2019-02-01 16:59:36+00:00,1091380557684981761,Pringles can designed wine tumblers inspired by woman banned from Texas Walmart https://t.co/7SIUzFcv8V,1,2,3,News3LV,KSNV News 3 Las Vegas,174881,2197,1,2,2019
https://twitter.com/loveakinkunle/status/1091372948261347328,2019-02-01 16:29:22+00:00,1091372948261347328,@cynnerr Lmaooo. You slandered Pringles 😑,1,2,4,loveakinkunle,Eleanor Rigby 🦄,2003,442,1,2,2019
https://twitter.com/KATVNews/status/1091369349510778881,2019-02-01 16:15:04+00:00,1091369349510778881,Its happened....An Etsy store owner has designed Pringles can wine tumblers inspired by the woman banned from a Texas Walmart. STORY: https://t.co/Ty8ArfpDuQ https://t.co/WwNKWhlpzX,2,2,12,KATVNews,KATV News,170418,650,1,2,2019
https://twitter.com/CBS12/status/1091365564004487170,2019-02-01 16:00:01+00:00,1091365564004487170,"After a woman was banned from Walmart in Texas earlier this month after drinking wine from a Pringles can while driving around on an electric shopping cart, an Etsy store owner has found inspiration. Read more: https://t.co/pCIGaZy7Go https://t.co/Pv0gnoRitR",1,1,1,CBS12,WPEC CBS12 News,116453,816,1,2,2019
https://twitter.com/foggybottomgal/status/1091364522818826245,2019-02-01 15:55:53+00:00,1091364522818826245,"Pringles can designed wine tumblers inspired by woman banned from Texas Walmart⁉️⁉️⚠️Gonna make money off’n her, y’all ought to pony up on her finances⚠️ #SueTheirBritchesOff  https://t.co/ooYboIaKY3",1,0,1,foggybottomgal,FoggyBottomGal ™️,8838,9722,1,2,2019
https://twitter.com/fox8news/status/1091363827080417281,2019-02-01 15:53:07+00:00,1091363827080417281,Artist creates Pringles wine tumbler after viral story of woman banned from Walmart https://t.co/goWqacpQr7 via @fox8news,1,0,14,fox8news,fox8news,250540,2476,1,2,2019
https://twitter.com/CNYCentral/status/1091361783426805760,2019-02-01 15:45:00+00:00,1091361783426805760,*sips wine from Pringles can* https://t.co/kpszjRvkOV,1,0,1,CNYCentral,CNYCentral,87168,1033,1,2,2019
https://twitter.com/WGME/status/1091358518731554816,2019-02-01 15:32:01+00:00,1091358518731554816,#Pringles can designed wine tumblers inspired by woman banned from Texas Walmart: https://t.co/9VQt6VREvd https://t.co/CSAx2zxK1Y,2,0,0,WGME,CBS 13 News,79871,7466,1,2,2019
https://twitter.com/wsyx6/status/1091357940777390080,2019-02-01 15:29:44+00:00,1091357940777390080,Pringles can designed wine tumblers inspired by woman banned from Texas Walmart https://t.co/h5wTFWK4ZR https://t.co/rw9paNex2f,1,0,9,wsyx6,WSYX ABC 6,169953,5539,1,2,2019
https://twitter.com/SewellRutter/status/1091352625331744774,2019-02-01 15:08:36+00:00,1091352625331744774,"Towards the perfect lifestyle tweet: 'And so a breathless week concludes. Time to spend Friday evening dropping abruptly from suburban tree branches inches in front of pedestrians, shrieking the most sublime lines of Pythian 8 at them through a Pringles tube.' So close...",2,1,13,SewellRutter,N.J. Sewell-Rutter,1302,1910,1,2,2019
https://twitter.com/ZEmi08/status/1091339711044616199,2019-02-01 14:17:17+00:00,1091339711044616199,Pringles https://t.co/UiahiuozZK,1,0,7,ZEmi08,CanguroBlackJack,446,432,1,2,2019
https://twitter.com/keiganlewis15/status/1091333866604896257,2019-02-01 13:54:04+00:00,1091333866604896257,pringles are lit heroin man once u start u canny stop till they’re done,419,11,2792,keiganlewis15,keiganlewis,1931,755,1,2,2019
https://twitter.com/News4SA/status/1091326781028741120,2019-02-01 13:25:55+00:00,1091326781028741120,Pringles can designed wine tumblers inspired by woman banned from Texas Walmart available https://t.co/pCGJWcnxUo https://t.co/aBcVX9TItx,2,0,2,News4SA,News 4 San Antonio,217903,3523,1,2,2019
https://twitter.com/cbsaustin/status/1091315206674939907,2019-02-01 12:39:55+00:00,1091315206674939907,"The Cup Artist on Etsy has created a wine tumbler in the design of a Pringles can. The Cup Artist posted on the product's page, ""Now you can be like the Lady banned from walmart on electric scooter."" https://t.co/200E6Mr42v",2,0,4,cbsaustin,CBS Austin,115415,13407,1,2,2019
https://twitter.com/KZKX969/status/1091309740930617345,2019-02-01 12:18:12+00:00,1091309740930617345,Who would've thought the Walmart Shopping Cart driving Pringles Can Wine Drinker story could get any Better! @JPonKX @LaurenOnKX @Husker_Nick https://t.co/81lQU61nOo,1,0,0,KZKX969,KX969,8670,7301,1,2,2019
https://twitter.com/Y2jimbob/status/1091305880388288512,2019-02-01 12:02:52+00:00,1091305880388288512,Today.  Pringles. Being sold at full price. No discount. No 2 for 1 offer. This is #Brexit https://t.co/9XIY4nwase,7,9,124,Y2jimbob,James Musselwhite,6953,1978,1,2,2019
https://twitter.com/juliaaguliaaxo/status/1091301413001474049,2019-02-01 11:45:06+00:00,1091301413001474049,Dill pickle Pringles has such a weird flavor. Should have made kosher dill now that would have been fire.  Oh and less salt would have made it good too.,1,0,0,juliaaguliaaxo,jujubee♡,113,398,1,2,2019
https://twitter.com/DefinitelyNotTy/status/1091298167683989504,2019-02-01 11:32:13+00:00,1091298167683989504,KP wasn't confident the Knicks front office was competent. Then they trade him for a sleeve of pringles in what appears to have been a temper tantrum. https://t.co/L9rLoOjyss,11,14,63,DefinitelyNotTy,Fryin McKnight,803,1453,1,2,2019
https://twitter.com/DaveandChuck/status/1091295102067191808,2019-02-01 11:20:02+00:00,1091295102067191808,"In Honor of the Woman Who Drank Wine from a Pringles Can, Pringles Wine Tumblers Now Exist https://t.co/jfZarpgDm5",2,0,12,DaveandChuck,Dave&ChuckTheFreak,131857,269,1,2,2019
https://twitter.com/fairyshihyun/status/1091290936565391360,2019-02-01 11:03:29+00:00,1091290936565391360,i bent down to get a water and id be lying if i said i didnt feel 9 cookies and half a can of pringles rise from the depths of hell,1,0,2,fairyshihyun,🌱,134,537,1,2,2019
https://twitter.com/fox5dc/status/1091290065198673922,2019-02-01 11:00:01+00:00,1091290065198673922,You can now sip wine out of Pringles wine tumbler https://t.co/QPjfiZ6Qhw,2,0,2,fox5dc,FOX 5 DC,328038,5927,1,2,2019
https://twitter.com/ravenmaster1/status/1091283734245097472,2019-02-01 10:34:51+00:00,1091283734245097472,What is this??? Where have my pringles gone! https://t.co/lV6YtqK5Tz,398,26,2840,ravenmaster1,Ravenmaster,127844,1736,1,2,2019
https://twitter.com/TunetoaNaturalE/status/1091275971662094336,2019-02-01 10:04:01+00:00,1091275971662094336,"Be proud of your #accomplishments! Fredric J. Baur, of Cincinnati, was so proud of creating #pringles  When he died, his ashes were placed in a Pringles container and buried. https://t.co/umBId4vLab",1,0,5,TunetoaNaturalE,maria keeney,649,720,1,2,2019
https://twitter.com/smileyradioshow/status/1091270733232291841,2019-02-01 09:43:12+00:00,1091270733232291841,Remember the story about the woman who was banned from Walmart a few weeks ago for drinking WINE out of a PRINGLES CAN?  Well an artist on Etsy was so inspired by the story that she just created Pringles wine tumblers . . . and you can buy one for $30. https://t.co/P12Jm5CGjg,3,0,10,smileyradioshow,Dave Smiley,27071,1158,1,2,2019
https://twitter.com/myfox8/status/1091268737792200704,2019-02-01 09:35:16+00:00,1091268737792200704,"Pringles wine tumbler now available after woman banned from Walmart for riding electric cart, drinking wine out of Pringles can https://t.co/7NLjjDzCrn https://t.co/goazYSwkBM",1,2,6,myfox8,FOX8 WGHP,156045,404,1,2,2019
https://twitter.com/Its_Teegold/status/1091267320956235776,2019-02-01 09:29:38+00:00,1091267320956235776,If you love me you better talk now before I use your Valentine money to buy Pringles 😒,6,8,24,Its_Teegold,Teegold 🦋,21763,8906,1,2,2019
https://twitter.com/sups_n_downs/status/1091258922097360896,2019-02-01 08:56:16+00:00,1091258922097360896,The column in blue represents the overnight increase in the sales of Paprika Pringles. https://t.co/uYdwSQKovj,1,0,4,sups_n_downs,Sarah 🦄,123,370,1,2,2019
https://twitter.com/ThalimRaewold/status/1091258791876685824,2019-02-01 08:55:45+00:00,1091258791876685824,you haven't seen me at my lowest if you never witnessed me seething in my self-hatred while fisting a can of pringles,1,0,1,ThalimRaewold,RTX Bidoof,43,261,1,2,2019
https://twitter.com/mawewe4/status/1091257891158458369,2019-02-01 08:52:10+00:00,1091257891158458369,@parkacoustics @Pringles Me and  @Cool_teboho @TheReal_martins @Leratoi6c We got so much excitement for Fokofpolisiekar and friends this weekend!!  This would mean a lot if we get to see them live since its a sold out https://t.co/8QCDOmMS2X,1,1,7,mawewe4,Turbogo,1174,1279,1,2,2019
https://twitter.com/parkacoustics/status/1091254080180232192,2019-02-01 08:37:01+00:00,1091254080180232192,"COMPETITION TIME!!! With a SOLD OUT Park... We're giving away the ultimate @Pringles picnic experience which includes a picnic spot under the tree, Pringles hamper and x 4 Park Acoustics tix! Tag your Park crew(3friends) and your favourite act on the line up!! https://t.co/Tp2fnSTkK7",2,4,4,parkacoustics,Park Acoustics™,9641,226,1,2,2019
https://twitter.com/ThaShitCrae/status/1091249146743349248,2019-02-01 08:17:25+00:00,1091249146743349248,"I'm not your fucking assistant, your maid or your waitress I'm here in case the plane crashes or somebody is dying. I really don't care how inconvenient it is that we are out of pringles, I don't.",1,0,3,ThaShitCrae,reira serizawa,603,98,1,2,2019
https://twitter.com/abc13houston/status/1091229834712358912,2019-02-01 07:00:41+00:00,1091229834712358912,Artist creates Pringles wine tumbler inspired by Texas woman https://t.co/QzoVbwmK2K https://t.co/Xm0imAyOYj,3,0,8,abc13houston,ABC13 Houston,847578,3332,1,2,2019
https://twitter.com/99ProbsMitchNt1/status/1091207734878527494,2019-02-01 05:32:52+00:00,1091207734878527494,For Valentine’s Day @Pringles should make a limited time flavor for all the single people out #SingleAsAPringle,2,1,18,99ProbsMitchNt1,Mitchell,9960,6236,1,2,2019
https://twitter.com/fox7austin/status/1091207013357506561,2019-02-01 05:30:00+00:00,1091207013357506561,"ONCE YOU POP, THE YOU JUST CAN'T STOP: A newly released @Pringles #wine tumbler gives a whole new meaning to ""once you pop, you just can't stop."" https://t.co/Bta3Wf5TQu https://t.co/qJ8go0yhd2",1,1,1,fox7austin,FOX 7 Austin,139942,267,1,2,2019
https://twitter.com/whitneyarner/status/1091204330181541888,2019-02-01 05:19:20+00:00,1091204330181541888,oh my god why am I watching this bon appetit video about pringles without having pringles,1,1,11,whitneyarner,whit,8224,764,1,2,2019
https://twitter.com/ABC7Chicago/status/1091202175039082496,2019-02-01 05:10:46+00:00,1091202175039082496,Artist creates Pringles wine tumbler inspired by Texas woman: https://t.co/bFZ15OfBCd https://t.co/WWW8ff1ivm,5,1,8,ABC7Chicago,ABC 7 Chicago,825282,1590,1,2,2019
https://twitter.com/math_pilot/status/1091198290241085440,2019-02-01 04:55:20+00:00,1091198290241085440,Thanks @gofooji and @Pringles! Tastes good! #pringlesflavorstack⁠ ⁠#Pringles⁠ https://t.co/AG32HeSYfF,1,0,5,math_pilot,MP,8,83,1,2,2019
https://twitter.com/myfox8/status/1091193237384122368,2019-02-01 04:35:15+00:00,1091193237384122368,"Pringles wine tumbler now available after woman banned from Walmart for riding electric cart, drinking wine out of Pringles can https://t.co/g00aXWShLU https://t.co/l3qgoJ6D6w",3,1,9,myfox8,FOX8 WGHP,156045,404,1,2,2019
https://twitter.com/PunkyStarshine/status/1091185639700262912,2019-02-01 04:05:04+00:00,1091185639700262912,Fun fact: pizza-flavored Pringles do not pair well with blueberry beer Less fun fact: I cannot stop eating them,1,0,29,PunkyStarshine,Valerie Anne,11522,770,1,2,2019
https://twitter.com/KrispyGold21/status/1091177055943884801,2019-02-01 03:30:57+00:00,1091177055943884801,You can't have just one @Pringles #ItsNotUpForDebate,1,1,1,KrispyGold21,Kris Black 🐱,773,1352,1,2,2019
https://twitter.com/totallyslutsky/status/1091171600634990592,2019-02-01 03:09:17+00:00,1091171600634990592,Wait Gene Wolfe invented Pringles??? https://t.co/wPYMWWGt58,2,1,7,totallyslutsky,Mark Slutsky,3165,1388,1,2,2019
https://twitter.com/6abc/status/1091169301782876161,2019-02-01 03:00:09+00:00,1091169301782876161,"ONCE YOU POP, YOU JUST CAN'T STOP! The creator of the Pringles wine tumbler says she was inspired by the Texas woman who drank wine out of a Pringles can while driving an electric shopping cart at Walmart. https://t.co/gx4IJFCTSJ",2,1,11,6abc,Action News on 6abc,895905,566,1,2,2019
https://twitter.com/5NEWS/status/1091164956509290502,2019-02-01 02:42:53+00:00,1091164956509290502,Artist Creates Pringles Wine Tumbler Inspired By Woman Banned From Walmart https://t.co/4lUeqn6lOo via @5news,2,0,5,5NEWS,5NEWS,72200,360,1,2,2019
https://twitter.com/LoneZhao/status/1091160609675083778,2019-02-01 02:25:36+00:00,1091160609675083778,I’m sure as hell not waiting to share these on Sunday.@Pringles @gofooji #PringlesFlavorStack⁠ ⁠⁠ ⁠ https://t.co/2UGRTyzwr5,1,0,8,LoneZhao,Lona Zhao,31,116,1,2,2019
https://twitter.com/edwardpeguero1/status/1091157965485326336,2019-02-01 02:15:06+00:00,1091157965485326336,Thank you @Pringles and @gofooji for making my night so special! Wow  cannot believe it so happy definitely will save them to #SuperBowl #SuperBowlLIII #PringlesFlavorStack #Patriots https://t.co/lQkjNIqgay,2,0,6,edwardpeguero1,Edddy,2171,4992,1,2,2019
https://twitter.com/tammiefields/status/1091147642690813952,2019-02-01 01:34:05+00:00,1091147642690813952,Um. Cheers? 😲 Artist has created a @Pringles #wine tumbler inspired by a #Texas woman 👇🏾  who was banned from @Walmart after driving around the parking lot on a scooter drinking wine from a real Pringles can. Yes. A real Pringles can. @MyNews13 https://t.co/9BCBf8aKJY,1,1,1,tammiefields,Tammie Fields,5541,9999,1,2,2019
https://twitter.com/moreira_jacques/status/1091144523676336128,2019-02-01 01:21:41+00:00,1091144523676336128,Thank you @gofooji and @Pringles for my delicius snack! https://t.co/vTcXa3suuv,1,0,9,moreira_jacques,Jacques moreira,12,98,1,2,2019
https://twitter.com/OGShufflebottom/status/1091143095801008128,2019-02-01 01:16:01+00:00,1091143095801008128,The idea behind pouring wine in a Pringles container is not new. I have been storing leftovers in margarine tubs for years!,1,0,1,OGShufflebottom,Mildred Shufflebottom,982,1082,1,2,2019
https://twitter.com/MikeACollier/status/1091141525424226304,2019-02-01 01:09:46+00:00,1091141525424226304,When Pringles let us know what an acid trip was like https://t.co/kX2K26xdgR,1,1,1,MikeACollier,Michael Collier,9389,2009,1,2,2019
https://twitter.com/Anthony36060410/status/1091139963083575296,2019-02-01 01:03:34+00:00,1091139963083575296,Pringles @gofooji Thank You #pringleFlavorStack https://t.co/DljWDxjL71,2,0,10,Anthony36060410,Anthony,5,80,1,2,2019
https://twitter.com/xiacjnns/status/1091139832905117697,2019-02-01 01:03:03+00:00,1091139832905117697,"yangyang: hello kun? my hands are stuck in pringles tubes… both hands, yes…. yangyang: look its not important how i dialed the number just come here and help me",2,0,12,xiacjnns,kat,128,82,1,2,2019
https://twitter.com/fox5dc/status/1091139066568077312,2019-02-01 01:00:00+00:00,1091139066568077312,"The newly released Pringles wine tumbler gives a whole new meaning to ""once you pop, you just can't stop."" https://t.co/QPjfiYPfpY",5,1,16,fox5dc,FOX 5 DC,328038,5927,1,2,2019
https://twitter.com/lu_mndz/status/1091135467154632704,2019-02-01 00:45:42+00:00,1091135467154632704,@gofooji @Pringles Thank you! Ready for Sunday 🏈 https://t.co/cD1VIPXcMc,1,0,7,lu_mndz,𝕃𝕦𝕝𝕦,85,1042,1,2,2019
https://twitter.com/Paige_LA/status/1091134736871841792,2019-02-01 00:42:48+00:00,1091134736871841792,Thank you @Pringles and @gofooji for the #pringles hookup! I’ll be sure to share them with friends this weekend during the Super Bowl! https://t.co/AypbhHN09W,1,0,7,Paige_LA,♡Paige♡,1134,1327,1,2,2019
https://twitter.com/fromisbios/status/1091134328254484480,2019-02-01 00:41:10+00:00,1091134328254484480,i woke up to the sound of chaeyoung under my bed eating my pringles,10,0,11,fromisbios,free fromis bios,11,0,1,2,2019
https://twitter.com/gofooji/status/1091133780985827333,2019-02-01 00:39:00+00:00,1091133780985827333,Boston: We teamed up with @Pringles to help you snack like a champion 🏆 Tweet #PringlesFlavorStack + #Boston for your chance at a snack kit delivered right now! https://t.co/jlUYTQYpHu,7,55,28,gofooji,Fooji,117463,5,1,2,2019
https://twitter.com/azcentral/status/1091133025960644608,2019-02-01 00:36:00+00:00,1091133025960644608,"This Pringles Super Bowl ad claims their flavors can be stacked into 318,000 different combos. Working to confirm.  We may be here awhile. https://t.co/68dYs2wkfM",2,0,9,azcentral,azcentral,419771,683,1,2,2019
https://twitter.com/SpectrumNews1TX/status/1091131516497915905,2019-02-01 00:30:00+00:00,1091131516497915905,People can now drink wine out of a 20-ounce tumbler that resembles a @Pringles can. The artist was inspired by a woman from #Texas https://t.co/wB9gBolsgW,2,0,10,SpectrumNews1TX,Spectrum News 1 Texas,63007,7646,1,2,2019
https://twitter.com/SteffiP4Liberty/status/1091127772494397440,2019-02-01 00:15:07+00:00,1091127772494397440,"Pringles Wine Tumblers Exist, Because What Else Would You Drink Wine Out Of? https://t.co/c8MsLP2M1i",1,1,5,SteffiP4Liberty,Steffi,13971,2825,1,2,2019
