url,Datetime,Tweet Id,Text,Retweet Count,Reply Count,Like Count,Username,Display Name,Followers Count,Friends Count,Day,Month,Year
https://twitter.com/mediatecture/status/1091841877303685121,2019-02-02 23:32:43+00:00,1091841877303685121,"One of the best things about house inspections in #Melbourne is seeing @amazon Alexa smart speakers everywhere. Oh, the fun we could have @ichbin_mr #playlists #surprisegifts https://t.co/ACUd7xie2F",1,0,4,mediatecture,Niels Wouters 🤖,1212,1476,2,2,2019
https://twitter.com/gayrdquotes/status/1091841856592404480,2019-02-02 23:32:38+00:00,1091841856592404480,Cheryl: My mom got an Amazon Echo for her birthday and all she does is shout at it and get disappointed by all it can’t do. I’ve been replaced by Alexa and it’s great. #Riverdale #incorrectquotes,1,0,7,gayrdquotes,This Is A Gays-Only Event,17,14,2,2,2019
https://twitter.com/rtehrani/status/1091821938035564546,2019-02-02 22:13:29+00:00,1091821938035564546,"From #Autonomous to #cancer research, #AI continues to improve lives! #machinelearning #nlp #alexa #deeplearning #skill #scientist #bigdata #artificialintelligence #amazon #apple #facebook #it #cloud #cloudcomputing  https://t.co/X8t6pkyN0V",4,0,4,rtehrani,Rich Tehrani,24593,24586,2,2,2019
https://twitter.com/GretchenAMcC/status/1091811179390029825,2019-02-02 21:30:44+00:00,1091811179390029825,"I've just checked and Lingthusiasm is indeed in TuneIn, which is apparently the platform that Alexa draws podcasts from, so the question is probably whether Amazon/Echo's voice rec system can handle novel inputs like ""lingthusiasm"" https://t.co/BYeT8NNuUl",1,1,2,GretchenAMcC,Gretchen McCulloch,45624,1653,2,2,2019
https://twitter.com/PopSci/status/1091788483801333760,2019-02-02 20:00:33+00:00,1091788483801333760,An 'acoustic fingerprint' should keep Alexa from waking during Amazon's Super Bowl ad https://t.co/cXUVaDWfcw https://t.co/AgLQj8ncgG,1,0,5,PopSci,Popular Science,1496749,1457,2,2,2019
https://twitter.com/BrianRoemmele/status/1091787260004130821,2019-02-02 19:55:41+00:00,1091787260004130821,Amazon is paying 25 million to present commercials that primarily promote #VoiceFirst and Alexa. We have never seen this much spent thus far to promote the #VoiceFirst revolution. This is a historic moment in the transition of technology. https://t.co/51cbKaLTg3,21,3,53,BrianRoemmele,Brian Roemmele,123577,23307,2,2,2019
https://twitter.com/AkwyZ/status/1091785073567907841,2019-02-02 19:47:00+00:00,1091785073567907841,"With 100M devices sold, Alexa has achieved some level of product-market fit, but Amazon is still looking for Alexa's strategic place within its business (Benedict Evans) https://t.co/V4GfIUha0Z",1,0,2,AkwyZ,🟣 Antonio Vieira Santos #FutureOfWork,77239,31921,2,2,2019
https://twitter.com/designeese/status/1091782329486450689,2019-02-02 19:36:06+00:00,1091782329486450689,"Excited to share the latest addition to my #etsy shop: Alexa do burpees for me, Nerd Art Technology, Alexa Amazon Wall Art, Sport Wall art, Motivation Home decor poster https://t.co/g9TBsN0oyQ #art #print #digital #black #white #unframed #humoroussaying #vertical #funn https://t.co/sWxneWFifT",1,0,0,designeese,Designeese,19,39,2,2,2019
https://twitter.com/lexilerts/status/1091782077836640256,2019-02-02 19:35:06+00:00,1091782077836640256,"every time someone makes an amazon alexa joke, I die a little inside",1,0,3,lexilerts,lexi,55,327,2,2,2019
https://twitter.com/WiDS_AUB/status/1091778407581601793,2019-02-02 19:20:31+00:00,1091778407581601793,Meet @amazon's Machine Learning Scientist Maryam Fazel-Zarandi at the #WIDS2019 conference in @AUBOSB on March 1! She will discuss data-driven dialog policies for speech based Virtual Assistants such as Amazon Alexa! Register now: https://t.co/k6KOblOHaJ #WIDSAUB19 @AUB_Lebanon https://t.co/KbwVdUYigW,4,2,26,WiDS_AUB,WiDS at AUB,662,520,2,2,2019
https://twitter.com/emehlee/status/1091777564618694657,2019-02-02 19:17:10+00:00,1091777564618694657,Pretty sure having Alexa and Amazon Music has turned my life into a 24-hour karaoke session and my neighbors likely hate me. #thisis30,1,2,3,emehlee,Emily Allen,3173,3900,2,2,2019
https://twitter.com/VoiceTechCarl/status/1091774009576964096,2019-02-02 19:03:02+00:00,1091774009576964096,Why Alexa Won't Wake Up When She Hears Her Name in Amazon's Super Bowl Ad https://t.co/0XMZStcB8x &gt;&gt; via @VoiceTechCarl &gt;&gt; #Amazon #AmazonEcho #Alexa #Echo #EchoShow #VirtualAssistant #VoiceFirst #VUI #chatbot #chatbots #bot #bots https://t.co/U7WWcMVIw8,1,0,0,VoiceTechCarl,Carl Robinson 🎙️,10451,1452,2,2,2019
https://twitter.com/LeightonVW/status/1091769810428612608,2019-02-02 18:46:21+00:00,1091769810428612608,"My #Amazon #Alexa has begun to show signs of strangely independent sentience. Latest example: no ambient sound in the house when I asked my wife very simply what the weather forecast was. Unprompted, Alexa confidently responded with a precise reply to my query. #AI #creepy",1,0,4,LeightonVW,Leighton V_Williams,3172,1858,2,2,2019
https://twitter.com/hsianghui/status/1091768979679367168,2019-02-02 18:43:03+00:00,1091768979679367168,Student Team Wins Amazon Alexa Artificial Intelligence Challenge #ai https://t.co/OQ1C0S39nA,1,0,5,hsianghui,HsiangHui,8122,3224,2,2,2019
https://twitter.com/SJGamingBoys/status/1091764595063173120,2019-02-02 18:25:38+00:00,1091764595063173120,Excited for the upcoming integration of @Houndify and @anki Vector but for now we had to ask @amazon Alexa for her Super Bowl predicton.  #Anki #HeyVector #VectorRobot #robot #STEM #stemeducation #Robotics #SuperBowl https://t.co/qOfQiDAsCQ,1,0,8,SJGamingBoys,SJGamingBoys,353,288,2,2,2019
https://twitter.com/Oaktree_Dave/status/1091763919830560769,2019-02-02 18:22:57+00:00,1091763919830560769,This is exactly right. The 100 million Alexa-based devices sold represent an end point for its new user base that Amazon desperately needed after it failed to gain one in the mobile era. https://t.co/XpjDByVuse,3,0,4,Oaktree_Dave,Dave Kemp,2458,2486,2,2,2019
https://twitter.com/TweeterStewart/status/1091762706980442112,2019-02-02 18:18:07+00:00,1091762706980442112,AUDIO Ep 144 #voice #voicefirst #voiceAI #smartspeakers #Alexa “Voice activation in hotel rooms” Listen 🔉 https://t.co/TQp39hipcS 🔉As an #Alexa Flash Briefing on your device  🔉No device? Listen on your Amazon Alexa app Search for “The Smart Speakers” https://t.co/xhps8etnmO,2,0,0,TweeterStewart,Peter Stewart,2826,803,2,2,2019
https://twitter.com/app_voices/status/1091761312797929472,2019-02-02 18:12:35+00:00,1091761312797929472,@Amazon #Alexa Developers and Designers: This tutorial shows how you can use the Voiceflow locale variable to tailor your skills for different regions. . https://t.co/VYqMwhrbmz . @alexadevs @PaulCutsinger @FlorianHollandt @PretzelVoice @vidanov @Karile_ @thedavedev #WomenInVoice https://t.co/s8HF2Xypos,2,0,10,app_voices,VoicesApp,528,117,2,2,2019
https://twitter.com/2wiceEnt/status/1091758938679259136,2019-02-02 18:03:09+00:00,1091758938679259136,"“Alexa, Play Found You by 2wicee” FOUND YOU (ft. Jay Camp) IS OUT NOW ON AMAZON MUSIC, SPOTIFY, AND YOUTUBE! COMING TO YOU ON ALLLLL PLATFORMS VERY SOON! Click the link in my bio to check… https://t.co/R05jxLLBBx",2,0,4,2wiceEnt,yonae🌸,217,187,2,2,2019
https://twitter.com/scapelliti/status/1091757040249262082,2019-02-02 17:55:36+00:00,1091757040249262082,"🕵️‍♀️ UPCOMING MADDOW SHOW TOPICS 🕵️‍♂️ ➡ ""What would happen if South Korea installed Amazon Alexa in every Kia without telling us?"" 😮 ➡ ""What would happen if Mexico sabotaged the Hoover Dam?"" 😯 ➡ ""What would happen if Canada withheld Paxil exports to the US?"" 😲 https://t.co/NoLxtoHMcI",53,13,141,scapelliti,Scap 🌹 left turn at Albuquerque,18540,15990,2,2,2019
https://twitter.com/ElectromakerIO/status/1091752612330901505,2019-02-02 17:38:01+00:00,1091752612330901505,Build an @amazon Alexa @arduino @Raspberry_Pi smart electric water heater feat. @awscloud @DigilentInc @TXInstruments @TXInstrumentsEU https://t.co/dk0pgZTHD7 #AmazonAlexa #Amazon #Alexa #Arduino #RaspberryPi #TexasInstrments #AmazonWebServices #AWS #Maker #Tech #DIY #IoT,1,0,5,ElectromakerIO,Electromaker.io,12523,5899,2,2,2019
https://twitter.com/AQBfootball/status/1091748900761931776,2019-02-02 17:23:16+00:00,1091748900761931776,"Become an #ARMCHAIRQUATTERBACK with these Amazon Alexa Super Bowl skills.  But, can #Alexa predict the next play? https://t.co/jf2L21GXzR #sportsbiz #SuperBowl #TheBigGame #MakeEveryGameBigger",1,0,2,AQBfootball,Armchair Quarterback,57,222,2,2,2019
https://twitter.com/AmazonAlexaTips/status/1091743194654670849,2019-02-02 17:00:35+00:00,1091743194654670849,"Have an #AmazonAlexa device with a screen? Here's how to restrict access to certain features like photos, web searches, etc. https://t.co/ON8uK4Qloy Need to manage parental control options and set viewing restrictions for #AmazonPrime video? Learn how: https://t.co/1JuyjaVz18 https://t.co/riDmsht8dy",2,0,0,AmazonAlexaTips,Alexa Tips,356,508,2,2,2019
https://twitter.com/RohanRecommends/status/1091735544051179522,2019-02-02 16:30:11+00:00,1091735544051179522,Why Non-Tech Founders are Thriving at Amazon’s Alexa Accelerator - https://t.co/uKkvrmRILp #amazon #alexa #webdeveloper #webdesign #techno,1,0,0,RohanRecommends,Rohan Chaubey,22051,12618,2,2,2019
https://twitter.com/RohanChaubeyy/status/1091735524224745472,2019-02-02 16:30:07+00:00,1091735524224745472,Why Non-Tech Founders are Thriving at Amazon’s Alexa Accelerator - https://t.co/IFxejwZYJ0 #amazon #alexa #webdeveloper #webdesign #tech,1,0,0,RohanChaubeyy,Rohan Chaubey,15721,6364,2,2,2019
https://twitter.com/GrowthMediaAI/status/1091735519229288448,2019-02-02 16:30:05+00:00,1091735519229288448,Why Non-Tech Founders are Thriving at Amazon’s Alexa Accelerator - https://t.co/w3cY5X21rr #amazon #alexa #tech #webdeveloper #webdesign,1,0,0,GrowthMediaAI,Growth Hacking Community,8361,4273,2,2,2019
https://twitter.com/Rohanlicious/status/1091735503580381184,2019-02-02 16:30:02+00:00,1091735503580381184,Why Non-Tech Founders are Thriving at Amazon’s Alexa Accelerator - https://t.co/FihZZ94y3L #amazon #alexa #webdeveloper #webdesign #technology,2,0,0,Rohanlicious,RohanChaubey TV,26962,14127,2,2,2019
https://twitter.com/BayerUS/status/1091728080866033664,2019-02-02 16:00:32+00:00,1091728080866033664,"Looking for something to do this weekend with your family? At home #science has never been so easy - #JustAsk our ""Science Studio"" skill for Amazon Alexa to conduct an #experiment or learn more about the science around you. #STEMeducation #ScienceStudio https://t.co/yxW57xU2HS",2,0,8,BayerUS,Bayer U.S. 🇺🇸,55281,2172,2,2,2019
https://twitter.com/NathanBrimmer/status/1091725936502935553,2019-02-02 15:52:01+00:00,1091725936502935553,"If you invite me over, and you have an Amazon Alexa, don't be surprised when alarms wake you up every hour while you're trying to sleep for the next month.",1,0,3,NathanBrimmer,Nathan Brimmer,37775,2015,2,2,2019
https://twitter.com/keithKingDotCom/status/1091722785335005184,2019-02-02 15:39:29+00:00,1091722785335005184,#alexafail ... My kids asked if #punxsutawneyphil saw his shadow ... She didn't know. @amazon #alexa,1,0,1,keithKingDotCom,Keith King,316,1324,2,2,2019
https://twitter.com/Nestle/status/1091720488978665472,2019-02-02 15:30:22+00:00,1091720488978665472,#Nestlé and @Amazon #Alexa can show you how to cook this delicious curry this weekend! https://t.co/OuRqqutN0Q #GoodLife 😋 https://t.co/wZvBMe4P7w,2,2,14,Nestle,Nestlé,283527,894,2,2,2019
https://twitter.com/where2start/status/1091716730634858498,2019-02-02 15:15:26+00:00,1091716730634858498,Amazon VP reaffirms: 'No plans' for ads on Alexa devices https://t.co/gB54BGmJTt,1,0,1,where2start,Tamay,9465,8899,2,2,2019
https://twitter.com/PopSci/status/1091713006243860483,2019-02-02 15:00:38+00:00,1091713006243860483,An 'acoustic fingerprint' should keep Alexa from waking during Amazon's Super Bowl ad https://t.co/ezmrxnoZyt https://t.co/HhT209sMxM,3,1,5,PopSci,Popular Science,1496749,1457,2,2,2019
https://twitter.com/ZakuraTech/status/1091703837159768064,2019-02-02 14:24:12+00:00,1091703837159768064,@fauxlacine Just wait til amazon cuts a deal with Alexa derived data and the FBI.,1,1,3,ZakuraTech,Sofia Fluttertail ⌬,5864,577,2,2,2019
https://twitter.com/readmeromance/status/1091673547041312768,2019-02-02 12:23:50+00:00,1091673547041312768,If you loved listening to Closer by Alexa Riley then get ready for more!  Amazon ➳ https://t.co/PN8KXkaGFz Amazon Universal ➳ https://t.co/OkfCnmjjUa Now available in ebook with tons of extra pages! Grab it up and fall in love all over again! #ReadMeRomance #KindleUnlimited https://t.co/MiHKf6Ty1j,2,1,9,readmeromance,ReadMeRomance,2349,20,2,2,2019
https://twitter.com/ldignan/status/1091665463879368706,2019-02-02 11:51:43+00:00,1091665463879368706,What's Alexa's role in Amazon? https://t.co/xxsc0T5BcR Seems to me Alexa is the front end that amasses queries to make AWS' AI services smarter. And oh yeah it may sell you a thing or two.,2,0,1,ldignan,Larry Dignan,31689,2089,2,2,2019
https://twitter.com/LawTop20/status/1091653403682447360,2019-02-02 11:03:48+00:00,1091653403682447360,Madam just asked #Alexa if she loved us and #Alexa said that she did not have an opinion on that! The kind of an answer a lawyer would give!  #Amazon,7,4,49,LawTop20,Gregory Ioannidis,23990,1372,2,2,2019
https://twitter.com/jroy5/status/1091651226314461184,2019-02-02 10:55:08+00:00,1091651226314461184,@roughnotesco At @ExcaliburGroup we worked with @pronavtech to enable our #chatbot #aiden to connect in an #audio search world. We worked with @AvivaCanada to build @Google #home and @Wawanesa to build @amazon #alexa. Check out our auto quote https://t.co/iXgTM0HhZQ,1,0,5,jroy5,Jeff Roy,3849,4582,2,2,2019
https://twitter.com/jroy5/status/1091649845780250624,2019-02-02 10:49:39+00:00,1091649845780250624,@ParadisoPresent @johnbachmann80 @TracyLCotton @FriendlyAgentB @ashhfitz This is why I went to @pronavtech to expand our @ExcaliburGroup #chatbot #aiden and worked with @AvivaCanada to build @Google #home and @Wawanesa to build @amazon #alexa to show up in an audio world. Check out our auto quote https://t.co/iXgTM0HhZQ #audiosearch,1,0,10,jroy5,Jeff Roy,3849,4582,2,2,2019
https://twitter.com/CampaignBrands/status/1091648932969619456,2019-02-02 10:46:02+00:00,1091648932969619456,Celebs foiled by spoof Alexa gadgets in @amazon's #SuperBowl blockbuster by @LuckyGenerals: https://t.co/0eoInZI17V https://t.co/Gq4HA9HpRX,1,0,0,CampaignBrands,Campaign: Brands,323965,6260,2,2,2019
https://twitter.com/PointingDC/status/1091647079443763200,2019-02-02 10:38:40+00:00,1091647079443763200,"Do you have an Amazon Alexa device? Make sure you add the Westcountry Pointing skill and then you can ask ‘alexa, what’s in the news’ to get the latest previews, results, reports and betting gossip from @PointingDC #GoPointing https://t.co/ux1KVLmyl7",1,0,4,PointingDC,Devon & Cornwall Point-To-Point Area,4237,3474,2,2,2019
https://twitter.com/RedmondPie/status/1091644907620569088,2019-02-02 10:30:02+00:00,1091644907620569088,Get Amazon's 4K-Ready Fire TV Stick With Alexa Voice Remote For Just $39 Today [Usually $50] https://t.co/4bF1A1Ctvp https://t.co/MpdGHlnbpc,1,0,1,RedmondPie,Redmond Pie,71155,2,2,2,2019
https://twitter.com/PopSci/status/1091637467772608512,2019-02-02 10:00:28+00:00,1091637467772608512,An 'acoustic fingerprint' should keep Alexa from waking during Amazon's Super Bowl ad https://t.co/mvjjfFffi8 https://t.co/4Cs6VHfQ6V,3,0,11,PopSci,Popular Science,1496749,1457,2,2,2019
https://twitter.com/ManeeshJuneja/status/1091636974702788608,2019-02-02 09:58:31+00:00,1091636974702788608,"I find that the majority of skills for Amazon's Alexa are really poor quality, badly designed or irrelevant. Take this one for example that claims to determine if you are depressed (it actually asks 5 yes/know questions) #DigitalHealth #mentalhealth https://t.co/kFFj1XGeuR",3,6,1,ManeeshJuneja,#DigitalHealth Futurist 👨‍💻,15673,396,2,2,2019
https://twitter.com/setupechoplus/status/1091632468925526017,2019-02-02 09:40:36+00:00,1091632468925526017,"Here you can learn how to Connect Alexa to Wifi, how to Connect Echo to Wifi, how to Set up Amazon Echo to Wifi and many more things related to Amazon Alexa Visit here  https://t.co/SBTcNgWS3n  #AlexaDownload #EchoSetup #AlexaSetup #EchoDotSetup #connectechotowifi #AlexaApp https://t.co/nAkK7Fv1p2",1,0,0,setupechoplus,Sam Smith,1439,2528,2,2,2019
https://twitter.com/torontobloke/status/1091624703310155776,2019-02-02 09:09:45+00:00,1091624703310155776,@foodie_reviews Morning mate. Sorry bit late. Had breakfast and went back to sleep. Technology has improved and ruined our lives. Bloody smartphones but anything Amazon is great 'Alexa' 😊 #satchatUK,1,1,0,torontobloke,Richard - Entrepreneur & progressive 🇨🇦 🇵🇸,3182,3856,2,2,2019
https://twitter.com/ashubihani/status/1091618396221960193,2019-02-02 08:44:41+00:00,1091618396221960193,One day with Alexa and it’s already replaced the daughter as my favourite. Shuts up when told to. #AlexaPlay #AmazonAlexa #newdad #fatherhood #parenting #Children #daughters,1,0,1,ashubihani,"Kid, Cricket & Rest",284,504,2,2,2019
https://twitter.com/shrutimahajan21/status/1091617790874738688,2019-02-02 08:42:17+00:00,1091617790874738688,"""You have Alexa, you can forget about privacy"" ""Don't you know you're being listened to by Alexa ALL THE TIME?!"" ""Who knows where Alexa is sending all your information"" ... And 15 other such remarks have led to my Amazon Alexa simply lying there... Unplugged and disconnected.",1,3,13,shrutimahajan21,Shruti Mahajan,3063,609,2,2,2019
https://twitter.com/andrekiba6/status/1091614564519682048,2019-02-02 08:29:28+00:00,1091614564519682048,@CodemotionIT Proud to be a speaker another time! 😃 See you at #CodemotionRome19 where we will see if #Amazon #Alexa will be able to deploy infrastructure on @Azure using @AzureFunctions. ❤️ @CodemotionIT,3,0,8,andrekiba6,Andrea Ceroni,136,278,2,2,2019
https://twitter.com/Androidheadline/status/1091610945246380033,2019-02-02 08:15:05+00:00,1091610945246380033,Get iRobot’s Alexa-Enabled Roomba 690 For $248 – Amazon Deals https://t.co/oafnVHCIuA,2,0,4,Androidheadline,Android Headlines,480323,581,2,2,2019
https://twitter.com/RuggedUK/status/1091610560746053634,2019-02-02 08:13:33+00:00,1091610560746053634,"With 100M devices sold, Alexa has achieved some level of product-market fit, but Amazon is still looking for Alexa's strategic place within its business (Benedict Evans) https://t.co/CndNLbJaoR https://t.co/6pxwwbM7wD",2,0,0,RuggedUK,RUGGED,104,289,2,2,2019
https://twitter.com/Techmeme/status/1091593757043183618,2019-02-02 07:06:47+00:00,1091593757043183618,"With 100M devices sold, Alexa has achieved some level of product-market fit, but Amazon is still looking for Alexa's strategic place within its business (@benedictevans) https://t.co/nvL8FyEnDe https://t.co/uxdKUipN5G",5,0,10,Techmeme,Techmeme,434354,952,2,2,2019
https://twitter.com/SastraTbi/status/1091585521409712129,2019-02-02 06:34:03+00:00,1091585521409712129,Sastra TBI conducting Amazon Alexa campus voice Hackathon with 92 participants! #Alexa #SastraTBI #Npedia #Sastra #TechNews #technology   @SVaidhyasubrama @ecell_sastra @amazon @VSridharan_ https://t.co/CaTDEtqhQk,4,0,13,SastraTbi,Sastra TBI,1666,132,2,2,2019
https://twitter.com/Ferbeltranmx/status/1091570468761595904,2019-02-02 05:34:14+00:00,1091570468761595904,How neuroscience enables better Artificial Intelligence design #ai #technology #artificialintelligence #tech #machinelearning #iot #bigdata #blockchain #coding #innovation #cybersecurity #data #programming #security #robotics #datascience #alexa #amazon https://t.co/ejwFWslNLu https://t.co/9nMorgtHPO,3,0,4,Ferbeltranmx,Fernando CPB,5444,5858,2,2,2019
https://twitter.com/ZDNet/status/1091569434878193664,2019-02-02 05:30:08+00:00,1091569434878193664,Amazon gets Harrison Ford to reveal the grim future of Alexa https://t.co/ww9SfwowAh  @ChrisMatyszczyk,1,0,1,ZDNet,ZDNet,467156,205,2,2,2019
https://twitter.com/Ferbeltranmx/status/1091559618554286080,2019-02-02 04:51:07+00:00,1091559618554286080,The next telemarketer you hang up on might be Google’s Duplex AI #ai #technology #artificialintelligence #tech #machinelearning #iot #bigdata #blockchain #coding #innovation #cybersecurity #data #programming #security #robotics #datascience #alexa #amazon https://t.co/p027uEUd2M https://t.co/qfywaSB0Fu,4,0,2,Ferbeltranmx,Fernando CPB,5444,5858,2,2,2019
https://twitter.com/daniel_baudino/status/1091545119122251777,2019-02-02 03:53:30+00:00,1091545119122251777,#Ai everywhere #funny  #alexa #amazon #echo https://t.co/iukOsc6M1m,1,0,0,daniel_baudino,🏴‍☠️Daniel Baudino🏴‍☠️,1432,242,2,2,2019
https://twitter.com/followbacksen/status/1091541497818693632,2019-02-02 03:39:07+00:00,1091541497818693632,Jailbroken Amazon Fire Stick Kodi18.0 &amp; Alexa Remote - 2019 Edition Firestick https://t.co/0FDImmmIqz https://t.co/akAOhzE9tw,2,0,0,followbacksen,john edwardsen,5005,4330,2,2,2019
https://twitter.com/Inelonwetrust__/status/1091526486668918784,2019-02-02 02:39:28+00:00,1091526486668918784,Ever wonder how you say @Tesla in Japanese? Well I asked @amazon Alexa.  For all the amazing🇯🇵 people of the world.  #TeamTesla https://t.co/xySyu9HLTL,4,2,11,Inelonwetrust__,InElonWeTrust,7122,1003,2,2,2019
https://twitter.com/RichWCampbell/status/1091511419076517889,2019-02-02 01:39:36+00:00,1091511419076517889,Hey if you left stream idleing today I ordered an oil diffuser and protein bars with your Amazon Alexa. Also I set an alarm for 7am.  Enjoy your Saturday babe. I love you.,1,15,186,RichWCampbell,Rich Campbell,200353,1241,2,2,2019
https://twitter.com/benedictevans/status/1091497208392736769,2019-02-02 00:43:08+00:00,1091497208392736769,"Hence, the claim it has 10k people working on Alexa (this is probably a PR number, not actual engineers, but still..)&gt; Amazon is in experimentation mode. We achieved this end point, but what can we do with it? 4/",5,2,36,benedictevans,Benedict Evans,362263,979,2,2,2019
https://twitter.com/benedictevans/status/1091496938862563328,2019-02-02 00:42:03+00:00,1091496938862563328,"That is, one could say that Alexa has achieved some level of product-market fit for consumers, but not, yet, for Amazon. 3/",8,3,49,benedictevans,Benedict Evans,362263,979,2,2,2019
https://twitter.com/benedictevans/status/1091496842901086208,2019-02-02 00:41:41+00:00,1091496842901086208,"Amazon isn’t a reach company, like Google or FB, and it’s not making margin from the devices, unlike Apple. It needs to sell things. How does Alexa do that if people only use if for trivia questions, music and kitchen timers? There needs to be a next step 2/",10,5,57,benedictevans,Benedict Evans,362263,979,2,2,2019
https://twitter.com/benedictevans/status/1091496388909645824,2019-02-02 00:39:52+00:00,1091496388909645824,Alexa is a huge success. Amazon invented a category and has the AI leader Google and the device leader Apple in its wake. 100m units sold! (So maybe 50m in use). But... That’s a pretty contingent success. What actual benefit does Amazon get from this?  1/,127,27,469,benedictevans,Benedict Evans,362263,979,2,2,2019
https://twitter.com/bdmoyer/status/1091488884905660416,2019-02-02 00:10:03+00:00,1091488884905660416,Exclusive: Amazon says 100 million Alexa devices have been sold https://t.co/i2v5nPrhC3 via @Verge,1,0,1,bdmoyer,Brian Moyer,31887,4674,2,2,2019
https://twitter.com/bretkinsella/status/1091474188198727680,2019-02-01 23:11:39+00:00,1091474188198727680,"📢 I just posted an audio to my #Alexa skill and Google Action Amazon’s annual earnings release focuses on Alexa once again.  To hear it, enable the skill at:  https://t.co/BkufB5dpJU  And say: ""Alexa / Hey Google, launch VOICEBOT SAYS.""",3,1,3,bretkinsella,BretKinsella.eth (read Voicebot.ai),7821,1403,1,2,2019
https://twitter.com/techiqpod/status/1091474102143971328,2019-02-01 23:11:19+00:00,1091474102143971328,"What is your favorite Alexa Command, Skill or Use? Alexa News: Someone taught Amazon's Alexa sign language via Mashable https://t.co/fhEtzrNLqW #alexa #echo #amazon #skills #hardware #homeautomation #voiceassistant #hardare #signlanguage #asl https://t.co/PQmpHFotjC",1,0,0,techiqpod,TechnologyIQ,90,74,1,2,2019
https://twitter.com/OfLincoln/status/1091464428980240389,2019-02-01 22:32:52+00:00,1091464428980240389,"Flash Briefing 🎙🎙🎙 Univision joins lawsuit against 2020 census citizenship question 2/1 #Census #Census2020 #GovTech #CivicTech #Alexa @OfLincoln @amazonecho  1. ""Enable"" button on Amazon. 2. Ask Alexa, ""What’s my Flash Briefing?""                 https://t.co/EtaeNKmmi7",2,0,2,OfLincoln,Party of Lincoln,10898,554,1,2,2019
https://twitter.com/iMoGalore/status/1091462221455155200,2019-02-01 22:24:06+00:00,1091462221455155200,"Fire HD 10 Tablet with Alexa Hands-Free, 10.1"" 1080p  Full HD Display, 32 GB, Marine Blue - with Special Offers by Amazon https://t.co/r1OdPT4zua https://t.co/QAt2W5dJTT",1,0,0,iMoGalore,Spirit Ebooks & Bargain Book Deals ~ Book Promos,4525,4011,1,2,2019
https://twitter.com/Tulip_inaCup/status/1091462177221996547,2019-02-01 22:23:56+00:00,1091462177221996547,we just upgraded our attendance system at work to using these Amazon tablet things and I have a student named “Alexa” someone lmk how to turn off the voice-activation,1,0,4,Tulip_inaCup,tulip,346,167,1,2,2019
https://twitter.com/kanesimms/status/1091458603045871618,2019-02-01 22:09:43+00:00,1091458603045871618,Here’s a blueprint for a #voicedesign workshop. You’re welcome. #VUXworld #VUXvoiceboard #vui #VUIdesign #VUXdesign #VUX #AmazonAlexa #AlexaSkills #voicefirst #VoiceAssistants #ux #uxdesign #uxui #UI #uidesign https://t.co/RfkwqR4kdP,3,0,4,kanesimms,Kane Simms,2557,2812,1,2,2019
https://twitter.com/Wonderlous/status/1091458503401766912,2019-02-01 22:09:20+00:00,1091458503401766912,#teamAtlas gettin’ that super bowl sync!! Check out the use of Umberto Tozzi’s “Gloria” in the new #Amazon #Alexa fails ad.  Look for it during Sunday’s telecast.  #superbowlcommercials #superbowl #gloria @atlasmusicpub @SugarMusic_tw https://t.co/bexpgL2sqs https://t.co/7Xyl4XxQIV,1,1,2,Wonderlous,Phil Cialdella,815,2066,1,2,2019
https://twitter.com/Androidheadline/status/1091456209914396678,2019-02-01 22:00:13+00:00,1091456209914396678,Get iRobot’s Alexa-Enabled Roomba 690 For $248 – Amazon Deals https://t.co/GbJlxmPhYZ,1,0,5,Androidheadline,Android Headlines,480323,581,1,2,2019
https://twitter.com/curtisparadisyt/status/1091451847276199936,2019-02-01 21:42:53+00:00,1091451847276199936,Get an early look at Amazon Alexa’s upcoming Super Bowl commercial. https://t.co/CMkzHitZv8 #thenowca #amazon #alexa #superbowl #super #bowl #ad https://t.co/DrVV3vBUEG,1,0,0,curtisparadisyt,Curtis Paradis YouTube,917,25,1,2,2019
https://twitter.com/onandonpr/status/1091450741758283777,2019-02-01 21:38:29+00:00,1091450741758283777,"Not Everything Makes the Cut https://t.co/dRCvbUkSeq via @usatodaysports Vote! Love, love, love @Amazon #Alexa commercial for The Big Game Sunday; did you know... the voice behind @forestwhitaker 's #podcast is @PhoebeVJudge of @CriminalShow ? Pretty Awesome Phoebe!",1,0,7,onandonpr,Donna Hardwick,1871,4660,1,2,2019
https://twitter.com/Owlie_Live/status/1091449089340989441,2019-02-01 21:31:55+00:00,1091449089340989441,"I’ve been really depressed lately. It’s part of why my #stream attendance has been abysmal. Today, I got home and said “Alexa, tell me I’ll be ok.” My Alexa played “You’ll be Ok” by @AGreatBigWorld. Say what you want about Alexa. I needed this positivity today. @amazon",2,0,6,Owlie_Live,Owlie,178,343,1,2,2019
https://twitter.com/TimesNow/status/1091444831346409472,2019-02-01 21:15:00+00:00,1091444831346409472,"Amazon said that its voice-activated device, the Echo Dot, was its best-selling product, but didn't say how many of the hockey-puck shaped gadgets featuring its Alexa voice assistant it sold https://t.co/D8ywmDM7UN",1,2,7,TimesNow,TIMES NOW,10235572,371,1,2,2019
https://twitter.com/137pm/status/1091441016379457536,2019-02-01 20:59:50+00:00,1091441016379457536,"Me: Alexa, what was the top-selling item globally on Amazon in 2018? Alexa: I just learned the Echo Dot sold more than any product. Me: 🤯🤯🤯 https://t.co/y7TjrYcgG8",1,0,3,137pm,ONE37pm,61278,1952,1,2,2019
https://twitter.com/podcastdotco/status/1091434889940033536,2019-02-01 20:35:30+00:00,1091434889940033536,Smart Speaker ownership is up 11% from 2017 and expected to grow further in 2019 Amazon Alexa supports Spotify.  Spotify has also recently allowed self-publishing of podcasts Find out how easy it is here 👇 https://t.co/h1xP05qufy https://t.co/RgtvC89zBT,1,1,4,podcastdotco,Podcast.co,6662,2031,1,2,2019
https://twitter.com/AndroidPolice/status/1091430877320474624,2019-02-01 20:19:33+00:00,1091430877320474624,"It's no Tide ad, but Amazon's Alexa Super Bowl commercial is actually kind of funny https://t.co/qjP2HRoohA https://t.co/HWQQ789HA4",4,0,21,AndroidPolice,Android Police,587996,354,1,2,2019
https://twitter.com/PopSci/status/1091427516496138241,2019-02-01 20:06:12+00:00,1091427516496138241,Will the Alexa in your house wake during Amazon's #SuperBowl ad? No. Here’s why: https://t.co/g6Y4jZPXHW,1,1,2,PopSci,Popular Science,1496749,1457,1,2,2019
https://twitter.com/electronicspec/status/1091426464443060225,2019-02-01 20:02:01+00:00,1091426464443060225,"Specialist in innovative On-Demand and Visual IVR Customer Service Solutions, @Zappix, unveiled integrations between its cloud-based suite of products and @Amazon Alexa devices at the National Retail Federation’s 2019 Retail’s BIG Show in #NewYork City... https://t.co/igLezH6xLI https://t.co/Cx5HFoAMYd",1,0,3,electronicspec,Electronic Specifier,15773,7760,1,2,2019
https://twitter.com/RockyScopelliti/status/1091423487074258944,2019-02-01 19:50:11+00:00,1091423487074258944,Ready to compete in the experience economy ? Read this #youthquake4 #gadgets #electronics #computers #phones #science #technology #technologynews #EmergingTech #Aerospace #Alexa #Amazon #DataIntelligence https://t.co/co52U3Rvhh,1,0,0,RockyScopelliti,Rocky Scopelliti,1009,1016,1,2,2019
https://twitter.com/reckel/status/1091423486881554436,2019-02-01 19:50:11+00:00,1091423486881554436,An 'acoustic fingerprint' should keep #Alexa from waking during Amazon's #SuperBowl53 ad via @robverger @PopSci https://t.co/p7meh6Ie41 Tip @Techmeme,1,0,1,reckel,Richard Eckel 🇺🇸 🇺🇦,2315,3078,1,2,2019
https://twitter.com/salilsethi/status/1091417152824004609,2019-02-01 19:25:01+00:00,1091417152824004609,Amazon’s Alexa begins crowdsourcing answers to common questions | Turing Tribe https://t.co/vy3hjjq6jw #MachineLearning #ArtificialIntelligence #turingtribe #AI #ML #datascience #awsalexa #Alexa #AWS #Amazon #crowdsourcing https://t.co/kXSULgrKQQ,1,0,3,salilsethi,"salil (🥃, 🦉, 🔮)",9106,998,1,2,2019
https://twitter.com/Capitals/status/1091416693711273984,2019-02-01 19:23:11+00:00,1091416693711273984,@amazonecho @madebygoogle The Capitals also developed a Google Play Daily Briefing Podcast featuring @WaltonCaps to mirror the Flash Briefing available on Alexa devices. Fans can also listen to all games on @CapitalsRadio on both Google and Amazon devices. Subscribe today: https://t.co/GTFWpwwq16,6,1,27,Capitals,Washington Capitals,808052,134,1,2,2019
https://twitter.com/VoiceSummitAI/status/1091412662037164034,2019-02-01 19:07:10+00:00,1091412662037164034,"""The company is offering voice and chat-enable shopping across a varity of platforms including Amazon Alexa, Apple Business Chat, Facebook Messenger, Google Assistant, and Samsung Bixby."" #VoiceFirst https://t.co/G8SZgvKawM by @voicebotai",1,0,1,VoiceSummitAI,VOICE,16600,788,1,2,2019
https://twitter.com/DeAnO_HeNdO/status/1091412467455090690,2019-02-01 19:06:24+00:00,1091412467455090690,Calling all #SAFC fans - I fucking dare you to say to your Amazon Echo “Alexa - play Will Grigg”. Fuck me! @RokerReport @WiseMenSayPod,13,20,59,DeAnO_HeNdO,DeAnO,220,99,1,2,2019
https://twitter.com/RostieTechJobs/status/1091411168051294214,2019-02-01 19:01:14+00:00,1091411168051294214,#Amazon #Alexa Expands into #Startups https://t.co/qMyzCDs8Bx,1,0,0,RostieTechJobs,Rostie & Associates,2931,3346,1,2,2019
https://twitter.com/RostieGroup/status/1091411062065426432,2019-02-01 19:00:49+00:00,1091411062065426432,#Amazon #Alexa Expands into #Startups https://t.co/nQJBt9Ugn4,1,0,0,RostieGroup,The Rostie Group,6681,7281,1,2,2019
https://twitter.com/DrAndrewOld/status/1091408228435427329,2019-02-01 18:49:33+00:00,1091408228435427329,As we try to instil good manners in our kids I had an idea... What if #Siri #GoogleAssistant and #Alexa didn't respond unless people said please? Manners would improve overnight! #Nudge #Manners @Google @amazon @Apple,6,2,19,DrAndrewOld,Andrew Old,2879,3033,1,2,2019
https://twitter.com/ourfamlifestyle/status/1091405598447538177,2019-02-01 18:39:06+00:00,1091405598447538177,"Let your family know dinner is ready, ask someone for help with a chore, or remind the kids to go to sleep–without having to raise your voice–with the #Alexa Drop In feature with the #Amazon Echo Plus from @BestBuy #ad https://t.co/3kjCDYc633 https://t.co/i9x1Ro5gIA",3,0,0,ourfamlifestyle,Our Family Lifestyle,32189,3798,1,2,2019
https://twitter.com/nigewillson/status/1091395850625003520,2019-02-01 18:00:22+00:00,1091395850625003520,"Alexa, Alexa . .  Alexa !!!! Why Alexa usually won’t respond when someone says ‘Alexa’ on TV https://t.co/CMmECrJeX4 #ai #ArtificialIntelligence #Alexa #amazon https://t.co/WepQU626Bt",2,1,1,nigewillson,Nige Willson,60236,48966,1,2,2019
https://twitter.com/BankAutomation/status/1091395373774589952,2019-02-01 17:58:28+00:00,1091395373774589952,"As Amazon's Alexa and Cloud Grow, Will Voice and Cloud-Based Banking Follow? - https://t.co/3OHZukG9A8 https://t.co/kiZyps36hZ",2,0,1,BankAutomation,Bank Automation News,46482,2473,1,2,2019
https://twitter.com/KeselowskiBrian/status/1091390784044183553,2019-02-01 17:40:14+00:00,1091390784044183553,Go home for lunch and have my amazon Alexa turn on @101wrif on. First song up is Kiss' detroit rock city. Seems fitting and hell yes you gotta sing that loud!,4,5,47,KeselowskiBrian,Brian Keselowski,15395,189,1,2,2019
https://twitter.com/myEducatorsCU/status/1091382922429546497,2019-02-01 17:09:00+00:00,1091382922429546497,"We are excited to announce that you can now connect your Educators Credit Union account with your Amazon Alexa device. To get started, use your Alexa mobile app to access the Educators Credit Union Skill. For more information, visit our Alexa page. https://t.co/PJUWKLeACG",3,1,6,myEducatorsCU,Educators Credit Union,6416,1215,1,2,2019
https://twitter.com/Christmas953/status/1091381181415915527,2019-02-01 17:02:05+00:00,1091381181415915527,Amazon Will Remind Us During the Super Bowl That Alexa is EVERYWHERE https://t.co/9bXTN1zePy,1,0,1,Christmas953,Christmas 95.3,1018,237,1,2,2019
https://twitter.com/thedavedev/status/1091380868533444608,2019-02-01 17:00:50+00:00,1091380868533444608,How to use #Alexa Routines to make your Amazon Echo even smarter | Techhive https://t.co/HTkHgklHH5 #VoiceFirst https://t.co/F1QxgAaYUx,11,1,25,thedavedev,Dave Isbitski,19043,984,1,2,2019
https://twitter.com/Prepare_Ai/status/1091379401248391169,2019-02-01 16:55:00+00:00,1091379401248391169,"What are 10,000 Amazon employees doing in the Alexa division? https://t.co/RTfGGGOkrQ #Alexa #MachineLearning",1,0,0,Prepare_Ai,Prepare.ai,312,328,1,2,2019
https://twitter.com/onlim_com/status/1091378181922205697,2019-02-01 16:50:10+00:00,1091378181922205697,Can't find your cat? Amazon's Alexa can help you with that - Alexa begins to meow until your cat turns up https://t.co/99iwc9AFFp #Cat #Alexa #AI https://t.co/Y6goFSJ2pP,1,0,5,onlim_com,Onlim,9610,6592,1,2,2019
https://twitter.com/matthew_bogart/status/1091376002775900160,2019-02-01 16:41:30+00:00,1091376002775900160,"Picture it Me sitting on a couch watching television, and all of a sudden I sit up straight and say, “Alexa, is Tony Shalhoub Jewish!?” When Alexa answers no I then whisper to myself “I knew it.” There’s your Super Bowl commercial @Amazon. YOU’RE WELCOME!",1,1,3,matthew_bogart,Matt Bogart,748,1334,1,2,2019
https://twitter.com/DigitalTrends/status/1091375643361665026,2019-02-01 16:40:04+00:00,1091375643361665026,"Don’t worry, Alexa won’t be triggered during @amazon’s Super Bowl ad https://t.co/Y2VY0mS1UL",2,0,10,DigitalTrends,Digital Trends,2007083,290,1,2,2019
https://twitter.com/GrowthMediaAI/status/1091373160602222597,2019-02-01 16:30:12+00:00,1091373160602222597,Why Non-Tech Founders are Thriving at Amazon’s Alexa Accelerator - https://t.co/w3cY5X21rr #amazon #alexa #webdeveloper #webdesign #technology,1,0,0,GrowthMediaAI,Growth Hacking Community,8361,4273,1,2,2019
https://twitter.com/Rohanlicious/status/1091373147276877824,2019-02-01 16:30:09+00:00,1091373147276877824,Why Non-Tech Founders are Thriving at Amazon’s Alexa Accelerator - https://t.co/FihZZ94y3L #amazon #alexa #webdeveloper #webdesign #techie,1,0,0,Rohanlicious,RohanChaubey TV,26962,14127,1,2,2019
https://twitter.com/RohanChaubeyy/status/1091373136514297856,2019-02-01 16:30:07+00:00,1091373136514297856,Why Non-Tech Founders are Thriving at Amazon’s Alexa Accelerator - https://t.co/IFxejwZYJ0 #amazon #alexa #webdeveloper #webdesign #tech,1,0,0,RohanChaubeyy,Rohan Chaubey,15721,6364,1,2,2019
https://twitter.com/RohanRecommends/status/1091373127299403776,2019-02-01 16:30:04+00:00,1091373127299403776,Why Non-Tech Founders are Thriving at Amazon’s Alexa Accelerator - https://t.co/uKkvrmRILp #amazon #alexa #webdeveloper #webdesign #techno,1,0,0,RohanRecommends,Rohan Chaubey,22051,12618,1,2,2019
https://twitter.com/SilviaPetulante/status/1091367917302829056,2019-02-01 16:09:22+00:00,1091367917302829056,Interesting #CPDP2019 panel on purpose limitation &amp; investigative databases. I wonder: what about logs from Google Home/Amazon Echo demanded for investigations? In the US Alexa 'murder' case (2017) the key was Freedom of Expression. What would/will happen in the #GDPR's EU? https://t.co/EQ4DWVOISx,2,0,4,SilviaPetulante,Dr. Silvia De Conca 🤖,1450,1164,1,2,2019
https://twitter.com/amazonalexa_/status/1091367670677680133,2019-02-01 16:08:23+00:00,1091367670677680133,"Yeah because I’d definitely want to live if I was going to be born to a mother who couldn’t support me, was a victim of incest/rape, or born with a birth defect that would kill me once I “hit the hospital sheets” anyway, Joel https://t.co/enVtUf84Al",2,1,12,amazonalexa_,Alexa Quillen,633,376,1,2,2019
https://twitter.com/MaryDeMuth/status/1091365640273887232,2019-02-01 16:00:19+00:00,1091365640273887232,"Happy 1st birthday to https://t.co/Umponx1uvz. To celebrate, I’m reading Psalm 84, praying, then we’ve added several testimonies from around the world. If you need encouragement today, listen in! It’s on @amazon Alexa, just ask for PRAY EVERY DAY! https://t.co/iyoJPlWtCD",2,0,4,MaryDeMuth,Mary DeMuth,29539,4708,1,2,2019
https://twitter.com/StudioCarlton/status/1091362796313473024,2019-02-01 15:49:01+00:00,1091362796313473024,"America’s Victoria Alexa Skill is a newly designed voice-first visual experience which includes display images, text, and overlays to present information at a glance for Amazon devices like the new Echo Show, Echo Spot, and Fire TV. #AlexaSkills https://t.co/KP6ltEr8Ee https://t.co/qAvE5FUOEs",2,0,1,StudioCarlton,Studio Carlton,220,226,1,2,2019
https://twitter.com/social_day/status/1091362089430630400,2019-02-01 15:46:13+00:00,1091362089430630400,How will new voice experiences take advantage of social media and create connections with your target audience? Max Amordeluso - Amazon EU Lead Evangelist for Alexa will share his view  https://t.co/iSyBWbMz0i #socialmediamarketing #SMM #DigitalMarketing https://t.co/eE0yu2vpH9,2,0,6,social_day,SocialDay 👨🏼‍🎤 #SocialDay21,7241,5565,1,2,2019
https://twitter.com/AmazonOmy/status/1091361872723492866,2019-02-01 15:45:21+00:00,1091361872723492866,#Amazon's earnings call up with help from #Alexa: https://t.co/mO4HjZvsJy #investing,2,0,0,AmazonOmy,∆M∆Z0N0M¥,7277,6817,1,2,2019
https://twitter.com/dmgerbino/status/1091358331636236288,2019-02-01 15:31:17+00:00,1091358331636236288,"Jeff is all in on voice.  Are you?  You should be. @Amazon Announces 80,000 #Alexa Skills Worldwide and #JeffBezos Earnings Release Quote Focuses Solely on Alexa Momentum - @voicebotai https://t.co/K7JVhSL05X #VoiceFirst @bretkinsella @BrianRoemmele @voicefirstlabs @leimer",20,5,40,dmgerbino,David Gerbino,9436,9573,1,2,2019
https://twitter.com/PatrickJolle/status/1091357765837180928,2019-02-01 15:29:02+00:00,1091357765837180928,"Listening to music on Amazon Echo: @rascalflatts starts playing.  Wife: ""Alexa, Next"" Me: ""You really don't like them, do you?"" Wife: ""it's just that guy is... like..."" Me: ""too high pitched?"" Wife: ""No, his hair is just awful."" Me: ""..."" Wife: ""I see it when I hear them"" Me: ...",2,11,46,PatrickJolle,⚡PhatPat⚡,3650,691,1,2,2019
https://twitter.com/chatables/status/1091353469984952320,2019-02-01 15:11:58+00:00,1091353469984952320,Our sweetheart Valentine's Day box of virtual chocolates and matching stories is now available on #AmazonAlexa! Dive into the box for savory stories and imaginary confections. https://t.co/6V4lMq9dP8,1,0,5,chatables,Chatables,800,689,1,2,2019
https://twitter.com/amyslanchik/status/1091350342363688960,2019-02-01 14:59:32+00:00,1091350342363688960,My @amazon Alexa quote of the day: “The woman who follows the crowd will usually go no further than the crowd. The woman who walks alone is likely to find herself in places no one has ever been before.” — Albert Einstein 👌🏼,2,0,4,amyslanchik,Amy Slanchik,2271,2095,1,2,2019
https://twitter.com/SunflowerLab/status/1091347953195905026,2019-02-01 14:50:02+00:00,1091347953195905026,"Amazon’s Echo is most popular device in the new computing platform of voice-enabled technology. Powered by digital personal assistant Alexa, the Echo has found its way into the homes of many Amazon users. https://t.co/YLyXXy9Zix #amazon #alexa #sunflowerlab #ohio #NJ #NYC #USA https://t.co/uGX7DO8kM8",1,0,4,SunflowerLab,Sunflower Lab,152,96,1,2,2019
https://twitter.com/peteerickson/status/1091344752547631105,2019-02-01 14:37:19+00:00,1091344752547631105,"Amazon Announces 80,000 Alexa Skills Worldwide and Bezos Earnings Release Quote Focuses Solely on Alexa Momentum https://t.co/iLe30TRShK by @bretkinsella // ""One hundred and forty-two words comprised the entire commentary and it is 100% focused on Alexa"" #Voice19 #VoiceFirst",2,0,13,peteerickson,Pete Erickson ☮️,3621,3598,1,2,2019
https://twitter.com/graemerocher/status/1091343448463065088,2019-02-01 14:32:08+00:00,1091343448463065088,Had fun this week working on @Amazon Alexa Skill for @AWS Lambda support in @micronautfw with either @java @ApacheGroovy and @kotlin  Coming soon in Micronaut 1.1 https://t.co/K0jJpHhE6a #micronaut #kotlin #aws #alexa #java #groovylang,19,1,39,graemerocher,Graeme Rocher 🇺🇦,11436,671,1,2,2019
https://twitter.com/CumulationsTech/status/1091342577603756032,2019-02-01 14:28:41+00:00,1091342577603756032,The feeling of ranking in 🙋the top is always amazing😍 - PVR Cinema Alexa Skills developed by Cumulations team is ranking at first position in Alexa skill store. Experience a new way to book movie tickets: https://t.co/DClTvhLzHS #Alexa #SkillsStore #AmazonAlexa #AlexaSkills https://t.co/3atyWKPCVX,1,0,3,CumulationsTech,Cumulations,234,325,1,2,2019
https://twitter.com/TheDrum/status/1091338895474724876,2019-02-01 14:14:03+00:00,1091338895474724876,Alexa-powered hot tub anyone? Amazon's new Super Bowl ad looks at some novel uses for Alexa. See more: https://t.co/K9cbnC7ypA https://t.co/laWSLILDCz,2,0,3,TheDrum,The Drum,230975,2844,1,2,2019
https://twitter.com/InsightsTodd/status/1091333495555788800,2019-02-01 13:52:35+00:00,1091333495555788800,"Amazon Announces 80,000 Alexa Skills Worldwide and Jeff Bezos Earnings Release Quote Focuses Solely on Alexa Momentum - Voicebot https://t.co/Tlpw01lnTh",1,0,1,InsightsTodd,Todd Nicolini Insights,1965,417,1,2,2019
https://twitter.com/PureBeatRadio/status/1091331596026822659,2019-02-01 13:45:03+00:00,1091331596026822659,There are various ways to tune into Pure Beat Radio.... Via our website at: https://t.co/bvM1KaSD6K Download the Pure Beat Radio App via Google Play Store @GooglePlay or iTunes @iTunes  And on all Amazon Alexa Devices #amazonalexa #alexa #Google #GooglePlay #iTunes https://t.co/5fIZixfUFv,3,0,7,PureBeatRadio,Pure Beat Radio,2060,2018,1,2,2019
https://twitter.com/HotNewHipHop/status/1091328564845174784,2019-02-01 13:33:00+00:00,1091328564845174784,"Amazon showcases Alexa 'failures' in new #SuperBowl ad with Harrison Ford, Forest Whitaker &amp; others Watch😂 https://t.co/AlpKSaAIgd",1,0,3,HotNewHipHop,HotNewHipHop,1574055,1589,1,2,2019
https://twitter.com/whathifi/status/1091326811705888770,2019-02-01 13:26:02+00:00,1091326811705888770,Amazon Echo Input review: A great way to bring Alexa voice control to your existing speakers https://t.co/Df9mKpJHeN https://t.co/OTgyXtw3AO,1,0,1,whathifi,What Hi-Fi?,44998,480,1,2,2019
https://twitter.com/TimesProperty/status/1091313656959303681,2019-02-01 12:33:46+00:00,1091313656959303681,Amazon’s #Alexa and other similar internet-enabled devices may be susceptible to being hacked...“Why are hackers interested in my toaster?” you may ask. Here's how to protect your devices from #CyberAttacks https://t.co/MLNlTm8IYB,2,0,1,TimesProperty,Times Property,50432,283,1,2,2019
https://twitter.com/Dealerscope/status/1091311486453067776,2019-02-01 12:25:08+00:00,1091311486453067776,BOSS Audio is set to release a new double-DIN head unit with Amazon Alexa this spring: https://t.co/cCCunZnyLP,1,0,2,Dealerscope,Dealerscope,6896,3198,1,2,2019
https://twitter.com/pingloud/status/1091309175324454918,2019-02-01 12:15:57+00:00,1091309175324454918,#ICYMI: messageLOUD is #comingsoon to #AmazonAlexa! 📢 https://t.co/QycM3yTEhw,1,0,3,pingloud,ping,3475,4200,1,2,2019
https://twitter.com/BusinessInsider/status/1091308756657467392,2019-02-01 12:14:17+00:00,1091308756657467392,Jeff Bezos says Alexa was 'very busy' over the holiday after Amazon sold more Echo Dot's than anything else in 2018 https://t.co/8RxtFuDkDw,7,0,12,BusinessInsider,Business Insider,3764953,413,1,2,2019
https://twitter.com/VocativeRecruit/status/1091304406413389825,2019-02-01 11:57:00+00:00,1091304406413389825,This is really interesting (if a bit random): Why Alexa Won't Wake Up When She Hears Her Name in Amazon's Super Bowl Ad : Alexa Blogs https://t.co/CXE9eAe1tV,1,0,0,VocativeRecruit,Vocative,230,172,1,2,2019
https://twitter.com/voicetocommand/status/1091301093097783296,2019-02-01 11:43:50+00:00,1091301093097783296,"Amazon Alexa skill count surpassed 80,000 worldwide and 1 million customers has pre-ordered Echo Auto for their car. #Alexa #Amazon #voicefirst #voicetech #AmazonEcho https://t.co/xAqDCQDy0i",3,0,3,voicetocommand,voicetocommand,426,128,1,2,2019
https://twitter.com/excellentweb/status/1091298592227131392,2019-02-01 11:33:54+00:00,1091298592227131392,The integration of #AmazonAlexa with Fire TV has created a whole new level of Entertainment experience for the users. Here are few commands you can use for #FireTV with Amazon Alexa. https://t.co/T0sYPpRo5R #alexaskills #voiceintegration #VoiceFirst #voiceassistants https://t.co/lms6JEIcG6,1,0,0,excellentweb,Excellent Webworld,2908,1179,1,2,2019
https://twitter.com/voicebotai/status/1091292540370935809,2019-02-01 11:09:51+00:00,1091292540370935809,"Amazon earnings release has a big dose of Alexa, Announces 80,000 Alexa Skills Worldwide - Voicebot @bretkinsella https://t.co/VkfN1edWnV",2,0,12,voicebotai,voicebot.ai,6394,467,1,2,2019
https://twitter.com/DouglasHoltzman/status/1091291536191614976,2019-02-01 11:05:52+00:00,1091291536191614976,Why Alexa usually won’t respond when someone says ‘Alexa’ on TV - VentureBeat https://t.co/rSu0QDmODH via @GoogleNews @amazon #tech #Alexa #TV #AI,2,0,3,DouglasHoltzman,Douglas Holtzman,1774,4059,1,2,2019
https://twitter.com/UndatifyMe/status/1091271972145774594,2019-02-01 09:48:07+00:00,1091271972145774594,.@amazon has a patent that will allow #alexa to know when you’re ill &amp; offer medicine.  What does this mean in the age of #gdpr &amp; how will these types of things be regulated? @SandraWachter5 (of @oiioxford) shares her thoughts on the subject.  #PrivacyAudit #CPDP2019 https://t.co/75qNAYWHv9,9,0,11,UndatifyMe,Undatify,283,624,1,2,2019
https://twitter.com/kanesimms/status/1091267632605642752,2019-02-01 09:30:53+00:00,1091267632605642752,"Amazon Announces 80,000 Alexa Skills Worldwide and Jeff Bezos Earnings Release Quote Focuses Solely on Alexa Momentum https://t.co/r5Dm1f1Vr0 https://t.co/0HIEucVDt6",1,0,2,kanesimms,Kane Simms,2557,2812,1,2,2019
https://twitter.com/DaveLeeFT/status/1091263856054280192,2019-02-01 09:15:52+00:00,1091263856054280192,What does Alexa bring to Amazon? https://t.co/nK3rxtW7Lq,1,2,1,DaveLeeFT,Dave Lee,42992,3352,1,2,2019
https://twitter.com/Campaignmag/status/1091263137213546496,2019-02-01 09:13:01+00:00,1091263137213546496,Celebs foiled by spoof Alexa gadgets in @amazon's #SuperBowl blockbuster by @LuckyGenerals: https://t.co/Dqp6UQDP3O https://t.co/afFNis31LJ,1,0,5,Campaignmag,Campaign,222870,4154,1,2,2019
https://twitter.com/nigewillson/status/1091258610963963904,2019-02-01 08:55:02+00:00,1091258610963963904,"Alexa, Alexa . .  Alexa !!!! Why Alexa usually won’t respond when someone says ‘Alexa’ on TV https://t.co/CMmECrJeX4 #ai #ArtificialIntelligence #Alexa #amazon https://t.co/L6IOAiAdkS",3,0,7,nigewillson,Nige Willson,60236,48966,1,2,2019
https://twitter.com/LondonLovesBiz/status/1091256849817583616,2019-02-01 08:48:02+00:00,1091256849817583616,Amazon sales soar to £55bn in 2018 @Amazon #Amazon #Alexa #EchoDot #Tech #BusinessNews - https://t.co/AME9lAV0Bd https://t.co/p27e5lGKAN,1,2,0,LondonLovesBiz,LondonLovesBusiness,26913,165,1,2,2019
https://twitter.com/BBCBenThompson/status/1091246903076028417,2019-02-01 08:08:30+00:00,1091246903076028417,Sorry if I woke up your Alexa device this morning while discussing Amazon's record results on @BBCBreakfast.... (*now thinking of devious plan to make everyone's devices play annoying music next time I'm on...* ) https://t.co/1EdIcD3si3,2,5,67,BBCBenThompson,Ben Thompson,46650,608,1,2,2019
https://twitter.com/we_are_skaylink/status/1091244803927539712,2019-02-01 08:00:10+00:00,1091244803927539712,Workplace Showdown: Amazon Alexa vs. Google Assistant - https://t.co/1LhsJwW3I7 https://t.co/yOrBJnhBSb,2,0,1,we_are_skaylink,Skaylink,1568,1575,1,2,2019
https://twitter.com/Wasserstein_H/status/1091243152734806016,2019-02-01 07:53:36+00:00,1091243152734806016,"#AquaDew is now 310% funded. Keep the love comin' for your powerful, #Splashproof #Speaker featuring #Alexa voice technology for your shower and home. Back us on @Indiegogo! ~ https://t.co/oYEEhy7fmK Hashtags you can use: #Amazon #Waterproof #Crowdfunding #SmartSpeaker #IoT https://t.co/8AnneXU7Iv",1,0,3,Wasserstein_H,Wasserstein Home,552,404,1,2,2019
https://twitter.com/ugnjamz/status/1091231145323364352,2019-02-01 07:05:53+00:00,1091231145323364352,Inspirational Music Station: #davepmorningshow @realdavep #onair Just say to #AmazonAlexa Urban Gospel Network Radio  #ugnjamzxtra https://t.co/Y0C6hdMEY2  #ugnjamz https://t.co/SF3PWHx3La  TuneIn https://t.co/YZ0Jk7bdgh  #gospelmusic #ugnjamz #music #newmusic #positivemusic https://t.co/RB32KJ9czk,1,0,1,ugnjamz,ugnjamz,5022,2761,1,2,2019
https://twitter.com/AKRITIMUSIC/status/1091230797174956032,2019-02-01 07:04:30+00:00,1091230797174956032,When I became the new voice of ALEXA on @tommysandhu’s thebrownload 🔊 🎶  . . . . #hilarious #funny #akhiyaanudeekdiyan #akritikakar #alexa #singer #amazon #podcast #gag #laugh @anupampkher… https://t.co/kkAFAafcDz,3,0,13,AKRITIMUSIC,Akriti Kakar,101369,409,1,2,2019
https://twitter.com/flusharcade/status/1091225279014543360,2019-02-01 06:42:35+00:00,1091225279014543360,"Beautiful sunset from the office this evening #alexa #seattle #usa #amazon  #programming #development #engineering #softwareengineering #softwaredeveloper #flusharcade @ Seattle, Washington https://t.co/12r47piUrX",1,0,0,flusharcade,Flush Arcade,364,611,1,2,2019
https://twitter.com/followbacksen/status/1091220634611240964,2019-02-01 06:24:07+00:00,1091220634611240964,Jailbroken Amazon Fire TV Stick Kodi18.0 &amp; Alexa Remote - Epic Edition Firestick https://t.co/iDMEV9xgVf https://t.co/S85G9lQvmX,2,0,0,followbacksen,john edwardsen,5005,4330,1,2,2019
https://twitter.com/Ferbeltranmx/status/1091217160301613061,2019-02-01 06:10:19+00:00,1091217160301613061,3 Ways AI is Reshaping Supply Chain and Logistics #ai #technology #artificialintelligence #tech #machinelearning #iot #bigdata #blockchain #coding #innovation #cybersecurity #data #programming #security #robotics #datascience #alexa #amazon #watson  https://t.co/i6rdottuwo https://t.co/3kNIqqWgKm,5,0,1,Ferbeltranmx,Fernando CPB,5444,5858,1,2,2019
https://twitter.com/BostonDotCom/status/1091216285172674560,2019-02-01 06:06:50+00:00,1091216285172674560,"Harrison Ford, Ilana Glazer, Abbi Jacobson, and Forest Whitaker experience Alexa failures in Amazon Super Bowl commercial https://t.co/ctd2h5pMxC https://t.co/wCLPDs9HJu",2,1,3,BostonDotCom,Boston.com,461021,2460,1,2,2019
https://twitter.com/Ferbeltranmx/status/1091216032088375296,2019-02-01 06:05:50+00:00,1091216032088375296,Could China leave the US behind in AI 'arms race'? #ai #technology #artificialintelligence #tech #machinelearning #iot #bigdata #blockchain #coding #innovation #cybersecurity #data #programming #security #robotics #datascience #alexa #amazon #watson https://t.co/KtdRHMHxOv https://t.co/an8PDDAqAf,4,0,3,Ferbeltranmx,Fernando CPB,5444,5858,1,2,2019
https://twitter.com/adage/status/1091199995808792576,2019-02-01 05:02:07+00:00,1091199995808792576,Watch Alexa failures in Amazon's Super Bowl commercial https://t.co/3XENhsgwhf https://t.co/iKyR6MWHSi,2,0,3,adage,Ad Age,1001874,73145,1,2,2019
https://twitter.com/bretkinsella/status/1091177430079938561,2019-02-01 03:32:27+00:00,1091177430079938561,"Just open this to read the quote. Nothing fancy, but what isn't in the quote tells you everything. ""Amazon Announces 80,000 Alexa Skills Worldwide and Jeff Bezos Earnings Release Quote Focuses Solely on Alexa Momentum"" - @Voicebotai https://t.co/Y80KRjrWZo",7,0,12,bretkinsella,BretKinsella.eth (read Voicebot.ai),7821,1403,1,2,2019
https://twitter.com/voicebotai/status/1091176279183945728,2019-02-01 03:27:52+00:00,1091176279183945728,"Amazon Announces 80,000 Alexa Skills Worldwide and Jeff Bezos' Earnings Release Quote Focuses Solely on Alexa Momentum - Voicebot @bretkinsella https://t.co/VkfN1edWnV",10,0,17,voicebotai,voicebot.ai,6394,467,1,2,2019
https://twitter.com/redpodcast/status/1091174450664558592,2019-02-01 03:20:36+00:00,1091174450664558592,"""How To Make Your Podcast (Or Other Audio Content) Available Via Amazon Echo: ."" https://t.co/4as3845785 #podcast #podcaster #podcasting #amazonecho #alexa https://t.co/WqDyd7L5Kd",1,0,3,redpodcast,RED Podcast,882,684,1,2,2019
https://twitter.com/SocialMedia411/status/1091169305302044672,2019-02-01 03:00:09+00:00,1091169305302044672,Here’s why Amazon’s Super Bowl ad won’t trigger Alexa https://t.co/kP0PMjfk7Z,1,0,0,SocialMedia411,Social Media Insider,225796,32255,1,2,2019
https://twitter.com/SamBallentine/status/1091168420584976389,2019-02-01 02:56:39+00:00,1091168420584976389,I'm gonna buy an amazon alexa just so I'll have someone to talk to,1,2,17,SamBallentine,samuel,235,349,1,2,2019
https://twitter.com/programmableweb/status/1091167783495393280,2019-02-01 02:54:07+00:00,1091167783495393280,"#Alexa Skill #Voice Service #API enables devs to integrate #music playback, alarms, parcel tracking and more https://t.co/NIVhfq7sZp #voice #AI #Amazon https://t.co/WxJDlUIh02",2,0,2,programmableweb,ProgrammableWeb,28093,4937,1,2,2019
https://twitter.com/azcentral/status/1091165238181937154,2019-02-01 02:44:00+00:00,1091165238181937154,"Amazon is adding it's Alexa technology to a lot of things, but in it's new Super Bowl ad we see that some products don't make the cut. https://t.co/YosoTWOq8R",1,0,3,azcentral,azcentral,419771,683,1,2,2019
https://twitter.com/ThePitBoss16/status/1091154539116445696,2019-02-01 02:01:29+00:00,1091154539116445696,Alexa Says #Amazon Earnings Beat But Lowers Outlook $AMZN $SPX $QQQ https://t.co/okH2Y1O17G https://t.co/uqFbnamHaw,3,3,3,ThePitBoss16,ThePitBoss,2858,155,1,2,2019
https://twitter.com/TechCrunch/status/1091150904697520128,2019-02-01 01:47:02+00:00,1091150904697520128,Here’s why Amazon’s Super Bowl ad won’t trigger Alexa https://t.co/07LyV97QRI,11,3,18,TechCrunch,TechCrunch,10266104,992,1,2,2019
https://twitter.com/VRPlayhouse/status/1091140909524119552,2019-02-01 01:07:19+00:00,1091140909524119552,@kentbye We need separation of data and identity.  I just did a panel on this in Davos with the inventor of Amazon Alexa.  Immersive computing only makes the need more urgent and the consequences more dire.,1,0,2,VRPlayhouse,VR Playhouse,3952,485,1,2,2019
https://twitter.com/OwensMediaInc/status/1091139197380030465,2019-02-01 01:00:31+00:00,1091139197380030465,SUPER BOWL AD PREVIEW … Amazon highlights Alexa's failures with big names. #SuperBowl19 #AlexaTechnology #SneakPeek  https://t.co/vxLC0ngPcg,1,0,1,OwensMediaInc,"Owens Media, Inc.",482,2025,1,2,2019
