url,Datetime,Tweet Id,Text,Retweet Count,Reply Count,Like Count,Username,Display Name,Followers Count,Friends Count,Day,Month,Year
https://twitter.com/MonSportsNet/status/1223756043777429504,2020-02-01 23:52:31+00:00,1223756043777429504,KINGS STAY KINGS 👑 No. 1️⃣ @MVABasketball stays undefeated and takes the @SJIT2020 🏆 with this @MountainDew Kickstart Play of the Game Congratulations to the Eagles 🦅! @onlyatSJS | #SJIT2020 https://t.co/OCOpTSnBp3,3,0,8,MonSportsNet,Monumental Sports Network,20816,698,1,2,2020
https://twitter.com/jDantastic/status/1223754485182488576,2020-02-01 23:46:20+00:00,1223754485182488576,"Well my fridge is officially stocked with sugar free Mountain Dew. Going to give it a real shot. I’ll still have a Game Fuel now and then, but I think cutting out 1-2 heavy sugar drinks a day will help a lot.",2,5,69,jDantastic,jDantastic,30543,146,1,2,2020
https://twitter.com/MonSportsNet/status/1223737936409174016,2020-02-01 22:40:34+00:00,1223737936409174016,Future @UNC_Basketball Tarheel @dayron_sharpe with the beauty for the @MountainDew Kickstart First 3️⃣ of the Game. @MVABasketball and @IMGABasketball are underway at @SJIT2020: https://t.co/6ENpSFUTrm @onlyatSJS | #SJIT2020 https://t.co/tlWjVJz9dP,3,0,5,MonSportsNet,Monumental Sports Network,20816,698,1,2,2020
https://twitter.com/MonSportsNet/status/1223728505030172672,2020-02-01 22:03:06+00:00,1223728505030172672,"So good, we couldn't pick just one 🙃 @TheRealFoster1's ENTIRE block party 🎉 makes our @MountainDew Kickstart Plays of the Game. @hillcrest_prep wins it over @fan_nca for third place 🥉 in the @SJIT2020! @onlyatSJS | #SJIT2020 https://t.co/Oa7C6Dr4KH",5,0,8,MonSportsNet,Monumental Sports Network,20816,698,1,2,2020
https://twitter.com/mountaindewbot/status/1223721318367027202,2020-02-01 21:34:32+00:00,1223721318367027202,Mountain Dew: Contraoctave (Honey Dill),1,0,0,mountaindewbot,Mountain Dew® FlavorBot,261,1,1,2,2020
https://twitter.com/ClaireJeanine/status/1223720359708393472,2020-02-01 21:30:44+00:00,1223720359708393472,@MaddieJenkins_ Something about Mountain Dew hits different,1,0,1,ClaireJeanine,button,994,361,1,2,2020
https://twitter.com/Plutdawg/status/1223718516643135488,2020-02-01 21:23:24+00:00,1223718516643135488,"dew and b-ball , my kinda saturday ! #working #plugwalk #myfavdrink @MountainDew #MYGYM #SWOLESZN #REDSHIRT #wolford https://t.co/wPhWPHRBph",1,0,16,Plutdawg,Plutdawg,101,4,1,2,2020
https://twitter.com/InforcerM/status/1223713564877344771,2020-02-01 21:03:44+00:00,1223713564877344771,@theskydewy @chiLJ_ @MountainDew evan what is pop,1,0,0,InforcerM,Chris,43,260,1,2,2020
https://twitter.com/BaumT99/status/1223711094717345792,2020-02-01 20:53:55+00:00,1223711094717345792,Overheard at the ice rink: “I don’t wanna go to the dance!” “Dude it’s gonna be a banger night just drink a Mountain Dew and you’ll be fine” -probably a guy named Chad,1,0,4,BaumT99,dabaum,257,250,1,2,2020
https://twitter.com/NBCSportsAudio/status/1223705995962011653,2020-02-01 20:33:39+00:00,1223705995962011653,Brothers!  In the house in Miami for #SBLIV Radio Row.  @McCourtyTwins &amp; @Shaquemgriffin @ShaquillG alll stopped by to represent for @MountainDew #MTNDEWZeroSugar Awesome! #Patriots #Seahawks https://t.co/r7slMhe66I,1,0,5,NBCSportsAudio,NBC Sports Audio,9523,257,1,2,2020
https://twitter.com/koscates/status/1223703555770548225,2020-02-01 20:23:57+00:00,1223703555770548225,I used my cousins axe body wash to shower this morning and now my body is covered in the alluring scent of Mountain Dew 😎,2,0,7,koscates,Lord Kyler Orin Scates 🐝,1194,953,1,2,2020
https://twitter.com/NBCSBears/status/1223702560235835393,2020-02-01 20:20:00+00:00,1223702560235835393,#SuperBowl Prop Bet #8 Which beverage brand commercial will air first? Anheuser-Busch - 4/7         Mountain Dew - 3/2 Coca-Cola - 7/2,1,0,2,NBCSBears,Bears Talk,53140,168,1,2,2020
https://twitter.com/NatalieeTyler/status/1223700846405398529,2020-02-01 20:13:11+00:00,1223700846405398529,Hannah: I’m just sad all my diet Mountain Dew is gone @simmingadena “yeah I def chugged the rest of that”,1,1,2,NatalieeTyler,Nat,441,283,1,2,2020
https://twitter.com/memgrizz/status/1223695518473342979,2020-02-01 19:52:01+00:00,1223695518473342979,ICYMI: Check out Episode 18 of #BeyondGrit.  Get a look at @jamorant's impact on the first half of the season and how his life as an underdog has led him to this stage. presented by @mountaindew https://t.co/VTgNIvt2Tu,14,0,59,memgrizz,Memphis Grizzlies,1436232,17790,1,2,2020
https://twitter.com/UncleCreepy/status/1223691189964042240,2020-02-01 19:34:49+00:00,1223691189964042240,So yeah... the real winner of the #superbowl is @MountainDew #LOL #theshining @BryanCranston #brilliant @StephenKing https://t.co/UPs9u4KDjt,2,0,4,UncleCreepy,Steve Barton,15177,506,1,2,2020
https://twitter.com/BIGBABYSCUMBAG/status/1223684874697166850,2020-02-01 19:09:43+00:00,1223684874697166850,baptize me in Mountain Dew code red,45,9,181,BIGBABYSCUMBAG,BLACK JOE DIRT,34600,1604,1,2,2020
https://twitter.com/buyandsellabiz/status/1223683872946343936,2020-02-01 19:05:44+00:00,1223683872946343936,#SuperBowlCommercial list continued: @littlecaesars  @MichelobULTRA  @Microsoft  @MountainDew  @NewYorkLife  @OlaySkin  @pepsi  @MrPeanut  @PopTartsUS  @Porsche  @Pringles  @QuickenLoans  @Sabra  @SNICKERS  @SodaStreamUSA  @squarespace  @tide  @Toyota  @realDonaldTrump  @turbotax,2,1,3,buyandsellabiz,BuyAndSellABusiness.com,7894,6993,1,2,2020
https://twitter.com/MountainDew/status/1223682314909233153,2020-02-01 18:59:33+00:00,1223682314909233153,"No matter where you're going, if you bring #MTNDEWZeroSugar along you're going to be rolling up like this. https://t.co/9xK2ZNGL30",9,4,58,MountainDew,Mountain Dew®,762154,35642,1,2,2020
https://twitter.com/Kesler1/status/1223673961944375297,2020-02-01 18:26:21+00:00,1223673961944375297,just out here shooting my shot @pepsi @MountainDew https://t.co/DQWF1Re2jY,1,0,16,Kesler1,Andi,471,359,1,2,2020
https://twitter.com/southsidefilms_/status/1223667645217738752,2020-02-01 18:01:15+00:00,1223667645217738752,Be the best version of you.  Everybody else is taken.  Just like Mountain Dew  Just do what you do.  #southsidefilms #peepmyvision #walkwithme #nycphotographer https://t.co/1Hw73tK6kV,2,0,3,southsidefilms_,Ethan X,754,386,1,2,2020
https://twitter.com/hatykite/status/1223664450760257536,2020-02-01 17:48:34+00:00,1223664450760257536,how do u drink 3 entire cups of mountain dew in 10 mins.,1,0,1,hatykite,lewsky,329,310,1,2,2020
https://twitter.com/TheBookLoftGV/status/1223655579673075712,2020-02-01 17:13:19+00:00,1223655579673075712,"The Mountain Dew Allowance, drafted by and for the people",2,1,75,TheBookLoftGV,The Book Loft,14960,293,1,2,2020
https://twitter.com/janice_pape/status/1223653604436955138,2020-02-01 17:05:28+00:00,1223653604436955138,@kylegriffin1 Meet your leader: President Dwayne Elizondo Mountain Dew Herbert Camacho. #Idiocracy https://t.co/4hV4mkMQZs,1,0,4,janice_pape,Janice Pape - Counter Social,961,2498,1,2,2020
https://twitter.com/MountainDew/status/1223650754843619328,2020-02-01 16:54:08+00:00,1223650754843619328,Tomorrow we know one team is going home happy and one team is going home not happy at all. What's the best way for them to cheer up?,7,10,26,MountainDew,Mountain Dew®,762154,35642,1,2,2020
https://twitter.com/CameronInDaCut/status/1223633001424224256,2020-02-01 15:43:36+00:00,1223633001424224256,I used to drink Mountain Dew RELIGIOUSLY back in the day now I can’t even take a sip of that shit,1,0,3,CameronInDaCut,CAM🪐,445,327,1,2,2020
https://twitter.com/ChivalryFella/status/1223626059079393281,2020-02-01 15:16:01+00:00,1223626059079393281,@BeardedBlevins 1 bag of Doritos 1 bottle of Mountain dew Mix in stomach and enjoy,1,0,5,ChivalryFella,Squire Robert 🗡️🛡️,589,315,1,2,2020
https://twitter.com/SportsCallAU/status/1223602903107006465,2020-02-01 13:44:00+00:00,1223602903107006465,"Yesterday's #SportsCallAU Podcast presented by @MountainDew. Hear @JoshLJackson10, @JayDoug2015, and @realBrooksC breakdown the Auburn vs. Kentucky game and look at some Super Bowl prop bets. https://t.co/hkwgHj307B",2,0,6,SportsCallAU,SportsCall Auburn,7828,964,1,2,2020
https://twitter.com/MissGianE/status/1223583761289269250,2020-02-01 12:27:56+00:00,1223583761289269250,@RheanKiaNoSPG Mountain Dew  KIANO ForMegaMag,3,0,0,MissGianE,MissG💛,159,191,1,2,2020
https://twitter.com/CalcuKiaNo/status/1223583051772387328,2020-02-01 12:25:07+00:00,1223583051772387328,@RheanKiaNoSPG Mountain dew  KIANo ForMegaMag,4,0,1,CalcuKiaNo,KNCalcu™,2024,878,1,2,2020
https://twitter.com/jaisal_97/status/1223536438580412416,2020-02-01 09:19:53+00:00,1223536438580412416,Mountain Dew - Do The Dew 😏,1,0,2,jaisal_97,Jaisal Singh,695,2084,1,2,2020
https://twitter.com/bloocat/status/1223497011816611840,2020-02-01 06:43:13+00:00,1223497011816611840,Beer and Mountain Dew don't work against virus OK? #coronaviruspsa  cr: just keep thinking sg @ https://t.co/4ngqLZFTpx https://t.co/lBhKHifAOk,4,1,6,bloocat,Sarah,3487,890,1,2,2020
https://twitter.com/SoftestPuppy/status/1223496000632811524,2020-02-01 06:39:12+00:00,1223496000632811524,Girl's hair look like Mountain Dew #FireEmblem #ThreeHouses  #NintendoSwitch https://t.co/09ZvVle9ZY,1,0,5,SoftestPuppy,Smoliv Enjoyer,1610,1564,1,2,2020
https://twitter.com/SteveDeaceShow/status/1223462434234621953,2020-02-01 04:25:49+00:00,1223462434234621953,“Today I step into the shoes of a great man. A man by the name of Hector Elizondo Mountain Dew Comacho.”,2,1,15,SteveDeaceShow,Steve Deace,164662,353,1,2,2020
https://twitter.com/PopehnJessi/status/1223452739763609601,2020-02-01 03:47:18+00:00,1223452739763609601,Lets make a petition to stop using Mountain Dew as a chaser,1,1,16,PopehnJessi,Jess,247,197,1,2,2020
https://twitter.com/MonSportsNet/status/1223444358483017728,2020-02-01 03:14:00+00:00,1223444358483017728,.@OleMissMBB commit @matt_murrell5 reaches way 🔙 for the “BOOM SHAKALAKA” edition of the @MountainDew Kickstart Play of the Game 🤯 @IMGABasketball &amp; @MVABasketball will meet in for the @SJIT2020 crown tomorrow night 👑 @onlyatSJS | #SJIT2020 https://t.co/NBXbYR1DTW,16,1,110,MonSportsNet,Monumental Sports Network,20816,698,1,2,2020
https://twitter.com/TyPlayed/status/1223443991301120001,2020-02-01 03:12:32+00:00,1223443991301120001,if u and i were together................. i'd let you have some of my Mountain Dew Baja Blast - 20 fl oz Bottle exclusive flavor to taco bell but also sold in bottles but exclusive in the sense it is only a fountain drink there,2,1,4,TyPlayed,TyPlayed,741,244,1,2,2020
https://twitter.com/TaraSnipes/status/1223443521346162688,2020-02-01 03:10:40+00:00,1223443521346162688,I guarentee I’ve consumed more Mountain Dew than water in my life,7,1,28,TaraSnipes,Tara Snipes,1235,476,1,2,2020
https://twitter.com/MonSportsNet/status/1223436187479740416,2020-02-01 02:41:32+00:00,1223436187479740416,.@walkingbucket02's euro step to the basket is the @MountainDew Kickstart Play of the Game &amp; is definitely FUN TO WATCH 🏀🔁 @BallIsLife #FAB50 No. 1️⃣3️⃣ @LaLuBasketball holds off @BWSpartansHoops &amp; will get a chance at the @BKITHoops title! https://t.co/nD0b87Hxmj,5,1,10,MonSportsNet,Monumental Sports Network,20816,698,1,2,2020
https://twitter.com/BimtheVillain/status/1223431862435176448,2020-02-01 02:24:20+00:00,1223431862435176448,Who voluntarily drinks Mountain Dew? I would very much like to block some people.,2,1,2,BimtheVillain,Grillem Dafoe,902,489,1,2,2020
https://twitter.com/RaceTrac/status/1223425818568929281,2020-02-01 02:00:19+00:00,1223425818568929281,Would you really let a coin decide Whatever you want? Thought so. Buy a 20 oz Mountain Dew and get 2 roller grill items for $2 at participating locations. https://t.co/5Bh5ieL4OK,1,1,5,RaceTrac,RaceTrac,9867,1456,1,2,2020
https://twitter.com/fleetw00d_jack/status/1223422961803284480,2020-02-01 01:48:58+00:00,1223422961803284480,@jessokfine @WhaJoTalkinBout Actually according to the Irish the REAL Mountain Dew is a drink known as poiton (it’s potent tho),1,0,5,fleetw00d_jack,Jack Allen,1978,243,1,2,2020
https://twitter.com/walaprat/status/1223421637355360256,2020-02-01 01:43:43+00:00,1223421637355360256,"""this mountain dew is spicy""",1,0,4,walaprat,will,336,181,1,2,2020
https://twitter.com/TamerKaki/status/1223415664460910592,2020-02-01 01:19:59+00:00,1223415664460910592,After 4 litres of mountain dew #screenshotsaturday #pixelart https://t.co/xlCIx863Tg,1,0,22,TamerKaki,Tamerlan,644,521,1,2,2020
https://twitter.com/jparke66/status/1223415506922655744,2020-02-01 01:19:21+00:00,1223415506922655744,"@CElliottStore @NewEraCap @Hendrick9Team @Hooters @NAPARacing @MountainDew @chaseelliott @ChaseArmy1 @TeamChevy Just picked up both hats, Hooters for the phx race coming up and the Dew one for golfing in Kauai. Thank you @CElliottStore @chaseelliott @Hooters @MountainDew https://t.co/LLH3cqfQM9",1,2,6,jparke66,Jeremy Parker,24,204,1,2,2020
https://twitter.com/MonSportsNet/status/1223413597436620806,2020-02-01 01:11:46+00:00,1223413597436620806,#GoBlue〽️ commit @iamzebjackson1 THROWS DOWN THE 🔨 in the @MountainDew Kickstart Play of the Game 👀 The Nation’s No. 1️⃣ @MVABasketball knocks out @fan_nca en route to the @SJIT2020 ship!  @onlyatSJS | #SJIT2020 https://t.co/u95ervukuc,2,0,5,MonSportsNet,Monumental Sports Network,20816,698,1,2,2020
https://twitter.com/jakebeleafs/status/1223406691284344836,2020-02-01 00:44:19+00:00,1223406691284344836,Congratulations to the racist whites in the USA and England! What a day. Celebrate with ten hours straight of drinking Mountain Dew Code Red and perusing Facebook posts you bunch of stupid fat pieces of shit,6,9,146,jakebeleafs,father of nazem catri,3893,694,1,2,2020
https://twitter.com/jessokfine/status/1223404921837453313,2020-02-01 00:37:17+00:00,1223404921837453313,If you didn’t know what it was Mountain Dew would sound like such a peaceful drink but in fact it is the opposite,294,19,1734,jessokfine,jess (retired),15662,494,1,2,2020
https://twitter.com/SportsCallAU/status/1223401547352158209,2020-02-01 00:23:53+00:00,1223401547352158209,"Today's #SportsCallAU Podcast presented by @MountainDew. Hear @JoshLJackson10, @JayDoug2015, and @realBrooksC breakdown the Auburn vs. Kentucky game and look at some Super Bowl prop bets. https://t.co/hkwgHiLpg3",3,0,2,SportsCallAU,SportsCall Auburn,7828,964,1,2,2020
https://twitter.com/AlexVerdeVO/status/1223396577076596736,2020-02-01 00:04:08+00:00,1223396577076596736,💯 Rob! He absolutely nails it!  And you walk away knowing..... it’s Mountain Dew! https://t.co/tkT0MGqgx8,1,0,2,AlexVerdeVO,Alex Verde Voice Talent,659,3207,1,2,2020
https://twitter.com/Schwartzie14/status/1223393434209263617,2020-01-31 23:51:38+00:00,1223393434209263617,“That’s as close to a perfect Super Bowl commercial as you’re gonna get.” @MountainDew @TBWAChiatNY #BrandBowl https://t.co/aJnwUYBB6g,1,4,27,Schwartzie14,Rob Schwartz,22601,5869,31,1,2020
https://twitter.com/MonSportsNet/status/1223391073449512966,2020-01-31 23:42:16+00:00,1223391073449512966,.@omgguyy (31 pts 10 reb) HAD A NIGHT &amp; the @MountainDew Play of the Game 👏👏👏 @RBSVarsityHoops rolls past @SJSathletics 8️⃣8️⃣- 7️⃣7️⃣ in Game 2️⃣ at @SJIT2020! @onlyatSJS | #SJIT2020 https://t.co/V7xZV7Q9Th,5,0,10,MonSportsNet,Monumental Sports Network,20816,698,31,1,2020
https://twitter.com/j_king_1/status/1223386769078525954,2020-01-31 23:25:09+00:00,1223386769078525954,Mountain Dew Code Red is my love language,1,0,2,j_king_1,Joseph King,168,200,31,1,2020
https://twitter.com/RealScreenGeek/status/1223378098198020096,2020-01-31 22:50:42+00:00,1223378098198020096,Bryan Cranston Enters 'The Shining' In New Mountain Dew Super Bowl Commercial: https://t.co/50bz0DDmaK https://t.co/5Dy8wBIwxv,6,2,15,RealScreenGeek,ScreenGeek,32868,44,31,1,2020
https://twitter.com/blendlabsinc/status/1223371112265875456,2020-01-31 22:22:56+00:00,1223371112265875456,CEO @NGhamsari got a package from @MountainDew today &amp; we’re feeling #inspired.  #FridayThoughts: Quench your customers' thirst for an easy #digitallending experience. https://t.co/Kc9m7GLYCZ,1,0,1,blendlabsinc,Blend,3004,197,31,1,2020
https://twitter.com/realjacoblucado/status/1223367457684934658,2020-01-31 22:08:25+00:00,1223367457684934658,Mountain Dew sweet lightning flavor absolutely rocked the shit out of my pants. Highly advise anybody to try it #holyfuckimjuiced,2,0,4,realjacoblucado,jacob lucado,46,128,31,1,2020
https://twitter.com/MountainDew/status/1223366487416745986,2020-01-31 22:04:34+00:00,1223366487416745986,Best part about the big game is the snacks. What will you be serving? #MTNDEWZeroSugar,8,9,25,MountainDew,Mountain Dew®,762154,35642,31,1,2020
https://twitter.com/MountainDew/status/1223362948070092804,2020-01-31 21:50:30+00:00,1223362948070092804,Can you do better than #PetrouTV's original? We dare you to try. Give us your own spin on the OG challenge on TikTok #MTNDEWZeroSugar  https://t.co/gtUOg7S947 https://t.co/ONxBtFlP06,3,4,21,MountainDew,Mountain Dew®,762154,35642,31,1,2020
https://twitter.com/saxamego/status/1223346899454918656,2020-01-31 20:46:44+00:00,1223346899454918656,@bsuesports @MountainDew I'm psyched! This is how I'm celebrating our new @GameFuel sponsorship 😎 #chirpchirp https://t.co/9HZzYvALkD,1,0,5,saxamego,Sam,297,338,31,1,2020
https://twitter.com/MountainDew/status/1223338963848564745,2020-01-31 20:15:12+00:00,1223338963848564745,.@McCourtyTwins rolling into Miami like it's that scary movie or something https://t.co/gohou3ik5e,6,3,32,MountainDew,Mountain Dew®,762154,35642,31,1,2020
https://twitter.com/MountainDew/status/1223330679762685952,2020-01-31 19:42:17+00:00,1223330679762685952,"#MTNDEWZeroSugar PSA: All Dew and no sugar is good, just try it! All Dew and no sugar is good, just try it! As good as the original. What's better than that?",13,45,116,MountainDew,Mountain Dew®,762154,35642,31,1,2020
https://twitter.com/bsuesports/status/1223324728552828930,2020-01-31 19:18:38+00:00,1223324728552828930,Last night we announced our new sponsorship with @MountainDew Game Fuel and we could not be more excited!!!!! #MountaindewAMP #gamefuel #chirpchirp https://t.co/mXK2rR7B5v,1,1,12,bsuesports,Ball State Esports,1118,351,31,1,2020
https://twitter.com/Nandingaling/status/1223317047230312452,2020-01-31 18:48:06+00:00,1223317047230312452,"My mom brought home taco bell for my sister and I. She forgot to get mountain dew for my sister and get her pepsi instead. My sister proceeded to have a tantrum, cursing out everyone. She's 28.",5,3,138,Nandingaling,nandi,1905,240,31,1,2020
https://twitter.com/JAndriuolo/status/1223316953806311425,2020-01-31 18:47:44+00:00,1223316953806311425,"Just listened to Eminem for the first time in like five years, ready for some Mountain Dew and Monster",2,1,14,JAndriuolo,John Andriuolo,126,164,31,1,2020
https://twitter.com/jackshafer/status/1223309783480049666,2020-01-31 18:19:15+00:00,1223309783480049666,Put aside your Redrum and enjoy a Mountain Dew. https://t.co/HwhlYO3MKP,1,1,2,jackshafer,Jack Shafer,82960,845,31,1,2020
https://twitter.com/nnalisaax/status/1223309710260166667,2020-01-31 18:18:57+00:00,1223309710260166667,"When I die, all that I ask if that y’all pour a lil bit of Mountain Dew out for a dead homie every time you drink some",1,0,3,nnalisaax,Annalisa Swanston,366,165,31,1,2020
https://twitter.com/Faiirrouz/status/1223305509278605312,2020-01-31 18:02:15+00:00,1223305509278605312,Mountain Dew is the worst drink to ever exist,2,0,2,Faiirrouz,فيروز,917,237,31,1,2020
https://twitter.com/chocolatequxxn/status/1223304969392132096,2020-01-31 18:00:07+00:00,1223304969392132096,I dont even like mountain dew alone😂😂 https://t.co/lyctVyrnld,1,1,0,chocolatequxxn,T A Y,1561,968,31,1,2020
https://twitter.com/MTMSport/status/1223298812195852288,2020-01-31 17:35:39+00:00,1223298812195852288,Find out why brands have rushed to get a piece of this year's Super Bowl - at the price of $5.6million per 30 secs of advertising! #SuperBowlLIV #FoxSport #KansasCityChiefs #49er #Doritos #MountainDew https://t.co/Yvs1dZ8Q1t,4,0,4,MTMSport,MTM Sport,97,396,31,1,2020
https://twitter.com/ScottHoward42/status/1223294666302353409,2020-01-31 17:19:10+00:00,1223294666302353409,"If the NBA is adding Zion Williamson to the game, does the league even care about the sanctity of the Rising Stars Game Presented by Mountain Dew Code Red?   This sends a terrible message to our children.",2,1,49,ScottHoward42,Scott Howard,4040,620,31,1,2020
https://twitter.com/McCourtyTwins/status/1223292129075744769,2020-01-31 17:09:05+00:00,1223292129075744769,#MTNDEWZeroSugar hooked us up with the sweetest rides in Miami for Radio Row. 🔥🔥 @MountainDew #SBLIV #Miami #DoubleCoverage https://t.co/492FYauYXc,10,7,121,McCourtyTwins,Devin&Jason McCourty,183998,737,31,1,2020
https://twitter.com/BrettFish16/status/1223287465240297474,2020-01-31 16:50:33+00:00,1223287465240297474,"Some of my Sports and Entertainment Marketing students, we all enjoyed the New Mountain Dew Zero with some Frito Lay chips, building relationships 1 student at a time @TDHS_CTE https://t.co/mMYbugALIN",1,0,4,BrettFish16,Brett Fish,38,37,31,1,2020
https://twitter.com/OntheRunSTL/status/1223282442720698368,2020-01-31 16:30:36+00:00,1223282442720698368,Use your On the Run app coupon to get a FREE Blues flag when you purchase 2 - 20oz Mountain Dew Zero bottles. Try something new and get a free gift! #FreeFlag #NewDew https://t.co/bCkm6QU4WL,1,0,2,OntheRunSTL,On the Run STL,474,2,31,1,2020
https://twitter.com/Farzin21/status/1223282337401769985,2020-01-31 16:30:11+00:00,1223282337401769985,"6 years ago today, I quit drinking soda. Feels surreal because I drank Mountain Dew 2 or 3 times a day. In addition to exercising consistently, quitting soda helped me lose 20 pounds during a 6-week span back in 2014, my senior year of college.  If I can do it, so can you! 💪🙌 https://t.co/TwXTY3h3HY",4,15,51,Farzin21,Farzin Vousoughian,4149,2523,31,1,2020
https://twitter.com/EtagereAntiques/status/1223269488327458816,2020-01-31 15:39:07+00:00,1223269488327458816,Nascar Dale Earnhardt Jr. Mountain Dew Winners Circles Cars 2 Pack #88 NIP #eBay #nascarwinnerscircle #nascar #DaleEarnhardtJr #MountainDew #racecars #collectible  https://t.co/JMfhCNs2Xn (Tweeted via https://t.co/nQi0oquTl3) https://t.co/31BKGFoGBn,2,0,0,EtagereAntiques,Sonje Boles- Etagere,9848,7911,31,1,2020
https://twitter.com/turnandstomp/status/1223266296143458306,2020-01-31 15:26:26+00:00,1223266296143458306,I just know he loves cool ranch and Mountain Dew code red. And somehow owns a Stone Cold Steve Austin 3:16 shirt https://t.co/PR9BXS3bpm,1,0,5,turnandstomp,scorned by sissy cock,5776,2427,31,1,2020
https://twitter.com/theddeadshow/status/1223264707764682757,2020-01-31 15:20:08+00:00,1223264707764682757,Throwback to long hair and backyard sessions | @MountainDew  📸 Scott Barber Film https://t.co/7RdGZId6Nr,1,0,53,theddeadshow,Danny Davis,38971,391,31,1,2020
https://twitter.com/fleshandbrand/status/1223263714507395073,2020-01-31 15:16:11+00:00,1223263714507395073,"Today I saw a Bob Chipman tweet of unseasoned chicken “marinated” in Mountain Dew, and I dry heaved. He also said the acids &amp; sugars in MD tenderize the meat, lol. Soda is not a marinade. And the idea that marinade tenderizes meat is a long busted myth: https://t.co/R3kNkVAovN",1,1,1,fleshandbrand,guillotines n’ roses (taheerah barney),8022,1854,31,1,2020
https://twitter.com/paulconstant/status/1223260224078790656,2020-01-31 15:02:19+00:00,1223260224078790656,"@kcfennessy I swear to God, the only men’s fashion color options are white, black, navy, beige, and festooned with Mountain Dew logos.",1,1,3,paulconstant,Paul Constant,7599,2465,31,1,2020
https://twitter.com/ToninoM/status/1223251878424776706,2020-01-31 14:29:09+00:00,1223251878424776706,@Babchik @EvCoRadio I'm soooooo glad i heard this @MountainDew Zero segment with Jason and Devin McCourty. So funny.,1,0,1,ToninoM,ToeKneeNo  M.,366,203,31,1,2020
https://twitter.com/SportsCallAU/status/1223244290236801031,2020-01-31 13:59:00+00:00,1223244290236801031,"Yesterday's #SportsCallAU Podcast presented by @MountainDew. Hear @JoshLJackson10, @ryanlavoie0, @realBrooksC, and @_Davis_Boy12 continue to look ahead to Auburn basketball vs. Kentucky and we have some interesting Bold Predictions from Deshaun.  https://t.co/Wn4l3wb2aC",4,0,4,SportsCallAU,SportsCall Auburn,7828,964,31,1,2020
https://twitter.com/Adweek/status/1223237958528094210,2020-01-31 13:33:50+00:00,1223237958528094210,Mountain Dew's #SuperBowl ad shows Breaking Bad’s Bryan Cranston and Black-ish star Tracee Ellis Ross comically recreating one of The Shining’s most iconic scenes. https://t.co/FAaMaPXhKe https://t.co/qNZFFiLSvK,4,0,11,Adweek,Adweek,690467,26533,31,1,2020
https://twitter.com/KFAN1003/status/1223234059171549184,2020-01-31 13:18:20+00:00,1223234059171549184,Time to vote for today's Initials Game on The @PowerTripKFAN!  Tell us who wins today's Initials Game and be sure to use the official hashtag #PowerTrip for your chance to win a $100 VISA GC and soda from our friends at @MountainDew! #MountainDewZero https://t.co/c3tPgjywOg,3,119,22,KFAN1003,KFAN1003,162155,345,31,1,2020
https://twitter.com/greg_browning/status/1223219907640397824,2020-01-31 12:22:06+00:00,1223219907640397824,Bryan Cranston as both Jack AND the evil twins from #TheShining is a stroke of genius! Well played @MountainDew WATCH: https://t.co/kcbpdAaeXD @WJJK1045,1,0,3,greg_browning,Greg Browning,753,443,31,1,2020
https://twitter.com/onemanualdr/status/1223213696048037888,2020-01-31 11:57:26+00:00,1223213696048037888,@TimothyCalkins @MountainDew It’s a parody of “The Shining”.... does @MountainDew want to associate their brand to a horror movie??,1,0,1,onemanualdr,JMP,48,961,31,1,2020
https://twitter.com/GusTheFox/status/1223213262713561089,2020-01-31 11:55:42+00:00,1223213262713561089,..that they’ll have to put their stupid dog into quarantine for weeks and weeks every time they come back from the Costa Del Fuckface to buy Marmite and Jaffa Cakes.  So congratulations to all those with tattoos of Minions. The people who lost their teeth to Mountain Dew..,13,1,157,GusTheFox,Gus The Fox,84523,1256,31,1,2020
https://twitter.com/DerrisKharlan64/status/1223151269986160641,2020-01-31 07:49:22+00:00,1223151269986160641,we were talking about the mountain dew cheesecake https://t.co/Ezm3Ld9ZrL,1,0,2,DerrisKharlan64,「Hollow」,787,734,31,1,2020
https://twitter.com/Hector_E_Alcala/status/1223115972631883778,2020-01-31 05:29:06+00:00,1223115972631883778,Mountain Dew is NOT marinade. I’m begging you. https://t.co/CS5XLJye8w,35,32,327,Hector_E_Alcala,Héctor E. Alcalá (Uncivilized),4273,1628,31,1,2020
https://twitter.com/madfatloud/status/1223111000729083904,2020-01-31 05:09:21+00:00,1223111000729083904,#zombieland Double Tap proves @MountainDew #CodeRed survives! I’m so happy to know that. Now where are all you #Craftbeer drinkers storing the beer you’re aging? Man can’t live by Code Red alone.,1,0,1,madfatloud,The Heavyweight Chumps of Radio-Memphis.com,2317,1881,31,1,2020
https://twitter.com/Ed_Travis/status/1223085076264685568,2020-01-31 03:26:20+00:00,1223085076264685568,@SeanNarrates I’ve heard ppl mentioning this but haven’t seen it myself. Chiming in just to say that MINARI (a sweet A24 drama abt Korean Americans) will be one of the best films of 2020 &amp; it has multiple Mountain Dew jokes that are the funniest Mountain Dew jokes ever.,1,0,4,Ed_Travis,Ed Travis,1833,1586,31,1,2020
https://twitter.com/MonSportsNet/status/1223070627562737673,2020-01-31 02:28:55+00:00,1223070627562737673,OH NO HE DIDN'T!!!!! 🤯🤯🤯 #GoBlue〽️ commit @iamzebjackson1 does his BEST @mrvincecarter15 impression with a between-the-legs windmill slam in the @MountainDew Kickstart Play of the Game. No. 1️⃣ @MVABasketball is UNSTOPPABLE! https://t.co/5c84ExaQ5E,2,0,7,MonSportsNet,Monumental Sports Network,20816,698,31,1,2020
https://twitter.com/melissablake/status/1223070365951414272,2020-01-31 02:27:53+00:00,1223070365951414272,I love this selfie!!!!! Take more!!!! P.S. I had the worst caffeine headache yesterday!! That’s why I ordered Mountain Dew with my lunch!!! 😋😋😋 https://t.co/SR4TIjZEzQ,4,1,96,melissablake,Melissa Blake,116295,5605,31,1,2020
https://twitter.com/Peter_the_Gr8/status/1223069381376331776,2020-01-31 02:23:58+00:00,1223069381376331776,@MiriamElder Did the pork rinds and Mountain Dew run out?,3,3,53,Peter_the_Gr8,Left of the Aisle,977,1954,31,1,2020
https://twitter.com/DateJulieB/status/1223063615558709248,2020-01-31 02:01:04+00:00,1223063615558709248,"And a restock of the mango butter and coconut milk Mountain Dew bars! This is a favorite scent of mine!! My birthday is in like 2 weeks, any gentlemen want to gift me nature’s garden gift cards I will love you forever! ❤️❤️❤️❤️❤️❤️❤️ https://t.co/dhUQkpgiVu",3,0,6,DateJulieB,Juliette,8212,673,31,1,2020
https://twitter.com/c0smikat/status/1223062567171563520,2020-01-31 01:56:54+00:00,1223062567171563520,Mountain dew cheesecake with Doritos garnish. For the real gamers. https://t.co/6MORE3rBXB,1,4,32,c0smikat,cOsmikat 💫🍴,2121,663,31,1,2020
https://twitter.com/KLobstar/status/1223060365942181888,2020-01-31 01:48:09+00:00,1223060365942181888,gonna boil down some Mountain Dew into a paste then shove it in my eyes,3,0,16,KLobstar,𝚔𝚎𝚗𝚍𝚛𝚒𝚌𝚔 𝚕𝚘𝚋𝚜𝚝𝚊𝚛,66360,970,31,1,2020
https://twitter.com/D_SAVRE/status/1223053428789612544,2020-01-31 01:20:35+00:00,1223053428789612544,He proceeded to wash it down with a @MountainDew 😂 Fun Fact: @Harparbar is also an executive producer of @Station19! Is he not the best?! #Station19 #tgit https://t.co/Opqzc5Di8c,3,5,46,D_SAVRE,Danielle Savre,132436,220,31,1,2020
https://twitter.com/SummitDailyNews/status/1223051311941406720,2020-01-31 01:12:10+00:00,1223051311941406720,"Dew Tour unveils slopestyle, streetstyle courses at Copper Mountain Resort https://t.co/zKVWv3bqK8",1,0,0,SummitDailyNews,Summit Daily News,10108,854,31,1,2020
https://twitter.com/SportsCallAU/status/1223043023950446592,2020-01-31 00:39:14+00:00,1223043023950446592,"Today's #SportsCallAU Podcast presented by @MountainDew. Hear @JoshLJackson10, @ryanlavoie0, @realBrooksC, and @_Davis_Boy12 continue to look ahead to Auburn basketball vs. Kentucky and we have some interesting Bold Predictions from Deshaun.  https://t.co/Wn4l3wb2aC",6,0,4,SportsCallAU,SportsCall Auburn,7828,964,31,1,2020
https://twitter.com/CaptainDumac/status/1223041435940937728,2020-01-31 00:32:55+00:00,1223041435940937728,Mountain Dew dragon with Gamer Fuel crystals https://t.co/1CY9mXjfCV,1,1,17,CaptainDumac,Torchbug Emperor 🌻🏳️‍⚧️,1547,1857,31,1,2020
https://twitter.com/SpaceJamJordan/status/1223038973959966720,2020-01-31 00:23:09+00:00,1223038973959966720,when she order a mountain dew on the soda date https://t.co/pzovsyRbwR,1,0,0,SpaceJamJordan,•,1368,982,31,1,2020
https://twitter.com/ewleininger/status/1223035664410796034,2020-01-31 00:09:59+00:00,1223035664410796034,"@TimothyCalkins @MountainDew 👍👍 Well said. Managing risk at these financial stakes is a duty of  brand stewards. It does not stifle creativity, it promotes responsibility. Those 2 thoughts are not mutually exclusive. Unless we are lazy or simply enjoy setting hair on fire. Neither of which is a strategy.",1,0,1,ewleininger,Eric Leininger,329,139,31,1,2020
https://twitter.com/frequentbeef/status/1223033773643534336,2020-01-31 00:02:29+00:00,1223033773643534336,"So @MountainDew was kind enough to send me a sample of the upcoming “Mountain Dew Zero.” It’s definitely better than Diet Mt Dew &amp; is great on first taste, but there’s a back-of-mouth feel that reminds me of Diet Coke, so it’s not for me. Science has failed us again. https://t.co/3ZxfDgVjD8",1,1,3,frequentbeef,Derek Guder,2163,501,31,1,2020
