url,Datetime,Tweet Id,Text,Retweet Count,Reply Count,Like Count,Username,Display Name,Followers Count,Friends Count,Day,Month,Year
https://twitter.com/wandontheman/status/1358201116404629506,2021-02-06 23:49:14+00:00,1358201116404629506,Doing all that over all over a Mountain Dew and honey bun 🤣🤣🤣 https://t.co/PeGqMq5hAE,1,0,2,wandontheman,Wan,456,436,6,2,2021
https://twitter.com/Bitspitter/status/1358199504424431617,2021-02-06 23:42:50+00:00,1358199504424431617,"@Sierra_OffLine @MeganCondis Buried in the middle of the system requirements for the Macintosh System 7 beta release was “a live chicken, an obsidian knife, and a six-pack of Mountain Dew.”",1,0,8,Bitspitter,Chuck,2111,1344,6,2,2021
https://twitter.com/BrieHenshin/status/1358190769564172290,2021-02-06 23:08:08+00:00,1358190769564172290,I wish I could buy Mountain Dew Baja Blast in stores. Screw this having to go to taco bell bs.,1,2,15,BrieHenshin,Brie Henshin 🏳️‍⚧️,1678,4998,6,2,2021
https://twitter.com/ZekeMontana5/status/1358184790177042444,2021-02-06 22:44:22+00:00,1358184790177042444,Got my mountain dew and bullets stocked up https://t.co/IazKHOXhet,1,0,0,ZekeMontana5,Zeke🇦🇱,56,567,6,2,2021
https://twitter.com/ZVWorlds/status/1358174909021655040,2021-02-06 22:05:06+00:00,1358174909021655040,"Also have this for anyone interested, an unopened bottle of original #mountaindew  Now all I need is an original bag of #Doritos And my food poisoning nostalgia trip is complete. https://t.co/byyEY9cacA",1,1,11,ZVWorlds,Zach,969,490,6,2,2021
https://twitter.com/dudeitserin/status/1358165977586884608,2021-02-06 21:29:37+00:00,1358165977586884608,@merci4leveninnn Polar vortex sounds like a Mountain Dew flavor,1,0,1,dudeitserin,erin flowers 🌸,383,940,6,2,2021
https://twitter.com/FatDad_/status/1358158680496111616,2021-02-06 21:00:37+00:00,1358158680496111616,@RobertGunther3 Mountain Dew Major Melon!!!!!,1,0,1,FatDad_,Jake,633,309,6,2,2021
https://twitter.com/tonyposnanski/status/1358154182960758785,2021-02-06 20:42:45+00:00,1358154182960758785,@SenAmandaChase Thank you for speaking out about this Sen. Chase when the Democrats won’t. Three years ago I smoked seven Scooby Doobies and I overdosed on Mountain Dew and Cheetos and it hasn’t been the same. It’s evil I tell you. Evil.,48,30,1808,tonyposnanski,Tony Posnanski,227089,2775,6,2,2021
https://twitter.com/KeepABRolling/status/1358151429827948546,2021-02-06 20:31:48+00:00,1358151429827948546,"I don't know about you, but We're all jacked up on mountain dew for #fiveforwynonna https://t.co/txvotPsUOE",15,0,75,KeepABRolling,Keep Alberta Rolling 🎥✨,5765,3331,6,2,2021
https://twitter.com/TraceeEllisRoss/status/1358150362553716736,2021-02-06 20:27:34+00:00,1358150362553716736,It’s been a long three years since this happened with @MountainDew &amp; @BryanCranston last year. #SuperBowl #MTNDewZeroSugar #TheShining https://t.co/PGijlRiEpL,42,30,449,TraceeEllisRoss,Tracee Ellis Ross,1412445,289,6,2,2021
https://twitter.com/nerdist/status/1358135367858348033,2021-02-06 19:27:59+00:00,1358135367858348033,"Riddle me this, Mountain Dew.  https://t.co/RO2V1gd0X8",2,0,11,nerdist,Nerdist,483826,4224,6,2,2021
https://twitter.com/MountainDew/status/1358128367820800004,2021-02-06 19:00:10+00:00,1358128367820800004,This could be you after winning a million dollars just for counting bottles of #MTNDEWMAJORMELON. NO PURCH. NEC. Legal res 50 US/DC 18+ (19+ NE&amp;AL). Ends w/1st verified answer or 3/31/21.  Rules: https://t.co/wUNEKfNUYu https://t.co/lqlfPl9u96,100,504,799,MountainDew,Mountain Dew®,762154,35642,6,2,2021
https://twitter.com/_1vonte/status/1358127162503684099,2021-02-06 18:55:22+00:00,1358127162503684099,I’ll never forget the night I mixed 12 Four Lokos in a Mountain Dew bottle  to chug and passed out 5 seconds in🤣,1,1,1,_1vonte,teezy☔️,2360,2581,6,2,2021
https://twitter.com/justinregge/status/1358126960942186499,2021-02-06 18:54:34+00:00,1358126960942186499,"hear me out, freestyle machine but with all the mountain dew flavors",1,0,3,justinregge,Justin Reggelsen,812,817,6,2,2021
https://twitter.com/blondedkhalid/status/1358113721600638979,2021-02-06 18:01:58+00:00,1358113721600638979,Diet Mountain Dew is Lana’s best song,1,0,4,blondedkhalid,khalid 🏹,1688,1435,6,2,2021
https://twitter.com/ryansatin/status/1358102166439776258,2021-02-06 17:16:03+00:00,1358102166439776258,OMG I GOT ONE TOO 🤗 Thanks @MountainDew!!!  #MTNDEWMAJORMELON https://t.co/5JzoSDuazQ,10,13,194,ryansatin,Ryan Satin,107988,3275,6,2,2021
https://twitter.com/Dylan_Macri/status/1358093254743392257,2021-02-06 16:40:38+00:00,1358093254743392257,#RWBY8 #RWBYSpoilers #RWBY8Spoilers You absolute fools left a trail of Mountain Dew.,2,1,11,Dylan_Macri,"Dylan Macri, Cadhla182, Commissions Open",5617,3193,6,2,2021
https://twitter.com/DrakeGatsby/status/1358075460048085004,2021-02-06 15:29:56+00:00,1358075460048085004,Rejected Taco Bell-exclusive Mountain Dew Flavors:  - Mango Magma - River Slime - XTREME Sludge - Mexican Tornado - Literal Poison - Toilet Wine - Lemon and Lime Bong Water - Citrus Avalanche - Crime Wave - Just Kool-Aid With Bubbles - This One Is Purple - Cyanide (for Gamers),150,28,1153,DrakeGatsby,jon drake,109706,2012,6,2,2021
https://twitter.com/MountainDew/status/1358067985802526720,2021-02-06 15:00:14+00:00,1358067985802526720,You should count and Tweet every #MTNDEWMAJORMELON bottle in our ad on Sunday. But don’t sweat it. There’s only a million dollars on the line.  NO PURCH. NEC. Legal res 50 US/DC 18+ (19+ NE&amp;AL). Ends w/1st verified answer or 3/31/21.  Rules: https://t.co/Vaswzi9kKJ https://t.co/znAhBHhOU8,92,126,565,MountainDew,Mountain Dew®,762154,35642,6,2,2021
https://twitter.com/DewTour/status/1358063723320143872,2021-02-06 14:43:17+00:00,1358063723320143872,"This round of Head 2 Head features two heavy-hitting slopestyle skiers Christian Nummedal and @NickGoepper, battling it out in the Woodward section from the 2020 Dew Tour competition at Copper Mountain. Whose hit do you like best? Let us know with a comment below! #dewtour #ski https://t.co/lBxGDawg2L",2,0,4,DewTour,Dew Tour,62899,325,6,2,2021
https://twitter.com/RobertGunther3/status/1358051652046123010,2021-02-06 13:55:19+00:00,1358051652046123010,"Game Day! In honor of @JohnCena and @MountainDew’s new #majormelon flavor, I will drink one bottle of Major Melon for each retweet if @StJohnsBBall beats Providence! #sjubb",19,6,18,RobertGunther3,Robert Gunther,673,1306,6,2,2021
https://twitter.com/IlliturateTroy/status/1358043848296050690,2021-02-06 13:24:19+00:00,1358043848296050690,5 things we need to normalize for men: 1) Shitting with the door open 2) beers and wants 3) calling it za and no other form of the word p*zza 4) Playing video games with your pals and drinking mountain dew 5) Drinking milkshakes everyday https://t.co/mYyjSZX3Dk,1,2,4,IlliturateTroy,Troy McClure Jr. (a.k.a. BETsy DeVos),1071,1273,6,2,2021
https://twitter.com/JAX_WBB/status/1358037733579493376,2021-02-06 13:00:01+00:00,1358037733579493376,"First-ever matchup with Bellarmine on deck this afternoon, pres. by @MountainDew. 🔗https://t.co/TtfEDyhhjD 📊https://t.co/cCuEWh0JG9 💻https://t.co/zIAlM7j7fC 📰https://t.co/livXRVITj2 📗https://t.co/pEB730CYhA #RELENTLESS #JUPhinsUp https://t.co/AYzWnnicid",2,0,6,JAX_WBB,Jacksonville WBB,7070,1186,6,2,2021
https://twitter.com/Jacob_Crash/status/1358027612476604416,2021-02-06 12:19:48+00:00,1358027612476604416,"So do you guys pour the Mountain Dew or the cereal first, personally when I’m at the doctors office I like to buy the cheapest onions when at the car dealership",1,1,2,Jacob_Crash,Crash 🇸🇪,796,532,6,2,2021
https://twitter.com/emm_able/status/1358010611796500483,2021-02-06 11:12:15+00:00,1358010611796500483,▪︎Mountain Dew Fungi▪︎  An 'unusal growth' inspired by the chat from Ep 2: Mud Fest of the @BrickedN podcast!  #mountaindewfungi #unusalgrowth #stoplittering #nature #fungi #illustration #illustrator #fungiillustration #mountaindew #popart https://t.co/dvH7igf9Jx,1,0,1,emm_able,Emmable,767,2684,6,2,2021
https://twitter.com/Tashrif99/status/1357990909581828101,2021-02-06 09:53:57+00:00,1357990909581828101,https://t.co/3HBI6g5Gt7 @SophRicho @MeganCann_ @UnitxdSheStands Welcome back Nicole. Great show.  PS. One food and drink for the rest of my life will be double chicken and bacon burger with the mountain dew😂. Can't wait for @MrsEmmaEdgar to be back and the band will be back😃,1,1,5,Tashrif99,Tashrif Alam,97,1703,6,2,2021
https://twitter.com/JaneJonesing/status/1357928512934588417,2021-02-06 05:46:01+00:00,1357928512934588417,I have to stay up to watch $doge because those mf'ers keep Mountain Dew hours #DogecoinToTheMoon 🚀,1,0,3,JaneJonesing,Jane Pennington,60,420,6,2,2021
https://twitter.com/raejam23/status/1357928084356227078,2021-02-06 05:44:19+00:00,1357928084356227078,"Little sister: ""This smells like the mountain soda!!! The mountain soda!!!!"" Brother and i: ""Mountain Dew?!?"" S: ""Nooo!!!!! The mountain soda!"" B: ""Sierra Mist?"" S: ""Yes!!! :D no wait- no the mountain one!"" Us: ???? S: ""OH OH SHASTA *laughs hysterically*""",1,0,3,raejam23,🐻 aint no lil bear 🐻,130,102,6,2,2021
https://twitter.com/joseramonmarmtz/status/1357922799248171009,2021-02-06 05:23:18+00:00,1357922799248171009,"Talking about #SuperBowl commercials, I bought two cans of @MountainDew #MajorMelon before @JohnCena’s commercial airs this Sunday. #FallonTonight https://t.co/jw0LVLiWO7",1,0,2,joseramonmarmtz,Jose Ramon Marquez,2147,918,6,2,2021
https://twitter.com/theguyjayt/status/1357922041635209217,2021-02-06 05:20:18+00:00,1357922041635209217,Ridiculousness seem like a show that people that drink Mountain Dew all day watch,3,0,11,theguyjayt,Black Red Forman,2186,1785,6,2,2021
https://twitter.com/TheSchwarz/status/1357895812974407683,2021-02-06 03:36:04+00:00,1357895812974407683,@sadoul @ufc this is some armchair bullshit. Overeem is surging for his age and just look at the names here on both sides. maybe put the mountain dew down and show some respect.,1,0,20,TheSchwarz,Tyler Schwarz,82,251,6,2,2021
https://twitter.com/oceanratVEVO/status/1357890835765952513,2021-02-06 03:16:18+00:00,1357890835765952513,If Mountain Dew were a human woman we would be so married,1,3,45,oceanratVEVO,Rat 🕹☎️,10196,2330,6,2,2021
https://twitter.com/MountainDew/status/1357874218600439808,2021-02-06 02:10:16+00:00,1357874218600439808,@ESPNNBA @Zionwilliamson 🔥🔥🔥 @Zionwilliamson let's gooooo,2,1,8,MountainDew,Mountain Dew®,762154,35642,6,2,2021
https://twitter.com/motelsiren/status/1357872855556509697,2021-02-06 02:04:51+00:00,1357872855556509697,thinking of my ex-boyfriend’s roommate who refused to drink water because “mountain dew already has water in it”,2,12,75,motelsiren,vecnussy,9150,1000,6,2,2021
https://twitter.com/MountainDew/status/1357871674398552066,2021-02-06 02:00:09+00:00,1357871674398552066,Can’t sleep? Count new #MTNDEWMAJORMELON bottles instead. https://t.co/eDzZwbdrml,32,43,355,MountainDew,Mountain Dew®,762154,35642,6,2,2021
https://twitter.com/timmymorgan/status/1357863383727566848,2021-02-06 01:27:13+00:00,1357863383727566848,Allow me to introduce you to the crown jewel of evangelical subculture: The Evangelical T Shirt. Note how it takes a popular brand and then makes it painfully horrible.  Exhibit A: An obscene take on Mountain Dew. Ready for it?  “Do the Jew.”  *This is not even a joke. https://t.co/4U5gr64ZPF,1,3,5,timmymorgan,Timmy Morgan,485,639,6,2,2021
https://twitter.com/tupacminecraft/status/1357858988369403905,2021-02-06 01:09:45+00:00,1357858988369403905,in middle school this kid told me that drinking mountain dew would make me infertile and i laughed it off at the time  but god if i become royalty im gonna be having some pretty serious moments of prophetic self doubt,1,0,2,tupacminecraft,eternal søren shining justice,1221,562,6,2,2021
https://twitter.com/BigColdMike28/status/1357856221592707080,2021-02-06 00:58:45+00:00,1357856221592707080,"@MoultonHawk @JohnCena @MountainDew Actually Cena is one of the coolest ""celebs"" there is. My mom's dying wish was to meet him. He made that a reality and some. Invited her and my stepdad to dinner after front row seats to one his matches. True stand up guy. Go cry more",1,1,20,BigColdMike28,*Niner PAIN*,29,176,6,2,2021
https://twitter.com/Grosdoriane/status/1357855850728214528,2021-02-06 00:57:17+00:00,1357855850728214528,"There are only two kinds of soda, Cokes and Sprites. Pepsi? Obviously a Coke. Root beer is also a Coke. Mountain Dew is a Sprite. And so on, and so on.",4,10,78,Grosdoriane,Grosdoriane,4319,994,6,2,2021
https://twitter.com/Moonlitpiglet/status/1357853487749423107,2021-02-06 00:47:53+00:00,1357853487749423107,"@iHateCogsci ""My property dualist view suggests that, while the biological mechanisms that mediate my experience of an ice-cold glass of Mountain Dew are purely physical, the phenomenal quality of its tangy, refreshing flavor is itself a mental property.""",1,1,3,Moonlitpiglet,Moonlit Piglet,721,942,6,2,2021
https://twitter.com/MarkRMartell/status/1357850368072425472,2021-02-06 00:35:30+00:00,1357850368072425472,Water from the mountains = Mountain Dew 😂  #PurdueMinari #Minari,1,0,1,MarkRMartell,"Mark R. Martell, PhD",316,231,6,2,2021
https://twitter.com/Lm9985/status/1357840967655698433,2021-02-05 23:58:08+00:00,1357840967655698433,@YourPalRoss I got my long boi 2 days ago but for some reason every time I wake up there’s just pizza crust and empty Mountain Dew cans around him and when I smell him he smells like pizza crust I’m a little considered Is mine defective https://t.co/BlSuVcJByk,1,1,123,Lm9985,Crunchy🍕,6,388,5,2,2021
https://twitter.com/magoMerlin169/status/1357838586352181250,2021-02-05 23:48:41+00:00,1357838586352181250,Diet Mountain Dew baby new york city,1,1,3,magoMerlin169,doctora polo,96,133,5,2,2021
https://twitter.com/glassbottommeg/status/1357836822575894528,2021-02-05 23:41:40+00:00,1357836822575894528,"Double Decker Taco Vaccine Chicken Taco Vaccine Come on you complete nancies, roll out your big guns, this is code red. (Speaking of also bring back Code Red Mountain Dew)",2,3,11,glassbottommeg,Megan Fox,18227,598,5,2,2021
https://twitter.com/iHasCupquake/status/1357833038932021250,2021-02-05 23:26:38+00:00,1357833038932021250,"Did you hear?! @MountainDew is giving away $1,000,000 just for being the first to count the number of #MTNDEWMAJORMELON bottles in their commercial during the big game on Sunday! Let's talk counting strategies, what are you all thinking? #ad Entry details: https://t.co/IkQw6VilgY https://t.co/6a8qRJGGku",12,15,591,iHasCupquake,Cupquake,748859,1071,5,2,2021
https://twitter.com/BentoboxLive/status/1357828027309244424,2021-02-05 23:06:43+00:00,1357828027309244424,https://t.co/ePt7aftSL2 WELCOME TO THE DORITIOS LOCOS TACOS KFC HONEY GOLDEN BARBECUE MOUNTAIN DEW MAJOR MELON TEN HUT AND DOWN PRESHOW AHHHHH,1,0,1,BentoboxLive,BentoBox Live Tweeter,28,30,5,2,2021
https://twitter.com/scryptskynet/status/1357821563538710528,2021-02-05 22:41:02+00:00,1357821563538710528,Just imagine if everybody was all jacked up on Mountain Dew and they finally invested in DigiByte https://t.co/LNFlOBOFHa,14,2,63,scryptskynet,ScryptSkynet,2546,1103,5,2,2021
https://twitter.com/MountainDew/status/1357815052351463433,2021-02-05 22:15:10+00:00,1357815052351463433,🚨 an important PSA from Major Melon* 🚨 *Ryan Fitzpatrick  As soon as you see our commercial on Sunday come back here to Twitter and get counting!  NO PURCH. NEC. Legal res 50 US/DC 18+ (19+ NE&amp;AL). Ends w/1st verified answer or 3/31/21.  Rules: https://t.co/wUNEKfNUYu https://t.co/goHBwGy12C,42,49,363,MountainDew,Mountain Dew®,762154,35642,5,2,2021
https://twitter.com/WeAreMel/status/1357813756668096512,2021-02-05 22:10:01+00:00,1357813756668096512,"This weird Mountain Dew Super Bowl commercial was referred to as a “Horror-Hallucination of Brand Awareness,” which is exactly what the ad creators were going for. This is how it came together https://t.co/57Wh7VXPnY",1,1,3,WeAreMel,MEL Magazine,27258,2251,5,2,2021
https://twitter.com/gyorkmusic/status/1357813029711314944,2021-02-05 22:07:07+00:00,1357813029711314944,“yo gummy bears and mountain dew lower your sperm count.” - my guitar player Caleb... first van trip going great!,1,0,27,gyorkmusic,Graycie York,10588,966,5,2,2021
https://twitter.com/JordanZirm/status/1357811409124425728,2021-02-05 22:00:41+00:00,1357811409124425728,"folks, when you are a big time #influencer like me, you get sent a new Mountain Dew flavor and a John Cena doll. it’s a truly a life of luxury https://t.co/RqqqOijnnh",2,21,77,JordanZirm,Jordan Zirm,16111,1732,5,2,2021
https://twitter.com/TBWA/status/1357809151120990208,2021-02-05 21:51:43+00:00,1357809151120990208,"We're looking forward to seeing the #SuperBowl commercials this Sunday, especially @MountainDew's ad by @TBWAChiatNY and @amazon's ad from @LuckyGenerals. #AlexasNewBody #MTNDEWMAJORMELON https://t.co/VAZAyP1Px6",1,0,15,TBWA,TBWA Worldwide,136639,1652,5,2,2021
https://twitter.com/ClarkUniversity/status/1357805081412980739,2021-02-05 21:35:32+00:00,1357805081412980739,"Keep your eyes open during the #SuperBowl  for the @MountainDew Major Melon commercial, produced by Rick Segal ’12. The spot features a “game with the game” — with a cash prize of $1 million. https://t.co/B5ZE6GLJtu",5,16,18,ClarkUniversity,Clark University,10219,462,5,2,2021
https://twitter.com/WilliamMaranci/status/1357782895138586624,2021-02-05 20:07:23+00:00,1357782895138586624,@MsRebeccaBlack @MountainDew the world needs a nu metal album by rebecca black,1,0,17,WilliamMaranci,album out in september,3588,839,5,2,2021
https://twitter.com/MsRebeccaBlack/status/1357782580653826048,2021-02-05 20:06:08+00:00,1357782580653826048,so i hear @mountaindew is giving you the chance to win 1 million dollars to celebrate the launch of #MTNDEWMajorMelon during their commercial on Sunday...catch me spending the next couple days mentally preparing myself to win 👀 #Ad Entry details here: https://t.co/iDr8A9h7PL https://t.co/PzM1MZw18S,15,17,321,MsRebeccaBlack,Rebecca Black,1112402,10872,5,2,2021
https://twitter.com/GameOverGreggy/status/1357781041931448324,2021-02-05 20:00:01+00:00,1357781041931448324,Let's win you $1 million Sunday. @MountainDew is giving the prize to the person who can spot all the #MTNDEWMAJORMELON bottles in their ad. Let's practice with this video!  Full details: https://t.co/mqWWsMZuJ1 #ad https://t.co/sEhDnf5XDc,7,3,76,GameOverGreggy,Greg Miller,1249196,1460,5,2,2021
https://twitter.com/_aaaziaaa_/status/1357778776722198537,2021-02-05 19:51:01+00:00,1357778776722198537,I need a Mountain Dew blast and a movie,1,0,1,_aaaziaaa_,King,1208,1140,5,2,2021
https://twitter.com/MadDogUnleashed/status/1357778137246031876,2021-02-05 19:48:28+00:00,1357778137246031876,Ryan Fitzpatrick had some thoughts on @Tua heading into year 2 and what he needs to do. @MadDogRadio @MountainDew  For more videos of “Mad Dog Unleashed” download or visit the SiriusXM App https://t.co/Ko0A3kMSJT https://t.co/PN69nzR0cY,5,2,27,MadDogUnleashed,Chris Mad Dog Russo,111764,554,5,2,2021
https://twitter.com/thefoepaw/status/1357771113569263618,2021-02-05 19:20:34+00:00,1357771113569263618,why is there a floating mountain dew bottle. https://t.co/XTPVYcAfl1,1,0,1,thefoepaw,win 🦇🌹,149,165,5,2,2021
https://twitter.com/CandyHunting/status/1357768767623880706,2021-02-05 19:11:14+00:00,1357768767623880706,"Mountain Dew has a new energy drink line in the works! Mtn Dew Rise leaked images have been floating around Mountain Dew fansites, Reddit, and Discord for a while. The National Association of Convenience Stores shared the news back in December with a tin… https://t.co/2hlPi2y8kb https://t.co/gd5ITA28ks",4,1,24,CandyHunting,Candy Hunting,4861,204,5,2,2021
https://twitter.com/FunkyBobMusic/status/1357767877407956993,2021-02-05 19:07:42+00:00,1357767877407956993,"My favorite simpsons food bit is when the hot dog cart guy ask Homer ""mountain dew or crab juice?"" And he says ""ewwww, ill have the crab juice"" lol https://t.co/UcYEmnggy1",2,1,1,FunkyBobMusic,Anime Remix King,2365,1568,5,2,2021
https://twitter.com/leafimochi/status/1357766033386405888,2021-02-05 19:00:23+00:00,1357766033386405888,@Mirochi22 sizhui is definitely a sprite person while jingyi is a mountain dew guy (specifically baja blast),1,1,15,leafimochi,葉 brie @ commissions open !! 🌷🌷,7121,49,5,2,2021
https://twitter.com/blockwonkel/status/1357761532101353472,2021-02-05 18:42:29+00:00,1357761532101353472,Mountain Dew's going to advertise Major Melon at the Super Bowl and I still can't find 12-packs that aren't being scalped. I also can't see who they got to advertise it. https://t.co/fRkGFLCPSI,1,3,4,blockwonkel,Blick Winkel@AX 2022⁉️(H. Anthony Israel),4045,716,5,2,2021
https://twitter.com/KLobstar/status/1357747142006308867,2021-02-05 17:45:19+00:00,1357747142006308867,@MacMcCannTX @MountainDew its a mountain dew that is too extreme even for me,1,1,2,KLobstar,𝚔𝚎𝚗𝚍𝚛𝚒𝚌𝚔 𝚕𝚘𝚋𝚜𝚝𝚊𝚛,66360,970,5,2,2021
https://twitter.com/CommitingCrimes/status/1357736422455787521,2021-02-05 17:02:43+00:00,1357736422455787521,THIS JUST IN. The Mountain Dew Review is back with Mountain Dew Major Melon. Check out what I think of this new beverage! @mountain @dew @MountainDew https://t.co/yIrOhuwj3b,4,1,10,CommitingCrimes,Jay 💀☄️,268,228,5,2,2021
https://twitter.com/davebosox1967/status/1357733711274459139,2021-02-05 16:51:56+00:00,1357733711274459139,Friend: How are you? @nicoleaportwood from @MountainDew : I’m pandemic fine! #MTNDEWMAJORMELON is a 'Life Changing Flavor' #BILive @BrandInnovators #dothedew @R3WW https://t.co/0om8xiznjb,1,0,2,davebosox1967,Dave Edwards,1008,1388,5,2,2021
https://twitter.com/brookswheelan/status/1357727656595230721,2021-02-05 16:27:53+00:00,1357727656595230721,People keep saying @MountainDew didn’t create an action figure of me and it’s actually this guy “Jon Seena” or something? No idea. Guess we just look alike? https://t.co/zXPo0NlgpJ,1,6,122,brookswheelan,Brooks Wheelan,60262,828,5,2,2021
https://twitter.com/KaykayDyer/status/1357726457087340548,2021-02-05 16:23:07+00:00,1357726457087340548,@aj_perez31 @NoSwagg32 If you didn’t drink a 12 pack of Mountain Dew a day I might reconsider,1,3,14,KaykayDyer,Snow bunny,1225,450,5,2,2021
https://twitter.com/AstoryintheEnd/status/1357719217978683398,2021-02-05 15:54:21+00:00,1357719217978683398,@nesgritton and @elijah_pizza just summed up their @kickscreampod perfectly. It’s the ultimate Friday night slumber party!! Give it a listen and enjoy! The Pizzas and Mountain Dew are in me!!!! 🍕🥤 https://t.co/IDbry6Uh8X,3,1,8,AstoryintheEnd,Ian McAndrew,74,132,5,2,2021
https://twitter.com/concavetriangle/status/1357701534805557250,2021-02-05 14:44:05+00:00,1357701534805557250,"hello and good morning to all my wonderful trans siblings wearing hoodies and drinking mountain dew before 10am, good luck today, you are important and you are precious",2,1,33,concavetriangle,cookie research and development,2342,290,5,2,2021
https://twitter.com/Pirauxide/status/1357677056801214466,2021-02-05 13:06:49+00:00,1357677056801214466,Double exp weekend!! Didn’t even have to buy Doritos and Mountain Dew for it https://t.co/GZawypaMek,1,2,4,Pirauxide,Pirauxide,392,308,5,2,2021
https://twitter.com/MarisHerosband/status/1357609954966986753,2021-02-05 08:40:11+00:00,1357609954966986753,Kel is being put up for adoption He stole my mountain dew just take him,1,0,2,MarisHerosband,Hero️‍,196,150,5,2,2021
https://twitter.com/scoobertdubertt/status/1357563116574314498,2021-02-05 05:34:03+00:00,1357563116574314498,Bitches be like y’all got bottles of mountain dew,1,0,1,scoobertdubertt,sammie⭐️,660,658,5,2,2021
https://twitter.com/REIDersOfficial/status/1357561847616995328,2021-02-05 05:29:01+00:00,1357561847616995328,Soda of choice: Mountain Dew Ice @MountainDewPH Stream SODA #JamesReidMYX,27,0,45,REIDersOfficial,James' REIDers,62070,357,5,2,2021
https://twitter.com/robtswthrayguns/status/1357545116517343235,2021-02-05 04:22:32+00:00,1357545116517343235,Craving a mountain dew code red so bad right now,2,6,30,robtswthrayguns,synthdaddy.eth,265240,263682,5,2,2021
https://twitter.com/antifaveteran/status/1357531561336295427,2021-02-05 03:28:40+00:00,1357531561336295427,@Tom_Winter Holy shit like redneck gladiators hopped up on Mountain Dew and Cheetos,1,0,4,antifaveteran,I Stand with Ukraine🇺🇦🌻✌🏼Masked 😷/ Boosted💉,2063,4858,5,2,2021
https://twitter.com/FishAndGamer/status/1357515818460938242,2021-02-05 02:26:07+00:00,1357515818460938242,@JohnCena @MountainDew Congratulations ahead of time to the developer that's running a #MachineLearning bot right now to identify Bottles of Mountain Dew.,1,0,0,FishAndGamer,Fish,41,65,5,2,2021
https://twitter.com/1122Blessed/status/1357509524916039681,2021-02-05 02:01:06+00:00,1357509524916039681,@MountainDew This is the best!! Loving #MajorMelonMtnDew ❤ #DoTheDew https://t.co/SYmaGhPBFo,1,0,1,1122Blessed,StayBlessed🤍 🇺🇲🇮🇱TeamStacks4Life💕,5193,3838,5,2,2021
https://twitter.com/DUCKNUTS/status/1357488884679065600,2021-02-05 00:39:05+00:00,1357488884679065600,bring back halo 3 gamefuel @MountainDew https://t.co/tlPrlvF90h,2,1,4,DUCKNUTS,maid yamcha HD,368,354,5,2,2021
https://twitter.com/apricots_n_dots/status/1357480174481268736,2021-02-05 00:04:29+00:00,1357480174481268736,"NEW BABY, my alchemist tabaxi! His name is Mountain Dew 🧪 #DnD #tabaxi #artificer https://t.co/JQyWmSGx3y",25,12,192,apricots_n_dots,Lemondots 🦦💚,2457,439,5,2,2021
