url,Datetime,Tweet Id,Text,Retweet Count,Reply Count,Like Count,Username,Display Name,Followers Count,Friends Count,Day,Month,Year
https://twitter.com/CrisWorthington/status/1358159667046748160,2021-02-06 21:04:32+00:00,1358159667046748160,Week 5 – Switching from Squarespace 7.0 to 7.1 #DigitalMarketingTips #EcommerceTips [Video] https://t.co/1crUJ4aykm,3,0,0,CrisWorthington,Cristian Worthington,50169,47158,6,2,2021
https://twitter.com/ChloeForbesK/status/1358100498520416256,2021-02-06 17:09:25+00:00,1358100498520416256,"If you have a question relating to building your website on Squarespace, feel free to ask.  I'll answer or make you a video like this one:  https://t.co/ABbBzbxxeu If I don't know, I'll point you in the direction of someone who does.",1,1,2,ChloeForbesK,Chloë Forbes-Kindlen,12066,309,6,2,2021
https://twitter.com/CrisWorthington/status/1358099016756600832,2021-02-06 17:03:32+00:00,1358099016756600832,How to Add a Button in Squarespace #EcommerceTips #DigitalMarketingTips [Video] https://t.co/2v9hcKDExX,3,0,0,CrisWorthington,Cristian Worthington,50169,47158,6,2,2021
https://twitter.com/NBCDFW/status/1358092949209436160,2021-02-06 16:39:25+00:00,1358092949209436160,Dolly Parton Remakes ‘9 to 5' for Squarespace #SuperBowl Ad: https://t.co/3CiGLQYCZ0  #SBLV,1,0,11,NBCDFW,NBC DFW,499580,2183,6,2,2021
https://twitter.com/CrisWorthington/status/1358069197201235970,2021-02-06 15:05:02+00:00,1358069197201235970,How to embed Facebook shop on Squarespace? #OnlineStore #Ecommerce [Video] https://t.co/IabBGofu6E,3,0,1,CrisWorthington,Cristian Worthington,50169,47158,6,2,2021
https://twitter.com/TheMuse/status/1358061387432550402,2021-02-06 14:34:00+00:00,1358061387432550402,"These days, women are more entrepreneurial than ever—but they still have to overcome challenges their male counterparts don’t. Here’s how four women succeeded, and how you can, too. #sponsored @squarespace https://t.co/qhDA4yOMh1",2,0,4,TheMuse,The Muse,131997,6559,6,2,2021
https://twitter.com/ecarlesi/status/1357984055292268544,2021-02-06 09:26:43+00:00,1357984055292268544,Threat on hxxp://velartim[.]com/mazon/94515/ #phishing #opendir  #amazon #squarespace https://t.co/4n2f7dnQqD,1,0,0,ecarlesi,Emiliano Carlesi,1004,941,6,2,2021
https://twitter.com/ecarlesi/status/1357983989643030529,2021-02-06 09:26:27+00:00,1357983989643030529,Threat on hxxp://velartim[.]com/mazon/ #phishing #opendir  #amazon #squarespace https://t.co/OjuYAy7Ucg,1,0,0,ecarlesi,Emiliano Carlesi,1004,941,6,2,2021
https://twitter.com/ecarlesi/status/1357963617325449219,2021-02-06 08:05:30+00:00,1357963617325449219,Threat on hxxp://somotelq[.]com/mazon/acea0/ #phishing #opendir  #amazon #squarespace,1,0,0,ecarlesi,Emiliano Carlesi,1004,941,6,2,2021
https://twitter.com/ecarlesi/status/1357963050159112197,2021-02-06 08:03:15+00:00,1357963050159112197,Threat on hxxp://somotelq[.]com/mazon/ #phishing #opendir  #amazon #squarespace,1,0,0,ecarlesi,Emiliano Carlesi,1004,941,6,2,2021
https://twitter.com/f37foundry/status/1357923401118208000,2021-02-06 05:25:42+00:00,1357923401118208000,It was great to work with @squarespace in getting Bella Pro to be a part of their new 5-9 ad campaign with Dolly Parton re-writing the famous 9-5 song just for this ad. Super excited to see it aired during the #SuperBowl2021 between the #Chiefs and the #Buccaneers this Sunday. https://t.co/Ix4q8ElZJ2,1,0,21,f37foundry,F37® Foundry & Studio,5552,0,6,2,2021
https://twitter.com/joseramonmarmtz/status/1357921806615777285,2021-02-06 05:19:22+00:00,1357921806615777285,.@DollyParton is going to appear in a #SuperBowl commercial for @squarespace this Sunday! #FallonTonight https://t.co/sYndvh6IDy,2,0,2,joseramonmarmtz,Jose Ramon Marquez,2148,917,6,2,2021
https://twitter.com/ecarlesi/status/1357918212864802816,2021-02-06 05:05:05+00:00,1357918212864802816,Threat on hxxp://clasemea[.]com/mazon/0a311/ #phishing #opendir  #amazon #squarespace https://t.co/FwY3hPdQLa,1,0,0,ecarlesi,Emiliano Carlesi,1004,941,6,2,2021
https://twitter.com/ecarlesi/status/1357918041762316289,2021-02-06 05:04:24+00:00,1357918041762316289,Threat on hxxp://chjkmjd[.]com/chas/Chase%20XBALTI%20V5%20N%20letter/chase/ #phishing  #chase #squarespace https://t.co/t6rFdn7k2a,1,0,0,ecarlesi,Emiliano Carlesi,1004,941,6,2,2021
https://twitter.com/ecarlesi/status/1357917980856885251,2021-02-06 05:04:10+00:00,1357917980856885251,Threat on hxxp://chjkmjd[.]com/chas/Chase%20XBALTI%20V5%20N%20letter/XBALTI%20V5[.]zip #phishing #opendir  #squarespace https://t.co/lL6FYWDJrS,1,0,0,ecarlesi,Emiliano Carlesi,1004,941,6,2,2021
https://twitter.com/ecarlesi/status/1357917178092281858,2021-02-06 05:00:58+00:00,1357917178092281858,Threat on hxxp://clasemea[.]com/mazon/bcb4e/ #phishing #opendir  #amazon #squarespace https://t.co/Lw6DiBhKpy,1,0,0,ecarlesi,Emiliano Carlesi,1004,941,6,2,2021
https://twitter.com/ecarlesi/status/1357917083468709888,2021-02-06 05:00:36+00:00,1357917083468709888,Threat on hxxp://clasemea[.]com/mazon/ #phishing #opendir  #amazon #squarespace,1,0,0,ecarlesi,Emiliano Carlesi,1004,941,6,2,2021
https://twitter.com/GlebMelnikov8/status/1357906601244557312,2021-02-06 04:18:57+00:00,1357906601244557312,"""I'm a Christian, a conservative, and a Republican, in that order. And what can help one keep things in order better than Squarespace, the all-in-one solution for anyone looking to create a website! Use promo code Pence to take 10% off a website or domain on any plan"" https://t.co/GzLUek5Ez4",3,0,51,GlebMelnikov8,Big Gleb,16390,1349,6,2,2021
https://twitter.com/cevancoore/status/1357882621418737664,2021-02-06 02:43:39+00:00,1357882621418737664,Everybody wants Bezos money but what about skillshare and squarespace? They advertise on EVERY Youtube video,1,1,3,cevancoore,Revan 📸,2883,641,6,2,2021
https://twitter.com/jobsts/status/1357879942919323648,2021-02-06 02:33:01+00:00,1357879942919323648,"@RonniSalt @MsPraxis @TimWilsonMP @DougCameron51 He registered domain on: 2020-11-23T17:44:00 Registered through Godaddy, not using OZ registrar. No organisation details provided, BUT Victoria. Server is in US, company is squarespace DOT com - no research done about data center. So much for supporting Australia!",1,1,10,jobsts,01101010 01101111 01100010 01110011 01110100,522,806,6,2,2021
https://twitter.com/Slate/status/1357873238890729475,2021-02-06 02:06:22+00:00,1357873238890729475,"Dolly and Squarespace want us working on our side hustles all night long. Yeah, no thanks. https://t.co/UtKwTunb0K",1,3,8,Slate,Slate,1760227,719,6,2,2021
https://twitter.com/ecarlesi/status/1357872824258494464,2021-02-06 02:04:44+00:00,1357872824258494464,Threat on hxxps://lacerm[.]net/drol/felops/ #phishing  #chase #squarespace https://t.co/ivEK5I1a8M,1,0,1,ecarlesi,Emiliano Carlesi,1004,941,6,2,2021
https://twitter.com/chrismessina/status/1357826486804226048,2021-02-05 23:00:36+00:00,1357826486804226048,Check out Bio Sites by @UnfoldHQ on @ProductHunt from @9th and @alfonsocobo — one of the slickest #LinkInBio services I've seen (and now owned by @Squarespace!): https://t.co/6ig6pjofrR,6,1,20,chrismessina,˗ˏˋ Chris Messina ˎˊ˗,113720,8467,5,2,2021
https://twitter.com/sowebdeve/status/1357817494178775044,2021-02-05 22:24:52+00:00,1357817494178775044,Check it out! I will build responsive Squarespace website design or redesign on #Fiverr https://t.co/vjza1VKA6C  #Responsive #Website #squarespace #webdesigner #Germany #newyork #webdeveloper #JammuAndKashmir #KashmirSolidarityDay #viral #Bot #SEO #ecommerce #webdevelopment https://t.co/W92jANC7Ry,6,0,3,sowebdeve,Sohaib,408,1228,5,2,2021
https://twitter.com/Elle_Lo/status/1357808465763135491,2021-02-05 21:48:59+00:00,1357808465763135491,"if you like or co-sign the new Squarespace super bowl ad, you are a cop. Sorry, I don't make the rules. this is the only 9 to 5 redo I acknowledge: https://t.co/wwgOJGv00H",1,2,5,Elle_Lo,ǝuuɐıᗡ ɐpuı˥,1210,1431,5,2,2021
https://twitter.com/PhilipMichaels/status/1357807929294954496,2021-02-05 21:46:51+00:00,1357807929294954496,"""... will win the Super Bowl because their players stand more upright during the national anthem. Speaking of upright, the good people at SquareSpace can build your next website, whether it's for your business or to expose the secret pedophilia ring you're investigating.""",1,1,8,PhilipMichaels,Philip Michaels,4813,203,5,2,2021
https://twitter.com/CrisWorthington/status/1357796776179245057,2021-02-05 21:02:32+00:00,1357796776179245057,Squarespace ActiveCampaign – Unparalleled Suggestions for Strong Performance #DigitalMarketing #Ecommerce [Video] https://t.co/UJFHyM8PIS,3,0,1,CrisWorthington,Cristian Worthington,50169,47158,5,2,2021
https://twitter.com/CrisWorthington/status/1357782311958290433,2021-02-05 20:05:04+00:00,1357782311958290433,How to Add Squarespace Background Splash Video – Like Squarespace Don’t Want You To #DigitalMarketingTips #EcommerceTips [Video] https://t.co/S8xnOjEKbt,3,0,0,CrisWorthington,Cristian Worthington,50169,47158,5,2,2021
https://twitter.com/_Legallyblogged/status/1357776987356553217,2021-02-05 19:43:54+00:00,1357776987356553217,Do any of my connections know or know anyone who can assist me with putting my podcasts onto my Squarespace website? My IT ability has reached its peak - I’ve been trying for two weeks and I think it will be cheaper to pay someone to do it than punch my laptop screen,1,1,3,_Legallyblogged,Legally-Blogged.com,2285,2622,5,2,2021
https://twitter.com/RodiRachel/status/1357769326145675264,2021-02-05 19:13:28+00:00,1357769326145675264,"@squarespace You are advocating no down time, no family time, no recreation. Just work 5 to 9. It is disturbing and dystopian.",3,5,188,RodiRachel,Ra Ro,11,168,5,2,2021
https://twitter.com/ecarlesi/status/1357762610280677380,2021-02-05 18:46:46+00:00,1357762610280677380,Threat on hxxps://daughterrrrrrzz[.]com/Chase%20XBALTI%20V5%20N%20letter/XBALTI%20V5[.]zip #phishing #opendir  #squarespace https://t.co/6lXfqH41dY,1,1,0,ecarlesi,Emiliano Carlesi,1004,941,5,2,2021
https://twitter.com/SlugfestBoston/status/1357743025846423556,2021-02-05 17:28:57+00:00,1357743025846423556,@LaydenRobinson @JesseW8nmbrs Probably better than Squarespace.,1,1,2,SlugfestBoston,David Curcio,1852,1694,5,2,2021
https://twitter.com/madi_TCU/status/1357736229735923713,2021-02-05 17:01:57+00:00,1357736229735923713,@OrgCommChatPt. 1/4 Happy Friday! Read this short article and watch the 5-9 Squarespace Commercial within the article.  #Comm11A https://t.co/PJI4felwK7,1,11,0,madi_TCU,madi,0,1,5,2,2021
https://twitter.com/Adweek/status/1357715116431663106,2021-02-05 15:38:03+00:00,1357715116431663106,Dolly Parton flips '9 to 5' to '5 to 9' in @squarespace's #SuperBowl spot celebrating side hustles and passion projects. https://t.co/9NPueGV8Xd https://t.co/nyDS1NdtnE,4,1,13,Adweek,Adweek,690382,26538,5,2,2021
https://twitter.com/two5five/status/1357695091100553220,2021-02-05 14:18:29+00:00,1357695091100553220,"@TheJewishDream I am proud of the time I spent defending our rights, defending our freedoms, and defending our border like when we built a wall. it's because I know about building a wall that I know who to talk to about building a website-it's squarespace. with online templates, twenty four hou",1,0,1,two5five,255,152,1257,5,2,2021
https://twitter.com/PretzelBent/status/1357694714934398978,2021-02-05 14:16:59+00:00,1357694714934398978,All the #ads of #SuperBowl in one handy place!   https://t.co/I57HzeJbo4 #AmazonAlexa #AlexasNewBody #gm #squarespace #tide #TideHoodie #Advertising #Marketing #SuperBowlLV #SuperBowl2021,1,0,3,PretzelBent,Geoff Lee,387,793,5,2,2021
https://twitter.com/CrisWorthington/status/1357690824306249735,2021-02-05 14:01:31+00:00,1357690824306249735,How to Add Etsy Reviews to Squarespace (2021) #OnlineStore #EcommerceTips [Video] https://t.co/15Ibr46HB7,3,0,0,CrisWorthington,Cristian Worthington,50169,47158,5,2,2021
https://twitter.com/alex_sugg/status/1357680327376961537,2021-02-05 13:19:49+00:00,1357680327376961537,"New podcast is almost here. Been getting everything all set up, and have 5 (amazing) guests confirmed to get started.  ✅ New website (@squarespace) ✅ New hosting (@TransistorFM) ✅ New edit process (@DescriptApp) Releases next week 🎧",2,1,12,alex_sugg,Alex Sugg,883,331,5,2,2021
https://twitter.com/health_commons/status/1357673995672449024,2021-02-05 12:54:39+00:00,1357673995672449024,#Opportunity We are looking for a #Squarespace expert to help us refresh our #website! Must have experience building custom functionality and making structural and design changes to improve user experience. Required availability: now until March 2021. https://t.co/GAMPezA1v8,2,2,2,health_commons,Health Commons Solutions Lab,723,1063,5,2,2021
https://twitter.com/Slate/status/1357591298027491329,2021-02-05 07:26:02+00:00,1357591298027491329,"Dolly and Squarespace want us working on our side hustles all night long. Yeah, no thanks. https://t.co/K9yIN1MgGK",5,0,12,Slate,Slate,1760227,719,5,2,2021
https://twitter.com/bleedingcool/status/1357541652697653249,2021-02-05 04:08:46+00:00,1357541652697653249,"ICYMI: Country music queen #DollyParton re-recorded a version of her hit song ""9 to 5"" for this year's Squarespace #SuperBowl commercial. #5to9 #sidehustle https://t.co/hwnjuGVSdB",1,0,4,bleedingcool,Bleeding Cool,83790,2191,5,2,2021
https://twitter.com/LisaFrame/status/1357487653864701952,2021-02-05 00:34:12+00:00,1357487653864701952,"Them: ""who are you rooting for in the Super Bowl?"" Me: ""Doordash, Squarespace and Bud Light""",4,2,43,LisaFrame,lisa,7675,1680,5,2,2021
https://twitter.com/newyscruggs/status/1357484193673056257,2021-02-05 00:20:27+00:00,1357484193673056257,Dolly Parton Remakes ‘9 to 5' for Squarespace Super Bowl Ad https://t.co/5epFB4rdBq,5,0,11,newyscruggs,Newy Scruggs,27638,897,5,2,2021
