url,Datetime,Tweet Id,Text,Retweet Count,Reply Count,Like Count,Username,Display Name,Followers Count,Friends Count,Day,Month,Year
https://twitter.com/BeatOhioState/status/1492633116829110273,2022-02-12 22:54:01+00:00,1492633116829110273,"I know they’re not cards, but I think @CardPurchaser would appreciate this art (they’re PSA 2 because Budweiser sent me the tix stapled together 🤦🏻‍♂️) https://t.co/zM87PeIj8S",1,0,6,BeatOhioState,Just,383,479,12,2,2022
https://twitter.com/blaz3_t/status/1492621859598352387,2022-02-12 22:09:17+00:00,1492621859598352387,Brrrrrowskies stocked up! BurrWeiser #1DEY #WhoDey #WHODEYNATION #Budweiser #Brrrweiser https://t.co/ccEYWAuOIV,1,0,2,blaz3_t,☠SirWhoDey513☠,5991,6309,12,2,2022
https://twitter.com/Jameca2011/status/1492612026992054277,2022-02-12 21:30:13+00:00,1492612026992054277,"Idgaf if you a supervisor, sun visor or a damn Budweiser, you gon talk to me like you got some damn sense!",32,0,52,Jameca2011,𝒥𝒶𝓂𝑒𝒸𝒶 𝒥𝒶𝓃𝓃𝑒𝓈𝑒,101244,49695,12,2,2022
https://twitter.com/lapulgafreak/status/1492608721595293698,2022-02-12 21:17:05+00:00,1492608721595293698,"Messi strategically sent 10 Budweiser bottles to oblak last year and made him an addict. Today he suffers from alcohol withdrawal because of cholo's Hitler-esque rules, Messi helping Barća even after he left ❤️",39,6,505,lapulgafreak,Hamza,16926,2259,12,2,2022
https://twitter.com/George_LA_PA/status/1492594656676392965,2022-02-12 20:21:11+00:00,1492594656676392965,Way to go #Budweiser. I'll be drinking your beer for the #Superbowl! #RenewableGas and #Hydrogen! https://t.co/eFplNTvpRs,4,1,35,George_LA_PA,George Minter,1674,3041,12,2,2022
https://twitter.com/yeehawllywood/status/1492592879402848256,2022-02-12 20:14:08+00:00,1492592879402848256,"Thanks Danielle, Lane, and the rest of the crew for the bucket list cross-off this morning! #SuperBowl #GoRams  #Budweiser https://t.co/tttwmUE90P",18,12,293,yeehawllywood,Ʊ ʏᴇᴇʜᴀᴡʟʟʏᴡᴏᴏᴅ Ʊ,2156,84,12,2,2022
https://twitter.com/officialannie__/status/1492582837408649219,2022-02-12 19:34:13+00:00,1492582837408649219,Thanks so much @BudweiserNG we'll never forget this day ❤️🙏😇 #OzoXBudweiser OZO THE BUD KING Congratulations Ozo King Ozoemena Congrats Ozo Ozo is king Budweiser #AKingArrives  #BeAKing @ozo_chukwu  a TRUE KING👑 https://t.co/fAH5jcrwEO,3,0,10,officialannie__,A.N.N.I.E 👰,1381,458,12,2,2022
https://twitter.com/TiffinMark/status/1492581035426652160,2022-02-12 19:27:04+00:00,1492581035426652160,@ozark12345 @pepsi Totally forgot about the Pepsi NFT... the alway do huge Super Bowl commercials along with Budweiser and maybe even a McDonald's metaverse commercial 🤷🏻‍♂️ I personally that anything and everything is on the table this year,1,0,2,TiffinMark,tiffin.eth 🇨🇦🦁,4532,4998,12,2,2022
https://twitter.com/Terri_Farley/status/1492571958982025216,2022-02-12 18:51:00+00:00,1492571958982025216,"Having mixed feelings about #Budweiser #Clydesdale commercial. I always grab chance to see #horses, but...what do you think?  https://t.co/5oR4DiOgG1  #SuperBowl #horselovers #horsegirls #equestrians",4,10,4,Terri_Farley,Terri Farley,4066,3128,12,2,2022
https://twitter.com/LeshOfLagos/status/1492562067659841538,2022-02-12 18:11:42+00:00,1492562067659841538,OZO THE BUD KING  Happy Budweiser-versary @ozo_chukwu . One Year Later and Bud King Ozo Is Here To Stay. @BudweiserNG ...truly the king of beers in all ramifications. https://t.co/XQWm16AFBc,4,0,4,LeshOfLagos,Lesh ⭕f Lag⭕s,445,671,12,2,2022
https://twitter.com/dickson_ahanna/status/1492557403509993475,2022-02-12 17:53:10+00:00,1492557403509993475,@t_stickz @iam_YCee This guy made me fall in love with @Budweiser,1,0,1,dickson_ahanna,CALEB_DA_3RD🐺,128,499,12,2,2022
https://twitter.com/JayCochran/status/1492557389974982659,2022-02-12 17:53:06+00:00,1492557389974982659,Every time I see this figure I think of the Budweiser commercials where they go WHAT UP!!! https://t.co/nlwrARpeNT,2,3,14,JayCochran,ToyNewsi,2382,197,12,2,2022
https://twitter.com/LeshOfLagos/status/1492556492154802180,2022-02-12 17:49:32+00:00,1492556492154802180,This deal and it's announcement choke everywhere that year.... still chokes . Ozo x Budweiser ...truly a great match. What a ride!!!   🙌🔥👍 https://t.co/iIawaMa42V,1,0,4,LeshOfLagos,Lesh ⭕f Lag⭕s,445,671,12,2,2022
https://twitter.com/grace_personife/status/1492556286407462914,2022-02-12 17:48:43+00:00,1492556286407462914,Thank you so much for this opportunity  #OzoXBudweiser OZO THE BUD KING Congratulations Ozo King Ozoemena Ozo is king Budweiser  #AKingArrives #BeAKing https://t.co/vXnU5lcyD6,6,0,16,grace_personife,Onyi,3076,1220,12,2,2022
https://twitter.com/cryptoadzNFT/status/1492549843486744582,2022-02-12 17:23:07+00:00,1492549843486744582,@garyvee !croak What do you think of our rendition of the 1995 Budweiser frogs? https://t.co/Xuh3nsOMr6 🐸🍻,9,5,66,cryptoadzNFT,CrypToadz,49501,181,12,2,2022
https://twitter.com/IamKateMcCathy2/status/1492541628464123907,2022-02-12 16:50:28+00:00,1492541628464123907,Its been a year since The King arrived. Happy Budversary @ozo_chukwu x @BudweiserNG. Cheers to many more years of Budweiser royalty 🍻  #OzoXBudweiser https://t.co/ePLXbEC8KX,29,1,163,IamKateMcCathy2,Kate,5238,1213,12,2,2022
https://twitter.com/wiz_of_nft/status/1492540105558409218,2022-02-12 16:44:25+00:00,1492540105558409218,One of the perks of being a Budweiser Royalty holder 🎵 It’s a tight community in the discord and get to interact with upcoming artists such as @milliegolightly herself! https://t.co/8rDkidV45B,1,2,3,wiz_of_nft,wiz (retired) 🧢 ✨,937,833,12,2,2022
https://twitter.com/USATODAY/status/1492537230086135812,2022-02-12 16:33:00+00:00,1492537230086135812,"There have been eras for advertisers who have won viewers' hearts on Super Bowl Sundays past. Pepsi, Budweiser, Doritos.  All have had sustained runs at the top of USA TODAY's Ad Meter.  https://t.co/A7qrlrDn4r",4,7,17,USATODAY,USA TODAY,4791339,923,12,2,2022
https://twitter.com/zinny_chukwu/status/1492532058996060165,2022-02-12 16:12:27+00:00,1492532058996060165,Seeing Budweiser in the fridge is a daily reminder but this clip gave me the chills #BudweiserKingsOfFootball 🥂 King ⭕️ https://t.co/UDH44MxKSr,8,0,76,zinny_chukwu,Zéë,9214,1156,12,2,2022
https://twitter.com/ZeusUbani/status/1492523771353346048,2022-02-12 15:39:31+00:00,1492523771353346048,"Budweiser anniversary! When Ozo said this deal was made in heaven for his career path, he meant every word of it. I mean, save for unarguably being the classiest beer brand out there, he's on Africa's biggest media platform Supersports thrice EVERY WEEK doing what he loves best https://t.co/fDSsOFbssP",61,6,173,ZeusUbani,Cicero,3712,1625,12,2,2022
https://twitter.com/luisgdelafuente/status/1492517115991052294,2022-02-12 15:13:04+00:00,1492517115991052294,"Budweiser #NFT Collection, Thailand&amp;#39;s #Crypto Positive Society and more news in description! #Shorts https://t.co/JlTvT1Ib9H #bitcoin #NFTCommunity #NFTs",1,0,3,luisgdelafuente,Luis G de la Fuente,2435,1922,12,2,2022
https://twitter.com/SuperionsO/status/1492515828058763265,2022-02-12 15:07:57+00:00,1492515828058763265,"The uniqueness of his unveiling was so outstanding that it left endearing memories. All the Budweiser Kings made video clips announcing his coronation in grand style, leading up to his unveiling. Rest assured, Budweiser is in a class of its own, exuding regal distinctiveness👌🏿👌🏿 https://t.co/fOQUb4rGNV",20,0,63,SuperionsO,Superi⭕ns_official,5883,46,12,2,2022
https://twitter.com/SuperionsO/status/1492515781778673667,2022-02-12 15:07:46+00:00,1492515781778673667,"Esteemed Superions, today is a special one as it marks the anniversary of Ozo's coronation as a  KING of the world's most valuable beer brand, BUDWEISER! In his words, this deal was made in heaven for him and his career path, we're in affirmation!! Cheers to this partnership 🍻 https://t.co/5uZVdXaOdw",54,2,180,SuperionsO,Superi⭕ns_official,5883,46,12,2,2022
https://twitter.com/TideWorldOrder/status/1492499240345645069,2022-02-12 14:02:02+00:00,1492499240345645069,It’s #SuperBowl weekend &amp; Super Bowl commercials are the best! What is your all-time favorite? Mine: Budweiser 9/11 10th Anniversary Tribute (2011) #SuperBowlLVI #CINvsLAR #SuperBowlCommercials #SuperBowlHalftimeShow https://t.co/ujWbvYUes7,8,4,14,TideWorldOrder,𝐓𝐢𝐝𝐞 𝐖𝐨𝐫𝐥𝐝 𝐎𝐫𝐝𝐞𝐫 - Rick Morton,12145,12428,12,2,2022
https://twitter.com/HoursofRacing/status/1492498777437097986,2022-02-12 14:00:12+00:00,1492498777437097986,"On this day in 2011, @KurtBusch won the Budweiser Shootout at @DAYTONA #NASCAR https://t.co/90MY5OD4Ir",4,1,16,HoursofRacing,Racing for Hours,1066,53,12,2,2022
https://twitter.com/Budweiser/status/1492479996044193792,2022-02-12 12:45:34+00:00,1492479996044193792,Support @immasoul_ now and in future by following her on all socials and by checking out her #BudweiserRoyalty NFT 🚀 https://t.co/K8P1f54It9,2,0,5,Budweiser,Budweiser,21618,313,12,2,2022
https://twitter.com/Budweiser/status/1492479993884119043,2022-02-12 12:45:34+00:00,1492479993884119043,"Immasoul leans into her Afro-Caribbean roots within her music and blends it perfectly with R&amp;B, resulting in beautiful releases like “Dejarte Ir”. https://t.co/3cvRD4FASC",1,1,3,Budweiser,Budweiser,21618,313,12,2,2022
https://twitter.com/Budweiser/status/1492479990537113607,2022-02-12 12:45:33+00:00,1492479990537113607,"Isle’s dream is to travel the world with her music and to see people singing her songs back to her. Most of all, she wants to continue to enjoy the process and to always challenge herself creatively. https://t.co/FokvwLQ3lC",2,1,1,Budweiser,Budweiser,21618,313,12,2,2022
https://twitter.com/Budweiser/status/1492479982362370049,2022-02-12 12:45:31+00:00,1492479982362370049,"Immasoul, real name Ilse Adriana Mercado Asencio, is an Afro-Mexican singer and songwriter from Chetumal, Mexico. Born into a family of artists, it’s no surprise that Immasoul is a successful multi-disciplined musician who has danced all of her life. https://t.co/NwD63RiuED",2,1,2,Budweiser,Budweiser,21618,313,12,2,2022
https://twitter.com/Budweiser/status/1492479974233845763,2022-02-12 12:45:29+00:00,1492479974233845763,"Budweiser Royalty Spotlight Series 👑 Each day, we will be highlighting each of the 22 artists that are a part of our #BudweiserRoyalty NFT collection. Introducing @immasoul_. https://t.co/vfWgz4r5CB",5,1,14,Budweiser,Budweiser,21618,313,12,2,2022
https://twitter.com/HoursofRacing/status/1492476119341277186,2022-02-12 12:30:10+00:00,1492476119341277186,"On this day in 2006, @dennyhamlin won the Budweiser Shootout at @DAYTONA #NASCAR https://t.co/ihSTAjT8Pn",1,1,2,HoursofRacing,Racing for Hours,1066,53,12,2,2022
https://twitter.com/helsin87/status/1492462212417474564,2022-02-12 11:34:54+00:00,1492462212417474564,One year with bud❤️ OZO THE TV HOST 1YR WITH BUDWEISER OZOEMENA CHUKWU #OzoemenaChukwu # https://t.co/qlZ9Dchz3d https://t.co/o7EaKIyI6i,3,0,13,helsin87,Helsin87,215,359,12,2,2022
https://twitter.com/ChrisJ_2211/status/1492454470483312642,2022-02-12 11:04:08+00:00,1492454470483312642,"What do you want.. Whisky,Cognac,white wine,red wine or just beer?😊 Beer list: Bintang Anker Lychee Corona Budweiser Sing ha Cass Guiness  Sapporo  Erdinger Paulaner La Chouffe  Duvel https://t.co/6eNl6yCAXL",1,88,102,ChrisJ_2211,Chris J - 楊亮遠,25250,5844,12,2,2022
https://twitter.com/Loudwire/status/1492453437698629635,2022-02-12 11:00:02+00:00,1492453437698629635,WATCH: Gary Clark Jr. shines in inspirational Budweiser Clydesdale Super Bowl ad: https://t.co/2sDsWEdvlv,4,1,27,Loudwire,Loudwire,478951,1403,12,2,2022
https://twitter.com/flashemmy/status/1492434402793730053,2022-02-12 09:44:24+00:00,1492434402793730053,My Champ 🏆 for life OZO THE TV HOST 1YR WITH BUDWEISER OZOEMENA CHUKWU #OzoemenaChukwu #OzoXBudAnniversary https://t.co/Ud8hXvKsVq,18,0,115,flashemmy,Amb. SEF ⭕Z⭕⭕,1443,537,12,2,2022
https://twitter.com/Basso488/status/1492430780416495619,2022-02-12 09:30:00+00:00,1492430780416495619,"17 years ago today, Jimmie Johnson won the 2005 Budweiser Shootout @ Daytona. https://t.co/fJ9n3t1w2b",16,1,253,Basso488,Andrew,11255,949,12,2,2022
https://twitter.com/Nascarpixtures/status/1492401908681695233,2022-02-12 07:35:17+00:00,1492401908681695233,"On this day in 2011, Kurt Busch won the Budweiser Shootout at Daytona! https://t.co/SAA7hL7hnG",14,2,196,Nascarpixtures,NASCAR PICTURES,13937,118,12,2,2022
https://twitter.com/Nascarpixtures/status/1492401849072340995,2022-02-12 07:35:02+00:00,1492401849072340995,"On this day in 2006, Denny Hamlin won the Budweiser Shootout at Daytona! https://t.co/Ck7fzplLJD",14,1,111,Nascarpixtures,NASCAR PICTURES,13937,118,12,2,2022
https://twitter.com/Nascarpixtures/status/1492401822639796225,2022-02-12 07:34:56+00:00,1492401822639796225,"On this day in 2005, Jimmie Johnson won the Budweiser Shootout at Daytona! https://t.co/u253GBgj3U",17,1,204,Nascarpixtures,NASCAR PICTURES,13937,118,12,2,2022
https://twitter.com/0Onyema/status/1492394047532638208,2022-02-12 07:04:02+00:00,1492394047532638208,Budweiser and grilled fish #PhSinglesParty,9,12,50,0Onyema,onyema charles,3689,3163,12,2,2022
https://twitter.com/BrianSikoff/status/1492384809045282817,2022-02-12 06:27:20+00:00,1492384809045282817,"Damn you, @budweiserusa 🥺😢😭https://t.co/kruf7MkFuV #SuperBowl #Beer #Budweiser #Clydesdales",1,0,1,BrianSikoff,Brian Sikoff,892,1612,12,2,2022
https://twitter.com/SusieBlackmon/status/1492371148142694401,2022-02-12 05:33:03+00:00,1492371148142694401,The Budweiser Clydesdales Eat the Equivalent of a Ford F-250 Every Day https://t.co/iG9L4Pb6M4 https://t.co/CbCANu9kyD,2,0,4,SusieBlackmon,Susie Blackmon,18163,19508,12,2,2022
https://twitter.com/BBallr803/status/1492368474873769985,2022-02-12 05:22:25+00:00,1492368474873769985,Like cinematically the Dale Jr “night we met” Budweiser commercial is so good this part especially https://t.co/FYRFvXqPO8,18,3,112,BBallr803,Mingo,274,484,12,2,2022
https://twitter.com/jbminatra/status/1492364727040843777,2022-02-12 05:07:32+00:00,1492364727040843777,"@johnfeal2 John, you remind me of that ole Budweiser commercial, which you may remember. It ends with these words, ""I love you man!""  Your light shines so bright, and you have shared it &amp; so much more with so many. Words and deeds to live by.☀️💛😊 May your prayers be answered, my friend.🙏",2,0,18,jbminatra,JB 💙 Just Blue 🇺🇸🇨🇦🇲🇽🇫🇷🇬🇧🇪🇺🇺🇦,53380,55555,12,2,2022
https://twitter.com/LegendsNascar/status/1492357242632368128,2022-02-12 04:37:47+00:00,1492357242632368128,Tony Stewart won the 2001 Budweiser Shootout at Daytona 21 years ago today.  #Smoke beat Dale Earnhardt by 0.145 seconds for the win. 🏁 https://t.co/gAXIboz77c,26,2,247,LegendsNascar,NASCAR Legends,16425,7692,12,2,2022
https://twitter.com/NHLJets/status/1492352092106805252,2022-02-12 04:17:19+00:00,1492352092106805252,JetsTV LIVE presented by Budweiser! We’re taking you LIVE to postgame interviews with players and interim head coach Dave Lowry! https://t.co/qVc7voIQgz,1,3,14,NHLJets,Winnipeg Jets,580714,282,12,2,2022
https://twitter.com/jakealmond/status/1492336177361346562,2022-02-12 03:14:05+00:00,1492336177361346562,Garage Sale Tom Selleck is going to listen to classical music with a Budweiser #TheLastDriveIn #MutantFam,5,2,33,jakealmond,Jake Almond,842,940,12,2,2022
https://twitter.com/gi_otenio/status/1492323702968627201,2022-02-12 02:24:31+00:00,1492323702968627201,to namorando a budweiser sou amante da skol beats,1,3,8,gi_otenio,hype_queen_vibes,570,459,12,2,2022
https://twitter.com/ForRaceFansOnly/status/1492290509343232005,2022-02-12 00:12:37+00:00,1492290509343232005,21 Years Ago Today: @TonyStewart won the Budweiser Shootout @DAYTONA  #NASCAR https://t.co/8Gu4AMTHhH,3,0,11,ForRaceFansOnly,For Race Fans Only,2153,1604,12,2,2022
https://twitter.com/lordratsquirt/status/1492280088179662851,2022-02-11 23:31:12+00:00,1492280088179662851,Can the Super Bowl commercial scheduler please not play guacamole ads immediately after a Budweiser commercial? Can't eat dip after watching Clydesdales defecate.,2,0,7,lordratsquirt,Lord Rat Squirt,12462,8453,11,2,2022
https://twitter.com/stltoday/status/1492275506041004040,2022-02-11 23:13:00+00:00,1492275506041004040,"When asked about this year’s Super Bowl commercials, Daniel Blake, who oversees Anheuser-Busch’s Budweiser advertising, all but guaranteed this year’s Budweiser spot, a story of a Clydesdale’s resilience, would reclaim the title. https://t.co/2GmFtkxABz",1,1,7,stltoday,St. Louis Post-Dispatch,277023,91,11,2,2022
https://twitter.com/NBCConnecticut/status/1492264686280232964,2022-02-11 22:30:00+00:00,1492264686280232964,The Budweiser Clydesdales Help Pick the Super Bowl LVI Winner https://t.co/XfWS9x1ufG,2,0,6,NBCConnecticut,NBC Connecticut,288077,708,11,2,2022
https://twitter.com/nbcchicago/status/1492263656549138432,2022-02-11 22:25:55+00:00,1492263656549138432,The Budweiser Clydesdales Help Pick the Super Bowl LVI Winner https://t.co/rC05fjcuIM,1,0,2,nbcchicago,NBC Chicago,478651,1463,11,2,2022
https://twitter.com/JimOn960/status/1492256828952129541,2022-02-11 21:58:47+00:00,1492256828952129541,"Today on Budweiser's Weekday Sportsbeat on @Sportsradio960: You're getting SUPERB OWL coverage with @RadioCarl and me. 960 AM, https://t.co/FoNT0cmgzy or the app.",1,0,0,JimOn960,Jim Irizarry,746,1792,11,2,2022
https://twitter.com/Inglewood_PD/status/1492250734821318657,2022-02-11 21:34:34+00:00,1492250734821318657,#InglewoodLegend IPD Lieutenant Scott Collins welcoming the Budweiser Clydesdales to Inglewood for #SuperBowlLVI  For info related to #SBLVI text ‘INGSB’ to 888-777.  #PublicSafety #MakeTheDifference https://t.co/w9xTdeGp4I,1,1,8,Inglewood_PD,Inglewood Police,9388,837,11,2,2022
https://twitter.com/cryptoadzNFT/status/1492220049133817856,2022-02-11 19:32:38+00:00,1492220049133817856,!croak For those of you who are curious to know what this is referencing. Here's the 1995 Super Bowl Commercial from Budweiser- 🐸🍻 https://t.co/q1G9katzcg,5,5,106,cryptoadzNFT,CrypToadz,49501,181,11,2,2022
https://twitter.com/BarbarianYendor/status/1492207017041215496,2022-02-11 18:40:51+00:00,1492207017041215496,"@covie_93 He was drunk on power, I'd rather him be drunk on Budweiser.",1,0,1,BarbarianYendor,Yendor the hungarian barbarian,9569,9477,11,2,2022
https://twitter.com/Loudwire/status/1492205795840245760,2022-02-11 18:36:00+00:00,1492205795840245760,WATCH: Gary Clark Jr. shines in inspirational Budweiser Clydesdale Super Bowl ad: https://t.co/2sDsWEdvlv,2,1,22,Loudwire,Loudwire,478951,1403,11,2,2022
https://twitter.com/hossafy/status/1492197469861601288,2022-02-11 18:02:55+00:00,1492197469861601288,"If you think that people hate #NFT now, just wait until Monday morning. Sunday is going to be the #NonFungiBowl. Brands that are in on #NFTs with likely #SuperBowl commercial/promos. NFL Disney Kia Budweiser Nike Adidas Meta/FB Atari Coinbase NFT FTX Pepsi Rolling Stone",2,1,6,hossafy,"Hossafy.eth (💎,🦉) 🧢",1553,1251,11,2,2022
https://twitter.com/lami_thefirst/status/1492185220069666824,2022-02-11 17:14:14+00:00,1492185220069666824,"STORY TIME (A Thread) Sitting with a can of Budweiser, I'm all alone with my thoughts observing everyone and everything. Omo, I don jonze again. I sighed to myself, ""how e go be if I get 600 billion dollars?"". Y'all think I'm a thief right?",1,1,5,lami_thefirst,ꪮꪶꪖꪑ𝓲ρꪮ𝘴𝓲🦋🦋,18454,8541,11,2,2022
https://twitter.com/WarmSpringRanch/status/1492181760532176897,2022-02-11 17:00:29+00:00,1492181760532176897,The @budweiserusa commercial has us reminiscing on all the foals born on the ranch.  Did you know that Warm Springs is the ONLY place you can see the Budweiser Clydesdale foals? Book your Spring visit with us at https://t.co/bD3LxiDnl9! https://t.co/YjCYLcagNC,3,1,21,WarmSpringRanch,Warm Springs Ranch,4255,135,11,2,2022
https://twitter.com/USATODAY/status/1492181650863759366,2022-02-11 17:00:03+00:00,1492181650863759366,"In 1989, USA TODAY began Ad Meter, the industry-leading ranking of Super Bowl commercials by consumer rating. For advertisers who have won viewers' hearts on Super Bowl Sundays past, there have been eras, too: Pepsi, Budweiser, Doritos. https://t.co/A7qrlrlMcT",3,2,7,USATODAY,USA TODAY,4791339,923,11,2,2022
https://twitter.com/muzzleloaderman/status/1492178553705664514,2022-02-11 16:47:45+00:00,1492178553705664514,"Retro Beer Coasters, Mug Mats, Set of 10, Budweiser Beer, Double Sided Mats, Vintage Bar Ware, Gift for Him, Man Cave Decor, Free Shipping https://t.co/oSAmu3je2a via @Etsy https://t.co/MLeYAY3Oi8",2,0,0,muzzleloaderman,DomesticTitan,768,845,11,2,2022
https://twitter.com/ArtBrovera/status/1492170823037296647,2022-02-11 16:17:02+00:00,1492170823037296647,Joe Pera voice I don't know why they call it budweiser. Whenever I go grab a brewski with some friends it makes my bud dumber,2,0,20,ArtBrovera,CIA backed Falim gum enthusiast,1522,617,11,2,2022
https://twitter.com/BudweiserNG/status/1492170275772944385,2022-02-11 16:14:51+00:00,1492170275772944385,Raise your hand if you've already had some Budweiser today! https://t.co/aSm0fZ51Kd,4,3,48,BudweiserNG,Budweiser Nigeria,25360,22,11,2,2022
https://twitter.com/william_sw/status/1492166979209289731,2022-02-11 16:01:45+00:00,1492166979209289731,Anyone else having a Budweiser tonight? 👌🌿 🍻 Brewed with hydrogen transported by truck running on and built by steel from #hydrogen https://t.co/jHJz0P3L7s,5,3,77,william_sw,William Blomstrand 💛💙,6831,290,11,2,2022
https://twitter.com/upslovemachine/status/1492165197800292353,2022-02-11 15:54:40+00:00,1492165197800292353,@punt_rd It's true. I was at a pub years ago here in Illinois and guy from Australia 🇦🇺 asked me if I liked the Foster's oil can I was drinking. I said yeah it's Australian for beer.  He said Naw it Aint.. He was drinking Budweiser,1,1,4,upslovemachine,📦Jesse the Delivery Guy📦,698,449,11,2,2022
https://twitter.com/Budweiser/status/1492164563709669385,2022-02-11 15:52:09+00:00,1492164563709669385,Support @FrescoTrey by following him on all socials and by checking out his Budweiser Royalty NFT 👇 https://t.co/4lShPBTtFZ,3,1,10,Budweiser,Budweiser,21618,313,11,2,2022
https://twitter.com/Budweiser/status/1492164562195464194,2022-02-11 15:52:09+00:00,1492164562195464194,"The multi-talented rapper has been working with some of the top artists and musicians in the industry over the last couple of years, so there is absolutely no doubt 2022 will be another important year for this #BudweiserRoyalty King 👑",2,2,8,Budweiser,Budweiser,21618,313,11,2,2022
https://twitter.com/Budweiser/status/1492164400450621440,2022-02-11 15:51:30+00:00,1492164400450621440,Nothing but net 🏀 Fresco Trey’s latest release “Draft Kings” achieved a BIG milestone this year by featuring on the soundtrack to @NBA2K! https://t.co/1mnW2wJ2C6,1,1,11,Budweiser,Budweiser,21618,313,11,2,2022
https://twitter.com/Budweiser/status/1492164193033895937,2022-02-11 15:50:41+00:00,1492164193033895937,This Memphis-born rapper is on a mission. @FrescoTrey's goal is to connect with every single one of his supporters on a personal level and for his music to be the spark that invites his listeners to become something great. https://t.co/tfrP78iId0,4,1,24,Budweiser,Budweiser,21618,313,11,2,2022
https://twitter.com/Budweiser/status/1492162830598123521,2022-02-11 15:45:16+00:00,1492162830598123521,"Budweiser Royalty Spotlight Series 👑 Each day, we will be highlighting each of the 22 artists that are a part of our #BudweiserRoyalty NFT collection. Introducing @FrescoTrey. https://t.co/EDnHBi2pCi",4,2,17,Budweiser,Budweiser,21618,313,11,2,2022
https://twitter.com/LegacyBuilder__/status/1492159009817870346,2022-02-11 15:30:05+00:00,1492159009817870346,"My dad loved to drink Budweiser was his choice and he usually didn't stop at 10 When I was 15, his girlfriend left him He went on a 6 month drinking binge Since it was just the two of us I had to step up",6,1,95,LegacyBuilder__,Legacy Builder,117618,395,11,2,2022
https://twitter.com/BudweiserIndia/status/1492144055026786306,2022-02-11 14:30:40+00:00,1492144055026786306,Grab some buds and turn on the watch party! #Budweiser #KingOfBeers #BeAKing #SuperiorSmoothTaste https://t.co/PPR6uIGu18,1,0,4,BudweiserIndia,Budweiser India,10070,366,11,2,2022
https://twitter.com/NascarPaint/status/1492137413694558210,2022-02-11 14:04:16+00:00,1492137413694558210,Aric Almirola - Budweiser (Ford) 2010 Ford 400 (Homestead-Miami Speedway) #NASCAR https://t.co/MhR8CGFzf8,21,5,299,NascarPaint,NASCAR Paint Schemes,9730,398,11,2,2022
https://twitter.com/HoursofRacing/status/1492128838108778501,2022-02-11 13:30:12+00:00,1492128838108778501,"On this day in 2001, @TonyStewart won the Budweiser Shootout at @DAYTONA #NASCAR https://t.co/Bd2lky6hWj",1,0,4,HoursofRacing,Racing for Hours,1066,53,11,2,2022
https://twitter.com/Basso488/status/1492121249639763970,2022-02-11 13:00:02+00:00,1492121249639763970,"21 years ago today, Finish to the 2001 Budweiser Shootout @ Daytona. https://t.co/7u7iYfopsK",39,5,310,Basso488,Andrew,11255,949,11,2,2022
https://twitter.com/BuzzRobTaylor/status/1492120510188109824,2022-02-11 12:57:06+00:00,1492120510188109824,"Mercedes sells status, not cars. Budweiser sells good times, not beer. Coca Cola sells happiness, not soft drinks. Marketing is all about selling emotion, not products.",2,2,11,BuzzRobTaylor,Rob Taylor ☀️,259,276,11,2,2022
https://twitter.com/bitcoinrice/status/1492110768594210818,2022-02-11 12:18:23+00:00,1492110768594210818,Heard the budweiser ad will feature NFT's &amp; the Metaverse 👀 #BTC #CRYPTO #BITCOIN #METAVERSE #SUPERBOWL,1,1,0,bitcoinrice,Bitcoinrice,53,14,11,2,2022
https://twitter.com/andrewlet_ng/status/1492083682391298053,2022-02-11 10:30:46+00:00,1492083682391298053,"Our international super striker....tell Budweiser to fix another friendly match o, this your fine jersey needs to feel some sweat 😊😊😊. My fave that believes in fairness and reciprocates where necessary, your personality will keep taking far and the right people will see you. https://t.co/7dgfsVr3p2",4,4,8,andrewlet_ng,4rancex ✝️🌓❤️,889,408,11,2,2022
https://twitter.com/Kylareetarh/status/1492081606701588519,2022-02-11 10:22:31+00:00,1492081606701588519,I need Nkwobi and Budweiser to calm me down,1,3,3,Kylareetarh,Egovin🚗,10458,4648,11,2,2022
https://twitter.com/jamiemadden1989/status/1492069972717314058,2022-02-11 09:36:17+00:00,1492069972717314058,Can't believe @boro are facing a 21 point deduction for breaching FFP all because some Derby fans won't buy a Budweiser and a Cheeseburger... 😢,14,11,370,jamiemadden1989,Jamie Madden,945,3083,11,2,2022
https://twitter.com/NoticieroMAD/status/1492050917406830595,2022-02-11 08:20:34+00:00,1492050917406830595,Budweiser | Kings to Watch MD24 https://t.co/pnpctcC0gh #FÚTBOL #LaLigaSantander,5,0,0,NoticieroMAD,Noticiero Madrid,2680,2351,11,2,2022
https://twitter.com/Nascarpixtures/status/1492047000581324814,2022-02-11 08:05:00+00:00,1492047000581324814,"On this day in 2001, Tony Stewart won the Budweiser Shootout at Daytona! https://t.co/Y6ChuFFETG",28,2,403,Nascarpixtures,NASCAR PICTURES,13937,118,11,2,2022
https://twitter.com/DJT624/status/1492021133499113492,2022-02-11 06:22:13+00:00,1492021133499113492,"Wordle 237 4/6 🟨⬜⬜⬜⬜ ⬜🟨🟨⬜⬜ 🟨🟨🟨🟨⬜ 🟩🟩🟩🟩🟩 Pulled pork burrito, cheesecake, Budweiser &amp; a fatty. #heaven Is this truck shit over yet? https://t.co/QqgUXBgPaX",1,0,1,DJT624,Dan,963,855,11,2,2022
https://twitter.com/above_lyrics/status/1492005291373649921,2022-02-11 05:19:16+00:00,1492005291373649921,"2/3 So I hope that even a couple of days late , my lyrics video in a small way helps compliment all the hard work that I'm sure H put into it all. Oh, and if you are in Southern Cali , Halsey &amp; MGK have a concert together tonight! Budweiser Music Festival Sample from our video https://t.co/0A4LbrF3Cq",2,1,1,above_lyrics,A Cut Above Lyrics,104,199,11,2,2022
https://twitter.com/LegendsNascar/status/1491993928169631747,2022-02-11 04:34:07+00:00,1491993928169631747,Tony Stewart won the 2007 Budweiser Shootout at Daytona 15 years ago today. #Smoke 🏁 https://t.co/i8qylYVmNb,8,0,60,LegendsNascar,NASCAR Legends,16425,7692,11,2,2022
https://twitter.com/davidrod70/status/1491985992508608512,2022-02-11 04:02:35+00:00,1491985992508608512,1. Chicken 2. BUD (Budweiser) 3. Squares are dumb 4. Whatever Girl Scouts charge double it  5. Have a big d line sliding high and late https://t.co/GFgiENnRhI,1,0,3,davidrod70,David Rodriguez,115,167,11,2,2022
https://twitter.com/LegendsNascar/status/1491984836613099537,2022-02-11 03:57:59+00:00,1491984836613099537,Tony Stewart won the 2002 Budweiser Shootout at Daytona 20 years ago today. #Smoke 🏁 https://t.co/jSQZreFdhI,7,0,73,LegendsNascar,NASCAR Legends,16425,7692,11,2,2022
https://twitter.com/AdrianoFeria/status/1491947766339231754,2022-02-11 01:30:41+00:00,1491947766339231754,"GameStop, Disney, Nintendo, Microsoft, Sony Music, Adidas, Nike, Ubisoft, TikTok, Twitter, Budweiser, Samsung, Coca-Cola, Pepsi, Salesforce. These are just a few of the companies that are launching products/integrating services related to NFTs... almost exclusively on #Ethereum.",45,16,252,AdrianoFeria,Adriano FΞRIA 🦇🔊,7913,2240,11,2,2022
https://twitter.com/funderlaw/status/1491945231130021889,2022-02-11 01:20:36+00:00,1491945231130021889,"@Parkerlawyer Look y’all, they didn’t have Budweiser and that just ain’t acceptable!! https://t.co/jkfPb23uol",1,1,24,funderlaw,fundy,4905,4650,11,2,2022
https://twitter.com/tibbidoe/status/1491940651944255488,2022-02-11 01:02:24+00:00,1491940651944255488,@Commanders @NFL @nflcommish #NFLSupportsSexualHarassment @Verizon @FedEx @Vistaprint @Nike @Pepsi @DraftKings @FanDuel @CaesarsSports @AnheuserBusch @Budweiser @BudLight Do you? #SexualHarassmentCorporateSponsors?,1,0,3,tibbidoe,tibbidoe,2801,3181,11,2,2022
https://twitter.com/rochelleriley/status/1491925404638232597,2022-02-11 00:01:49+00:00,1491925404638232597,"The #GOPCult that put a frat boy accused of sexual assault and likes beer on the court, but now wants to fight @POTUS naming a highly qualified nominee who hasn't been accused of sexual assault and hasn't publicly proclaimed a devotion to Budweiser. https://t.co/UtUpZdLQI1 /1",2,1,12,rochelleriley,Rochelle Riley,15892,1008,11,2,2022
https://twitter.com/WSJ/status/1491925067441315840,2022-02-11 00:00:29+00:00,1491925067441315840,Watch: This year’s Super Bowl drew advertisers willing to pay up to $7 million for a 30-second spot. We break down what to watch for from both new cryptocurrency brands and old regulars like Budweiser. https://t.co/sEVPte97CC,8,4,30,WSJ,The Wall Street Journal,19971392,1073,11,2,2022
