url,Datetime,Tweet Id,Text,Retweet Count,Reply Count,Like Count,Username,Display Name,Followers Count,Friends Count,Day,Month,Year
https://twitter.com/CryptoBoyzCC0/status/1492647738302992385,2022-02-12 23:52:07+00:00,1492647738302992385,@nounsdao @budlight The Boyz are nounified and ready to roll! https://t.co/OlGpJBMt7Z,1,0,4,CryptoBoyzCC0,CryptoBoyz - SOLD OUT,401,35,12,2,2022
https://twitter.com/CarleneMac/status/1492646483132305421,2022-02-12 23:47:08+00:00,1492646483132305421,"Everyone in our household will be wearing these tomorrow in honor of the @budlight @SuperBowl commercial featuring the ⌐◨-◨ of choice for @nounsdao, @Noundles , @NounPunks , @cryptoadzNFT and other nounish communities. NFT History being made, one Noun-themed jpeg at a time! https://t.co/aq3NEkijpe",2,2,17,CarleneMac,CarleneMacMillan.eth MD 💊🧠⌐◨-◨ 🎈🌈,3587,4999,12,2,2022
https://twitter.com/CoBoJo_/status/1492642712801189891,2022-02-12 23:32:09+00:00,1492642712801189891,@nounsdao @budlight .@Noundles are in full support of this ⌐◨-◨ https://t.co/JnZW8tMoID,1,0,8,CoBoJo_,Cory Jorgensen,3403,3162,12,2,2022
https://twitter.com/NFL/status/1492642172813852676,2022-02-12 23:30:00+00:00,1492642172813852676,"Just 24 hours from now, the @RamsNFL and @bengals take center stage. 👀 (by @budlight)  📺: #SBLVI -- Tomorrow 6:30pm ET on NBC 📱: NFL app https://t.co/FWQzAyT1oU",301,42,1911,NFL,NFL,30391777,2763,12,2,2022
https://twitter.com/lanci53/status/1492637845797941256,2022-02-12 23:12:48+00:00,1492637845797941256,"Wanted to be sure this was out there before the end of the week. Congrats again on a tremendous career, Tuukks. Next @budlight is on me. https://t.co/c4AY6S7vRN",1,0,3,lanci53,Nick Lanciani,669,3213,12,2,2022
https://twitter.com/CutzByJonez/status/1492631544162308097,2022-02-12 22:47:46+00:00,1492631544162308097,"@MoKhaLatte wings, pork ribs, chicken, fajitas, beef ribs.. oh and plenty of BudLight 🍻",1,0,2,CutzByJonez,Fred_Jonez,1806,1784,12,2,2022
https://twitter.com/Pathfinder/status/1492628653691133953,2022-02-12 22:36:17+00:00,1492628653691133953,@budlight US only and you pay sales tax and have to be 21+?   How Web 2.0 of you.,1,0,3,Pathfinder,Pathfinder,9803,5029,12,2,2022
https://twitter.com/sidenoun/status/1492623763829145605,2022-02-12 22:16:51+00:00,1492623763829145605,Get involved 👇 #nouns #SuperBowl #budlight https://t.co/pcoO5z8gsA,1,1,7,sidenoun,"Nouns, Sidenoun ⌐◨-◨",1470,753,12,2,2022
https://twitter.com/nounsdao/status/1492623223900549120,2022-02-12 22:14:42+00:00,1492623223900549120,"1/ This Sunday, @nounsdao will be featured in @budlight’s Super Bowl commercial. But what if every part of the Super Bowl was nounish? ⌐◨-◨ Nounify the Super Bowl with our Snapchat and Instagram filters and win ETH! 👇 https://t.co/kUYJbHrWot",131,92,683,nounsdao,Nouns ⌐◨-◨,58245,0,12,2,2022
https://twitter.com/jacksheps/status/1492617883926548486,2022-02-12 21:53:29+00:00,1492617883926548486,Ready for tomorrow ⌐◨-◨  cc @jackbutcher @budlight #SuperBowlLVI 🍻 https://t.co/gib2z8Dasf,1,1,17,jacksheps,Jack Shepherd,890,690,12,2,2022
https://twitter.com/cryptocomarena/status/1492611991017562115,2022-02-12 21:30:04+00:00,1492611991017562115,The final night of @SBMusicFest is here! 🔥 Let's rock 🤘  7 p.m. - doors open 8:30 p.m. - @MileyCyrus  10:15 p.m. - @GreenDay  Guests 2 &amp; older must show full vaccination or negative test &amp; ID. Times &amp; lineup subject to change. 📸: Getty Images for @budlight @SBMusicFest https://t.co/WnNT2njxi9,7,9,42,cryptocomarena,Crypto.com Arena,136359,9646,12,2,2022
https://twitter.com/g12eddie/status/1492608548928327680,2022-02-12 21:16:24+00:00,1492608548928327680,"at 7-eleven nearby SoFi stadium, and saw @budlight NEXT and ask them if i get any benefits owning the NFT. they replied, what’s a NFT? 🤣😮‍💨 https://t.co/bLgCGDFb9L",2,1,6,g12eddie,greddie.eth,414,819,12,2,2022
https://twitter.com/SilverWolfNFT/status/1492608381516800002,2022-02-12 21:15:44+00:00,1492608381516800002,#NewProfilePic to celebrate the #SuperBowl and #BudLight bringing #NFTs to the big game! Love this @Noundles Beer Head #NFT! Maybe he will be lucky enough to win me the #Doodle giveaway that #Noundles are doing tomorrow! 🏈🍻🎉 https://t.co/uFX4AHqGxh,1,1,8,SilverWolfNFT,SilverWolf,1180,810,12,2,2022
https://twitter.com/NHLBruins/status/1492605480425951240,2022-02-12 21:04:12+00:00,1492605480425951240,A Satur-Sway Shutout. 🙅‍♂️ #BudLightCelly | @budlight https://t.co/0euqQMt1So,65,3,785,NHLBruins,Boston Bruins,1578082,45,12,2,2022
https://twitter.com/shannonNullCode/status/1492605278063403008,2022-02-12 21:03:24+00:00,1492605278063403008,A fun @nounsdao Easter egg lives inside the @budlight #NFT contract https://t.co/Bdr6nhCpKJ,6,2,62,shannonNullCode,ShannonCode.bit,3764,3244,12,2,2022
https://twitter.com/coolpips1r/status/1492603598345175042,2022-02-12 20:56:43+00:00,1492603598345175042,it's 1pm here in California. the sun is shining and the music is pumping! @MartiansVs discord is vibing! Come join us for fun while we all get hyped on the March 4th Mint! have an amazing day! 👽👩‍🌾👓💰☀️ #nft #nfts #NFTCommunity #beer #budlight #ElonMusk #scifisat #martiansvs https://t.co/1rhIpIg3my,6,6,20,coolpips1r,CoolBeans1r.eth,420,771,12,2,2022
https://twitter.com/MatthewMNFT/status/1492591995927384067,2022-02-12 20:10:37+00:00,1492591995927384067,@Theunsecretman @budlight @NounPunks !vibe https://t.co/EuJ6NACaSI,1,1,5,MatthewMNFT,matthew,230,352,12,2,2022
https://twitter.com/DetroitRedWings/status/1492591862695309318,2022-02-12 20:10:05+00:00,1492591862695309318,CELLY TIME! @budlight | #LGRW https://t.co/b0zaR9g1PZ,21,1,161,DetroitRedWings,Detroit Red Wings,1244582,831,12,2,2022
https://twitter.com/LakeBeverage/status/1492591500005412868,2022-02-12 20:08:39+00:00,1492591500005412868,Look for our crew around Rochester to sample what’s NEXT from @budlight ! 🍻 #brewedforwhatsnext  #0carbs https://t.co/A2hP9BjnuP,1,0,1,LakeBeverage,Lake Beverage,348,388,12,2,2022
https://twitter.com/CarleneMac/status/1492588908261134336,2022-02-12 19:58:21+00:00,1492588908261134336,@ethereumdegen My @Noundles girls are rocking some sweet noun eyewear!  Look for the iconic glasses in the @budlight @SuperBowl ad tomorrow! Grab yourself a pair or two on secondary. https://t.co/CdNaJzRIv0,3,3,15,CarleneMac,CarleneMacMillan.eth MD 💊🧠⌐◨-◨ 🎈🌈,3587,4999,12,2,2022
https://twitter.com/sidenoun/status/1492587521439674375,2022-02-12 19:52:50+00:00,1492587521439674375,"@budlight Amazing! Congratulations @NounsDAO, @BudLight, @DavidzHorvath &amp; co! I know a lot of work went into it in the background. I’m so proud to have interacted with most of you and so proud to be a derivative of Nouns! 🙌 Cheers to the future 🍺",1,1,15,sidenoun,"Nouns, Sidenoun ⌐◨-◨",1470,753,12,2,2022
https://twitter.com/davidzhorvath/status/1492587376287301634,2022-02-12 19:52:16+00:00,1492587376287301634,@punk4156 @thenounders @nounsdao @vaynernft @budlight we’re early 🤝,1,0,15,davidzhorvath,DAVID HORVATH,19590,2160,12,2,2022
https://twitter.com/mattdowney/status/1492587020086128641,2022-02-12 19:50:51+00:00,1492587020086128641,@punk4156 @thenounders @nounsdao @vaynernft @davidzhorvath @budlight What an accomplishment — congrats to all involved!,1,0,8,mattdowney,Matt Downey,3472,416,12,2,2022
https://twitter.com/Theunsecretman/status/1492583164044324864,2022-02-12 19:35:31+00:00,1492583164044324864,@budlight Big up for @budlight bringing the iconic Noun Glasses in IRL for the Superbowl 🏈🍺 @NounPunks loves the nouns ⌐◨-◨ !vibe 🔥🔥 https://t.co/AJup3j07G6,2,2,35,Theunsecretman,The_Unsecret_Man ⌐◨-◨ (bancasella.eth),1846,2335,12,2,2022
https://twitter.com/punk4156/status/1492581586705035268,2022-02-12 19:29:15+00:00,1492581586705035268,"whatever else happens this year, we put a DAO in a super bowl commercial. thanks to @thenounders, @nounsdao, @vaynernft, @davidzhorvath, and of course @budlight for the incredible opportunity https://t.co/mu1c126boZ",33,33,223,punk4156,4156 ⌐◨-◨,147019,539,12,2,2022
https://twitter.com/KOOK_cryptoart/status/1492581152380444673,2022-02-12 19:27:32+00:00,1492581152380444673,@budlight stoked! https://t.co/PVuv95MpnU,1,0,3,KOOK_cryptoart,KOOK,1128,474,12,2,2022
https://twitter.com/budlight/status/1492578005310484483,2022-02-12 19:15:01+00:00,1492578005310484483,"A tasty zero from @jp_v_p that just might put zero in their way with $10k! Don't forget to keep sharing those zeros with #SpotAZero #Sweepstakes for a chance to win $10,000. https://t.co/KsFvkI18qe",106,473,449,budlight,Bud Light,265047,254,12,2,2022
https://twitter.com/jakegallen_/status/1492570383211323394,2022-02-12 18:44:44+00:00,1492570383211323394,I've been weary of Legacy Web2 moving into Web3 but when Web2 collabs with Web3 the results have been postive so far: @adidas x @BoredApeYC x @gmoneyNFT ✅ @Nike x @RTFKTstudios ✅ @pepsi ❌ @budlight x @nounsdao ❓ https://t.co/rIWk3bIea4,2,2,4,jakegallen_,jake.bit,8147,940,12,2,2022
https://twitter.com/straybits1/status/1492568960809639937,2022-02-12 18:39:05+00:00,1492568960809639937,"@budlight You mean ""anNOUNcement"", right? ;)",2,3,84,straybits1,straybits.eth ⌐◨-◨,17136,2764,12,2,2022
https://twitter.com/cryptoadzNFT/status/1492568586497540097,2022-02-12 18:37:36+00:00,1492568586497540097,@budlight !croak Congrats on the launch and congrats to the BudLight Next holders! 💚💚,1,2,76,cryptoadzNFT,CrypToadz,49500,181,12,2,2022
https://twitter.com/cc5alive/status/1492567074832482308,2022-02-12 18:31:35+00:00,1492567074832482308,Wow. Never thought I'd be retweeting @budlight but I applaud their NFT game. https://t.co/s6mOoyLBJs,1,0,2,cc5alive,CC(0) Pearce ⌐◨-◨,890,738,12,2,2022
https://twitter.com/Squirrely3397/status/1492566917969637378,2022-02-12 18:30:58+00:00,1492566917969637378,@budlight Why not? https://t.co/QUadjRvtp6,1,0,13,Squirrely3397,Squirrely3397,262,398,12,2,2022
https://twitter.com/82300sd/status/1492566148772102144,2022-02-12 18:27:55+00:00,1492566148772102144,@budlight How do I wear these in public and avoid getting beat up?,1,1,12,82300sd,Johnny Chien,97,119,12,2,2022
https://twitter.com/greg16676935420/status/1492565228894277634,2022-02-12 18:24:15+00:00,1492565228894277634,@budlight Can I still wear these sunglasses if I’m not 21,4,8,183,greg16676935420,greg,301580,458,12,2,2022
https://twitter.com/punk4156/status/1492564068326068229,2022-02-12 18:19:39+00:00,1492564068326068229,looks like @budlight is first to market with physical @nounsdao glasses! big thanks to @vaynernft for helping make it happen 🙏 ⌐◨-◨ https://t.co/qpvTMoqPV1,26,21,227,punk4156,4156 ⌐◨-◨,147019,539,12,2,2022
https://twitter.com/budlight/status/1492561668517285889,2022-02-12 18:10:06+00:00,1492561668517285889,2/2 Each Bud Light N3XT NFT Collection HODLer will get to claim their EXCLUSIVE pair of very real Nouns-inspired glasses  ⌐◨-◨  If you want a pair of these iconic glasses make sure to buy a Bud Light N3XT Collection NFT from https://t.co/ikjzSIndbm https://t.co/1sqYXepfyh,156,90,802,budlight,Bud Light,265047,254,12,2,2022
https://twitter.com/budlight/status/1492561563693236227,2022-02-12 18:09:41+00:00,1492561563693236227,"1/2 We are making history by featuring the first ever NFTs and first DAO in a Super Bowl Commercial. To celebrate this moment, we’re ready for our NEXT announcement...",409,220,2523,budlight,Bud Light,265047,254,12,2,2022
https://twitter.com/CarleneMac/status/1492559735119360012,2022-02-12 18:02:25+00:00,1492559735119360012,@nft_quark @Noundles @Penguin3555 @budlight Very much so!,1,0,2,CarleneMac,CarleneMacMillan.eth MD 💊🧠⌐◨-◨ 🎈🌈,3587,4999,12,2,2022
https://twitter.com/nft_quark/status/1492559253646753794,2022-02-12 18:00:31+00:00,1492559253646753794,Like my PFP? It's a Noundle!  Learn more: https://t.co/KbiRHmaJxZ @Penguin3555 @Noundles @budlight,9,2,24,nft_quark,nft.quark,150,744,12,2,2022
https://twitter.com/UplandLiquor/status/1492551437355728899,2022-02-12 17:29:27+00:00,1492551437355728899,Just in time for the #SuperBowl @budlight 🍊 is back in stock! 🏈🍻 https://t.co/C42808qyu5,1,0,1,UplandLiquor,Upland Liquor,18,29,12,2,2022
https://twitter.com/laivgallery/status/1492549740915048449,2022-02-12 17:22:43+00:00,1492549740915048449,@SuperBowl ready. @cryptoadzNFT @CROAKZ_ @budweiserusa @budlight @0xMcGill @SuperTightWoody @MotivateMeV2 💚💚💚 !vibe https://t.co/z0eVJf0Pvx,9,8,42,laivgallery,to be or not,3150,3228,12,2,2022
https://twitter.com/filos/status/1492544967348215814,2022-02-12 17:03:45+00:00,1492544967348215814,Here is my latest https://t.co/NTisHP4j6h - #NFT Report (issue 7) https://t.co/UD6dZcHlVk Featured in this issue: - @ange888lover GM Series - @TRex_Sapiens  - @FangGangNFT  - @MarsCatsVoyage  - @budlight NEXT - @HunnysNFT (*Featured*) - @gemxyz  - @WealthyApeSC  #NFTCommunity,2,2,11,filos,filos.eth 🇮🇹🥋,19520,14460,12,2,2022
https://twitter.com/onlocationexp/status/1492540910684413952,2022-02-12 16:47:37+00:00,1492540910684413952,The @budlight zone during #SuperBowlMusicFest was a mood last night! 😊🍻 #OnlyWithOnlyLocation https://t.co/ouO3cSbzoE,1,0,2,onlocationexp,On Location,18531,509,12,2,2022
https://twitter.com/DallasStars/status/1492511588980568065,2022-02-12 14:51:06+00:00,1492511588980568065,VICTORY SATURDAYS ARE GREAT SATURDAYS @BudLight | #BudLightCelly https://t.co/l2WU73r7CT,46,2,423,DallasStars,Dallas Stars,1111307,629,12,2,2022
https://twitter.com/CarleneMac/status/1492489206282829835,2022-02-12 13:22:10+00:00,1492489206282829835,Never thought I would be watching a @budlight superbowl ad &amp; wondering with vested interest what impact it could have on the @Noundles NFT community but here we are. It’s a wild and fun ride here on the Noundles Community Wallet Team. Go grab a pair of those Noundles glasses! 🌈 https://t.co/xNH7CR26Ho,8,2,18,CarleneMac,CarleneMacMillan.eth MD 💊🧠⌐◨-◨ 🎈🌈,3587,4999,12,2,2022
https://twitter.com/SBMusicFest/status/1492427943246766082,2022-02-12 09:18:44+00:00,1492427943246766082,"AN ABSOLUTE ICON. @GwenStefani had the entire @CryptocomArena going bananas for an hour straight at @BudLight #SuperBowlMusicFest. 🍌 📸: IG/baeth, IG/dkessler https://t.co/BpMMN3ssVH",99,7,388,SBMusicFest,Super Bowl Music Fest,10735,46,12,2,2022
https://twitter.com/SBMusicFest/status/1492418154907287555,2022-02-12 08:39:50+00:00,1492418154907287555,"Tonight, @MickeyGuyton showed us why she’s a rising star in country music—she soared at @BudLight #SuperBowlMusicFest. On Sunday, the world will know her name when she performs the National Anthem before #SBLVI. 🇺🇸 📸: IG/baeth https://t.co/VSLwEd9VM2",9,2,30,SBMusicFest,Super Bowl Music Fest,10735,46,12,2,2022
https://twitter.com/ShaqsFunHouse/status/1492400235024429059,2022-02-12 07:28:38+00:00,1492400235024429059,"""Cheers"" 🍻 to @budlight and @budlight Seltzer for joining us at this year’s Shaq's Fun House! https://t.co/dfdkaBF9G7",349,7,23,ShaqsFunHouse,Shaq's Fun House,6237,50,12,2,2022
https://twitter.com/yaboyCez/status/1492392182493372416,2022-02-12 06:56:38+00:00,1492392182493372416,"Roses are red, Budlight is blue, will you be my Modelo? And I’ll be your foo",1,0,5,yaboyCez,BeerKing♠️,421,123,12,2,2022
https://twitter.com/teojh/status/1492385248859938819,2022-02-12 06:29:05+00:00,1492385248859938819,It felt cool to hold a @CROAKZ_ and after this video it’s even cooler. Look at the talent and creativity. #NFT #NFTs @budlight @budweiserusa #croakz https://t.co/Mtn0qeXOWi,2,3,9,teojh,"crypto男神.eth (😈,😇)",264,467,12,2,2022
https://twitter.com/SBMusicFest/status/1492355783866134530,2022-02-12 04:32:00+00:00,1492355783866134530,.@EmilySimpson_OC &amp; @GKirschenheiter of #RHOC turning heads on the @BudLight #SuperBowlMusicFest blue carpet. 😍 https://t.co/OdJlkkBRP3,5,2,4,SBMusicFest,Super Bowl Music Fest,10735,46,12,2,2022
https://twitter.com/SBMusicFest/status/1492354296058458121,2022-02-12 04:26:05+00:00,1492354296058458121,"The hardest question of the night: Who are you looking forward to seeing the most? Maurice Griffin (@singmaurice) is ""going to love EVERYBODY tonight"" at @BudLight #SuperBowlMusicFest -- correct answer! 🛎 https://t.co/0UEdUgnKWO",3,0,9,SBMusicFest,Super Bowl Music Fest,10735,46,12,2,2022
https://twitter.com/SBMusicFest/status/1492352103993384963,2022-02-12 04:17:22+00:00,1492352103993384963,"We just spotted a BEAST on the @BudLight #SuperBowlMusicFest blue carpet! It's Tendai Mtawarira (@Beast_TM), South African rugby union player for @OldGloryDC! 🏉 https://t.co/il6WHpg6Oa",8,1,24,SBMusicFest,Super Bowl Music Fest,10735,46,12,2,2022
https://twitter.com/SBMusicFest/status/1492350051368124424,2022-02-12 04:09:13+00:00,1492350051368124424,Musician @LindsayEll strikes a pose and catches up with fellow artist @MickeyGuyton on the @BudLight #SuperBowlMusicFest blue carpet. 🎤 https://t.co/mstI5JqaTl,11,4,58,SBMusicFest,Super Bowl Music Fest,10735,46,12,2,2022
https://twitter.com/SBMusicFest/status/1492347650414370818,2022-02-12 03:59:40+00:00,1492347650414370818,The @BudLight #SuperBowlMusicFest blue carpet has reopened and here she is... @MickeyGuyton! 💜 Who's ready to see her take the stage tonight?! 🙋 https://t.co/N27aX6cnq4,11,7,60,SBMusicFest,Super Bowl Music Fest,10735,46,12,2,2022
https://twitter.com/TheSnackNet/status/1492338704207253504,2022-02-12 03:24:08+00:00,1492338704207253504,The #Drinking streams are coming back! Come hang out with us #Friday! @budlight  @TellYouDave  @Backlanefilms  @jeffreydaley https://t.co/f7Ke0rCgWs,3,0,4,TheSnackNet,The Snack Network,93,289,12,2,2022
https://twitter.com/SBMusicFest/status/1492326856183332866,2022-02-12 02:37:03+00:00,1492326856183332866,Back at it for NIGHT 2 of @BudLight #SuperBowlMusicFest with @BlakeShelton &amp; @GwenStefani w/ @MickeyGuyton! Doors: 7PM. A LIMITED number of tickets remain at the box office. Guests 2 &amp; older must show proof of full vaccination or neg test &amp; ID. Info: https://t.co/eLJu7Bif4g https://t.co/zQsRA5QqAq,9,0,69,SBMusicFest,Super Bowl Music Fest,10735,46,12,2,2022
https://twitter.com/SBMusicFest/status/1492322274321567749,2022-02-12 02:18:50+00:00,1492322274321567749,What an UNFORGETTABLE first night of @BudLight #SuperBowlMusicFest at @CryptocomArena! Thank you @Halsey / @MachineGunKelly for kicking things off and setting the tone for a SUPER weekend in Los Angeles! 💖 Two more nights to go! Get tickets at https://t.co/K2iQ0GjFFN https://t.co/aWeZBNhKxT,29,3,185,SBMusicFest,Super Bowl Music Fest,10735,46,12,2,2022
https://twitter.com/ZachLeffers/status/1492315616165904385,2022-02-12 01:52:23+00:00,1492315616165904385,@budlight bud light next tastes like your first beer tastes as a teenager,1,0,2,ZachLeffers,The Great Value Gatsby,153,226,12,2,2022
https://twitter.com/theDrGrafenberg/status/1492314683017203715,2022-02-12 01:48:40+00:00,1492314683017203715,"It took almost two years to complete our home bar project due to #COVID19 complications, but what better weekend than #SuperBowl to get a fresh @budlight keg installed for our first pour! It tastes like victory! https://t.co/k4P0rrDQ5A",1,0,1,theDrGrafenberg,𝖙𝖍𝖊𝕯𝖗𝕲𝖗𝖆𝖋𝖊𝖓𝖇𝖊𝖗𝖌🍥,105,168,12,2,2022
https://twitter.com/_thejims/status/1492312773350600705,2022-02-12 01:41:05+00:00,1492312773350600705,O gosh ready for the Super Bowl? ⌐◨-◨ @supergremplin @budlight @FingerprintsDAO https://t.co/EprdWlhGU0,3,1,39,_thejims,The Jims,3686,2,12,2,2022
https://twitter.com/budlight/status/1492311940152107012,2022-02-12 01:37:47+00:00,1492311940152107012,@dhart3592 We could never.,1,0,4,budlight,Bud Light,265047,254,12,2,2022
https://twitter.com/ScalzoandBrust/status/1492311780181303300,2022-02-12 01:37:08+00:00,1492311780181303300,"Miss any of this weeks show? Crack open a @budlight, and listen to full show podcasts available for FREE and EVERYWHERE you get podcasts!  🍎 https://t.co/s2Jqpj1dm2 ✳️ https://t.co/SHf36miiwo @ESPNMilwaukee @ESPNMadison https://t.co/rB5V1DFMeA",3,1,4,ScalzoandBrust,Scalzo & Brust,2807,158,12,2,2022
https://twitter.com/dhart3592/status/1492304443974594562,2022-02-12 01:07:59+00:00,1492304443974594562,"Package secured, hey @budlight please don’t disappoint me.  #BudLightNext https://t.co/hjQUvjLNhQ",1,4,2,dhart3592,Danny Hart,285,726,12,2,2022
https://twitter.com/SBMusicFest/status/1492302030475612160,2022-02-12 00:58:24+00:00,1492302030475612160,"The love, the power… @Halsey held court over the adoring crowd at night one of @BudLight #SuperBowlMusicFest! 👑 📸: IG/baeth, IG/dkessler https://t.co/etu6dOlyFq",38,1,296,SBMusicFest,Super Bowl Music Fest,10735,46,12,2,2022
https://twitter.com/SBMusicFest/status/1492300318612283399,2022-02-12 00:51:36+00:00,1492300318612283399,"About last night… @MachineGunKelly delivered! Fan favorites, live debuts, special guests, and a whole lot of singing-along. What a way to kick off @BudLight #SuperBowlMusicFest! 💘 📸: IG/baeth https://t.co/VOS0KdnOFI",1,0,11,SBMusicFest,Super Bowl Music Fest,10735,46,12,2,2022
https://twitter.com/courtneycouu/status/1492294993695887360,2022-02-12 00:30:26+00:00,1492294993695887360,@budlight It’s actually really good y’all #SpotAZero  #Sweepstakes @budlight https://t.co/tLL2CaRnQw,1,0,2,courtneycouu,Courtney C.,434,300,12,2,2022
https://twitter.com/Jamie_ethnft/status/1492293607453491200,2022-02-12 00:24:56+00:00,1492293607453491200,@cryptoadzNFT @budlight @budweiserusa @0xMcGill @SuperTightWoody How does this looks for superbowl ? https://t.co/9vSrP7SGV7 https://t.co/mlaE4oToYv,2,1,9,Jamie_ethnft,JamieWeb3,351,945,12,2,2022
https://twitter.com/thesulk/status/1492292431412346880,2022-02-12 00:20:15+00:00,1492292431412346880,Thanks @budlight for the best (non-sexual) Valentine’s Day gift ever! https://t.co/hoFmoUoh7T,5,12,118,thesulk,Alec Sulkin,530479,1405,12,2,2022
https://twitter.com/Big_Red_Rage/status/1492286841243922433,2022-02-11 23:58:02+00:00,1492286841243922433,@budlight @halsey @machinegunkelly Who the hell is Kelly? And who gave her a machine gun? When is Metallica going to play at the Super Bowl? Hope they get them in 2023!,1,0,3,Big_Red_Rage,🏆🏈❤️‍🔥The Red Rage❤️‍🔥🏈🏆,1082,632,11,2,2022
https://twitter.com/budlight/status/1492286236186267653,2022-02-11 23:55:38+00:00,1492286236186267653,Check out @halsey and @machinegunkelly tearing up on night 1 of #SuperBowlMusicFest! https://t.co/hjvvbusSzA,10,5,93,budlight,Bud Light,265047,254,11,2,2022
https://twitter.com/StFelixHwd/status/1492282647904600064,2022-02-11 23:41:23+00:00,1492282647904600064,We ❤️ LA!  Epic Annual Big Game Party Sunday!  Big Screen &amp; Outdoor Patio Seating! Los Angeles Rams vs Cincinnati Bengals for Lombardi Trophy Glory here in City of Angels!   DJ Johnny 99 spins Jock Rock Old School Hip Hop Anthems! #SuperBowl @JackDaniels_US @budlight Giveaways! https://t.co/nEdVEesWzD,3,0,4,StFelixHwd,SaintFelixHollywood,1106,1369,11,2,2022
https://twitter.com/budlight/status/1492272487769546755,2022-02-11 23:01:00+00:00,1492272487769546755,Who is the most important Guy on #SuperBowl Sunday? A)  Guy who brought seltzers B)  Pizza Guy C)  @GuyFieri,27,90,265,budlight,Bud Light,265047,254,11,2,2022
https://twitter.com/thedixiechicken/status/1492270586181177345,2022-02-11 22:53:27+00:00,1492270586181177345,The #BudLightGirls are hanging out with us for a taste of #BudLightNext and the new #BudLight #HardSodas! Come have a taste test until 7P! https://t.co/uGHJxpfInW,1,1,0,thedixiechicken,The Dixie Chicken,11539,1286,11,2,2022
https://twitter.com/AnaheimDucks/status/1492253610838831108,2022-02-11 21:46:00+00:00,1492253610838831108,We are on ESPN+ and Hulu tonight!  #FlyTogether | @budlight https://t.co/0Rg4oRq8bH,12,17,98,AnaheimDucks,Anaheim Ducks,610902,788,11,2,2022
https://twitter.com/ufwfoundation/status/1492250689996611584,2022-02-11 21:34:23+00:00,1492250689996611584,"🤔#WhoseHouse or #WhoDey🤔  @budlight, we root for #FarmWorkers in this house every day. This #SuperBowlSunday when you crack open a cold one cheers a Thank You to the farm workers who grow the hops used to make beer.🍻 #SiSePuede https://t.co/tQl8hFR10m https://t.co/fwr1Cgt6Gj",2,0,12,ufwfoundation,UFW Foundation,15496,2991,11,2,2022
https://twitter.com/texomashores/status/1492248177549840384,2022-02-11 21:24:24+00:00,1492248177549840384,@blakeshelton @budlight @SBMusicFest @gwenstefani @MickeyGuyton @cryptocomarena can’t wait!,1,0,4,texomashores,#WeCanReachTheStars,413,52,11,2,2022
https://twitter.com/iamchristian030/status/1492247174821728258,2022-02-11 21:20:25+00:00,1492247174821728258,"@SBMusicFest @MileyCyrus @budlight Can’t wait to go, this is what I’m wear https://t.co/2vQA86fS3w",1,0,0,iamchristian030,Christian Salgado,1000,4418,11,2,2022
https://twitter.com/cryptocomarena/status/1492244646646493184,2022-02-11 21:10:22+00:00,1492244646646493184,It's Night 2 of @SBMusicFest - who's ready to party!? ✨ 7pm-doors open 8:15pm-@MickeyGuyton 9:15pm-@gwenstefani 11pm-@blakeshelton Guests 2 &amp; older must show full vaccination or negative test &amp; ID. Times &amp; lineup subject to change. 📸: Getty Images for @budlight @SBMusicFest https://t.co/ludpwneCtq,16,10,58,cryptocomarena,Crypto.com Arena,136359,9646,11,2,2022
https://twitter.com/mihailotolotos/status/1492242460437008384,2022-02-11 21:01:41+00:00,1492242460437008384,@blakeshelton @budlight @SBMusicFest @gwenstefani @MickeyGuyton @cryptocomarena Have a great concert with the wifey and Mickey! 🔥🔥🔥 https://t.co/sjmERxLueq,2,0,11,mihailotolotos,momonjaMD 🇵🇭 | #GXVE🤠🌻 / #ForçaBarça 💙❤,477,1005,11,2,2022
https://twitter.com/blakeshelton/status/1492241482702630915,2022-02-11 20:57:48+00:00,1492241482702630915,Tonight is the night! Blake takes the @budlight @SBMusicFest stage with @GwenStefani and @MickeyGuyton at @cryptocomarena in Los Angeles!  -Team BS   Get last minute tickets at https://t.co/WUAgx48h6l https://t.co/9UiEcgBfFe,86,33,597,blakeshelton,Blake Shelton,19830392,661,11,2,2022
https://twitter.com/NFL/status/1492240878458396673,2022-02-11 20:55:24+00:00,1492240878458396673,Only 2️⃣ days to go. 🙌 (by @budlight) 📺: #SBLVI -- Sunday 6:30pm ET on NBC 📱: NFL app https://t.co/JReUx3C9x9,158,20,1177,NFL,NFL,30391780,2763,11,2,2022
https://twitter.com/mrjaxtaylor/status/1492239830670999552,2022-02-11 20:51:14+00:00,1492239830670999552,Love the team @BudLightCA @budlight always looking out for me! https://t.co/VtK172B1ZM,2,1,59,mrjaxtaylor,Jax,322003,214,11,2,2022
https://twitter.com/PatrickMLaird/status/1492237120420728834,2022-02-11 20:40:28+00:00,1492237120420728834,"@cwilkins42 @budlight Hey Christian, let me get your free @budlight. I’ll put them to good use.",1,1,18,PatrickMLaird,Patrick Laird,5232,773,11,2,2022
https://twitter.com/UserNameSucks1/status/1492235743296696325,2022-02-11 20:35:00+00:00,1492235743296696325,@budlight #SpotAZero &amp; #Sweepstakes  This salsa bowl https://t.co/fIn7hbwsdD,1,2,0,UserNameSucks1,Shay,39,402,11,2,2022
https://twitter.com/canvasartistsio/status/1492234734465916929,2022-02-11 20:30:59+00:00,1492234734465916929,No idea who will win the Super Bowl...but odds are the #NFTCommunity will come out on top...right @cryptocom @ftx_us @BovadaOfficial @budlight @MillerLite @SnoopDogg $BTC $ETH 🏈🚀🏈🚀🏈🚀🏈🚀🏈🚀🏈,1,0,6,canvasartistsio,CanvasArtists,636,927,11,2,2022
https://twitter.com/budlight/status/1492233734829060102,2022-02-11 20:27:01+00:00,1492233734829060102,"It's time to pick sides, reply with #WhoDey for @Bengals or #WhoseHouse for @RamsNFL to let 'em know who you're rooting for! https://t.co/zOXz6wNqhL",50,213,344,budlight,Bud Light,265047,254,11,2,2022
https://twitter.com/tabitha_6154/status/1492232237676482561,2022-02-11 20:21:04+00:00,1492232237676482561,"I wish to all who will attend a great, exciting #SuperBowl weekend! I for myself stay up all night to watch the game and see the fight! @forgottenrunes @RuniverseGame #frwc #nfts @BabyWizards @TavernForgotten #nfl #football @ffm_universe @turfnft @nftworldsNFT @budlight https://t.co/9YXBItPl2m",3,1,29,tabitha_6154,Tabitha of the Marsh 🔜 NFT.NYC 🗽,585,747,11,2,2022
https://twitter.com/SuperTightWoody/status/1492227962430791685,2022-02-11 20:04:05+00:00,1492227962430791685,Time for @budlight @budweiserusa to buy a few @cryptoadzNFT &lt;3,7,7,101,SuperTightWoody,Woody // supertight.eth,4107,1288,11,2,2022
https://twitter.com/TheBeardsWatch/status/1492225660923826177,2022-02-11 19:54:56+00:00,1492225660923826177,(3/3) TASTE TEST of @budlight Seltzers - Hard Soda! @JRolNation @JerrianaKaitlyn @Jeebs1988 @Bridge_it_24 @b_mac333 #BudLight #Seltzer #HardSoda #tastetest #youtube https://t.co/LVCiXNTNYu,2,0,5,TheBeardsWatch,The Beard's Watch,309,689,11,2,2022
https://twitter.com/idiotlect/status/1492220341099188224,2022-02-11 19:33:48+00:00,1492220341099188224,@cryptoadzNFT @budlight @budweiserusa @0xMcGill @SuperTightWoody For those that don’t know the reference… https://t.co/cz72s0o3K7,1,0,15,idiotlect,idiotlect ⌐◨-◨ᵍᵐ,1865,4925,11,2,2022
https://twitter.com/themoonpies/status/1492215297322934275,2022-02-11 19:13:45+00:00,1492215297322934275,#SANANTONIO! Join us *tomorrow night* at the @SanAntonioRodeo! We'll be performing on the @budlight Live Stage at Expo 2 at 9pm. The show is free with your rodeo admission! Let's roll! https://t.co/Z0leCV3ppj https://t.co/rnj5mZfFBW,3,2,17,themoonpies,Mike and The Moonpies,11875,2580,11,2,2022
https://twitter.com/PRguitarman/status/1492214382897639428,2022-02-11 19:10:07+00:00,1492214382897639428,@cryptoadzNFT @budlight @budweiserusa @0xMcGill @SuperTightWoody I legit thought this was an official Super Bowl ad. Fantastic work,6,1,69,PRguitarman,☆Chris☆,40749,2652,11,2,2022
https://twitter.com/drbullfrug/status/1492214309543243779,2022-02-11 19:09:50+00:00,1492214309543243779,@BTCBob100k @cryptoadzNFT @budlight @budweiserusa @0xMcGill @SuperTightWoody Did someone say Mutants? 😈🧪 https://t.co/tKRl99rCLm,1,1,20,drbullfrug,Doctor Bullfrug 😈🧪,2556,814,11,2,2022
https://twitter.com/BrianHagman/status/1492213359936221189,2022-02-11 19:06:03+00:00,1492213359936221189,New zero-carb beer delivered in zero-emission trucks.  #Budlight #Nikola #ElectricVehicle #ElectricVehicles  https://t.co/LrPM0ploS1,4,1,9,BrianHagman,Brian Hagman,36,145,11,2,2022
https://twitter.com/cryptoadzNFT/status/1492212666848399361,2022-02-11 19:03:18+00:00,1492212666848399361,@budlight @budweiserusa @0xMcGill @SuperTightWoody @CROAKZ_ artwork - no space to tag! 🐸🍻,7,3,131,cryptoadzNFT,CrypToadz,49500,181,11,2,2022
https://twitter.com/cryptoadzNFT/status/1492212474485125129,2022-02-11 19:02:32+00:00,1492212474485125129,"!croak We may not have an official @budlight / @budweiserusa commercial, but that won't stop us from creating!  UNOFFICAL rendition of ""Bud""-""!vibes""-""er"" commercial, coming to a metaverse Super Bowl near you! 🏈 🍻  @0xMcGill  artist @SuperTightWoody music/post production https://t.co/vRfiOBfD0A",580,199,1748,cryptoadzNFT,CrypToadz,49500,181,11,2,2022
https://twitter.com/budlight/status/1492212247808065544,2022-02-11 19:01:38+00:00,1492212247808065544,"With zero carbs in Bud Light NEXT, there’s zero in the way of levelling up! #BrewedForWhatsNext https://t.co/QvjkmsqdNc",16,17,80,budlight,Bud Light,265047,254,11,2,2022
https://twitter.com/CryptoGucci/status/1492205041104609287,2022-02-11 18:33:00+00:00,1492205041104609287,The Super Bowl could be the defining moment of the year for Crypto &amp; #NFTs - Super Bowl tics come w/ NFTs - 10+ crypto ads rumored - @BovadaOfficial offering @BoredApeYC bets - @budlight to do a commercial featuring @nounsdao  - @MillerLite to have Super Bowl ad in the metaverse,6,1,18,CryptoGucci,Crypto-Gucci.eth ᵍᵐ🦇🔊,40274,2760,11,2,2022
https://twitter.com/AnheuserBusch/status/1492199561749843970,2022-02-11 18:11:13+00:00,1492199561749843970,"Delivering zero carbs with zero-emissions!🚚We’re on the road in California, bringing @budlight NEXT to local retailers using hydrogen- &amp; battery-electric trucks from our innovative fleet partners, @BYDCompany &amp; @nikolamotor. A sustainable delivery made just in time for game day. https://t.co/Cr0BpF5ONY",124,27,582,AnheuserBusch,Anheuser-Busch,59454,156,11,2,2022
https://twitter.com/_tiffanytaylor/status/1492198138228064256,2022-02-11 18:05:34+00:00,1492198138228064256,#SuperBowl week activities: Saw @halsey perform her first show in two years last night at the @budlight #SuperBowlMusicFest 🎶 https://t.co/kB5oCDSxbJ,1,2,17,_tiffanytaylor,Tiffany Taylor,11314,606,11,2,2022
https://twitter.com/cwilkins42/status/1492196831119478788,2022-02-11 18:00:22+00:00,1492196831119478788,You mad?! Thanks @budlight I knew you'd make the right decision... #BudLightCellyoftheYear https://t.co/7dlvsP41ug https://t.co/Bt78KMifZy,304,45,1908,cwilkins42,Christian Wilkins,28471,370,11,2,2022
https://twitter.com/robertwoods/status/1492196829341134848,2022-02-11 18:00:22+00:00,1492196829341134848,Yessir! Let's celebrate @budlight... https://t.co/IqqoVoRnZf,3,1,59,robertwoods,Robert Woods,80185,675,11,2,2022
https://twitter.com/101espn/status/1492187244131667973,2022-02-11 17:22:17+00:00,1492187244131667973,Today on #BKandFerrario from 11-2 LIVE from the E&amp;B Granite Studios at the @STLCIC refreshed by @budlight: - Does Binnington's struggles change your deadline approach? - @MikeMcKenna56 at 11:30 - @FO_ASchatz at 12 - @MikeWahle68 at 1 LISTEN: https://t.co/U3ddw5CrKl https://t.co/WVy3Ui2DtJ,1,1,3,101espn,101 ESPN St. Louis,32462,457,11,2,2022
https://twitter.com/BYDCompany/status/1492179678420877313,2022-02-11 16:52:13+00:00,1492179678420877313,"Zero Calories, #ZeroEmissions — BYD is Hard at Work with @anheuserbusch delivering @BudLight NEXT Read More: https://t.co/QaMk3TbNQa https://t.co/rxBt4yPoyy",14,3,70,BYDCompany,BYD,27943,692,11,2,2022
https://twitter.com/933KJR/status/1492175007031578624,2022-02-11 16:33:39+00:00,1492175007031578624,"It's a special #BudLight Football Friday segment with our friend @LWillson_82 and his special guest @NBELLORE54 joining @ChuckPowellKJR &amp; @BuckyJacobsen ... just FYI, we're 2 minutes in and it's already magical. https://t.co/0Tv81F4Vqh",2,0,1,933KJR,93.3 KJR,36874,590,11,2,2022
https://twitter.com/Condors/status/1492173348045869057,2022-02-11 16:27:04+00:00,1492173348045869057,GAME DAY! The Condors and Silver Knights clash tonight at 7 p.m. with $2 @budlight &amp; Bud Light Seltzer. 🍺 #Condorstown  📲 GAME PREVIEW ➡️ https://t.co/kbnCthLBGa https://t.co/M6U9CkY6d5,3,2,31,Condors,Bakersfield Condors,48969,666,11,2,2022
https://twitter.com/LeChatCramoisi/status/1492171854089445378,2022-02-11 16:21:07+00:00,1492171854089445378,!croak 🍻 and 🚀👀 @cryptoadzNFT @budlight @CROAKZ_ 🏈 https://t.co/TSS0FMEuuY,1,2,9,LeChatCramoisi,Momo,686,1191,11,2,2022
https://twitter.com/terpynfts/status/1492168440857214986,2022-02-11 16:07:34+00:00,1492168440857214986,@CROAKZ_ flying right now on @budlight @cryptoadzNFT Super Bowl commercial collab speculation. See below tweet 👀 https://t.co/BXzWQpOnBu,6,4,20,terpynfts,lolbro.eth,3383,3270,11,2,2022
https://twitter.com/933KJR/status/1492152907424165889,2022-02-11 15:05:50+00:00,1492152907424165889,It's our final #BudLight Football Friday of the season and @gbellseattle joins @ChuckPowellKJR &amp; @BuckyJacobsen to put a bow on the 2021 #Seahawks season! #950KJR https://t.co/E3BjVEhwI2,1,0,2,933KJR,93.3 KJR,36874,590,11,2,2022
https://twitter.com/JsonGraham/status/1492147381877493761,2022-02-11 14:43:53+00:00,1492147381877493761,@nikolamotor @AnheuserBusch @budlight Great job!,1,0,7,JsonGraham,Jason,161,545,11,2,2022
https://twitter.com/nikolamotor/status/1492146911649746947,2022-02-11 14:42:01+00:00,1492146911649746947,"More cheers, less emissions! The alpha #NikolaTreFCEV makes a special zero-emissions delivery of zero-carb beer with partner @AnheuserBusch to launch @BudLight NEXT, just in time for Sunday’s big game. 🏈 https://t.co/IQJhyDWOYQ #ZeroEmissionsBeerDelivery",64,21,346,nikolamotor,Nikola Motor Company,88835,263,11,2,2022
https://twitter.com/budlight/status/1492146722390392832,2022-02-11 14:41:16+00:00,1492146722390392832,The wild card wins it 🍻🍻🍻 @cwilkins42 @MiamiDolphins https://t.co/qdtIyQtAs2,104,12,866,budlight,Bud Light,265047,254,11,2,2022
https://twitter.com/stoneykells/status/1492140599151058950,2022-02-11 14:16:56+00:00,1492140599151058950,sorry posty but kells is taking over budlight now https://t.co/4LEJfxAbi9,2,0,33,stoneykells,vic ✺,1569,496,11,2,2022
https://twitter.com/NFL/status/1492122628328345600,2022-02-11 13:05:31+00:00,1492122628328345600,Give us your #SBLVI score predictions. (by @budlight) #RamsHouse | #RuleItAll  📺: #SBLVI -- Sunday 6:30pm ET on NBC 📱: NFL app https://t.co/9zYWPNACfr,275,395,2322,NFL,NFL,30391781,2763,11,2,2022
https://twitter.com/_0ND1/status/1492091560397262849,2022-02-11 11:02:04+00:00,1492091560397262849,@HeliumUSA @punk4156 @nounsdao @LostNouns @gmNoun @supergremplin @dcost111 @passingbags @cloudcoastincr1 @0xGrokko @LeleElizabeth @truth @SteppnRzR @SizmicArt @Jangalaworld @katonahprod @budlight @budweiserusa @cryptopunks @larvalabs @NYCNFTS 🙌Looking good my friend!!!!,1,0,2,_0ND1,ONDI🕊️,1731,1358,11,2,2022
https://twitter.com/aRealClassAct55/status/1492033000560861196,2022-02-11 07:09:22+00:00,1492033000560861196,@budlight Is it as the prophecy foretold? @CROAKZ_ @croakz_lore https://t.co/eo5d4enWt5,1,2,7,aRealClassAct55,aRealClassAct,573,1018,11,2,2022
https://twitter.com/Pablos_innit/status/1492007399166672896,2022-02-11 05:27:38+00:00,1492007399166672896,Hmmm... 🧐 Could todays @cryptoadzNFT post: https://t.co/lTcPqUeDG0 possibly relate to this classic Superbowl Ad? https://t.co/D5lQLiSqJd If so nice collab with @budlight for their #NFTs,1,0,2,Pablos_innit,Pablos.eth✌️,719,505,11,2,2022
https://twitter.com/budlight/status/1492005106824458248,2022-02-11 05:18:32+00:00,1492005106824458248,"@AlanCruz @halsey @travisbarker @machinegunkelly Some would say, great.",1,1,4,budlight,Bud Light,265047,254,11,2,2022
https://twitter.com/SBMusicFest/status/1492005064604594221,2022-02-11 05:18:22+00:00,1492005064604594221,Emmy Award winning actor @Mike_Manning_ pulled up to the @BudLight #SuperBowlMusicFest blue carpet! 🏆 https://t.co/f7DWVNQW3l,14,7,101,SBMusicFest,Super Bowl Music Fest,10735,46,11,2,2022
https://twitter.com/SBMusicFest/status/1492002631593701402,2022-02-11 05:08:42+00:00,1492002631593701402,"Oh hey, it's Ben Smith from season 16 of #TheBachelorette (and an Army Ranger veteran) stopping by for a chat on the @BudLight #SuperBowlMusicFest blue carpet. 💘 https://t.co/A63BAvs2JL",2,1,8,SBMusicFest,Super Bowl Music Fest,10735,46,11,2,2022
https://twitter.com/budlight/status/1492000184691273751,2022-02-11 04:58:58+00:00,1492000184691273751,@mgk_usa @machinegunkelly Iconic.,2,1,30,budlight,Bud Light,265047,254,11,2,2022
https://twitter.com/budlight/status/1491999425740353536,2022-02-11 04:55:57+00:00,1491999425740353536,"@karliforniaxx Don't worry, she'll be kind.",1,1,1,budlight,Bud Light,265047,254,11,2,2022
https://twitter.com/SBMusicFest/status/1491997827706335234,2022-02-11 04:49:36+00:00,1491997827706335234,YouTubers @AlexWaarren and @K0uvr make a stop on the @BudLight #SuperBowlMusicFest blue carpet! 📹 https://t.co/S9In20Qdd9,11,2,282,SBMusicFest,Super Bowl Music Fest,10735,46,11,2,2022
https://twitter.com/NFL/status/1491996667758854147,2022-02-11 04:45:00+00:00,1491996667758854147,Christian Wilkins wins the @budlight #BudLightCelly of the Year! #NFLHonors @cwilkins42  https://t.co/ftzWR2EX8O,477,43,3074,NFL,NFL,30391781,2763,11,2,2022
https://twitter.com/SBMusicFest/status/1491996280876371969,2022-02-11 04:43:27+00:00,1491996280876371969,"Mental health advocate, speaker and podcaster, and former D1 athlete @VictoriaGarrick looking stunning on the @BudLight #SuperBowlMusicFest blue carpet! 🖤 https://t.co/WGMLIwxeDA",2,1,42,SBMusicFest,Super Bowl Music Fest,10735,46,11,2,2022
https://twitter.com/SBMusicFest/status/1491993234075234305,2022-02-11 04:31:21+00:00,1491993234075234305,Say what's up to @TravisMills &amp; @NickGross of @girlfriendsxo on the @BudLight #SuperBowlMusicFest blue carpet. 👋 They're headed in to see @Halsey / @MachineGunKelly at @CryptocomArena in just a few! https://t.co/oO1S4whl1Q,7,2,34,SBMusicFest,Super Bowl Music Fest,10735,46,11,2,2022
https://twitter.com/SBMusicFest/status/1491990393566683136,2022-02-11 04:20:04+00:00,1491990393566683136,"Off he goes to get ready for his show here at @BudLight #SuperBowlMusicFest. Thanks, @MachineGunKelly! ✌️ https://t.co/8Us5Asndli",1,1,33,SBMusicFest,Super Bowl Music Fest,10735,46,11,2,2022
https://twitter.com/SBMusicFest/status/1491989748939898884,2022-02-11 04:17:30+00:00,1491989748939898884,Seriously... This look from @MachineGunKelly on the @BudLight #SuperBowlMusicFest blue carpet. 🥵 https://t.co/RIRMN7w57s,1,1,39,SBMusicFest,Super Bowl Music Fest,10735,46,11,2,2022
https://twitter.com/budlight/status/1491989631650480128,2022-02-11 04:17:02+00:00,1491989631650480128,@SBMusicFest @machinegunkelly Blue carpet&gt;&gt;&gt;red carpet,1,0,10,budlight,Bud Light,265047,254,11,2,2022
https://twitter.com/SBMusicFest/status/1491987294789812225,2022-02-11 04:07:45+00:00,1491987294789812225,Here he comes... @MachineGunKelly just stepped onto the @BudLight #SuperBowlMusicFest blue carpet! 🤘 https://t.co/TU05NmA9bb,49,4,391,SBMusicFest,Super Bowl Music Fest,10735,46,11,2,2022
https://twitter.com/Yfz84/status/1491985635611222016,2022-02-11 04:01:09+00:00,1491985635611222016,@budlight #SpotaZero #sweepstakes @Nic_Breezy @SalSpice @DustBaker enter for a chance to win 10K https://t.co/oSw0dqcaeg,1,0,5,Yfz84,Thomas Sullivan,18065,16709,11,2,2022
https://twitter.com/SBMusicFest/status/1491984904191725589,2022-02-11 03:58:15+00:00,1491984904191725589,"Thank you for joining us on the blue carpet, @Halsey! We can't wait to see you what you have in store for the fans tonight at @BudLight #SuperBowlMusicFest! ✨ https://t.co/LqlaoWPpMe",58,5,345,SBMusicFest,Super Bowl Music Fest,10735,46,11,2,2022
https://twitter.com/Leecrypto_/status/1491984082976362508,2022-02-11 03:54:59+00:00,1491984082976362508,@SelSeries Pick up the phone @budlight https://t.co/UtaPTpGswp,1,1,13,Leecrypto_,LΞΞ,1390,1106,11,2,2022
https://twitter.com/SBMusicFest/status/1491983525146513411,2022-02-11 03:52:46+00:00,1491983525146513411,More from @Halsey here on the @BudLight #SuperBowlMusicFest blue carpet. 💖 https://t.co/doFMqBnwUq,59,3,329,SBMusicFest,Super Bowl Music Fest,10735,46,11,2,2022
https://twitter.com/FilthyFins/status/1491982755403649054,2022-02-11 03:49:43+00:00,1491982755403649054,This the one #BudLightCellyoftheYear @cwilkins42 @budlight https://t.co/uJWIaiWlWc,1,0,3,FilthyFins,Shane,1873,1852,11,2,2022
https://twitter.com/SBMusicFest/status/1491982500171862025,2022-02-11 03:48:42+00:00,1491982500171862025,Who better to open tonight's @BudLight #SuperBowlMusicFest blue carpet than one of tonight's performers... @Halsey! 🤩 She takes the stage in just a few hours—are you ready?! https://t.co/IRy4PsRt0S,145,13,1027,SBMusicFest,Super Bowl Music Fest,10735,46,11,2,2022
https://twitter.com/SBMusicFest/status/1491974647814017047,2022-02-11 03:17:30+00:00,1491974647814017047,Some of tonight's biggest guests are about to walk the @BudLight #SuperBowlMusicFest blue carpet! 📸 https://t.co/Syc4nlW9B3,3,0,20,SBMusicFest,Super Bowl Music Fest,10735,46,11,2,2022
https://twitter.com/onlocationexp/status/1491971421458755588,2022-02-11 03:04:41+00:00,1491971421458755588,@SBMusicFest @budlight The BLUE carpet is lookin’ clean! 🤩🤩 #SuperBowlMusicFest https://t.co/jMCr3t5P1y,3,0,5,onlocationexp,On Location,18531,509,11,2,2022
https://twitter.com/MotivateMeV2/status/1491971204844040192,2022-02-11 03:03:49+00:00,1491971204844040192,@budlight Bud Light knows the !vibe well I see,1,1,16,MotivateMeV2,MotivateMe,5768,941,11,2,2022
https://twitter.com/FlokiMLR/status/1491968453762326530,2022-02-11 02:52:53+00:00,1491968453762326530,@budlight !croak🐸🍻🐸 https://t.co/wYVK1ijnN2,1,0,19,FlokiMLR,FlokiMLR.eth ⌐◨-◨,778,1855,11,2,2022
https://twitter.com/budweiserusa/status/1491967946192789504,2022-02-11 02:50:52+00:00,1491967946192789504,@cryptoadzNFT @budlight !croak 🍻,28,15,250,budweiserusa,Budweiser.beer.eth,244679,1340,11,2,2022
https://twitter.com/cryptoadzNFT/status/1491967383891857408,2022-02-11 02:48:38+00:00,1491967383891857408,@budlight !croak !vibe🐸🍻  💚💚,3,0,55,cryptoadzNFT,CrypToadz,49500,181,11,2,2022
https://twitter.com/budlight/status/1491965965415993352,2022-02-11 02:43:00+00:00,1491965965415993352,!croak 🍻 can’t wait for Sunday https://t.co/Kb0RNpuAqn,128,80,603,budlight,Bud Light,265047,254,11,2,2022
https://twitter.com/BuffaloSabres/status/1491948520047263744,2022-02-11 01:33:40+00:00,1491948520047263744,OKIE NETS ONE! 2-1! #LetsGoBuffalo | @budlight https://t.co/zoEQ0T1nLf,15,6,200,BuffaloSabres,Buffalo Sabres,887566,421,11,2,2022
https://twitter.com/tibbidoe/status/1491940651944255488,2022-02-11 01:02:24+00:00,1491940651944255488,@Commanders @NFL @nflcommish #NFLSupportsSexualHarassment @Verizon @FedEx @Vistaprint @Nike @Pepsi @DraftKings @FanDuel @CaesarsSports @AnheuserBusch @Budweiser @BudLight Do you? #SexualHarassmentCorporateSponsors?,1,0,3,tibbidoe,tibbidoe,2801,3181,11,2,2022
