url,Datetime,Tweet Id,Text,Retweet Count,Reply Count,Like Count,Username,Display Name,Followers Count,Friends Count,Day,Month,Year
https://twitter.com/whois_katie/status/1492649050658725888,2022-02-12 23:57:20+00:00,1492649050658725888,Had to get my phone repaired at T-Mobile today and while I was waiting the employee drew me a phone so I didn't look/feel so bored. https://t.co/aQsdoVhtdf,2,0,5,whois_katie,Katie Greibesland 💗💜💙,49,126,12,2,2022
https://twitter.com/SykotikSanity/status/1492647251738386433,2022-02-12 23:50:11+00:00,1492647251738386433,Goddamn T-Mobile is some bullshit ass service dawg,2,2,5,SykotikSanity,spliffindor 😮‍💨,1895,1443,12,2,2022
https://twitter.com/JZL_Sovereign/status/1492645350548586505,2022-02-12 23:42:38+00:00,1492645350548586505,"@TMobileHelp please help me, I've called 611 twice and no one can help me. I have not been credited for my jump upgrade promo since 9/30.",1,1,0,JZL_Sovereign,Adam Brashear,99,791,12,2,2022
https://twitter.com/GeekInfoNow/status/1492641555978416130,2022-02-12 23:27:33+00:00,1492641555978416130,Best T-Mobile plans in 2022 https://t.co/f2Vu1vQ5ti #Mobile #TMobile,1,0,0,GeekInfoNow,GeekinfoNow,1839,91,12,2,2022
https://twitter.com/bornbytherio/status/1492641385597620225,2022-02-12 23:26:52+00:00,1492641385597620225,@TMobileHelp WHAT IS THE REASON??? WHY PUT THEM AVAILABLE AS AN OPTION THEN BE COMPLETELY SOLD OUT https://t.co/QqY2nDdCJV,1,1,0,bornbytherio,LJMS,276,946,12,2,2022
https://twitter.com/tcburkejr/status/1492641006201810947,2022-02-12 23:25:22+00:00,1492641006201810947,I was picking up dinner and a lady in line couldn’t get phone service and asked me if my phone had service and I was like ya and she’s like who do you have and I was like T-Mobile and she goes who the fuck has T-Mobile and I was like people with service damn,1,13,194,tcburkejr,Thomas Burke,12491,1505,12,2,2022
https://twitter.com/wickedliquids/status/1492640978192113666,2022-02-12 23:25:15+00:00,1492640978192113666,@TMobileHelp never had this much trouble trying to GIVE money to a company.,1,1,0,wickedliquids,WL,115,143,12,2,2022
https://twitter.com/micmusicpassion/status/1492640973473603588,2022-02-12 23:25:14+00:00,1492640973473603588,@TMobile @TMobileHelp what are y’all doing for people whose personal information has been compromised and/or on the dark web? I know this happened to a lot of people. Please don’t offer me any credit watching services. I already have that. What’s next?,1,1,1,micmusicpassion,parrish.,1100,789,12,2,2022
https://twitter.com/wickedliquids/status/1492640459176378369,2022-02-12 23:23:12+00:00,1492640459176378369,"@TMobileHelp I can send a pic, they still here.",1,0,0,wickedliquids,WL,115,143,12,2,2022
https://twitter.com/123Blarg456/status/1492640448703258624,2022-02-12 23:23:09+00:00,1492640448703258624,"@spacesmiIer Me low key having “T-MOBILE, faster speeds nationWIIDE” stuck in my head https://t.co/ZAtwSZkJZ8",1,1,4,123Blarg456,JACK,64,31,12,2,2022
https://twitter.com/spacesmiIer/status/1492639375036981248,2022-02-12 23:18:53+00:00,1492639375036981248,When it's ALL about this damn T-mobile song then what https://t.co/vMrEcpwDSE,3,4,35,spacesmiIer,𝕱,2127,1189,12,2,2022
https://twitter.com/LisbethAOrozco/status/1492638800811540483,2022-02-12 23:16:36+00:00,1492638800811540483,Setting up for Valentine’s Day 🤍 #SoBeSignature  Happy Valentine’s from our T-mobile family to yours! ❤️ https://t.co/XIq6flOn9w,2,0,29,LisbethAOrozco,Lisbeth Orozco,74,70,12,2,2022
https://twitter.com/JoeMortensen76/status/1492638228494655489,2022-02-12 23:14:20+00:00,1492638228494655489,2022 Summer Internships–HR &amp; Workplace Experience–Analytics needed in #Bellevue at T-Mobile Careers. Apply now! #job https://t.co/Mp6mRkBEsr #BeMagenta https://t.co/5qSnidrFK7,2,0,8,JoeMortensen76,Joe Mortensen,240,219,12,2,2022
https://twitter.com/TMobileHelp/status/1492638125285609474,2022-02-12 23:13:55+00:00,1492638125285609474,@YoungAguacate We are taking immediate steps to help protect all of the individuals who may be at risk from this cyberattack. Send me a DM and let’s review your account together. ^AdrenaBentley,1,1,1,TMobileHelp,T-Mobile Help,416623,44093,12,2,2022
https://twitter.com/bebecitabonitaa/status/1492634157138300935,2022-02-12 22:58:09+00:00,1492634157138300935,“All the toxic bitch are powered by T-Mobile” 😩😩😩,1,0,6,bebecitabonitaa,M,734,382,12,2,2022
https://twitter.com/MyopicChiwawa/status/1492630161254092800,2022-02-12 22:42:16+00:00,1492630161254092800,@TMobileHelp I need a supervisor to call me. Terrible experience with one of your CSRs today. Absolutely awful.,1,1,0,MyopicChiwawa,Stoli McBoli,25,93,12,2,2022
https://twitter.com/route47dmagz/status/1492622592410193924,2022-02-12 22:12:12+00:00,1492622592410193924,@TMobileHelp seriously WTH kind of crap is this???????????  This is why companies like Xfinity and Cox can charge outrageous prices. Ppl that use their service can ACTUALLY USE their service https://t.co/5mFfesWFKY,1,1,0,route47dmagz,Dan Magallanez,5,32,12,2,2022
https://twitter.com/FiestaMuzik/status/1492621942448402439,2022-02-12 22:09:37+00:00,1492621942448402439,"I’m definitely leaving @Sprint, @TMobile or whatever this company is called. Pure trash! No one come to this company, they lie to to you over and over. I guess I’m the stupid one for believing it. @TMobileHelp",1,1,0,FiestaMuzik,Rovy Fiesta,163,137,12,2,2022
https://twitter.com/people/status/1492618523037904900,2022-02-12 21:56:02+00:00,1492618523037904900,Zach Braff and Donald Faison Have a Musical Scrubs Reunion in T-Mobile's Super Bowl Ad  https://t.co/L1uDceyamx,5,2,53,people,People,7776482,1702,12,2,2022
https://twitter.com/FernandoOrDie/status/1492616723064713216,2022-02-12 21:48:52+00:00,1492616723064713216,Forgot to tell yall how the girl at T-Mobile asked me what I did so I told her I was an RN and she immediately asked me what car I drove and how much I made a year 😑 I was like listen Ms. bad bunny’s #1 fan can you just fix my phone so you can get back to your ig and hot Cheetos,1,0,10,FernandoOrDie,Fernando,317,125,12,2,2022
https://twitter.com/instamelissa1/status/1492616208591384578,2022-02-12 21:46:50+00:00,1492616208591384578,"T-Mobile Careers is looking for a Senior Copywriter, apply now! (#OverlandPark) #job https://t.co/wx02owIRGX #BeMagenta https://t.co/BAsApW0Brp",1,0,4,instamelissa1,Melissa Van Wey,537,921,12,2,2022
https://twitter.com/remygerrard17/status/1492614298065121284,2022-02-12 21:39:14+00:00,1492614298065121284,Don’t get T-Mobile. The worst ever. I haven’t even had service two days and probably won’t have it two more @TMobile @TMobileHelp https://t.co/G1vOgExQfD,1,3,0,remygerrard17,. .niggarachi. .,158,426,12,2,2022
https://twitter.com/joshuahenry/status/1492601843871932419,2022-02-12 20:49:45+00:00,1492601843871932419,"@TMobileHelp why is it that I have had the worst experience with T mobile??? Almost two months of issues. Support on the phone, online, and in store all have been terrible.",1,1,0,joshuahenry,joshua henry,107,347,12,2,2022
https://twitter.com/Dylanmitchel09/status/1492600858034393093,2022-02-12 20:45:50+00:00,1492600858034393093,T-Mobile n41 vs Verizon n5 vs AT&amp;T LTE inside Moda Stadium 100 Level Looks like the 100 Level does not get Verizon mmWave https://t.co/W2CRd5Nmig,2,6,25,Dylanmitchel09,Dylanmitchel,168,295,12,2,2022
https://twitter.com/Queen_o_sosweet/status/1492594676876169223,2022-02-12 20:21:16+00:00,1492594676876169223,@TMobileHelp @TMobile y’all need to find out who hijacked my # and get it back!!! Not wasted 10 hours on the phone to get nothing resolved again!,2,0,0,Queen_o_sosweet,Queen 💎,54,119,12,2,2022
https://twitter.com/1031KFIL/status/1492593726656495620,2022-02-12 20:17:30+00:00,1492593726656495620,Dolly Parton and Miley Cyrus Appear Together in T-Mobile Super Bowl Commercial [Watch] https://t.co/3CgnRhNnwi,1,0,0,1031KFIL,103.1 KFIL,125,124,12,2,2022
https://twitter.com/Queen_o_sosweet/status/1492593196316172290,2022-02-12 20:15:23+00:00,1492593196316172290,@TMobileHelp this getting ridiculous y’all called me only to piss me off on a Saturday I was trying to enjoy!!! @TMobile  none of you give a damn!,1,1,0,Queen_o_sosweet,Queen 💎,54,119,12,2,2022
https://twitter.com/kadenevans65/status/1492593158240313349,2022-02-12 20:15:14+00:00,1492593158240313349,Thanks for nothing @TMobileHelp,2,1,0,kadenevans65,kaden evans 222,183,983,12,2,2022
https://twitter.com/take37203668/status/1492592299259219970,2022-02-12 20:11:49+00:00,1492592299259219970,@TMobileHelp do you take acp? Affordable connectivity program?,1,1,0,take37203668,take,29,96,12,2,2022
https://twitter.com/Goudreaultfam/status/1492590686541070339,2022-02-12 20:05:25+00:00,1492590686541070339,T-Mobile is literal shit. Never again.,1,0,3,Goudreaultfam,steph ♉️,561,446,12,2,2022
https://twitter.com/StinaB0607/status/1492587648413671424,2022-02-12 19:53:20+00:00,1492587648413671424,@TMobileHelp why do I have so much trouble getting reliable service inside my house?  I can't walk across the street every time I want to make a phone call that won't continue to cut in and out. So frustrating!,1,1,0,StinaB0607,Christina Burnaby,17,85,12,2,2022
https://twitter.com/valenti09351051/status/1492586522536730624,2022-02-12 19:48:52+00:00,1492586522536730624,Shout out to Mariana Lopez. For winning the MVC of January 2022. Thank you for living and demonstrating our metro by T-Mobile Values every day. We appreciate your continued support and hard work.  @Mariana @AndresMiller4 @MetroEdgar https://t.co/6aybpop8Fv,2,0,8,valenti09351051,Valentína- Celldistributions,35,64,12,2,2022
https://twitter.com/FinanceNerdery/status/1492581023640604673,2022-02-12 19:27:01+00:00,1492581023640604673,"@william_whalen @PatriotMobile @NRA @TPUSA @March_for_Life @SBAList @FoldsofHonor @Mercury1Charity @CPAC @1stLiberty @ADFLegal They’re an MVNO. They lease airtime from the major providers who own the infrastructure (in this case, Sprint and thus by ownership T-Mobile) It is effectively a white labeled Sprint phone. But it makes people feel like they aren’t giving the big companies money even if they are",1,1,8,FinanceNerdery,J-Rizzle,6,133,12,2,2022
https://twitter.com/HannahAudi/status/1492577423665385475,2022-02-12 19:12:43+00:00,1492577423665385475,"Also, god forbid there is ever an emergency on Barrett Parkway &amp; you have @TMobileHelp &amp; you need to call 911… No service whatsoever. Everybody dying. Shitty booty ass phone service company.",1,1,0,HannahAudi,hannah ❣️,1206,471,12,2,2022
https://twitter.com/italianjhawk/status/1492569651682947080,2022-02-12 18:41:50+00:00,1492569651682947080,"@TMobileHelp I switched from @TMobile to #Sprint because of your #poorcustomerservice and I'm back in hell again since you merged.  You offered me a promotion to ""merge"" my account and 2 months later, it still has not been applied.  The worst customer service ever #complaint",1,1,0,italianjhawk,Mauro Sallustio,93,407,12,2,2022
https://twitter.com/swaidvegas/status/1492568629002440705,2022-02-12 18:37:46+00:00,1492568629002440705,"Someone is in need of a phone that is unlocked or T-Mobile, with a good camera. If you have one of these that you’d like to donate, please send us a DM!",13,0,14,swaidvegas,SWAID Vegas Mutual Aid Fund,2554,349,12,2,2022
https://twitter.com/ANDERSONCASTEL7/status/1492567434330529794,2022-02-12 18:33:01+00:00,1492567434330529794,"@TMobileHelp @TMobileCFO DM to continue read your lies about your horrible mobile internet service ???   I waste More than 2 hours talking with your agent ( after to wait 20 min)   And they said net day, next week. And the service is every day worst",1,1,0,ANDERSONCASTEL7,ANDERSON CASTELLANOS,29,38,12,2,2022
https://twitter.com/ANDERSONCASTEL7/status/1492565446020808704,2022-02-12 18:25:07+00:00,1492565446020808704,@TMobileHelp @TMobileCFO No I’m not counting to stay without mobile internet any more.  T-mobile. Said next day. Next week. And the mobile internet service is really bad.  A least here I. Texas,1,1,0,ANDERSONCASTEL7,ANDERSON CASTELLANOS,29,38,12,2,2022
https://twitter.com/matthewsmedal/status/1492563719984926720,2022-02-12 18:18:15+00:00,1492563719984926720,@TMobileHelp Can you please help me? I just had a frustrating language-barrier-conversation with a CSR on the phone and I would like to make sure my international data pass activates at the correct time/day please.,1,1,0,matthewsmedal,Matthew Smedal,214,199,12,2,2022
https://twitter.com/theambrielle__/status/1492561802336649219,2022-02-12 18:10:38+00:00,1492561802336649219,"@TMobileHelp @TMobile bro, can y’all please answer the phone??? I been on hold 37min now, like cmon now.",1,1,0,theambrielle__,Landlord ❤️,2796,2199,12,2,2022
https://twitter.com/Demetrius_wrigh/status/1492560068042240002,2022-02-12 18:03:45+00:00,1492560068042240002,"Netflix can raise their prices to 80$ a month, T-mobile pay for my shit because if it didn't I'd be watching outside when I got home.",1,0,3,Demetrius_wrigh,👑 Big Daddy 👑,5921,4913,12,2,2022
https://twitter.com/JArdoin_814/status/1492558885923827712,2022-02-12 17:59:03+00:00,1492558885923827712,@TMobile @TMobileHelp keeps denying my airpod promotion rebate I did in November &amp; I do not understand why. I purchased this thinking I would be getting my $130 back. Wth is the issue? It’s been over 3 months 😡,1,0,0,JArdoin_814,J'Ardoin Janǽ,1967,889,12,2,2022
https://twitter.com/Techlife32/status/1492557839218397192,2022-02-12 17:54:53+00:00,1492557839218397192,T-MOBILE | WOW !! THIS IS HUGE FOR TMOBILE !! ITS FINALLY HAPPENING !! https://t.co/xbRvUboufl ⁦@thetechxtremist⁩,2,0,3,Techlife32,Tech life Channel,2367,474,12,2,2022
https://twitter.com/DeeanneKing/status/1492553150972063749,2022-02-12 17:36:16+00:00,1492553150972063749,". @TreyFletcher19 has made SUCH a positive impact on the Workplace Experience of so many employees! We are so thankful for his dedication to his team and the greater T-Mobile organization. Soak up all the R&amp;R during your PEAK trip, you have earned it! #Congrats #PEAK2022 https://t.co/vGGluuTWoK",2,3,33,DeeanneKing,Deeanne King,5414,356,12,2,2022
https://twitter.com/stopahazard/status/1492548221662605312,2022-02-12 17:16:40+00:00,1492548221662605312,"@DonaldJTrumpJr @PatriotMobile PATROIT MOBILE is an MVNO that piggybacks off the  SPRINT NETWORK which has the WORST service in the USA Verizon's 4G LTE network has best coverage, with 70% nationwide coverage, followed by AT&amp;T with 68%, T-Mobile with 62%, and Sprint with 30%",1,6,19,stopahazard,STOP A. HAZARD,264,4,12,2,2022
https://twitter.com/usagiikay/status/1492546382342852611,2022-02-12 17:09:22+00:00,1492546382342852611,"Hey @TMobileHelp been having nothing but problems since I upgraded my phone. I now have two cellular plans, my iMessages aren’t working, the return box for my trade in wasn’t sent. now I can’t call or send a message to your IT team. 🙃 to say I’m frustrated is an understatement",1,3,4,usagiikay,kaysoka tano🧡💙🤍,1536,4105,12,2,2022
https://twitter.com/PepperPanda_/status/1492541303070068740,2022-02-12 16:49:11+00:00,1492541303070068740,Someone has used my ss# by the leaked information from @TMobile @TMobileHelp and filed my taxes!  I'm holding you @tmobile personally responsible for jeopardizing my credit and my home searching! Screw you and your company for causing me so much damage 🖕🖕🖕🖕🖕🖕🖕,1,0,0,PepperPanda_,🌶️ Pepper 🌶️ 🇵🇷,374,465,12,2,2022
https://twitter.com/wtfaudree/status/1492536370463604737,2022-02-12 16:29:35+00:00,1492536370463604737,"it’s t-mobile, all they’re gonna do is tell her they appreciate her hard work and send her some lunch lol. that’s what they did when they had to hire security for us after a man threatened to hunt us all down &amp; kill us and our families. On more than one occasion. :) https://t.co/FGaICwpXo4",1,1,6,wtfaudree,audree alfredo,285,264,12,2,2022
https://twitter.com/AD3P1NA/status/1492530730915799042,2022-02-12 16:07:10+00:00,1492530730915799042,T-Mobile is Thirsty you pay you’re bill they send the bill for next month right away🤦🏽‍♂️,1,0,2,AD3P1NA,AMD,142,147,12,2,2022
https://twitter.com/Fomo_Cast/status/1492529438357016577,2022-02-12 16:02:02+00:00,1492529438357016577,@TMobileHelp thanks for the response 7 hours later but I still need help. @MikeSievert,1,1,0,Fomo_Cast,FomoCast,37,151,12,2,2022
https://twitter.com/definitelylamp/status/1492522602262323205,2022-02-12 15:34:52+00:00,1492522602262323205,"@SamsungMobileUS @TMobileHelp idk whose end the issue is on, but I've been trying to order a Galaxy S22 Ultra all morning and it won't let me log into tmobile to activate it.",1,1,0,definitelylamp,Lamp 🍳,30,144,12,2,2022
https://twitter.com/TheGossipMash/status/1492514960265646080,2022-02-12 15:04:30+00:00,1492514960265646080,Miley Cyrus Asks ‘What Would Dolly Parton Do’ In Preview of T-Mobile’s Super Bowl Ad   https://t.co/stPYlc1XBI #movies #movietrailers #celebritynews #movierecommendations https://t.co/QS96sJAXP9,1,0,1,TheGossipMash,The Gossip Mash,48,90,12,2,2022
https://twitter.com/dustinfalgout1/status/1492514816530997257,2022-02-12 15:03:56+00:00,1492514816530997257,@TMobile My 5G service sucks from T-Mobile.  By the way this is a terrible ad.  If this service doesn't get fixed soon I'll have to find a new service.,1,1,0,dustinfalgout1,Dustin Falgout,2,17,12,2,2022
https://twitter.com/ElGatoIsACat/status/1492507875532582914,2022-02-12 14:36:21+00:00,1492507875532582914,"@DonaldJTrumpJr @PatriotMobile Patriot Mobile uses Sprint/T Mobile. T-Mobile is owned by Deutsche Telekom and sell Motorola phones, owned by Lenovo, a Chinese company. (They also sell Apple iPhones, aka Big Tech.)    So Patriots are actually funding foreign corporations. https://t.co/xhcVjv9eSj",1,0,1,ElGatoIsACat,El Gato,126,148,12,2,2022
https://twitter.com/RandallUhrig/status/1492506991704559619,2022-02-12 14:32:50+00:00,1492506991704559619,"@DonaldJTrumpJr @PatriotMobile Notice, Patriot Mobile is bragging about donating your money to NRA to fund them advocating guns that will kill your families in church and kids in school, all while using T-mobile cell towers.",10,3,85,RandallUhrig,Meidas Rick 🏳️‍🌈🇺🇦,3403,4258,12,2,2022
https://twitter.com/RandallUhrig/status/1492506369299296257,2022-02-12 14:30:22+00:00,1492506369299296257,"@DonaldJTrumpJr @PatriotMobile Patriot Mobile uses T-Mobile infrastructure so cut out the ""patriot"" and just get a T-mobile plan.",9,7,199,RandallUhrig,Meidas Rick 🏳️‍🌈🇺🇦,3403,4258,12,2,2022
https://twitter.com/celeb_detective/status/1492505431528386560,2022-02-12 14:26:38+00:00,1492505431528386560,Miley Cyrus Asks ‘What Would Dolly Parton Do’ In Preview of T-Mobile’s Super Bowl Ad https://t.co/KDnAsZFvCm,1,0,1,celeb_detective,Celebrity Detective,1148,770,12,2,2022
https://twitter.com/beautifulballad/status/1492501752754671621,2022-02-12 14:12:01+00:00,1492501752754671621,Miley Cyrus and Dolly Parton Star in T-Mobile’s New Super Bowl Ad! https://t.co/SyERUekpeJ,1,0,0,beautifulballad,BeautifulBallad,2549,111,12,2,2022
https://twitter.com/AndyVermaut/status/1492500637623341057,2022-02-12 14:07:35+00:00,1492500637623341057,Andy Vermaut shares:Miley Cyrus Asks ‘What Would Dolly Parton Do’ In Preview of T-Mobile’s Super Bowl Ad: It's a question that every person in the world should ask: what would Dolly Do?… https://t.co/EUpUtbzP9m Thank you. #AndyVermautLovesHollywood #ThankYouForTheEntertainment https://t.co/mKID6wmNBy,10,2,114,AndyVermaut,Andy Vermaut,31065,34166,12,2,2022
https://twitter.com/krystalisfeisty/status/1492498503997792257,2022-02-12 13:59:07+00:00,1492498503997792257,@solomonmissouri Horrible. Been with sprint over 10 years and I sweaaa they bout to lose me. I left T-Mobile cuz they sucked and now they done merged and the service and customer service is the worst it’s ever been.,2,2,10,krystalisfeisty,Krystal,1297,1344,12,2,2022
https://twitter.com/wing_nutt19/status/1492495955647778824,2022-02-12 13:48:59+00:00,1492495955647778824,@patriottakes Yep they run off of T-mobile. And from everything I’ve read. It’s nothing but problems. As one customer put it. It’s a scam!!,1,0,2,wing_nutt19,Mike Blacquiere,375,1288,12,2,2022
https://twitter.com/skatetdieu/status/1492491491985481730,2022-02-12 13:31:15+00:00,1492491491985481730,"@TMobile I just left T-Mobile this week after being a Sprint customer for 15 years. Service become awful once T-mobile bought Sprint. And just like that, T-Mobile lost 4 lines of service",1,1,1,skatetdieu,Abe,247,507,12,2,2022
https://twitter.com/RacquiTheMOMB/status/1492491399366914050,2022-02-12 13:30:53+00:00,1492491399366914050,@TMobileHelp wtf is my phoooooneeee?,1,1,0,RacquiTheMOMB,Real Hot Mom Shi 🤪🤱🏼,411,296,12,2,2022
https://twitter.com/BeenMace/status/1492482145595670536,2022-02-12 12:54:07+00:00,1492482145595670536,@juustjoshh T-Mobile Tuesdays lowkey clutch,1,1,802,BeenMace,𝗠𝗮𝗰𝗲✵,66739,515,12,2,2022
https://twitter.com/MattPaulson28/status/1492481353127972868,2022-02-12 12:50:58+00:00,1492481353127972868,"A couple shots from a when we took a helicopter ride from Las Vegas to the Grand Canyon. Photos are Hoover Dam, The Stratosphere, and T-Mobile Arena. #travelphotography #Travel #LasVegas https://t.co/gY3HxGgBQh",1,1,12,MattPaulson28,Matthew Paulson,2026,1154,12,2,2022
https://twitter.com/AdwoaBaby/status/1492469268008644611,2022-02-12 12:02:56+00:00,1492469268008644611,"@TMobileHelp @TMobile Hello Team, I received an email that my number has been cancelled. How do I get it back?",1,1,0,AdwoaBaby,Nanah Asamoah,365,179,12,2,2022
https://twitter.com/walterbiscardi/status/1492462667331739648,2022-02-12 11:36:43+00:00,1492462667331739648,"May I just say how amazing the customer support is with @TMobile . In four years now with the platform, it doesn't matter what time of day I reach out, @TMobileHelp responds quickly and with the information I need. #Customersupport #success #TMobile #Mobile",2,0,0,walterbiscardi,walter biscardi,8974,1013,12,2,2022
https://twitter.com/Grizzy_pnw/status/1492422084768661505,2022-02-12 08:55:27+00:00,1492422084768661505,@TMobileHelp still getting OOPS hit a snag! error after two weeks(!) of trying to upgrade/trade in my phone. Absolutely nothing works! FIX your site or app!,1,1,0,Grizzy_pnw,Drew,53,696,12,2,2022
https://twitter.com/DJJADIN/status/1492396049503293440,2022-02-12 07:12:00+00:00,1492396049503293440,@TMobileHelp isn't responding to DMs,1,1,0,DJJADIN,Jim Adinolfi (Jadin),68424,154,12,2,2022
https://twitter.com/DJJADIN/status/1492395854275223555,2022-02-12 07:11:13+00:00,1492395854275223555,@TMobileHelp my bill is only supposed to be 115 per month. Can you please stop taking extra money out of my account every month?? That's stealing,1,0,0,DJJADIN,Jim Adinolfi (Jadin),68424,154,12,2,2022
https://twitter.com/TwoClawsMedia/status/1492390526074732546,2022-02-12 06:50:03+00:00,1492390526074732546,"Ah, I’m so happy to be a T-Mobile customer. https://t.co/YPCB2XYcKH",2,0,5,TwoClawsMedia,Donnachaidha O’Chionnaigh,3774,980,12,2,2022
https://twitter.com/Fomo_Cast/status/1492372544158003204,2022-02-12 05:38:36+00:00,1492372544158003204,"@TMobileHelp @TMobile @MikeSievert so I guess I won’t get a response, just more time with no internet #tmobile #horribleservice #tmobilesucks",2,1,2,Fomo_Cast,FomoCast,37,151,12,2,2022
https://twitter.com/BlueLV702/status/1492365259482353664,2022-02-12 05:09:39+00:00,1492365259482353664,"@TMobile @TMobileHelp dudes I have no internet, I called customer service n they said they’ll get back to me tomorrow or Sunday. Now I’m left without internet 😡😡😡😡😡😡 how is it that it was excellent at first n now after 2-3months it sucks now?",1,1,0,BlueLV702,Tacos Lover,68,391,12,2,2022
https://twitter.com/Fomo_Cast/status/1492363382900420609,2022-02-12 05:02:11+00:00,1492363382900420609,@MikeSievert @TMobileHelp how did you guys send me a new router that is on someone else’s account? #tmobile #tmobilesucks,2,1,1,Fomo_Cast,FomoCast,37,151,12,2,2022
https://twitter.com/MCNewsSource/status/1492350305375334401,2022-02-12 04:10:13+00:00,1492350305375334401,Tomorrow: Miley performs at the Super Bowl Music Fest in LA! Sunday: Miley’s two-part T-Mobile commercial airs during the Super Bowl! https://t.co/GZPMJoHx9O,8,0,36,MCNewsSource,Miley News Source,10168,598,12,2,2022
https://twitter.com/NBCSCeltics/status/1492339716779393024,2022-02-12 03:28:09+00:00,1492339716779393024,Robert Williams is tonight's T-Mobile player of the game! Presented by: @TMobile https://t.co/a2I5pSmLYT,18,2,180,NBCSCeltics,Celtics on NBC Sports Boston,116112,169,12,2,2022
https://twitter.com/Techlife32/status/1492327220563558400,2022-02-12 02:38:30+00:00,1492327220563558400,T-MOBILE | T-MOBILE GOING BIG THIS WEEKEND !! https://t.co/khnCRNoN17 ⁦@thetechxtremist⁩,1,0,2,Techlife32,Tech life Channel,2367,474,12,2,2022
https://twitter.com/SpeedtestAddict/status/1492324104128667649,2022-02-12 02:26:07+00:00,1492324104128667649,When your T-Mobile LTE can beat 5GUC… 😂 https://t.co/PvzZZcHNAa,1,1,19,SpeedtestAddict,Speedtesting And Tech Videos,148,268,12,2,2022
https://twitter.com/Darcey_Estes/status/1492323475691687936,2022-02-12 02:23:37+00:00,1492323475691687936,What an inspiration you are @HolliMartinez1 to so many and what an impact you’ve made at T-Mobile in leading our DE&amp;I Council and ERGs. Thank you for challenging us all to be better and do better every day! https://t.co/9gCdUIh3wa,1,1,23,Darcey_Estes,Darcey Estes,1510,370,12,2,2022
https://twitter.com/Queen_o_sosweet/status/1492316812595314696,2022-02-12 01:57:08+00:00,1492316812595314696,"I guess I’ll have to get a lawyer involved at this point! Spent almost 3k and still can’t resolve shit! Couldn’t even go to work today! Lost 1,000s from services not working for a week now! @TMobile @TMobileHelp @tmobilenews @TMobileCFO @TMobileCIO @TMobileIR @CallieField",1,1,1,Queen_o_sosweet,Queen 💎,54,119,12,2,2022
https://twitter.com/PwrbtmJay/status/1492315293036814341,2022-02-12 01:51:06+00:00,1492315293036814341,@TMobileHelp quick question about my account,1,1,0,PwrbtmJay,Jay Ace,261,1209,12,2,2022
https://twitter.com/mikegolicjr/status/1492314499935707136,2022-02-12 01:47:57+00:00,1492314499935707136,I told y’all man. ad $’s are behind the Kyler stuff.  I’ll go with a guess and say it’s T-Mobile. https://t.co/k0stQbWEAo,48,32,873,mikegolicjr,Mike Golic Jr,244073,3477,12,2,2022
https://twitter.com/tazflcn/status/1492306399765872645,2022-02-12 01:15:46+00:00,1492306399765872645,@TMobile @TMobileHelp @tmobilecenter @TMobileIR @tmobilenews why do customers have to go through hell to get a “proof of purchase”?,1,1,0,tazflcn,Tazflcn,269,777,12,2,2022
https://twitter.com/FOX5Vegas/status/1492306207469670417,2022-02-12 01:15:00+00:00,1492306207469670417,Fans no longer have to wear masks while attending @GoldenKnights games at T-Mobile Arena. #VegasBorn  https://t.co/egjPP47M8A,6,4,49,FOX5Vegas,FOX5 Las Vegas,288140,342,12,2,2022
https://twitter.com/ATweetLilThing/status/1492305498565230592,2022-02-12 01:12:11+00:00,1492305498565230592,Sr OEM Business Manager needed in #Bellevue at T-Mobile Careers. Apply now! #job https://t.co/OBBzOqEUhd #BeMagenta https://t.co/lXT5WVLH7i,1,0,4,ATweetLilThing,Amie LaMarr,1392,2753,12,2,2022
https://twitter.com/LippyJimmy/status/1492300641233948677,2022-02-12 00:52:53+00:00,1492300641233948677,The crew at @TMobileHelp will work with you to get your problems resolved. Thanks guys!,1,1,1,LippyJimmy,🌻𝑳𝒊𝒑𝒑𝒚🇺🇦,7781,8530,12,2,2022
https://twitter.com/XanHouck117/status/1492300017771581440,2022-02-12 00:50:24+00:00,1492300017771581440,"@TMobileHelp Ya’ll better figure out the cell phone tower issue in Crownpoint. My mother is my only parent left, my dad died in 2021 and we keep in contact with her EVERYDAY! It is CRUCIAL I have contact with her everyday! NO EXCEPTIONS!! FIGURE IT OUT!",1,1,1,XanHouck117,Xanhouck,436,1305,12,2,2022
https://twitter.com/tackinsanity/status/1492299892399783936,2022-02-12 00:49:54+00:00,1492299892399783936,"I got a 500+GB iPhone X , @TMobileHelp will trading my phone in qualify me for an iPhone 13 with 500+GB ? What’s the charges within the fine print?",1,1,0,tackinsanity,DIT🏁🤷🏾‍♂️🤓,166,430,12,2,2022
https://twitter.com/Msjcastillo/status/1492299796186550272,2022-02-12 00:49:31+00:00,1492299796186550272,@Queen_o_sosweet @TMobileHelp I agree! I have sent so many HELP messages and no one replies! @TMobileHelp @TMobile  You are a disappointment! You cant even respond back.,1,1,0,Msjcastillo,Jeny,59,88,12,2,2022
https://twitter.com/gfraigun/status/1492297021432033283,2022-02-12 00:38:30+00:00,1492297021432033283,@TMobile I dumped T-Mobile when I learned they aren’t really nation wide and I was left without service in multiple cities across this nation.,1,0,2,gfraigun,Gary,8,65,12,2,2022
https://twitter.com/BurnItWithFire8/status/1492296933964083202,2022-02-12 00:38:09+00:00,1492296933964083202,Bonus day is in one week! I got the before tax $$ today and DAMN!! T-Mobile had a really good year!,1,1,8,BurnItWithFire8,Queen of Damn Near Everything,1176,1119,12,2,2022
https://twitter.com/ChickieMamaK/status/1492296351190863878,2022-02-12 00:35:50+00:00,1492296351190863878,@TMobileHelp WHY IS MY SIGNAL ALL OF A SUDDEN HORRIBLE THIS EVENING AT HOME?!,1,1,0,ChickieMamaK,Keron Ader Thornett,81,505,12,2,2022
https://twitter.com/AtMyWitsEnd9/status/1492291884655460353,2022-02-12 00:18:05+00:00,1492291884655460353,"@TMobile @TMobileHelp @tmobilenews @tmobilecenter  I literally created a Twitter account to get ANY help because your call center, while probably lovely humans, can't seem to fix the problem. While being paid to fix the problem. And I just sit on hold.",1,1,0,AtMyWitsEnd9,AtMyWitsEnd,0,0,12,2,2022
https://twitter.com/jerryeight/status/1492288822712832001,2022-02-12 00:05:55+00:00,1492288822712832001,"@TMobileHelp @MikeSievert @tmobilenews @TMobileArena @tmobilecenter I will definitely be sending you a dm. But, I am just annoyed that @TMobile had the audacity to force #junk #ads and #spyware #apps on to my phone that is 100% paid off. What if it wasn't a tech literate user like me? A less experienced person would've accepted it all unknowingly",2,1,1,jerryeight,Jerry Li  ,99,165,12,2,2022
https://twitter.com/Queen_o_sosweet/status/1492288209698668547,2022-02-12 00:03:29+00:00,1492288209698668547,@TMobileHelp is also trash 🗑 don’t waste ur time when they say DM them or if they DM u!!!!,1,2,1,Queen_o_sosweet,Queen 💎,54,119,12,2,2022
https://twitter.com/monyeeart/status/1492287332468551682,2022-02-12 00:00:00+00:00,1492287332468551682,everyone look at my t-mobile install in SF!!! 🐯 https://t.co/E9FMdPtJyy,28,12,454,monyeeart,monyee • 周敏儀,2940,1150,12,2,2022
https://twitter.com/IvanHeckhound/status/1492286481854910466,2022-02-11 23:56:37+00:00,1492286481854910466,@TMobileHelp Hey! Can I get some information about a preorder I made?,1,0,0,IvanHeckhound,Ivan Hellhound,219,535,11,2,2022
https://twitter.com/jerryeight/status/1492285127937851393,2022-02-11 23:51:14+00:00,1492285127937851393,Hey @MikeSievert @TMobileHelp @TMobile why did you try and push #ads to me after I updated to @Android #android12 on my @SamsungMobile #s10+ This is #not acceptable. This is why people don't want to buy #carrier #branded hardware. This is #ridiculous. They are #prechecked too. https://t.co/XyE6V8ZSO2,2,2,1,jerryeight,Jerry Li  ,99,165,11,2,2022
https://twitter.com/AlbannachMMA/status/1492280977263312896,2022-02-11 23:34:44+00:00,1492280977263312896,Joe Rogan has been spotted outside the T-Mobile Arena… https://t.co/3wn9MknqPx https://t.co/TiMUcDFRAs,4,1,8,AlbannachMMA,Scott 🏴󠁧󠁢󠁳󠁣󠁴󠁿🇻🇦,302,697,11,2,2022
https://twitter.com/ckahler74/status/1492278994208763907,2022-02-11 23:26:52+00:00,1492278994208763907,@TMobileHelp you all having some tower issues in IL? Service isn’t working all that good today…,1,1,0,ckahler74,C_Kahler,156,1008,11,2,2022
https://twitter.com/Gophergutz1/status/1492275261018030082,2022-02-11 23:12:02+00:00,1492275261018030082,"@TMobileHelp so far, unimpressed by your online support, it’s as if you really don’t want to hear anything from us. Even signed into your website and got “our wires have crossed” nonsense.  Don’t allow your techs to promise $200 for a used phone then give $75",1,1,0,Gophergutz1,Gophergutz,2430,2544,11,2,2022
https://twitter.com/Airman7441/status/1492274453522399232,2022-02-11 23:08:49+00:00,1492274453522399232,@TMobileHelp How do I update cell towers for iOS? In USA… thanks,1,1,0,Airman7441,Airman744,66,246,11,2,2022
https://twitter.com/mobydee71/status/1492271913225367553,2022-02-11 22:58:43+00:00,1492271913225367553,@TMobileHelp @TMobile is something wrong with your service? My internet and my phone line keep going out... Then I get an E.... https://t.co/rZyk9aL41q,1,1,0,mobydee71,Darren Bratton,158,1497,11,2,2022
https://twitter.com/Mommypirate2/status/1492267224362536965,2022-02-11 22:40:05+00:00,1492267224362536965,"Hey @TMobile  @TMobileHelp  I’m on phone with a great service rep, but he can’t find this offer you emailed to me, what’s up??? https://t.co/RxtkX4AdMI",1,1,0,Mommypirate2,Piratemommy,2605,4977,11,2,2022
https://twitter.com/DrewFitzGerald/status/1492265766162505729,2022-02-11 22:34:18+00:00,1492265766162505729,"T-Mobile said back in 2019 that buying Sprint would be ""jobs-positive from Day One."" Then-CEO @JohnLegere said suggesting otherwise was ""actually offensive."" https://t.co/fN2Sbh08aK",1,1,1,DrewFitzGerald,Drew FitzGerald,3778,1243,11,2,2022
https://twitter.com/Terrell352/status/1492265097116459011,2022-02-11 22:31:38+00:00,1492265097116459011,Verizon vs T-Mobile vs AT&amp;T at FIRESTATION!!! WHERE’S FIRST NET?!! BATTL... https://t.co/DfeiGTiYrs via @YouTube @thetechxtremist @Techlife32 @NicholasT1979,2,0,7,Terrell352,MobileMasterTech,491,197,11,2,2022
https://twitter.com/adland/status/1492264156417835015,2022-02-11 22:27:54+00:00,1492264156417835015,"#SBLVI #adland #sbads https://t.co/taEEtZ95Dj T-Mobile - Miley Cyrus Sings ""Do it for the phones"" https://t.co/0FweD1kzsk",1,1,4,adland,adland ®,86251,14761,11,2,2022
https://twitter.com/DrewFitzGerald/status/1492264147370844167,2022-02-11 22:27:52+00:00,1492264147370844167,T-Mobile says it ended an eventful 2021 with ~75K full-time and part-time workers. That's even with a year earlier and down from the day it bought rival Sprint. https://t.co/smPuQL8k98,3,1,6,DrewFitzGerald,Drew FitzGerald,3778,1243,11,2,2022
https://twitter.com/ryan_molter18/status/1492261077169627136,2022-02-11 22:15:40+00:00,1492261077169627136,T-Mobile just said fuck Nebraska??💀💀 https://t.co/XvrN0d5vUi,1,0,1,ryan_molter18,ryan,244,292,11,2,2022
https://twitter.com/highquotes8/status/1492256477217640448,2022-02-11 21:57:23+00:00,1492256477217640448,t-mobile pride as fuck https://t.co/fL7FWFayEa,2,0,1,highquotes8,310153,17,42,11,2,2022
https://twitter.com/fortunatefall03/status/1492255261871853570,2022-02-11 21:52:33+00:00,1492255261871853570,"Dolly Parton on T-Mobile Super Bowl Ad With Miley Cyrus &amp; Rock Hall Nomination: ‘If I Get In, I’ll Have to Put Out a Great Rock Album’ - Billboard https://t.co/6yHDfOhmli",1,0,0,fortunatefall03,Fortunate Fall,166,146,11,2,2022
https://twitter.com/SkonaTweet/status/1492254518381199362,2022-02-11 21:49:36+00:00,1492254518381199362,"Dolly Parton, Miley Cyrus Poke Fun at PSAs in T-Mobile's Super Bowl Ad https://t.co/I09OYiYBbn",1,0,2,SkonaTweet,Skona,825,882,11,2,2022
https://twitter.com/_TOKITOH/status/1492254406611451912,2022-02-11 21:49:09+00:00,1492254406611451912,"Dolly Parton on T-Mobile Super Bowl Ad With Miley Cyrus &amp; Rock Hall Nomination: ‘If I Get In, I’ll Have to Put Out … https://t.co/wrs9L3VprX https://t.co/zrUOTN66PJ",1,0,1,_TOKITOH,TOKITOH,530,88,11,2,2022
https://twitter.com/linfieldsports/status/1492254187253481475,2022-02-11 21:48:17+00:00,1492254187253481475,GAMEDAY🏀| Don't forget to attend tonight's doubleheader and pick up a free T-Mobile shirt before they run out! 📍Ted Wilson Gymnasium 📺📊https://t.co/LMmz6QRPYi #RollCats | #NWCHoops | #D3Hoops https://t.co/eWvKnEWuY0,2,0,13,linfieldsports,Linfield Athletics,4994,231,11,2,2022
https://twitter.com/KlashNYC/status/1492253597807124483,2022-02-11 21:45:57+00:00,1492253597807124483,"@DonaldJTrumpJr LOL!😆 ""Patriot Mobile is powered by Sprint 4G LTE network. Because Sprint offer customers 5G where available, it's something Patriot Mobile customers can enjoy"". Your Q fans HATE 5G 🤣 Sprint is being absorbed by T-Mobile. Both companies require staff to be vaccinated https://t.co/WQWSk4Tvan",1,0,5,KlashNYC,Patrick McKeon *Chairman: Dept of Redundancy Dept,1096,1825,11,2,2022
https://twitter.com/concert_next/status/1492252239368392704,2022-02-11 21:40:33+00:00,1492252239368392704,"#Country #Music Dolly Parton on T-Mobile Super Bowl Ad With Miley Cyrus &amp; Rock Hall Nomination: ‘If I Get In, I’ll Have to Put Out a Great Rock Album’ https://t.co/teCnMOgcNN",2,0,2,concert_next,MyNextConcert,261,4,11,2,2022
https://twitter.com/blowdart/status/1492250172104998912,2022-02-11 21:32:20+00:00,1492250172104998912,@patriottakes From sprint specifically. Which is now part of T-Mobile. Who are lining up to fire employees who aren't vaccinated by April 2nd.,2,3,162,blowdart,Barry Dorrans,26386,1138,11,2,2022
https://twitter.com/krystalinekyss/status/1492249607006564362,2022-02-11 21:30:05+00:00,1492249607006564362,@TMobileHelp why are you’re employee’s so rude and nasty? I need simple assistance correcting a mistake I made and yall employee has the nerve to be disgusting otp like he didn’t want to answer any question.,1,1,0,krystalinekyss,Thee Umami-mami 😘,26,396,11,2,2022
https://twitter.com/ericporat/status/1492243563001774080,2022-02-11 21:06:04+00:00,1492243563001774080,"Country stars Miley Cyrus and Dolly Parton are parodying fundraiser PSAs in T-Mobile's ninth consecutive Super Bowl appearance this year. The first 30-second spot shows the elder music legend talking over a video chat about the need to ""rescue"" 5G phones… https://t.co/HLMbO94ou8 https://t.co/UbgvY87nXc",1,0,0,ericporat,Eric Porat,129,132,11,2,2022
https://twitter.com/dkeeling/status/1492243537265631242,2022-02-11 21:05:58+00:00,1492243537265631242,"Here is what T-Mobile said last August: The Cyberattack Against T‑Mobile and Our Customers: What happened, and what we are doing about it. https://t.co/emE06aBsmo via @TMobile",1,0,0,dkeeling,dkeeling,24,232,11,2,2022
https://twitter.com/Caitrionapaix/status/1492242110342443014,2022-02-11 21:00:18+00:00,1492242110342443014,"@TMobile @TMobileHelp thanks to your data breach in 2021 my info is now on the dark web.  I was never informed about it. How do you plan on  fixing this? Does anyone know if there’s a class action lawsuit I can join? I haven’t had T-Mobile for 20 yrs, this is ridiculous.",2,0,2,Caitrionapaix,THEE Caitriona 🇺🇦,2298,3276,11,2,2022
https://twitter.com/MileyRaySlays/status/1492236820133949441,2022-02-11 20:39:16+00:00,1492236820133949441,Miley x T-Mobile @MileyCyrus @TMobile https://t.co/q4qqhcXews,10,1,74,MileyRaySlays,Miley Cyrus News,12203,263,11,2,2022
https://twitter.com/TaiwanTempest/status/1492231039170736129,2022-02-11 20:16:18+00:00,1492231039170736129,@VerizonSupport how y'all going to put account holders on wait when @TMobileHelp answers non-customers immediately at the same time of day? smh,1,1,0,TaiwanTempest,David Bushnell 🇹🇼 ☭,55,475,11,2,2022
https://twitter.com/foranzi1/status/1492228989624201216,2022-02-11 20:08:10+00:00,1492228989624201216,@TMobileHelp I need someone who will listen to me and stop feeding me lines.  15 years with tmobile and they are trying to steel $1071 from me and this has been going on for 3 months.  I'll cancel everything today if its not resolved. I'm at the end of my patience.,2,1,0,foranzi1,Frank,5,21,11,2,2022
https://twitter.com/MileyNewsAccess/status/1492226092647821317,2022-02-11 19:56:39+00:00,1492226092647821317,Miley x T-Mobile https://t.co/PAMmRQhtMV,60,3,680,MileyNewsAccess,Miley Cyrus Access,22702,19,11,2,2022
https://twitter.com/imchuy09/status/1492223469747990529,2022-02-11 19:46:14+00:00,1492223469747990529,@TMobileHelp is something broken? Call failures 79912,1,1,0,imchuy09,TheFakeChuy,77,74,11,2,2022
https://twitter.com/akbrim/status/1492221660841263108,2022-02-11 19:39:02+00:00,1492221660841263108,"@XboxSupport @TMobileHelp Is there a reason why Xbox App remote play works only on wifi? Not 5G? iPhone 13 Pro Max, I connect perfect on wifi, then turn off wifi to get 5G and it says it found my XBOX but can't connect. This is one of the main reasons I wanted a 5G phone! Dislike",1,2,0,akbrim,Andrew Brim,86,561,11,2,2022
https://twitter.com/Loyal2MyCrown/status/1492219712666673158,2022-02-11 19:31:18+00:00,1492219712666673158,@ATTHelp I guess the issue resolved with you guys. So @TMobileHelp is there a way I can get bought out of the contract and come back to @TMobile Im sick of AT&amp;T it hasn’t even been 3 months,1,1,1,Loyal2MyCrown,Loyal2MyCrown,26,57,11,2,2022
https://twitter.com/Joe_Miz/status/1492219023689347072,2022-02-11 19:28:33+00:00,1492219023689347072,Love this! All workers at T-Mobile deserve a union. Also all workers everywhere too. Solidarity ✊🏽✊🏽✊🏽 https://t.co/cJqCPEPSwl,1,1,15,Joe_Miz,Joe Miz,5587,4051,11,2,2022
https://twitter.com/MileyIsInspired/status/1492216339288793094,2022-02-11 19:17:53+00:00,1492216339288793094,never thought a t-mobile commercial could be so iconic https://t.co/jk6Nz6dycE,2,1,27,MileyIsInspired,=,3201,1407,11,2,2022
https://twitter.com/Loyal2MyCrown/status/1492215878846349315,2022-02-11 19:16:04+00:00,1492215878846349315,@ATTHelp since nobody is doing anything to correct this issue how about I take the 13 pro max back to the store where I got it take my number back to T-Mobile where I won’t have any service issues?,1,0,0,Loyal2MyCrown,Loyal2MyCrown,26,57,11,2,2022
https://twitter.com/bitbat64/status/1492212842627489792,2022-02-11 19:04:00+00:00,1492212842627489792,"@tmobile @TMobileHelp Wow, T-Mobile. Never experienced an outage until I switched to your service.",1,1,0,bitbat64,AliciaG,145,481,11,2,2022
https://twitter.com/Queen_o_sosweet/status/1492212510321266695,2022-02-11 19:02:41+00:00,1492212510321266695,"Paying off all my phones, leaving terrible ass services @TMobileHelp @TMobile and going to @ATT",1,1,0,Queen_o_sosweet,Queen 💎,54,119,11,2,2022
https://twitter.com/brianparks64/status/1492212262777630722,2022-02-11 19:01:42+00:00,1492212262777630722,@TMobileHelp hey T-Mobile. Just got two SIM cards today and my wife and I can’t iMessage each other. Getting the message blocked error. Our numbers are@t blocked though,1,0,0,brianparks64,Brian Parks,1096,1857,11,2,2022
https://twitter.com/BigLaborViet/status/1492211779191013376,2022-02-11 18:59:46+00:00,1492211779191013376,"For my Mariners fans out there, something cool I got to work on this week :’) ⬇️ Retail workers at T-Mobile Park are organizing! Will share ways to get involved soon. ✊ https://t.co/3O7FMAoYl5",9,2,52,BigLaborViet,Ngọc Sỹ 🇻🇳🐉⛰🌊🎋,2123,1211,11,2,2022
https://twitter.com/Queen_o_sosweet/status/1492211525062475786,2022-02-11 18:58:46+00:00,1492211525062475786,@TMobileHelp @TMobile if y’all have T-Mobile or sprint just can  ur services and go elsewhere cause they don’t give a fuck and will continue collecting ur money,1,1,0,Queen_o_sosweet,Queen 💎,54,119,11,2,2022
https://twitter.com/UFCW_3000/status/1492211091413209090,2022-02-11 18:57:02+00:00,1492211091413209090,Thank you @ItsPaulSewald for your support and solidarity with workers at T-Mobile Park and with retail workers everywhere! ✊ #1u #UnionStrong https://t.co/ldrALMc6e5,5,0,25,UFCW_3000,UFCW 3000,3062,1378,11,2,2022
https://twitter.com/_kuyamikey/status/1492210577661329413,2022-02-11 18:55:00+00:00,1492210577661329413,UFCW 21 -- a grocery/retail/healthcare worker union in western WA -- is seeking to help organize the retail workers at t-mobile park here's a quote from comrade sewald expressing solidarity and support for the unionization of the stadium workers. truly the 🐐 https://t.co/TmthfOsZuh,12,3,81,_kuyamikey,Mikey Ajeto says #RejectMarcosDuterte 🇵🇭,2680,687,11,2,2022
https://twitter.com/navvet96/status/1492210164266680327,2022-02-11 18:53:21+00:00,1492210164266680327,"My best friend told me he gets great cell phone reception and internet connection at my house, and he's with Total Wireless. I'm with T-Mobile and getting no reception or internet connection at my house. I think it's time to change to Total Wireless.",1,0,2,navvet96,Dwight Miller,513,1623,11,2,2022
https://twitter.com/melissabishop/status/1492207776776392705,2022-02-11 18:43:52+00:00,1492207776776392705,@verizonsupport I need a new phone. The screen on mine broke. T-mobile has offered a free phone to me to switch. Can you match that to have me stay?,1,1,0,melissabishop,MelissaBishop,348,159,11,2,2022
https://twitter.com/WAFORDEMOCRACY/status/1492207129305911297,2022-02-11 18:41:18+00:00,1492207129305911297,@TMobile I like T-Mobile for a lot of reasons. I don’t like that I pay $200 a month for 2 phones though &amp; never get internet connection when I’m not home. I live in the city… there should be zero issues. I was told my bill would be a flat $130 a month. I own both phones. Why $200? 😖,1,6,18,WAFORDEMOCRACY,MG 💙💚💙🏳️‍🌈 #Seahawks,1247,1145,11,2,2022
https://twitter.com/AlvinV777/status/1492205196407156741,2022-02-11 18:33:37+00:00,1492205196407156741,@TMobileHelp how can I upgrade using my jump.  I do not see anywhere online to do the jump.,1,0,0,AlvinV777,Alvin Villegas,5,40,11,2,2022
https://twitter.com/MrJoseph2010/status/1492204093535883267,2022-02-11 18:29:14+00:00,1492204093535883267,@TMobileHelp  I am having issue making calls to people in Texas on other networks. Is there an issue,1,2,0,MrJoseph2010,Joseph M,13,57,11,2,2022
https://twitter.com/andthentheyfell/status/1492203668074020864,2022-02-11 18:27:32+00:00,1492203668074020864,"@TMobileHelp t-mobile is the most laughable excuse for cell provider I’ve ever experienced I fucking HATE this company everything they say is a fucking lie including the signal strength bars, full bars ZERO coverage? Y’all are pulling some fraud shit to keep investors calm.",1,1,0,andthentheyfell,刀の 丂ﾉム刀ﾑﾚ,15,123,11,2,2022
https://twitter.com/ayedrobb/status/1492197755154051078,2022-02-11 18:04:03+00:00,1492197755154051078,"to be very bottom tier, T-Mobile be having the audacity with the bill",1,0,0,ayedrobb,Rob 🤝🏾,1905,1225,11,2,2022
https://twitter.com/sparcv/status/1492191762869366794,2022-02-11 17:40:14+00:00,1492191762869366794,"#TMobileISP @TMobileHelp Very annoyed with my T-Mobile Home internet service. I get fantastic upload and download speeds, with a large *. I can run speedtest all day and get uploads in the 70-80Mbs range, but if I try to upload content within a VPN it gets throttled to 10 MBs! Y?",1,3,0,sparcv,varian,27,113,11,2,2022
https://twitter.com/TeamMileyChina/status/1492190878135472140,2022-02-11 17:36:43+00:00,1492190878135472140,"T-Mobile will donate $250,000 to Miley Cyrus’ Happy Hippie Foundation✨ https://t.co/1JNxpl22ot",56,9,643,TeamMileyChina,Susie needs ATTENTION,1734,2104,11,2,2022
https://twitter.com/dallas_luckart/status/1492187748958187521,2022-02-11 17:24:17+00:00,1492187748958187521,@TMobileHelp Hey @Verizon @ATTexplore @GetSpectrum if I was to buy a phone and then send it back on a buyers remorse would you give me my money back or make me wait over a month? I'm just asking because I may switch over!!!,1,1,0,dallas_luckart,Dallas Luckart,6,19,11,2,2022
https://twitter.com/PartonNews/status/1492187338692345861,2022-02-11 17:22:39+00:00,1492187338692345861,Dolly Parton and Miley Cyrus Help 5G Phones' Dreams Come True | T-Mobile https://t.co/sCAuE1g4lv via @YouTube,1,0,16,PartonNews,Dolly Parton News,3792,78,11,2,2022
https://twitter.com/TampChamp/status/1492186066719330304,2022-02-11 17:17:36+00:00,1492186066719330304,Got to meet the GOAT @PNWBroccoliGuy at the @SeawolvesRugby match! Can’t wait to see you at T-Mobile Park again 🤙🥦 https://t.co/34awnjKiOY,1,0,23,TampChamp,Ryan Nagy,1594,611,11,2,2022
https://twitter.com/BizSuperstar/status/1492185920359084040,2022-02-11 17:17:01+00:00,1492185920359084040,Dolly Parton And Miley Cyrus Partner For T-Mobile Super Bowl Ad Campaign $TMUS $CAG https://t.co/Jg61Xbfv3D via @benzinga @TMobile @DollyParton @MileyCyrus #SuperBowl #advertising #marketing #5G,2,1,3,BizSuperstar,Phil Hall,1679,2329,11,2,2022
https://twitter.com/Javiscon1/status/1492185803862204419,2022-02-11 17:16:33+00:00,1492185803862204419,This photo should be taken from a T-Mobile Sidekick 3 https://t.co/hWL6gBJxU2,2,1,135,Javiscon1,Javiscon,2924,104,11,2,2022
https://twitter.com/ClassicMP/status/1492183261237456897,2022-02-11 17:06:27+00:00,1492183261237456897,@TMobile I won’t ever look at an ad unless @DollyParton is in it. Excellent choice T-Mobile.,2,0,18,ClassicMP,Classic Movies 🎞,7039,2271,11,2,2022
https://twitter.com/JBCrewdotcom/status/1492182201127129094,2022-02-11 17:02:14+00:00,1492182201127129094,The T-Mobile Reserved Tickets for Justin Bieber’s Justice World Tour show in Salt Lake City on March 13th are on sale now! Good luck to everyone purchasing tickets!  https://t.co/uNSKAN0D5r https://t.co/L6Z8jAxHsc,13,1,59,JBCrewdotcom,Justin Bieber Crew,77732,155,11,2,2022
https://twitter.com/dallas_luckart/status/1492180879132790786,2022-02-11 16:56:59+00:00,1492180879132790786,Hey had anyone else waited a month and talked to at least 15 people for almost $400 from @TMobileHelp ? I returned a phone talked to a ton of people was told I would get my money and never have. Bad thing is I have continued to pay my bill while they owe me. Wtf,1,1,1,dallas_luckart,Dallas Luckart,6,19,11,2,2022
https://twitter.com/cloudnhyne/status/1492179481280188419,2022-02-11 16:51:26+00:00,1492179481280188419,So let me get this straight. @Samsung won't unlock my phone. @TMobileHelp won't unlock my phone. They just keep passing me back and forth like a cheap slut. Meanwhile I have no phone. This is so stupid!!!!!,1,0,0,cloudnhyne,Cloudnhyne,2,80,11,2,2022
https://twitter.com/sjvn/status/1492178485401595907,2022-02-11 16:47:28+00:00,1492178485401595907,"5G is finally ready for business https://t.co/WuuByHrbUD via @computerworld &amp; @sjvn Four years after AT&amp;T, T-Mobile, and Verizon started telling you to buy #5G smartphones, it's finally worth your time to buy 5G.",1,0,3,sjvn,Steven J. Vaughan-Nichols,14162,1881,11,2,2022
https://twitter.com/1nterestingTech/status/1492178350667878403,2022-02-11 16:46:56+00:00,1492178350667878403,"News: ""Harris County Public Library Launches Internet Connect Campaign With 5G From T-Mobile"" From: https://t.co/Uh0HAZ43Iu #GlobalGoals #UNSDGs #SDGs",1,0,0,1nterestingTech,"Well, that’s interesting tech",1740,4999,11,2,2022
https://twitter.com/PlayBoiPatt/status/1492176788088360960,2022-02-11 16:40:44+00:00,1492176788088360960,Having T-Mobile and not having signal at a T-Mobile store is so T-Mobile 😞,2,0,5,PlayBoiPatt,PlayboiPatt,938,715,11,2,2022
https://twitter.com/tellemkane/status/1492175448045981702,2022-02-11 16:35:24+00:00,1492175448045981702,Who has AT&amp;T Verizon or  T-Mobile 15k otf we can spilt,1,0,2,tellemkane,Dog man,0,1,11,2,2022
https://twitter.com/MileyNewsAccess/status/1492170134282285059,2022-02-11 16:14:17+00:00,1492170134282285059,"Miley was asked by @DollyParton to team up with her and @TMobile for their Super Bowl ad! T-Mobile happily supports Miley’s @happyhippiefdn and has donated $250,000 in turn of Miley being a part of their ad! 💛 https://t.co/QKAThuV1y6",31,0,141,MileyNewsAccess,Miley Cyrus Access,22702,19,11,2,2022
https://twitter.com/___sierrag/status/1492168682277068803,2022-02-11 16:08:31+00:00,1492168682277068803,NOBODY TOLD SPRINT TO GO TO T-MOBILE MY SERVICE IS REALLY TRASH,6,2,5,___sierrag,SG🦋,50,52,11,2,2022
https://twitter.com/MusebyClio/status/1492166210984808448,2022-02-11 15:58:42+00:00,1492166210984808448,"See all 39 full #SuperBowl spots released so far. With new entries from Cutwater Spirits, T-Mobile and more: https://t.co/7oCVHQuBh0 https://t.co/SqfjOgJEJG",4,0,7,MusebyClio,Muse by Clio,7605,1033,11,2,2022
https://twitter.com/Ladyktho/status/1492161312809533445,2022-02-11 15:39:14+00:00,1492161312809533445,I fucking hate T-Mobile …. Dumb ass phone service,1,0,2,Ladyktho,Kailyn Crawford,510,287,11,2,2022
https://twitter.com/MILEYSPlZZA/status/1492160777087823884,2022-02-11 15:37:06+00:00,1492160777087823884,"NEW pictures of @MileyCyrus for T-Mobile's ""Do It For The Phones"" #DoItForThePhones ❤️ (1/2) https://t.co/QyWQRyCOZv",19,1,61,MILEYSPlZZA,benji,2020,851,11,2,2022
https://twitter.com/Antoniosolo13/status/1492159576031956993,2022-02-11 15:32:20+00:00,1492159576031956993,@TMobile @TMobileHelp @MikeSievert @JohnLegere Greedy Mother fuckers!! https://t.co/FTdvriXdZO,1,1,0,Antoniosolo13,The Slogan,19,30,11,2,2022
https://twitter.com/Rey_Paaaa/status/1492159020249100289,2022-02-11 15:30:08+00:00,1492159020249100289,T-Mobile could smd worda me,1,0,2,Rey_Paaaa,Pa👑,2138,1287,11,2,2022
https://twitter.com/UWontHateMe/status/1492158527590178818,2022-02-11 15:28:10+00:00,1492158527590178818,"T-Mobile will donate $250,000 dollars to @happyhippiefdn🥺❤️ https://t.co/F7CdLG1f6H",8,0,37,UWontHateMe,rae🎸,1565,706,11,2,2022
https://twitter.com/OuterBoroRoyal/status/1492158516513103875,2022-02-11 15:28:07+00:00,1492158516513103875,The new CEO of T-Mobile  https://t.co/kuvZhcfyNy,1,1,3,OuterBoroRoyal,BombayK,2161,189,11,2,2022
https://twitter.com/str8pipo/status/1492158499970760705,2022-02-11 15:28:04+00:00,1492158499970760705,"@TMobileHelp @TMobile the managers name was Olivia. She has no compassion towards customers at all. I've returned several phones to Assurant and no issues, none. All of a sudden half a year later I'm being charged for this matter. Does TMobile not care about it's customers???",1,0,0,str8pipo,iMightBeACookie🌐,22,273,11,2,2022
https://twitter.com/Techlife32/status/1492158497768841223,2022-02-11 15:28:03+00:00,1492158497768841223,"AT&amp;T, T-MOBILE, VERIZON WIRELESS | PSA TO ALL CUSTOMERS !!! https://t.co/ohiOlOdmia ⁦@thetechxtremist⁩",1,0,3,Techlife32,Tech life Channel,2367,474,11,2,2022
https://twitter.com/ColoradoJeeper/status/1492156106600169475,2022-02-11 15:18:33+00:00,1492156106600169475,Anyone know what 5g UC is on @TMobileHelp ? https://t.co/jrN0VILJQA,1,2,0,ColoradoJeeper,Jeeper in Colorado✌️,443,567,11,2,2022
https://twitter.com/KaosDG/status/1492155480025747457,2022-02-11 15:16:04+00:00,1492155480025747457,"@TMobileHelp @TMobile I live in between tower ranges, and get 0 coverage at home.  I have a cell spot, but that doesn't help when my crappy internet monopoly goes down (frequently).  I'm sure my neighbors are suffering the same.  please help.",1,1,0,KaosDG,Karl R. C.,55,161,11,2,2022
https://twitter.com/udaysistla/status/1492155242120564738,2022-02-11 15:15:07+00:00,1492155242120564738,Why is my Samsung S10 starts to ring suddenly without any incoming calls? I started getting this after updating it to Android 12 and One UI 4. @SamsungMobile @SamsungMobileUS @TMobileHelp,1,1,0,udaysistla,Uday Sistla 😷,150,463,11,2,2022
https://twitter.com/str8pipo/status/1492153900203454467,2022-02-11 15:09:47+00:00,1492153900203454467,"@TMobile @TMobileHelp so TMobile is basically blatantly stealing money from me. Half a year ago I returned a phone using their Assurant program. I was charged half a year later, and an Assurant representative stated that they had received the package, but not the phone",1,1,0,str8pipo,iMightBeACookie🌐,22,273,11,2,2022
https://twitter.com/MlLEYDIOR/status/1492150944750276608,2022-02-11 14:58:02+00:00,1492150944750276608,all this for a t-mobile commercial 😭https://t.co/T9tDwtY61p,3,3,27,MlLEYDIOR,she is coming 🫀,2463,1286,11,2,2022
https://twitter.com/MileyLawyers/status/1492149790687338500,2022-02-11 14:53:27+00:00,1492149790687338500,So this outfit is for a T-Mobile ad? https://t.co/3AGyQjgsk5,4,0,42,MileyLawyers,Miley's Lawyer,664,285,11,2,2022
https://twitter.com/thereallpookaaa/status/1492148806636482562,2022-02-11 14:49:32+00:00,1492148806636482562,T-Mobile got me so fucked up !!,1,0,0,thereallpookaaa,thereallpookaaa,3875,3564,11,2,2022
https://twitter.com/Ryan9900/status/1492148228543827969,2022-02-11 14:47:15+00:00,1492148228543827969,@TMobileHelp Why are you changing my phone plans. I have 2 phone plans from Sprint. You got rid of my one of my legacy phone plans. Why? Now you you changing my international calling ... This company is breaking federal laws ... Billing changes without the customer's knowledge.,1,2,0,Ryan9900,Ryan A.  Cole,950,2053,11,2,2022
https://twitter.com/bctimes/status/1492136395586027523,2022-02-11 14:00:13+00:00,1492136395586027523,"Now a Mount Lebanon resident, Dunlap has scored original music for many more Super Bowls, such as Bridgestone tires, Career Builder and Hyundai for the 2010 game, a 2013 Best Buy commercial with Amy Poehler, and a 2014 T-Mobile ad.   https://t.co/JtarWkcgdN",1,0,0,bctimes,Timesonline.com,8699,508,11,2,2022
https://twitter.com/MonikaNikyta/status/1492134138433921024,2022-02-11 13:51:15+00:00,1492134138433921024,T-Mobile' Super Bowl commercial on Good Morning America 🇺🇸 #MILEYCYRUS you're AWESOME ❤❤❤❤ #DOLLYPARTON❤❤❤❤ @MileyCyrus @DollyParton @TMobile @SBMusicFest @mileyworld https://t.co/63ccWrdxcG,1,0,4,MonikaNikyta,Monica Milano,75,50,11,2,2022
https://twitter.com/datamileycyrus/status/1492133696203280386,2022-02-11 13:49:30+00:00,1492133696203280386,".@TMobile joins forces with Dolly Parton and Miley Cyrus! ""When Aunt Dolly asked me to team up with her and T-Mobile, I was excited to use my voice to enhance this message."" https://t.co/Wrww41oa7G https://t.co/LNm4p4wXYC",31,2,154,datamileycyrus,Miley Data,6149,252,11,2,2022
https://twitter.com/getHALL/status/1492132566513725441,2022-02-11 13:45:00+00:00,1492132566513725441,@VerizonSupport the service truly sucks right now. Signal dropping every 5 mins here in Brooklyn NY. Way worse than my time with T-Mobile,1,1,0,getHALL,Killer Kow,14,97,11,2,2022
https://twitter.com/ElBaulDeLurodAA/status/1492130654011772938,2022-02-11 13:37:25+00:00,1492130654011772938,Miley Cyrus Sings a Song for 5G Phones | T-Mobile https://t.co/hUYNttmJ8q,1,0,0,ElBaulDeLurodAA,Nigga Lu,481,648,11,2,2022
https://twitter.com/dskillzhtown/status/1492124095844130819,2022-02-11 13:11:21+00:00,1492124095844130819,@ChrisHarte7 @MookieforMayor @kingdavidotw Recent history shows us that companies will say anything to get approval for a purchase. T-Mobile and AT&amp;T made all kinds of promises that they didn't even come close to fulfilling. I don't believe anything until I see actions after approval.,1,0,12,dskillzhtown,Derrick,376,635,11,2,2022
https://twitter.com/instamelissa1/status/1492123396519432199,2022-02-11 13:08:34+00:00,1492123396519432199,"T-Mobile Careers is hiring a Sr OEM Business Manager in #Bellevue, apply now! #job https://t.co/Mfdz1yGYkZ #BeMagenta https://t.co/7LJRiSs99V",1,0,0,instamelissa1,Melissa Van Wey,537,921,11,2,2022
https://twitter.com/RainforestMoon/status/1492118156353101830,2022-02-11 12:47:45+00:00,1492118156353101830,@TMobileHelp Good morning.  Anybody up to DM with me about connectivity issues?,1,1,0,RainforestMoon,🌻 Soap Snob🌻,2399,4978,11,2,2022
https://twitter.com/PastorTonySmith/status/1492117827024834560,2022-02-11 12:46:26+00:00,1492117827024834560,#MOOW @2micsandamind @TMobile @tmobilenews @TMobileHelp  Please help support in boycotting T-Mobile and any other companies that threaten to fire employees for their choices &amp; freedom! Pass the word!! https://t.co/Au12yxiVqP,3,1,4,PastorTonySmith,Ra'ah Tony Smith,1228,27,11,2,2022
https://twitter.com/Techlife32/status/1492112973975990272,2022-02-11 12:27:09+00:00,1492112973975990272,T-MOBILE | THIS IS NOT GOOD !! THIS SUCKS !! https://t.co/XezSOeLXkb ⁦@thetechxtremist⁩,1,0,1,Techlife32,Tech life Channel,2367,474,11,2,2022
https://twitter.com/DrunkUncTony/status/1492112833802170372,2022-02-11 12:26:36+00:00,1492112833802170372,"""Ever since they switched us from sprint to T-Mobile, my shit been trippin""",2,0,2,DrunkUncTony,Slevin Kelevra,17139,1302,11,2,2022
https://twitter.com/rae__ban/status/1492112092236767235,2022-02-11 12:23:39+00:00,1492112092236767235,"@TMobile @TMobileHelp tbh I want all my money back for y’all leaking my SSN to the dark web. Instead of buying Sprint, you should have used that money to tighten your security.",1,0,1,rae__ban,r a e ❤️‍🔥,544,404,11,2,2022
https://twitter.com/Mike_Harris71/status/1492053385721556993,2022-02-11 08:30:22+00:00,1492053385721556993,@TMobileHelp I am stationed in South Korea for a year and trying to get my oneplus 9 temporarily unlocked. It shows it is temporary unlocked but the sim I put in doesn't work. Works fine in other phones,1,1,0,Mike_Harris71,M,49,128,11,2,2022
https://twitter.com/MWarzenski30/status/1492038505748480002,2022-02-11 07:31:15+00:00,1492038505748480002,@TMobile @TMobileHelp  Your team of experts really suck! There all based in the Phillippines. They can't even help me unlock the SIM on my phone after I got it back from Apple after being fixed. I can't use my phone or make any phone calls.,1,3,0,MWarzenski30,Michael Warzenski,2,0,11,2,2022
https://twitter.com/MWarzenski30/status/1492038391155806211,2022-02-11 07:30:47+00:00,1492038391155806211,@TMobileHelp Your team of experts really suck! There all based in the Phillippines. They can't even help me unlock the SIM on my phone after I got it back from Apple after being fixed. I can't use my phone or make any phone calls.,1,1,0,MWarzenski30,Michael Warzenski,2,0,11,2,2022
https://twitter.com/EarthAccounting/status/1492015547373920257,2022-02-11 06:00:01+00:00,1492015547373920257,"T-Mobile, Nexamp partner on community #solar https://t.co/RlTlWaiNr3",1,0,1,EarthAccounting,Earth Accounting,27662,24741,11,2,2022
https://twitter.com/jessicashleighh/status/1492015407313551363,2022-02-11 05:59:28+00:00,1492015407313551363,@TMobileHelp so is the code ever gonna get sent to my email or nah,1,1,0,jessicashleighh,Jessica,635,1139,11,2,2022
https://twitter.com/damienj410/status/1492015016509382670,2022-02-11 05:57:54+00:00,1492015016509382670,"@TMobileHelp can I promote the business, is it anyway I can help grow the business even more",1,1,0,damienj410,Cheese1983,221,1158,11,2,2022
https://twitter.com/Bayjones4321/status/1492014579575975938,2022-02-11 05:56:10+00:00,1492014579575975938,"🤬 to @tmobilehelp because With… T-Mobile in United States: speed, performance, outages and user reviews👉 https://t.co/24686Ahtg6",1,0,0,Bayjones4321,Bay Jones,3,162,11,2,2022
https://twitter.com/lucy_netherland/status/1492008224588853248,2022-02-11 05:30:55+00:00,1492008224588853248,"In the past 10 years, the government was allowed to stop the AT&amp;T and T-Mobile merger due to antitrust laws because the telecommunication market would have become less competitive and there was potential for a price increase.",1,0,0,lucy_netherland,Lucy Netherland,1,2,11,2,2022
https://twitter.com/DopeLikeOry/status/1492002724463796224,2022-02-11 05:09:04+00:00,1492002724463796224,I absolutely HATE T-Mobile,2,1,1,DopeLikeOry,stunna.,622,189,11,2,2022
https://twitter.com/AremDzemal/status/1492001951692828698,2022-02-11 05:05:59+00:00,1492001951692828698,T-Mobile will fire unvaccinated corporate employees starting April 2nd: #AI #IoT #BigData MT @Mikequindazzi https://t.co/8AwEzpggve https://t.co/s43pJgPb6x,1,0,0,AremDzemal,Dzemal Arem,2278,1961,11,2,2022
https://twitter.com/JoshAda67428356/status/1492000272628924420,2022-02-11 04:59:19+00:00,1492000272628924420,"@TMobileHelp Having issues with a T-mobile account that was closed, didn't use the service at all, and I'm trying to get this resolved but am being told my account can't be found, doesn't seem like this is getting resolved at all.",1,0,0,JoshAda67428356,Josh Adams,0,4,11,2,2022
https://twitter.com/Carlos_ixi/status/1491992477842264064,2022-02-11 04:28:21+00:00,1491992477842264064,@TMobileHelp I just spoke to agent in they told me I need to go to a TMobile retail location which unfortunately unable to do. The Nearest store is so far away from me,2,1,0,Carlos_ixi,Carlos,47,83,11,2,2022
https://twitter.com/WriterAMichaels/status/1491990801177403393,2022-02-11 04:21:41+00:00,1491990801177403393,"@SamsungMobileUS  @TMobileHelp  OMG  how to make something that should be fun. a nightmare.  Order my phone, get a store credit I MUST USE TONIGHT .  But my case and chargers I want are out of stock. Then I can't get my activation set up errors from T-mobile and locked out OMG!",1,1,0,WriterAMichaels,Andrew Michaels ❤✒,1020,1209,11,2,2022
https://twitter.com/ScottHammond_23/status/1491990542611329024,2022-02-11 04:20:39+00:00,1491990542611329024,@TMobileHelp why do I have to keep restarting my damn phone every time I try to send a text message? I keep getting failed to send message! Your service sucks!,1,1,0,ScottHammond_23,Scott Hammond,885,625,11,2,2022
https://twitter.com/ukgirlinsf/status/1491989171455414272,2022-02-11 04:15:12+00:00,1491989171455414272,Latest advert for the iPhone13 is so creepy! Adverts should be uplifting w/a nice jingle if possible. Instead we have a low raspy voice coming from a basement to a woman at the top of the stairs who is afraid! Who came up w/this idea? 🤦‍♀️ @tim_cook Apple  @TMobileHelp #tmobile,1,0,0,ukgirlinsf,mary french,402,28,11,2,2022
https://twitter.com/txbluntman/status/1491980966130339866,2022-02-11 03:42:36+00:00,1491980966130339866,@TMobileHelp spectrum and y’all have been down for the last 3 hours. I’m in eagle pass Texas,1,3,1,txbluntman,txbluntman,897,999,11,2,2022
https://twitter.com/Bodega_7/status/1491976852654772262,2022-02-11 03:26:15+00:00,1491976852654772262,@TMobileHelp I have a question!,1,1,0,Bodega_7,Papa Dega,282,653,11,2,2022
https://twitter.com/benjamin949/status/1491976074074509336,2022-02-11 03:23:10+00:00,1491976074074509336,@TMobileHelp hi T-Mobile I had a payment arrangement on the 11 of this mouth can we extend it or not I don’t want to lose services,1,1,0,benjamin949,Benjamin mendez,1114,4999,11,2,2022
https://twitter.com/SAlibaster/status/1491974768874057732,2022-02-11 03:17:59+00:00,1491974768874057732,"When 2 of the absolute WORST carriers merge, and your service GETS WORSE!!! Overcharged every month. Have to call in and try to understand the agent, to get this fucking TRASH service.  @TMobileHelp get a fucking clue. https://t.co/nSJfYgnPax",1,1,0,SAlibaster,Biden's ULTRA treason,67,293,11,2,2022
https://twitter.com/ElChibo/status/1491967564888608770,2022-02-11 02:49:21+00:00,1491967564888608770,@TMobileHelp  Can I still Jump at 12 months with the iPhone if I don't have Protection 360?,1,1,0,ElChibo,Travis Scarangello,1101,1715,11,2,2022
https://twitter.com/skeezawear/status/1491965549714100224,2022-02-11 02:41:21+00:00,1491965549714100224,@TMobileHelp since the verify link doesnt work is there another way to chat with someone? https://t.co/9K7nj5mE3O,1,1,0,skeezawear,ryan curtis,20,261,11,2,2022
https://twitter.com/Mugilla_Gurilla/status/1491963829277892610,2022-02-11 02:34:30+00:00,1491963829277892610,@TMobile @TMobileHelp this is some of the most unacceptable home internet I've ever dealt with... always love having my internet drop to this on a regular basis usually at night... Can't watch TV or anything since all of that depends on internet! https://t.co/WR6aMZbTOx,1,2,0,Mugilla_Gurilla,Mugilla,337,922,11,2,2022
https://twitter.com/colderthan__ice/status/1491962760309137408,2022-02-11 02:30:16+00:00,1491962760309137408,T-Mobile just gave me Paramount+ for free,1,0,2,colderthan__ice,sarunas jackson stan page,2163,335,11,2,2022
https://twitter.com/MattJaxSIN21/status/1491960067356196864,2022-02-11 02:19:33+00:00,1491960067356196864,How Eichel should enter T-Mobile arena in his first game. All of the pyro… https://t.co/sc7HeWW9Bj,4,5,36,MattJaxSIN21,Cassidy’s Revenge Tour,662,1192,11,2,2022
https://twitter.com/VampWriterGRRL/status/1491957050724737031,2022-02-11 02:07:34+00:00,1491957050724737031,I had to finally break down and get a cell phone from T-Mobile so I can call Uber instead of taxis. I got one for Mom too because the nursing home phones are next to useless. I need so many 30 gallon black trash bags. I just need some help to finally get us out of here. 2/2,1,0,1,VampWriterGRRL,RobinDAshe-Soldier’s Angel🌹🧚🏻‍♀️🌙🐈🐈🐈🐱🐱📚⚰,4152,4424,11,2,2022
https://twitter.com/MartinFuentes88/status/1491956149461082117,2022-02-11 02:03:59+00:00,1491956149461082117,T-mobile has been ass lately,1,1,2,MartinFuentes88,Martin Fuentes,983,968,11,2,2022
https://twitter.com/Ty_Firm/status/1491951119249072153,2022-02-11 01:44:00+00:00,1491951119249072153,T-Mobile so damn trash it’s like my phone don’t got service NOWHERE 😒,3,0,2,Ty_Firm,Live&Maintain🏁,771,711,11,2,2022
https://twitter.com/LeslieGWalker/status/1491947694088204299,2022-02-11 01:30:23+00:00,1491947694088204299,Looks like @TMobile cares more about new customers than their current. 20+years and I can’t even get a straight answer on purchasing a new phone @TMobileHelp,1,1,0,LeslieGWalker,Leslie G. Walker,40,175,11,2,2022
https://twitter.com/dcmarketeer/status/1491943682534428676,2022-02-11 01:14:27+00:00,1491943682534428676,@TMobileHelp Husband ordered new phone because old one lost; new phone stolen during shipment; being told he has to get a SIM card put in yet another phone in order to report the stolen phone.  Why can't your toll-free number take the report and help him get a new phone?,1,1,0,dcmarketeer,Carol Ann Hilton ❤️⚾️,169,246,11,2,2022
https://twitter.com/ArtistOral/status/1491943331181461504,2022-02-11 01:13:03+00:00,1491943331181461504,"@TMobileHelp I haven't had mobile internet in a week, my texts are failing to send, I'm not receiving any sent to me, and cell service is dropping randomly throughout the day. What is going on?!",1,1,0,ArtistOral,The.Oral.Artist is getting old....,32,120,11,2,2022
https://twitter.com/MobileGamer365/status/1491932736457613313,2022-02-11 00:30:57+00:00,1491932736457613313,"Thanks, T-Mobile! https://t.co/J4nESodIaw",2,11,67,MobileGamer365,MobileGamer,12455,335,11,2,2022
https://twitter.com/tinashehive/status/1491930116741644330,2022-02-11 00:20:33+00:00,1491930116741644330,Is it by force I open messages from t-mobile and Paula’s choice? https://t.co/WwSIWPKLaM,3,0,16,tinashehive,girl of the year,11679,444,11,2,2022
https://twitter.com/JonathanLondon/status/1491929852651311104,2022-02-11 00:19:30+00:00,1491929852651311104,"@jkirkg @NateRockQuarry @TMobileHelp No, it’s awesome. @MsHeidiCox and I DMed @TMobileHelp and now it’s way slower than a phone call would have been! 🤖",1,1,2,JonathanLondon,Jonathan London,3596,594,11,2,2022
