url,Datetime,Tweet Id,Text,Retweet Count,Reply Count,Like Count,Username,Display Name,Followers Count,Friends Count,Rendered Content,Day,Month,Year
https://twitter.com/SincerelyJenee/status/562377910288662529,2015-02-02 22:31:56+00:00,562377910288662529,"The real stars of the #SuperBowl: dads. Dove, Toyota and Nissan were all about #dadvertising and #realstrength. http://t.co/JKHRmLxQ9b",5,0,3,SincerelyJenee,Jeneé Osterheldt,12243,4902,"The real stars of the #SuperBowl: dads. Dove, Toyota and Nissan were all about #dadvertising and #realstrength. fb.me/1z3FV69YW",2,2,2015
https://twitter.com/IntegrateTeam/status/562354620732014592,2015-02-02 20:59:24+00:00,562354620732014592,Our intern @NancyG_PR thinks @toyota @cocacola and @chevrolet's #SuperBowl commercials were the tops! http://t.co/Yt023JBRwI Do you agree?,1,0,0,IntegrateTeam,Integrate Agency,2593,2576,Our intern @NancyG_PR thinks @toyota @cocacola and @chevrolet's #SuperBowl commercials were the tops! ow.ly/In4MH Do you agree?,2,2,2015
https://twitter.com/TheKevinKlein/status/562335913154330625,2015-02-02 19:45:04+00:00,562335913154330625,"Superbowl ads worked on me. I just drank a Pepsi, bought a Toyota, and killed a kid.",4,1,12,TheKevinKlein,KLEIN,13005,981,"Superbowl ads worked on me. I just drank a Pepsi, bought a Toyota, and killed a kid.",2,2,2015
https://twitter.com/justusguystv/status/562327485551878144,2015-02-02 19:11:34+00:00,562327485551878144,I'm still learning to be a dad and @Toyota #Superbowl commercial was cool. #toyota #Dad #Father #OneBoldChoice https://t.co/hbKHVhIXsc,1,0,4,justusguystv,Just Us Guys,726,861,I'm still learning to be a dad and @Toyota #Superbowl commercial was cool. #toyota #Dad #Father #OneBoldChoice youtube.com/watch?v=QEzdVV…,2,2,2015
https://twitter.com/DerekHoughNews/status/562321134629445632,2015-02-02 18:46:20+00:00,562321134629445632,"Here is the video ""How great I am"" ft @AmyPurdyGurl &amp; @Toyota http://t.co/pa0NSkOO8q . We are so proud of you, Amy! #SuperBowl #PurdyHough",4,0,8,DerekHoughNews,Derek Hough News,16212,14057,"Here is the video ""How great I am"" ft @AmyPurdyGurl &amp; @Toyota bit.ly/1EC4waY . We are so proud of you, Amy! #SuperBowl #PurdyHough",2,2,2015
https://twitter.com/MyBestRide/status/562294518993928192,2015-02-02 17:00:34+00:00,562294518993928192,Pick your favorite #SuperBowl ad @BMWUSA @Toyota @kia @Lexus @Dodge @NissanUSA @MBUSA http://t.co/yOC71eZ6S6 http://t.co/l25aFbycRu,1,0,0,MyBestRide,BestRide,807,700,Pick your favorite #SuperBowl ad @BMWUSA @Toyota @kia @Lexus @Dodge @NissanUSA @MBUSA buff.ly/1LE1B6z http://t.co/l25aFbycRu,2,2,2015
https://twitter.com/mediabizblogger/status/562293169807974401,2015-02-02 16:55:13+00:00,562293169807974401,The #SuperBowl that Cared http://t.co/scRgePjc4Y #JackMyers @DoveMenCare @Toyota @Nissan @NFL @Microsoft_EDU @Jeep @Dodge @TMobile,1,0,0,mediabizblogger,Media Biz Blogger,1088,866,The #SuperBowl that Cared bit.ly/1Aj6jTM #JackMyers @DoveMenCare @Toyota @Nissan @NFL @Microsoft_EDU @Jeep @Dodge @TMobile,2,2,2015
https://twitter.com/StewFriedman/status/562265445164941312,2015-02-02 15:05:03+00:00,562265445164941312,"Another great #SuperBowl ad @Toyota #MyBoldDad. http://t.co/Wx9wjfzXk6 Changing #gender stereotypes, what it is 2 b a man. #WhyFathersMatter",3,0,1,StewFriedman,Stew Friedman,13311,1107,"Another great #SuperBowl ad @Toyota #MyBoldDad. ow.ly/Il4QK Changing #gender stereotypes, what it is 2 b a man. #WhyFathersMatter",2,2,2015
https://twitter.com/HarperCollins/status/562264234633854977,2015-02-02 15:00:14+00:00,562264234633854977,"Watch @AmyPurdyGurl's #OneBoldChoice @Toyota #SuperBowl commercial, here: http://t.co/939nzg2yKi",1,0,0,HarperCollins,HarperCollins,1017383,3673,"Watch @AmyPurdyGurl's #OneBoldChoice @Toyota #SuperBowl commercial, here: bit.ly/1A8gevh",2,2,2015
https://twitter.com/jeffmarias2001/status/562252071785615360,2015-02-02 14:11:54+00:00,562252071785615360,I loved @Toyota #SuperBowl commercial last night! It definitely pulls at your heartstrings!  #OneBoldChoice. #ad http://t.co/FKGGbC6GcL,1,0,1,jeffmarias2001,Maria Sinclair,15057,11275,"I loved @Toyota #SuperBowl commercial last night! It definitely pulls at your heartstrings!  #OneBoldChoice.
#ad youtu.be/Un6uP6cykgo",2,2,2015
https://twitter.com/ScottWilliams/status/562240437130629120,2015-02-02 13:25:40+00:00,562240437130629120,Best Commercial For #SuperBowl XLIX - http://t.co/6zv1d7nvNj #Toyota,1,0,0,ScottWilliams,Scott Williams,96201,60970,Best Commercial For #SuperBowl XLIX - bitn.us/1EYGEP7 #Toyota,2,2,2015
https://twitter.com/ZerCustomscom/status/562224973906202624,2015-02-02 12:24:14+00:00,562224973906202624,Video: #Toyota #Camry #SuperBowl 2015 #Commercial: #turbo #supercharger #exhaust #bodykit #powerkit #luxury… http://t.co/z35GzMPHwT,12,0,13,ZerCustomscom,ZerCustoms,2303,4063,Video: #Toyota #Camry #SuperBowl 2015 #Commercial: #turbo #supercharger #exhaust #bodykit #powerkit #luxury… goo.gl/fb/4RxqQm,2,2,2015
https://twitter.com/i4unews/status/562154735096979456,2015-02-02 07:45:07+00:00,562154735096979456,Toyota #SuperBowl 2015 Ad My Bold Dad: The Toyota #SuperBowl2015 Ad My Bold Dad is one of the three Super Bowl ads… http://t.co/EMevar7pQk,1,0,0,i4unews,I4U News,12097,4651,Toyota #SuperBowl 2015 Ad My Bold Dad: The Toyota #SuperBowl2015 Ad My Bold Dad is one of the three Super Bowl ads… dlvr.it/8Lvl7C,2,2,2015
https://twitter.com/SeanCunningham/status/562143633416409089,2015-02-02 07:01:00+00:00,562143633416409089,"Toyota Sports Extra -11:35p News10: Epic SuperBowl, Pete Carroll tries to explain, DeMarcus Cousins an AllStar, Davis/SacSt 1st place + more",1,0,0,SeanCunningham,Sean Cunningham,15194,1460,"Toyota Sports Extra -11:35p News10: Epic SuperBowl, Pete Carroll tries to explain, DeMarcus Cousins an AllStar, Davis/SacSt 1st place + more",2,2,2015
https://twitter.com/ScottWilliams/status/562124626038648832,2015-02-02 05:45:29+00:00,562124626038648832,Best #SuperBowl Commercial -  http://t.co/6zv1d7nvNj #Toyota,3,0,1,ScottWilliams,Scott Williams,96201,60970,Best #SuperBowl Commercial -  bitn.us/1EYGEP7 #Toyota,2,2,2015
https://twitter.com/BryanHarrison13/status/562103408924975104,2015-02-02 04:21:10+00:00,562103408924975104,"Top 3 #Automotive @nfl #SuperBowl Ads: ""How Great Am I"" by @Toyota, ""Newfangled"" by @bmw &amp; ""Wisdom"" by @Dodge.   https://t.co/mvCo5BkQtn",1,0,1,BryanHarrison13,"Bryan Harrison, CAE, PMP, CMP",901,504,"Top 3 #Automotive @nfl #SuperBowl Ads: ""How Great Am I"" by @Toyota, ""Newfangled"" by @bmw &amp; ""Wisdom"" by @Dodge.  
screen.yahoo.com/big-game-ads/n…",2,2,2015
https://twitter.com/POPSUGARMoms/status/562093571084673025,2015-02-02 03:42:05+00:00,562093571084673025,You'll want to grab a tissue before watching @Toyota's #OneBoldChoice #SuperBowl ad http://t.co/GZXNAU91NU http://t.co/Zop9w1xjpZ,8,5,14,POPSUGARMoms,POPSUGAR Family,349171,1346,You'll want to grab a tissue before watching @Toyota's #OneBoldChoice #SuperBowl ad popsu.gr/36757583 http://t.co/Zop9w1xjpZ,2,2,2015
https://twitter.com/KaranSC_/status/562081572900581376,2015-02-02 02:54:24+00:00,562081572900581376,The Camry commercial tugged at my damn heartstrings 😣 @Toyota  #OneBoldChoice #SuperBowl,1,0,2,KaranSC_,Karan,825,508,The Camry commercial tugged at my damn heartstrings 😣 @Toyota  #OneBoldChoice #SuperBowl,2,2,2015
https://twitter.com/Automotive_News/status/562080587201384448,2015-02-02 02:50:29+00:00,562080587201384448,"Unofficial ad ranking from @IKG1907: ""so far number 1. BMW i3, 2. Nissan, 3. Jeep, 4. Toyota, 5. Dodge"" #SuperBowl http://t.co/3E2K4B6MKv",11,4,8,Automotive_News,Automotive News,228038,2569,"Unofficial ad ranking from @IKG1907: ""so far number 1. BMW i3, 2. Nissan, 3. Jeep, 4. Toyota, 5. Dodge"" #SuperBowl http://t.co/3E2K4B6MKv",2,2,2015
https://twitter.com/JFRegister/status/562078412496326656,2015-02-02 02:41:51+00:00,562078412496326656,#SuperBowl #SuperBowlXLIX hey all @AmputeesUSA @AmputeeNews @AmputeesUSA how 'bout RT ShoutOuts to @Microsoft &amp; @Toyota for promoting Amps!,2,0,4,JFRegister,"John Register, CSP™ PLY",5013,5282,#SuperBowl #SuperBowlXLIX hey all @AmputeesUSA @AmputeeNews @AmputeesUSA how 'bout RT ShoutOuts to @Microsoft &amp; @Toyota for promoting Amps!,2,2,2015
https://twitter.com/TaylorMWrites43/status/562078325011513345,2015-02-02 02:41:30+00:00,562078325011513345,"BWAHAHA or his old Power Rangers gig. RT @vbspurs: Taking the Toyota Samurai commercial a bit too much to heart, Ricardo Medina? #SuperBowl",1,0,0,TaylorMWrites43,Taylor Millard,1869,1813,"BWAHAHA or his old Power Rangers gig. RT @vbspurs: Taking the Toyota Samurai commercial a bit too much to heart, Ricardo Medina? #SuperBowl",2,2,2015
https://twitter.com/tyfrancis/status/562072958358028290,2015-02-02 02:20:10+00:00,562072958358028290,"#Toyota, you reduced me to a mess of tears. Bravo. #SuperBowl http://t.co/07rSQIoBtg http://t.co/NLr3SQ6HDx",1,0,3,tyfrancis,Ty Francis MBE,5068,745,"#Toyota, you reduced me to a mess of tears. Bravo. #SuperBowl bit.ly/1yrqU2t http://t.co/NLr3SQ6HDx",2,2,2015
https://twitter.com/CssDrillTeam/status/562071538057621505,2015-02-02 02:14:32+00:00,562071538057621505,I GOT CHILLS WHEN I SAW YOU ON TV DURING THE SUPERBOWL♡ MY SHEROE #AmyPurdy #Toyota,5,1,20,CssDrillTeam,CSS Drill Team,403,375,I GOT CHILLS WHEN I SAW YOU ON TV DURING THE SUPERBOWL♡ MY SHEROE #AmyPurdy #Toyota,2,2,2015
https://twitter.com/AmyPurdyGurl/status/562071508206366721,2015-02-02 02:14:24+00:00,562071508206366721,What an amazing day! So proud to be partnered with @Toyota and paired with @MuhammadAli for #SB49 #SuperBowl http://t.co/Yd7BjlxdxQ,42,23,276,AmyPurdyGurl,Amy Purdy,63358,550,What an amazing day! So proud to be partnered with @Toyota and paired with @MuhammadAli for #SB49 #SuperBowl http://t.co/Yd7BjlxdxQ,2,2,2015
https://twitter.com/MishasCC/status/562067711468257281,2015-02-02 01:59:19+00:00,562067711468257281,What's been your favorite commercial so far? #likeagirl ? Toyota? #SuperBowl,1,2,2,MishasCC,Misha's Cupcakes,2526,479,What's been your favorite commercial so far? #likeagirl ? Toyota? #SuperBowl,2,2,2015
https://twitter.com/TraysJourney/status/562066697239396353,2015-02-02 01:55:17+00:00,562066697239396353,. @towingaevans @Toyota @EstellaPyfrom @Microsoft She's amazing #LifeYouWantMIA w/ @Oprah #SuperBowl #inspiration @mayawatson @OnMyOWNworld,1,2,0,TraysJourney,TraysJourney,1388,1369,. @towingaevans @Toyota @EstellaPyfrom @Microsoft She's amazing #LifeYouWantMIA w/ @Oprah #SuperBowl #inspiration @mayawatson @OnMyOWNworld,2,2,2015
https://twitter.com/zax1133/status/562065251399892992,2015-02-02 01:49:33+00:00,562065251399892992,Hey @NissanUSA my dad drives a Toyota. Does that explain the emotional scarring? #withdad #SuperBowl #SuperBowlXLIX,1,0,1,zax1133,Zack Henson NYC🌹📎,813,1244,Hey @NissanUSA my dad drives a Toyota. Does that explain the emotional scarring? #withdad #SuperBowl #SuperBowlXLIX,2,2,2015
https://twitter.com/Suntimes/status/562063835201556481,2015-02-02 01:43:55+00:00,562063835201556481,So far Toyota's #OneBoldChoice with Amy Purdy is @RichardRoeper's fav #SuperBowl commercial: http://t.co/4Edk4XuXO7 http://t.co/4Edk4XuXO7,1,3,4,Suntimes,Chicago Sun-Times,533743,13631,So far Toyota's #OneBoldChoice with Amy Purdy is @RichardRoeper's fav #SuperBowl commercial: youtu.be/wbydfgOiaHI youtu.be/wbydfgOiaHI,2,2,2015
https://twitter.com/LW4SP/status/562063157179744256,2015-02-02 01:41:13+00:00,562063157179744256,Thank U @Toyota for 2nd positive portrayal of Dad's in #Superbowl ad #adBowl. Now that's socially responsible ! https://t.co/Mz66Cf3y18,1,0,0,LW4SP,LW4SP,931,326,Thank U @Toyota for 2nd positive portrayal of Dad's in #Superbowl ad #adBowl. Now that's socially responsible ! youtube.com/watch?v=Un6uP6…,2,2,2015
https://twitter.com/saatattack/status/562063127051644928,2015-02-02 01:41:06+00:00,562063127051644928,Loved the new @AmyPurdyGurl + @Toyota #SuperBowl ad. Such a badass! #HowGreatIAm #girlpower #3percentsb  https://t.co/L1UNkJGvEv,1,0,3,saatattack,Saata (like you SAT down) Bangura,700,1445,"Loved the new @AmyPurdyGurl + @Toyota #SuperBowl ad. Such a badass! #HowGreatIAm #girlpower #3percentsb 
youtube.com/watch?v=PjUfyg…",2,2,2015
https://twitter.com/Becoming_Dad/status/562061964470259712,2015-02-02 01:36:29+00:00,562061964470259712,"Thank you for #OneBoldChoice @Toyota! ""We may be fathers, but some of us chose to be dads."" Celebrate #fatherhood #SuperBowl #dad4Life",1,0,0,Becoming_Dad,Becoming Dad,564,391,"Thank you for #OneBoldChoice @Toyota! ""We may be fathers, but some of us chose to be dads."" Celebrate #fatherhood #SuperBowl #dad4Life",2,2,2015
https://twitter.com/JPokluda/status/562061192987152384,2015-02-02 01:33:25+00:00,562061192987152384,Toyota dads and Nissan dads should have fought at halftime. #SuperBowl,5,0,12,JPokluda,Jonathan Pokluda,17927,678,Toyota dads and Nissan dads should have fought at halftime. #SuperBowl,2,2,2015
https://twitter.com/NGLsocial/status/562061020597067776,2015-02-02 01:32:44+00:00,562061020597067776,We love the Toyota USA #SuperBowl commercial celebrating dads! #OneBoldChoice What do you think?... http://t.co/5eL0Jd9Fvk,1,0,4,NGLsocial,NGL Collective,20715,2547,We love the Toyota USA #SuperBowl commercial celebrating dads! #OneBoldChoice What do you think?... fb.me/3FRUFamPa,2,2,2015
https://twitter.com/FRAnalytics/status/562059883257020416,2015-02-02 01:28:13+00:00,562059883257020416,The @SuperBowl Halftime Report presented by @Toyota garnered $37.3M in value for the automaker #24hrsSB49 http://t.co/gNAz3lDk3P,3,0,0,FRAnalytics,Front Row Analytics,4764,631,The @SuperBowl Halftime Report presented by @Toyota garnered $37.3M in value for the automaker #24hrsSB49 http://t.co/gNAz3lDk3P,2,2,2015
https://twitter.com/DiegoBernalTX/status/562058950988660737,2015-02-02 01:24:31+00:00,562058950988660737,Halftime: Robo-lions. Holo-floors. Ageless Kravitz.  Party sharks. Soundtrack-to-my-college-Toyota Missy!! And the star. Wow. #SuperBowl,2,1,7,DiegoBernalTX,Diego Bernal,24789,6624,Halftime: Robo-lions. Holo-floors. Ageless Kravitz.  Party sharks. Soundtrack-to-my-college-Toyota Missy!! And the star. Wow. #SuperBowl,2,2,2015
https://twitter.com/Adweek/status/562057930674282496,2015-02-02 01:20:27+00:00,562057930674282496,"TOYOTA - Dads get even more love in this sweet, nicely written Camry ad. #SuperBowl ICYMI: http://t.co/Sb3uXwKO5k http://t.co/WZDdXBtCjx",84,11,108,Adweek,Adweek,689089,26487,"TOYOTA - Dads get even more love in this sweet, nicely written Camry ad. #SuperBowl ICYMI: bit.ly/1yrqU2t http://t.co/WZDdXBtCjx",2,2,2015
https://twitter.com/BusseKlaus/status/562057670887108608,2015-02-02 01:19:25+00:00,562057670887108608,"“@Automotive_News: #Toyota went with a dad theme too in its #Camry spot. How was it? #SuperBowl "" all dads are watching @katyperry right now",2,0,3,BusseKlaus,Klaus Busse,3396,455,"“@Automotive_News: #Toyota went with a dad theme too in its #Camry spot. How was it? #SuperBowl "" all dads are watching @katyperry right now",2,2,2015
https://twitter.com/joshkinchen/status/562057258188546048,2015-02-02 01:17:47+00:00,562057258188546048,"@Toyota, well done 4 highlighting women service members. Now let's have a woman drive in a commercial! #MediaWeLike #NotBuyingIt #SuperBowl",3,1,5,joshkinchen,Josh Kinchen,319,570,"@Toyota, well done 4 highlighting women service members. Now let's have a woman drive in a commercial! #MediaWeLike #NotBuyingIt #SuperBowl",2,2,2015
https://twitter.com/chewsylovers/status/562056677881827328,2015-02-02 01:15:29+00:00,562056677881827328,I'm HERE for all of these positive images of fathers in these #SuperBowl commercials @Toyota! I'm… http://t.co/blhEh3N0yc,1,0,0,chewsylovers,Chewsy Lovers,586,1148,I'm HERE for all of these positive images of fathers in these #SuperBowl commercials @Toyota! I'm… instagram.com/p/ylHpmXuVRl/,2,2,2015
https://twitter.com/LaMonicaBuzz/status/562056621585887232,2015-02-02 01:15:15+00:00,562056621585887232,"In the battle of dad car ads, Toyota beats Nissan in my opinion. #SuperBowl",2,1,2,LaMonicaBuzz,Paul R. La Monica,49500,4996,"In the battle of dad car ads, Toyota beats Nissan in my opinion. #SuperBowl",2,2,2015
https://twitter.com/ElaineWong85/status/562055639913201666,2015-02-02 01:11:21+00:00,562055639913201666,Trend? Moms and dads seem to be a running theme in this year's #SuperBowl -- Ex: DoveMenCare @Toyota @McDonaldsCorp #CampaignSuperBowl,3,0,2,ElaineWong85,Elaine Wong,2037,1699,Trend? Moms and dads seem to be a running theme in this year's #SuperBowl -- Ex: DoveMenCare @Toyota @McDonaldsCorp #CampaignSuperBowl,2,2,2015
https://twitter.com/RickBrunson1/status/562055638084116480,2015-02-02 01:11:21+00:00,562055638084116480,"Nice to see dads not being portrayed as idiots. Cheers, #toyota and #doveformen #SuperBowl",1,0,1,RickBrunson1,Rick Brunson,1179,1100,"Nice to see dads not being portrayed as idiots. Cheers, #toyota and #doveformen #SuperBowl",2,2,2015
https://twitter.com/sandikrakowski/status/562055634460241920,2015-02-02 01:11:20+00:00,562055634460241920,"Lots of ""Being A Dad"" commercials this year! #SuperBowl awesome! Be BOLD when others are scared. @Toyota  #WIN excellent job!  :)",10,0,21,sandikrakowski,Sandi Krakowski,259989,248564,"Lots of ""Being A Dad"" commercials this year! #SuperBowl awesome! Be BOLD when others are scared. @Toyota  #WIN excellent job!  :)",2,2,2015
https://twitter.com/Automotive_News/status/562055513798868992,2015-02-02 01:10:51+00:00,562055513798868992,#Toyota went with a dad theme too in its #Camry spot. How was it? #SuperBowl http://t.co/w1lVYD6yUT,3,5,7,Automotive_News,Automotive News,228038,2569,#Toyota went with a dad theme too in its #Camry spot. How was it? #SuperBowl http://t.co/w1lVYD6yUT,2,2,2015
https://twitter.com/DCAllisontv/status/562055509159985152,2015-02-02 01:10:50+00:00,562055509159985152,"Who's not crying after that @Toyota ""Dad"" ad #SuperBowl",1,0,7,DCAllisontv,Allison Seymour,44184,4155,"Who's not crying after that @Toyota ""Dad"" ad #SuperBowl",2,2,2015
https://twitter.com/ScouterrificCEO/status/562055495473565700,2015-02-02 01:10:47+00:00,562055495473565700,Totally awesome message on the #SuperBowl  Toyota commercial.  Here's to all the great Dads out there! Especially our Girl Scout Dads!,2,0,1,ScouterrificCEO,Maryann Barry,482,430,Totally awesome message on the #SuperBowl  Toyota commercial.  Here's to all the great Dads out there! Especially our Girl Scout Dads!,2,2,2015
https://twitter.com/RonEdmondson/status/562055428927156225,2015-02-02 01:10:31+00:00,562055428927156225,"""Being a dad is more than being a father."" That's right @Toyota. That's right. #SuperBowl #DadLife",15,2,28,RonEdmondson,Ron Edmondson,122198,97960,"""Being a dad is more than being a father."" That's right @Toyota. That's right. #SuperBowl #DadLife",2,2,2015
https://twitter.com/onegirlsgraphic/status/562055407813017601,2015-02-02 01:10:26+00:00,562055407813017601,@DynamicPaddlers what's your favorite commercial so far? #superbowl #adaptivesports @AmyPurdyGurl @Toyota @Microsoft,1,1,1,onegirlsgraphic,one girl's graphics,175,609,@DynamicPaddlers what's your favorite commercial so far? #superbowl #adaptivesports @AmyPurdyGurl @Toyota @Microsoft,2,2,2015
https://twitter.com/azherahmed/status/562055398010945536,2015-02-02 01:10:24+00:00,562055398010945536,"Another ad telling us what it means to be a dad would hit the spot right about now. Oh, thanks @Toyota #sarcasm #3PercentConf #SuperBowl",1,0,5,azherahmed,Azher Ahmed,13045,1224,"Another ad telling us what it means to be a dad would hit the spot right about now. Oh, thanks @Toyota #sarcasm #3PercentConf #SuperBowl",2,2,2015
https://twitter.com/tarzanman14/status/562055334010048513,2015-02-02 01:10:08+00:00,562055334010048513,Dang that Superbowl Toyota dad. Got to me 😭😭😭,1,0,1,tarzanman14,...,323,779,Dang that Superbowl Toyota dad. Got to me 😭😭😭,2,2,2015
https://twitter.com/TimothyCalkins/status/562055320328216577,2015-02-02 01:10:05+00:00,562055320328216577,Such an emotional spot from @Toyota Wow.  #superbowl  #superbowlads  #kelloggsb,3,1,0,TimothyCalkins,Tim Calkins,4754,1618,Such an emotional spot from @Toyota Wow.  #superbowl  #superbowlads  #kelloggsb,2,2,2015
https://twitter.com/zeitchikWaPo/status/562055277386924032,2015-02-02 01:09:55+00:00,562055277386924032,Toyota and Nissan now basically spending millions to argue about whose drivers are the more sentimental dads #superbowl,2,0,4,zeitchikWaPo,Steven Zeitchik,14753,1594,Toyota and Nissan now basically spending millions to argue about whose drivers are the more sentimental dads #superbowl,2,2,2015
https://twitter.com/TheAngiepenny/status/562055275977666561,2015-02-02 01:09:54+00:00,562055275977666561,That's it @Toyota wins hands down! Felt like I was watching a movie #sb49 #dadvertising #superbowl,1,0,0,TheAngiepenny,angiepenny,3328,2739,That's it @Toyota wins hands down! Felt like I was watching a movie #sb49 #dadvertising #superbowl,2,2,2015
https://twitter.com/bristei/status/562055255345885184,2015-02-02 01:09:50+00:00,562055255345885184,Another @Toyota ad with eye catching creative. Another @Toyota ad that doesn't tie it back to car sales #SuperBowl,2,0,1,bristei,Brian Steinberg,16017,2036,Another @Toyota ad with eye catching creative. Another @Toyota ad that doesn't tie it back to car sales #SuperBowl,2,2,2015
https://twitter.com/MichelleLa_Rosa/status/562055240367603712,2015-02-02 01:09:46+00:00,562055240367603712,Another positive dad commercial! Thanks @Toyota Camry! #SuperBowl #OneBoldChoice,1,0,1,MichelleLa_Rosa,Michelle La Rosa,3187,751,Another positive dad commercial! Thanks @Toyota Camry! #SuperBowl #OneBoldChoice,2,2,2015
https://twitter.com/motokorich/status/562055234122694657,2015-02-02 01:09:44+00:00,562055234122694657,That Dad couldn't even get out of the car to hug his daughter goodbye? Toyota #SuperBowl ad,5,1,11,motokorich,Motoko Rich,45115,4173,That Dad couldn't even get out of the car to hug his daughter goodbye? Toyota #SuperBowl ad,2,2,2015
https://twitter.com/joesonheim/status/562055219584835584,2015-02-02 01:09:41+00:00,562055219584835584,Nissan Dad vs. Toyota Dad showdown! #SuperBowl #superbowlcommercials,1,0,2,joesonheim,J.O.E.,773,929,Nissan Dad vs. Toyota Dad showdown! #SuperBowl #superbowlcommercials,2,2,2015
https://twitter.com/needhamb/status/562055206666780672,2015-02-02 01:09:38+00:00,562055206666780672,The good people at #Toyota have some serious daddy issues! #superbowl,1,0,1,needhamb,Ben Needham,532,567,The good people at #Toyota have some serious daddy issues! #superbowl,2,2,2015
https://twitter.com/GeoffSurratt/status/562055205189980161,2015-02-02 01:09:38+00:00,562055205189980161,"Ok, now I'm crying. BTW Nissan, that's how you do a dad commercial. #Toyota #SuperBowl",6,2,11,GeoffSurratt,Geoff Surratt,16348,2806,"Ok, now I'm crying.
BTW Nissan, that's how you do a dad commercial. #Toyota #SuperBowl",2,2,2015
https://twitter.com/MikeLu533/status/562055188626673664,2015-02-02 01:09:34+00:00,562055188626673664,Am I a terrible dad because I don't drive a shitty Toyota? #SuperBowl,1,0,0,MikeLu533,DecisivelyUndecided,78,388,Am I a terrible dad because I don't drive a shitty Toyota? #SuperBowl,2,2,2015
https://twitter.com/RevDrLeitzke/status/562055177575088128,2015-02-02 01:09:31+00:00,562055177575088128,"So was that an ad for Toyota, the army, or paying attention to your daughter? #SuperBowl",1,1,1,RevDrLeitzke,Timothy A Leitzke,274,229,"So was that an ad for Toyota, the army, or paying attention to your daughter? #SuperBowl",2,2,2015
https://twitter.com/theAlexBente/status/562055157215547392,2015-02-02 01:09:26+00:00,562055157215547392,"Toyota, for dads who care. Nissan, for dads who don't. #SuperBowl #commercials #commercialcommentary #SuperBowlXLIX #SB49",2,0,4,theAlexBente,Alex Bente,1502,620,"Toyota, for dads who care. Nissan, for dads who don't. #SuperBowl #commercials #commercialcommentary #SuperBowlXLIX #SB49",2,2,2015
https://twitter.com/ScottWilliams/status/562055148080750594,2015-02-02 01:09:24+00:00,562055148080750594,I think I want a #Toyota #Camry now. #Dad #SuperBowl,5,4,10,ScottWilliams,Scott Williams,96201,60970,I think I want a #Toyota #Camry now. #Dad #SuperBowl,2,2,2015
https://twitter.com/cmclymer/status/562055139645980672,2015-02-02 01:09:22+00:00,562055139645980672,"Nurturing father says a poignant goodbye to his daughter who's deploying to Afghanistan. @Toyota is killing it, tonight! #SuperBowl",5,1,25,cmclymer,Charlotte Clymer 🏳️‍⚧️🇺🇦,384254,6108,"Nurturing father says a poignant goodbye to his daughter who's deploying to Afghanistan. @Toyota is killing it, tonight! #SuperBowl",2,2,2015
https://twitter.com/paulkos/status/562055137678852096,2015-02-02 01:09:21+00:00,562055137678852096,Now Toyota enters the weird dad commercial sweepstakes #SuperBowl,4,0,2,paulkos,Paul Kostyukov †,15947,2128,Now Toyota enters the weird dad commercial sweepstakes #SuperBowl,2,2,2015
https://twitter.com/pieragaribaldi/status/562055127276609537,2015-02-02 01:09:19+00:00,562055127276609537,"The @Toyota commercial about dads just made me tear up! ""Being a dad is more than being a father."" LOVE. #OneBoldChoice #partner #SuperBowl",2,0,3,pieragaribaldi,pieragaribaldi,16845,8785,"The @Toyota commercial about dads just made me tear up! ""Being a dad is more than being a father."" LOVE. #OneBoldChoice #partner #SuperBowl",2,2,2015
https://twitter.com/ProducerWignz/status/562055119739424768,2015-02-02 01:09:17+00:00,562055119739424768,They need a #superbowl commercial for anti depressants because these @Toyota #commercials are depressing,2,0,0,ProducerWignz,WIGNZ,2344,1092,They need a #superbowl commercial for anti depressants because these @Toyota #commercials are depressing,2,2,2015
https://twitter.com/goldengateblond/status/562055109358534656,2015-02-02 01:09:15+00:00,562055109358534656,And she went off to war AND SHE DIED. #SuperBowl #Toyota,12,0,36,goldengateblond,shauna,364046,1737,And she went off to war AND SHE DIED. #SuperBowl #Toyota,2,2,2015
https://twitter.com/kenrearley/status/562055095186391041,2015-02-02 01:09:11+00:00,562055095186391041,Now that's a dad commercial. @Toyota just obliterated @NissanUSA. #sbads #AdBowl #SuperBowl,1,0,2,kenrearley,Ken Earley,4687,4006,Now that's a dad commercial. @Toyota just obliterated @NissanUSA. #sbads #AdBowl #SuperBowl,2,2,2015
https://twitter.com/queen_of_thighs/status/562055087149703169,2015-02-02 01:09:09+00:00,562055087149703169,Toyota Camry = cars for dads. got it. #SuperBowl,1,0,0,queen_of_thighs,♒✨,427,515,Toyota Camry = cars for dads. got it. #SuperBowl,2,2,2015
https://twitter.com/jbey/status/562055006040641537,2015-02-02 01:08:50+00:00,562055006040641537,Is this a rape in the military ad for Toyota? #SuperBowlXLIX #SuperBowl,1,0,0,jbey,Jamila Bey,6912,6693,Is this a rape in the military ad for Toyota? #SuperBowlXLIX #SuperBowl,2,2,2015
https://twitter.com/ShinobiAFC/status/562055001095540736,2015-02-02 01:08:49+00:00,562055001095540736,"I love how this #SuperBowl production from the #NFL &amp; NBC is WASHED in Americana, only to have the halftime report brought to us by Toyota",1,0,1,ShinobiAFC,Andre Ferguson,1155,4632,"I love how this #SuperBowl production from the #NFL &amp; NBC is WASHED in Americana, only to have the halftime report brought to us by Toyota",2,2,2015
https://twitter.com/_GypsyFire_/status/562054703824252928,2015-02-02 01:07:38+00:00,562054703824252928,Pbr is sponsored by Ford...NFR is sponsored by Ram...superbowl is sponsored by Toyota and that says it all😂👌,1,0,2,_GypsyFire_,ŇörțhërnGýpşý,126,397,Pbr is sponsored by Ford...NFR is sponsored by Ram...superbowl is sponsored by Toyota and that says it all😂👌,2,2,2015
https://twitter.com/reboundthefilm/status/562053226640707584,2015-02-02 01:01:46+00:00,562053226640707584,Wow. @AmyPurdy breaking barriers in #OneBoldChoice commercial by @Toyota. What did you think?? http://t.co/9PRbUpKSXu #SuperBowl #TheRebound,1,0,1,reboundthefilm,reboundthefilm,700,536,Wow. @AmyPurdy breaking barriers in #OneBoldChoice commercial by @Toyota. What did you think?? buff.ly/1z2uGyd #SuperBowl #TheRebound,2,2,2015
https://twitter.com/SamiV/status/562051363824496640,2015-02-02 00:54:22+00:00,562051363824496640,The theme seems to be: Legless people... Toyota! Legless people... Microsoft! #SuperBowl #ads #adsuperbowl #legless,1,0,2,SamiV,Sami Viitamäki,2232,2773,The theme seems to be: Legless people... Toyota! Legless people... Microsoft! #SuperBowl #ads #adsuperbowl #legless,2,2,2015
https://twitter.com/jeanbatthany/status/562050638486704129,2015-02-02 00:51:29+00:00,562050638486704129,#prosthetics trending #empowering @microsoft felt like @Toyota #3percentsb #SuperBowl,6,3,7,jeanbatthany,Jean Batthany,2358,2790,#prosthetics trending #empowering @microsoft felt like @Toyota #3percentsb #SuperBowl,2,2,2015
https://twitter.com/bristei/status/562050551647858688,2015-02-02 00:51:08+00:00,562050551647858688,.@Microsoft marketing execs must have slapped their foreheads in horror when Toyota aired its ad as first of the game #SuperBowl,4,1,17,bristei,Brian Steinberg,16017,2036,.@Microsoft marketing execs must have slapped their foreheads in horror when Toyota aired its ad as first of the game #SuperBowl,2,2,2015
https://twitter.com/etoile/status/562050397033222144,2015-02-02 00:50:31+00:00,562050397033222144,Toyota and Microsoft each featured amputees in their #superbowl commercials. Was this planned?,2,0,0,etoile,Meredith Peruzzi,2832,481,Toyota and Microsoft each featured amputees in their #superbowl commercials. Was this planned?,2,2,2015
https://twitter.com/YevP/status/562050344755015680,2015-02-02 00:50:19+00:00,562050344755015680,Looks like @Microsoft is taking on @Toyota and @AmyPurdyGurl with the #ProthesticLeg ads! Who will win? #SuperBowl #SB49,1,0,1,YevP,Yev,2442,970,Looks like @Microsoft is taking on @Toyota and @AmyPurdyGurl with the #ProthesticLeg ads! Who will win? #SuperBowl #SB49,2,2,2015
https://twitter.com/ChemistK8/status/562050236953407488,2015-02-02 00:49:53+00:00,562050236953407488,"Okay I get it, some people don't have legs #toyota #microsoft #SuperBowl #commercials",1,0,0,ChemistK8,Kate,966,1800,"Okay I get it, some people don't have legs #toyota #microsoft #SuperBowl #commercials",2,2,2015
https://twitter.com/lostandfoundtag/status/562049374814216192,2015-02-02 00:46:27+00:00,562049374814216192,How Great I Am #Toyota #SuperBowl #superbowlcommercials #MuhammadAli  https://t.co/t4UidAYf8p,1,0,0,lostandfoundtag,REWARDHEROlost&found,4948,57,How Great I Am #Toyota #SuperBowl #superbowlcommercials #MuhammadAli  youtube.com/watch?v=PjUfyg…,2,2,2015
https://twitter.com/jacquichew/status/562048220520800257,2015-02-02 00:41:52+00:00,562048220520800257,"RT @KevinPlantz: I gave my Pinto a viagra, now I have a 1979 Toyota Corolla. #SuperBowl",2,0,6,jacquichew,Jacqui Chew 🇺🇦,7699,4294,"RT @KevinPlantz: I gave my Pinto a viagra, now I have a 1979 Toyota Corolla. #SuperBowl",2,2,2015
https://twitter.com/Joeyricard/status/562047931184738304,2015-02-02 00:40:43+00:00,562047931184738304,"@Toyota awesome #SuperBowl commercial ""I will show you how great I am"" http://t.co/MAZnUlDGLH",1,0,0,Joeyricard,Joey Ricard,503,209,"@Toyota awesome #SuperBowl commercial ""I will show you how great I am"" dieepic.com/products/ali-c…",2,2,2015
https://twitter.com/MonsterMike5/status/562047219780448258,2015-02-02 00:37:54+00:00,562047219780448258,Hangin' with @AmyPurdyGurl at @adaptiveactionsports at #SuperBowl watching her Toyota commercial! http://t.co/Jk5JUzouhJ,3,0,7,MonsterMike5,Mike Schultz,2022,847,Hangin' with @AmyPurdyGurl at @adaptiveactionsports at #SuperBowl watching her Toyota commercial! http://t.co/Jk5JUzouhJ,2,2,2015
https://twitter.com/explorlight/status/562047158824611840,2015-02-02 00:37:39+00:00,562047158824611840,.@Toyota's #SuperBowl ad featuring Paralympic snowboarder @AmyPurdyGurl is #MediaWeLike #3percentsb,1,0,0,explorlight,DJ,74,372,.@Toyota's #SuperBowl ad featuring Paralympic snowboarder @AmyPurdyGurl is #MediaWeLike #3percentsb,2,2,2015
https://twitter.com/AsiansUK/status/562046695509610496,2015-02-02 00:35:49+00:00,562046695509610496,Let's here it for the #Superbowl commercial with @MuhammadAli @Toyota #MuhammadAli  @AmyPurdyGurl #OneBoldChoice http://t.co/5XH6iv96P9,2,1,1,AsiansUK,Asians UK,18918,3765,Let's here it for the #Superbowl commercial with @MuhammadAli @Toyota #MuhammadAli  @AmyPurdyGurl #OneBoldChoice amp.twimg.com/v/68d7cba3-033…,2,2,2015
https://twitter.com/SarahAGallimore/status/562041152124518400,2015-02-02 00:13:47+00:00,562041152124518400,@Toyota's #SuperBowl ad featuring Paralympic snowboarder @AmyPurdyGurl is #MediaWeLike #3percentsb,1,0,1,SarahAGallimore,Sarah Anne Gallimore,989,3045,@Toyota's #SuperBowl ad featuring Paralympic snowboarder @AmyPurdyGurl is #MediaWeLike #3percentsb,2,2,2015
https://twitter.com/FemmeFemminy/status/562040036448010241,2015-02-02 00:09:21+00:00,562040036448010241,“@RepresentPledge: .@Toyota's #SuperBowl ad featuring Paralympic snowboarder @AmyPurdyGurl is #MediaWeLike #3percentsb” 👍👏💪,5,0,10,FemmeFemminy,Femme Femminy,27,165,“@RepresentPledge: .@Toyota's #SuperBowl ad featuring Paralympic snowboarder @AmyPurdyGurl is #MediaWeLike #3percentsb” 👍👏💪,2,2,2015
https://twitter.com/joaynn510/status/562038810901377024,2015-02-02 00:04:29+00:00,562038810901377024,@MaraBrockAkil @advertisingdiva I am too! Amy Purdy is a powerhouse! #Bravo Toyota! #SuperBowlAds #SuperBowl49 #SuperBowlXLIX #SuperBowl,1,0,0,joaynn510,Joy Darden,1373,1519,@MaraBrockAkil @advertisingdiva I am too! Amy Purdy is a powerhouse! #Bravo Toyota! #SuperBowlAds #SuperBowl49 #SuperBowlXLIX #SuperBowl,2,2,2015
https://twitter.com/comradity/status/562035458000310273,2015-02-01 23:51:09+00:00,562035458000310273,Toyota #superbowl ad very moving but #insertyourbrandhere!,1,0,0,comradity,COMRADITY Collaboration Resource Center,989,1228,Toyota #superbowl ad very moving but #insertyourbrandhere!,1,2,2015
https://twitter.com/krystync/status/562033744148975616,2015-02-01 23:44:21+00:00,562033744148975616,"Nice to see a strong woman, @Toyota. Missing the link to the product, though. #3percentsb #sb49 #superbowl #SuperBowl2015",1,0,1,krystync,Krystyn Campbell,247,798,"Nice to see a strong woman, @Toyota. Missing the link to the product, though. #3percentsb #sb49 #superbowl #SuperBowl2015",1,2,2015
https://twitter.com/FastCoCreative/status/562033470441267200,2015-02-01 23:43:16+00:00,562033470441267200,Paralympian @AmyPurdyGurl achieves greatness to a Muhammad Ali voiceover in @Toyota's #SuperBowl spot: http://t.co/X0O3OtKy3u by @jeffcbeer,19,1,13,FastCoCreative,Fast Co. Creativity,153455,99,Paralympian @AmyPurdyGurl achieves greatness to a Muhammad Ali voiceover in @Toyota's #SuperBowl spot: f-st.co/xR15zx0 by @jeffcbeer,1,2,2015
https://twitter.com/AHD_LV/status/562033209181863937,2015-02-01 23:42:13+00:00,562033209181863937,Proud to say that @AmyPurdyGurl is a former grad of ours. What an inspiration! #Toyota #SuperBowl,3,0,4,AHD_LV,Academy of Hair Design,180,123,Proud to say that @AmyPurdyGurl is a former grad of ours. What an inspiration! #Toyota #SuperBowl,1,2,2015
https://twitter.com/drivingsports/status/562033169273462784,2015-02-01 23:42:04+00:00,562033169273462784,Toyota has the first car ad in the #superbowl featuring the awesome @AmyPurdyGurl. Nicely done. My 8 year old daughter was inspired.,2,0,0,drivingsports,Driving Sports TV,4257,2081,Toyota has the first car ad in the #superbowl featuring the awesome @AmyPurdyGurl. Nicely done. My 8 year old daughter was inspired.,1,2,2015
https://twitter.com/dyllanmcgee/status/562033130631340032,2015-02-01 23:41:55+00:00,562033130631340032,.@Toyota's #SuperBowl ad featuring Paralympic snowboarder @AmyPurdyGurl gets thumbs up from @MAKERSwomen,6,0,4,dyllanmcgee,.,2366,495,.@Toyota's #SuperBowl ad featuring Paralympic snowboarder @AmyPurdyGurl gets thumbs up from @MAKERSwomen,1,2,2015
https://twitter.com/boderek/status/562033101610967041,2015-02-01 23:41:48+00:00,562033101610967041,Just a few minutes in and I've already seen the best #SuperBowl commercial. #Toyota @MuhammadAli @AmyPurdyGurl,15,4,32,boderek,Bo Derek,46136,724,Just a few minutes in and I've already seen the best #SuperBowl commercial. #Toyota @MuhammadAli @AmyPurdyGurl,1,2,2015
https://twitter.com/RichOnOWN/status/562033049190158336,2015-02-01 23:41:35+00:00,562033049190158336,Great @Toyota #OneBoldChoice #SuperBowl commercial with @AmyPurdyGurl @MuhammadAli ! http://t.co/gzeVyzYFBv,3,2,6,RichOnOWN,Rich Cruse,27736,13069,Great @Toyota #OneBoldChoice #SuperBowl commercial with @AmyPurdyGurl @MuhammadAli ! youtu.be/PjUfygo5mzw,1,2,2015
https://twitter.com/ConsumerReports/status/562033002440843268,2015-02-01 23:41:24+00:00,562033002440843268,"Not sure we'd call the @Toyota #camry ""bold,"" but it is one of our 10 best cars made in the US: http://t.co/LIHQskog6a #SB49 #SuperBowl",8,1,6,ConsumerReports,Consumer Reports,252555,1010,"Not sure we'd call the @Toyota #camry ""bold,"" but it is one of our 10 best cars made in the US: bit.ly/1wV6pJm #SB49 #SuperBowl",1,2,2015
https://twitter.com/subi101/status/562032994404564992,2015-02-01 23:41:22+00:00,562032994404564992,Toyota was a fail in my book especially following Chevy! #AdBowl #brandbowl #AutoBowl #SuperBowl What was the point again?,1,2,3,subi101,Subi Ghosh,3890,973,Toyota was a fail in my book especially following Chevy! #AdBowl #brandbowl #AutoBowl #SuperBowl What was the point again?,1,2,2015
https://twitter.com/dannysullivan/status/562032941375578112,2015-02-01 23:41:09+00:00,562032941375578112,"And it's 50/50 after two ads for one use of hashtag, #OneBoldChoice by Toyota and no social networks mentioned #HashtagBowl #SuperBowl",7,4,5,dannysullivan,Danny Sullivan,530328,8288,"And it's 50/50 after two ads for one use of hashtag, #OneBoldChoice by Toyota and no social networks mentioned #HashtagBowl #SuperBowl",1,2,2015
https://twitter.com/yayayarndiva/status/562032840313802752,2015-02-01 23:40:45+00:00,562032840313802752,#BrandingBlack ad's during the #SuperBowl - did you hear Muhammad Ali's voice on the Toyota Camry commercial #BHM,2,0,0,yayayarndiva,Pierrette Mimi Poinsett MD,13056,2203,#BrandingBlack ad's during the #SuperBowl - did you hear Muhammad Ali's voice on the Toyota Camry commercial #BHM,1,2,2015
https://twitter.com/FletcherWDSU/status/562032794864742400,2015-02-01 23:40:35+00:00,562032794864742400,Great commercial RT “@AmyPurdyGurl: Behind the scenes shoot for the #SUPERBOWL commercial @Toyota sb49 http://t.co/P98MZ5MUUy”,2,1,4,FletcherWDSU,Fletcher Mackel,31132,11024,"Great commercial
RT “@AmyPurdyGurl: Behind the scenes shoot for the #SUPERBOWL commercial @Toyota sb49 http://t.co/P98MZ5MUUy”",1,2,2015
https://twitter.com/MekahloNBCLA/status/562032775482466304,2015-02-01 23:40:30+00:00,562032775482466304,"#SuperBowl: what did you think about the #Toyota commercial? Funniest, so far? @NBCLA",5,4,4,MekahloNBCLA,Mekahlo Medina,32237,1169,"#SuperBowl: what did you think about the #Toyota commercial? Funniest, so far? @NBCLA",1,2,2015
https://twitter.com/deanna/status/562032769183014913,2015-02-01 23:40:28+00:00,562032769183014913,"OK, that Toyota ad with Amy Purdy and the Muhammed Ali voiceover was pretty badass: https://t.co/VCCh7YZRvJ #Superbowl",1,0,1,deanna,Deanna Zandt,10187,1407,"OK, that Toyota ad with Amy Purdy and the Muhammed Ali voiceover was pretty badass: youtube.com/watch?v=GNOzKx… #Superbowl",1,2,2015
https://twitter.com/thisiszacyo/status/562032761138327552,2015-02-01 23:40:26+00:00,562032761138327552,@kare11 Shame on @Toyota for making me feel terrible that I have two working legs. #SuperBowl,1,0,0,thisiszacyo,Zachariah,78,89,@kare11 Shame on @Toyota for making me feel terrible that I have two working legs. #SuperBowl,1,2,2015
https://twitter.com/AngiTaylorRadio/status/562032758844059649,2015-02-01 23:40:26+00:00,562032758844059649,"Although I have now idea how a car is connected to the human perseverance displayed in that Toyota commercial, it was BEAUTIFUL. #SuperBowl",2,0,4,AngiTaylorRadio,Angi Taylor,43300,1085,"Although I have now idea how a car is connected to the human perseverance displayed in that Toyota commercial, it was BEAUTIFUL. #SuperBowl",1,2,2015
https://twitter.com/ostadjaan/status/562032754058334208,2015-02-01 23:40:25+00:00,562032754058334208,"Running #superbowl commentary: Awkward to see Toyota using Muhammad Ali (champion of anti-racist, anti-military activism) to sell cars.",1,0,3,ostadjaan,omid safi,20621,6882,"Running #superbowl commentary: Awkward to see Toyota using Muhammad Ali (champion of anti-racist, anti-military activism) to sell cars.",1,2,2015
https://twitter.com/tommy_geraci_/status/562032638966636544,2015-02-01 23:39:57+00:00,562032638966636544,Seriously #inspiring @AmyPurdyGurl @Toyota #Toyota #SB49 #SuperBowl #SuperBowlSunday,2,0,2,tommy_geraci_,Tommy Geraci | Life Coach | Host | Entertainment,32916,18181,Seriously #inspiring @AmyPurdyGurl @Toyota #Toyota #SB49 #SuperBowl #SuperBowlSunday,1,2,2015
https://twitter.com/theDALTONcastle/status/562032588915998720,2015-02-01 23:39:45+00:00,562032588915998720,introducing the new legs-optional Toyota Camry #SuperBowl,2,0,0,theDALTONcastle,Dalton Castle,44085,412,introducing the new legs-optional Toyota Camry #SuperBowl,1,2,2015
https://twitter.com/fowwow/status/562032578849280000,2015-02-01 23:39:43+00:00,562032578849280000,well done. inspirational. “@Automotive_News: Thoughts on the @MuhammadAli @Toyota ad? #SuperBowl http://t.co/YFfZMsEdk0”,1,0,4,fowwow,jonathan fowler,5279,2211,well done. inspirational. “@Automotive_News: Thoughts on the @MuhammadAli @Toyota ad? #SuperBowl http://t.co/YFfZMsEdk0”,1,2,2015
https://twitter.com/enstock/status/562032549846069248,2015-02-01 23:39:36+00:00,562032549846069248,.@Toyota’s #SuperBowl ad was not just #MediaWeLike. It was media we love! That was awesome. #SB49,1,0,0,enstock,Erin Stock,588,1280,.@Toyota’s #SuperBowl ad was not just #MediaWeLike. It was media we love! That was awesome. #SB49,1,2,2015
https://twitter.com/PANTSSteve/status/562032530749411328,2015-02-01 23:39:32+00:00,562032530749411328,If I ever lose my legs I'm definitely buying a Toyota Camry! #SuperBowl,9,1,22,PANTSSteve,Steve Young,6047,278,If I ever lose my legs I'm definitely buying a Toyota Camry! #SuperBowl,1,2,2015
https://twitter.com/erinstegeman/status/562032516001841152,2015-02-01 23:39:28+00:00,562032516001841152,"Way to make me feel like a lazy bum, Toyota. #camry #SuperBowl",1,0,1,erinstegeman,Erin Stegeman,1656,1779,"Way to make me feel like a lazy bum, Toyota. #camry #SuperBowl",1,2,2015
https://twitter.com/chaunceydevega/status/562032506674098176,2015-02-01 23:39:26+00:00,562032506674098176,Overcoming horrible injury as a double amputee is the same as buying a Toyota Camry? Edward Bernays mocks you all. #superbowl,1,0,0,chaunceydevega,chauncey devega,17848,2219,Overcoming horrible injury as a double amputee is the same as buying a Toyota Camry? Edward Bernays mocks you all. #superbowl,1,2,2015
https://twitter.com/Automotive_News/status/562032483382738945,2015-02-01 23:39:20+00:00,562032483382738945,Thoughts on the @MuhammadAli @Toyota ad? #SuperBowl http://t.co/MqnVHFs2h4,5,7,21,Automotive_News,Automotive News,228038,2569,Thoughts on the @MuhammadAli @Toyota ad? #SuperBowl http://t.co/MqnVHFs2h4,1,2,2015
https://twitter.com/GabriellaBurman/status/562032469587660801,2015-02-01 23:39:17+00:00,562032469587660801,And for #thewin @AmyPurdyGurl @Toyota #disability #awareness #nolimits #SuperBowl,1,0,0,GabriellaBurman,Gabriella Burman,1591,2239,And for #thewin @AmyPurdyGurl @Toyota #disability #awareness #nolimits #SuperBowl,1,2,2015
https://twitter.com/ChrisMillhouse/status/562032441074782208,2015-02-01 23:39:10+00:00,562032441074782208,That's cool Toyota makes prosthetic legs now. That was the point of that advertisement right? #superbowl,2,0,3,ChrisMillhouse,Chris Millhouse,3739,841,That's cool Toyota makes prosthetic legs now. That was the point of that advertisement right? #superbowl,1,2,2015
https://twitter.com/apricoco/status/562032406979694592,2015-02-01 23:39:02+00:00,562032406979694592,#Toyota is starting out strong by making us all feel inadequate and lazy. #OneBoldChoice #SuperBowl,1,0,0,apricoco,Apricoco,186,223,#Toyota is starting out strong by making us all feel inadequate and lazy. #OneBoldChoice #SuperBowl,1,2,2015
https://twitter.com/fowwow/status/562032403867115520,2015-02-01 23:39:01+00:00,562032403867115520,@Toyota just came out strong. great message and great spot. #oneboldchoice#superbowl #brandbowl,1,0,1,fowwow,jonathan fowler,5279,2211,@Toyota just came out strong. great message and great spot. #oneboldchoice#superbowl #brandbowl,1,2,2015
https://twitter.com/ByEmilyStephens/status/562032390542225408,2015-02-01 23:38:58+00:00,562032390542225408,Awesome commercial @Toyota #OneBoldChoice #LetsGoPlaces #SuperBowl,1,1,0,ByEmilyStephens,Emily Stephens,11490,4595,Awesome commercial @Toyota #OneBoldChoice #LetsGoPlaces #SuperBowl,1,2,2015
https://twitter.com/AlexisDeVilling/status/562032390533828610,2015-02-01 23:38:58+00:00,562032390533828610,.@Toyota Camery commercial. So inspiring. #SuperBowl #SuperBowlAds,1,0,0,AlexisDeVilling,Alexis DeVilling,1501,1367,.@Toyota Camery commercial. So inspiring. #SuperBowl #SuperBowlAds,1,2,2015
https://twitter.com/JackieFernTV/status/562032384967995392,2015-02-01 23:38:57+00:00,562032384967995392,That #AmyPurdy commercial gave me chills. She is such an inspiration. Smart choice Toyota. A win for you #SuperBowl,4,0,8,JackieFernTV,Jackie Fernandez,5913,621,That #AmyPurdy commercial gave me chills. She is such an inspiration. Smart choice Toyota. A win for you #SuperBowl,1,2,2015
https://twitter.com/WWEGraves/status/562032374515773442,2015-02-01 23:38:54+00:00,562032374515773442,"Dear @AmyPurdyGurl,  You are a badass.  #SuperBowl @Toyota",22,4,40,WWEGraves,Corey Graves,523303,656,"Dear @AmyPurdyGurl,

You are a badass.

#SuperBowl @Toyota",1,2,2015
https://twitter.com/AutoweekUSA/status/562032367330947073,2015-02-01 23:38:53+00:00,562032367330947073,".@Toyota up now with ""How Great I Am."" Watch it again here  http://t.co/NJWcxHlYZ5 #SuperBowl #superbowlcommercials http://t.co/FifwoNhcpj",5,2,9,AutoweekUSA,Autoweek,174734,558,".@Toyota up now with ""How Great I Am."" Watch it again here  autoweek.com/article/super-… #SuperBowl #superbowlcommercials http://t.co/FifwoNhcpj",1,2,2015
https://twitter.com/cmclymer/status/562032327984156672,2015-02-01 23:38:43+00:00,562032327984156672,"Way to go, Toyota. Hell of a commercial. I could watch that one a few times. #womenlead  #SuperBowl",11,3,37,cmclymer,Charlotte Clymer 🏳️‍⚧️🇺🇦,384254,6108,"Way to go, Toyota. Hell of a commercial. I could watch that one a few times. #womenlead

#SuperBowl",1,2,2015
https://twitter.com/liss333/status/562032300138168320,2015-02-01 23:38:37+00:00,562032300138168320,What the hell is this guy saying in this Toyota spot?! #superbowl #XLIX,1,0,1,liss333,Melissa Corley,354,819,What the hell is this guy saying in this Toyota spot?! #superbowl #XLIX,1,2,2015
https://twitter.com/TwittsMcGee/status/562032296644333569,2015-02-01 23:38:36+00:00,562032296644333569,Who is that magnificent woman in the Toyota commercial? My new hero #SuperBowl,1,5,2,TwittsMcGee,yung oat milk,7733,7044,Who is that magnificent woman in the Toyota commercial? My new hero #SuperBowl,1,2,2015
https://twitter.com/GustavoArellano/status/562032276700012544,2015-02-01 23:38:31+00:00,562032276700012544,"Well, we can't say Muhammad Ali's legacy is being used to sell Toyotas, 'cause he's still alive... #SuperBowl",4,0,3,GustavoArellano,Col. Gustavo Arellano,31378,558,"Well, we can't say Muhammad Ali's legacy is being used to sell Toyotas, 'cause he's still alive... #SuperBowl",1,2,2015
https://twitter.com/NetInsights/status/562032270295707649,2015-02-01 23:38:29+00:00,562032270295707649,"In our war room, already analyzing commercials from @chevrolet, @Toyota &amp; more  #SuperBowlXLIX #SuperBowl http://t.co/Mgja9FbKGk",3,0,1,NetInsights,Networked Insights,3409,2167,"In our war room, already analyzing commercials from @chevrolet, @Toyota &amp; more  #SuperBowlXLIX #SuperBowl ow.ly/Ij9MD",1,2,2015
https://twitter.com/SeasonalShade/status/562032242042880000,2015-02-01 23:38:23+00:00,562032242042880000,Loving the  @AmyPurdyGurl  @Toyota commercial #SuperBowl,2,0,2,SeasonalShade,Seasonal Shade,29563,467,Loving the  @AmyPurdyGurl  @Toyota commercial #SuperBowl,1,2,2015
https://twitter.com/Bryan_Kluger/status/562032234773762048,2015-02-01 23:38:21+00:00,562032234773762048,Robot legs. I want robot legs. Awesome. #Toyota #SuperBowl #BoomstickComics,1,0,0,Bryan_Kluger,Bryan Kluger,758,255,Robot legs. I want robot legs. Awesome. #Toyota #SuperBowl #BoomstickComics,1,2,2015
https://twitter.com/keem773/status/562032233549430785,2015-02-01 23:38:21+00:00,562032233549430785,"Bruh, this lady is a beast! Doing everything she wants to do on two PROSTHETIC legs! #SuperBowl #SuperBowlXLIX  #Toyota",1,0,0,keem773,Keem,1814,1012,"Bruh, this lady is a beast! Doing everything she wants to do on two PROSTHETIC legs! #SuperBowl #SuperBowlXLIX  #Toyota",1,2,2015
https://twitter.com/V1007/status/562032187152011264,2015-02-01 23:38:10+00:00,562032187152011264,First commercial from Toyota - inspiring we suppose. Here's hoping they get a little more entertaining. #SuperBowl,1,1,3,V1007,V100.7 Milwaukee,7649,1539,First commercial from Toyota - inspiring we suppose. Here's hoping they get a little more entertaining. #SuperBowl,1,2,2015
https://twitter.com/RepresentPledge/status/562032166775705601,2015-02-01 23:38:05+00:00,562032166775705601,.@Toyota's #SuperBowl ad featuring Paralympic snowboarder @AmyPurdyGurl is #MediaWeLike #3percentsb,99,5,131,RepresentPledge,The Rep Project,88609,2684,.@Toyota's #SuperBowl ad featuring Paralympic snowboarder @AmyPurdyGurl is #MediaWeLike #3percentsb,1,2,2015
https://twitter.com/JamieMBlanchard/status/562031943190343680,2015-02-01 23:37:11+00:00,562031943190343680,So incredibly thankful for @Toyota's commitment to @AmyPurdyGurl. An incredible display of ABILITY. #SuperBowl #SB49 #OneBoldChoice,4,0,5,JamieMBlanchard,Jamie 👩‍💻 ♥,1589,1766,So incredibly thankful for @Toyota's commitment to @AmyPurdyGurl. An incredible display of ABILITY. #SuperBowl #SB49 #OneBoldChoice,1,2,2015
https://twitter.com/AmyPurdyGurl/status/562028958997159937,2015-02-01 23:25:20+00:00,562028958997159937,Behind the scenes shoot for the #SUPERBOWL commercial @Toyota ! Woop can't wait! Watch now! #sb49 http://t.co/bvShrNZCpR,35,15,114,AmyPurdyGurl,Amy Purdy,63358,550,Behind the scenes shoot for the #SUPERBOWL commercial @Toyota ! Woop can't wait! Watch now! #sb49 http://t.co/bvShrNZCpR,1,2,2015
https://twitter.com/JustJared/status/562014769130274816,2015-02-01 22:28:57+00:00,562014769130274816,Watch @AmyPurdyGurl hit the slopes in @Toyota's #SuperBowl commercial! http://t.co/owfOTAW6Kw http://t.co/Aw0dlSxNMB,4,1,15,JustJared,JustJared.com,729225,2930,Watch @AmyPurdyGurl hit the slopes in @Toyota's #SuperBowl commercial! jus.tj/d8n http://t.co/Aw0dlSxNMB,1,2,2015
https://twitter.com/the1NonlyNAVA/status/562004494632747008,2015-02-01 21:48:07+00:00,562004494632747008,Watching #SuperBowl #pregame and saw the cute @kristina_pesic and her #toyota commercial! @AAACommercials go team! #GoPats,2,0,4,the1NonlyNAVA,Kristin Nava,1806,226,Watching #SuperBowl #pregame and saw the cute @kristina_pesic and her #toyota commercial! @AAACommercials go team! #GoPats,1,2,2015
https://twitter.com/SCHROTHRACING/status/561987118193733633,2015-02-01 20:39:04+00:00,561987118193733633,#Superbowl #XLIX and @Toyota headed to #CharlotteMotorSpeedway and strapped  #DougFlutie in our… http://t.co/QZN4My3u32,1,0,1,SCHROTHRACING,SCHROTH RACING,3062,2364,#Superbowl #XLIX and @Toyota headed to #CharlotteMotorSpeedway and strapped  #DougFlutie in our… instagram.com/p/ykmi7FQM5D/,1,2,2015
https://twitter.com/HarperCollins/status/561980558851325952,2015-02-01 20:13:00+00:00,561980558851325952,Are you ready for some #SuperBowl commercials? Watch @AmyPurdyGurl's #OneBoldChoice commercial now: http://t.co/939nzg2yKi @Toyota,2,1,4,HarperCollins,HarperCollins,1017383,3673,Are you ready for some #SuperBowl commercials? Watch @AmyPurdyGurl's #OneBoldChoice commercial now: bit.ly/1A8gevh @Toyota,1,2,2015
https://twitter.com/FowlerToyota/status/561970743244619777,2015-02-01 19:34:00+00:00,561970743244619777,In case you missed the Toyota USA Superbowl ad - here it is before the big game. Let's defy the odds: http://t.co/ULaZ7i4LuU,1,0,0,FowlerToyota,Fowler Toyota,852,552,In case you missed the Toyota USA Superbowl ad - here it is before the big game. Let's defy the odds: bit.ly/1GZGBqN,1,2,2015
https://twitter.com/SuzannePhan/status/561956113864617984,2015-02-01 18:35:52+00:00,561956113864617984,From @MeringCarson &gt; Ready for game day? Teasers &amp; most memorable ads from previous SuperBowl spots at Toyota AdZone http://t.co/h4d036dggE,1,0,1,SuzannePhan,Suzanne Phan,7951,6591,From @MeringCarson &gt; Ready for game day? Teasers &amp; most memorable ads from previous SuperBowl spots at Toyota AdZone hulu.com/adzone/591454,1,2,2015
https://twitter.com/TSupraNation/status/561929928677941248,2015-02-01 16:51:49+00:00,561929928677941248,Supra Sunday #Toyota #Supra #SuperBowl #SuperBowlXLIX #Seahawks #Cars http://t.co/QT8HLJbRsy,13,0,15,TSupraNation,SupraNation,1285,1602,Supra Sunday #Toyota #Supra #SuperBowl #SuperBowlXLIX #Seahawks #Cars http://t.co/QT8HLJbRsy,1,2,2015
https://twitter.com/katewoodsnow/status/561929869630910464,2015-02-01 16:51:35+00:00,561929869630910464,See #amypurdygurl snowboarding in the new Toyota #SuperBowl 2015 advert. Double-leg amputee but you would never tell! http://t.co/LsH8cwKeXK,1,0,0,katewoodsnow,Kate Wood,123,220,See #amypurdygurl snowboarding in the new Toyota #SuperBowl 2015 advert. Double-leg amputee but you would never tell! ow.ly/IirE4,1,2,2015
https://twitter.com/bullfornow1960/status/561928777622896640,2015-02-01 16:47:15+00:00,561928777622896640,#Superbowl Ads where #BusinessAgility most obvious - putting customer experience at center of brand promise - #toyota http://t.co/Gj1Jakfqxd,1,0,2,bullfornow1960,BullForNow1960,6588,6736,#Superbowl Ads where #BusinessAgility most obvious - putting customer experience at center of brand promise - #toyota urly.fi/lXh,1,2,2015
https://twitter.com/reply_mag/status/561909471954624512,2015-02-01 15:30:32+00:00,561909471954624512,"""If anyone deserves the Vince Lombardi Trophy this year, it’s Toyota,"" says @charlottaway. Find out why: http://t.co/Dthuhptxmo #SuperBowl",2,1,1,reply_mag,The Reply,155,206,"""If anyone deserves the Vince Lombardi Trophy this year, it’s Toyota,"" says @charlottaway. Find out why: bit.ly/1BADXjc #SuperBowl",1,2,2015
https://twitter.com/RunnerBliss/status/561820193718951936,2015-02-01 09:35:46+00:00,561820193718951936,Running is featured in Amy Purdy's #SuperBowl commercial for Toyota: http://t.co/Gm5px3A6x6 #superbowlcommercials http://t.co/WNhIMd5es1,6,0,7,RunnerBliss,Runner Bliss,79744,22185,Running is featured in Amy Purdy's #SuperBowl commercial for Toyota: running.competitor.com/2015/01/video/… #superbowlcommercials http://t.co/WNhIMd5es1,1,2,2015
https://twitter.com/bhatnaturally/status/561764521342431233,2015-02-01 05:54:33+00:00,561764521342431233,"Even in Superbowl ads, lot of men &amp; dad focused themes: Dove, Nissan, Toyota...",2,0,0,bhatnaturally,bhatnaturally  🇮🇳,15712,1055,"Even in Superbowl ads, lot of men &amp; dad focused themes: Dove, Nissan, Toyota...",1,2,2015
https://twitter.com/CherrellRene/status/561697897847488515,2015-02-01 01:29:49+00:00,561697897847488515,#ToyotaInfluencer Repost @jade_umbrella ・・・ #Superbowl errands made easy with #toyota and #keurig!… http://t.co/sVCdXR8hlK,1,0,1,CherrellRene,Sister Toldja,5830,1222,"#ToyotaInfluencer Repost @jade_umbrella
・・・
#Superbowl errands made easy with #toyota and #keurig!… instagram.com/p/yikfuHO97K/",1,2,2015
