url,Datetime,Tweet Id,Text,Retweet Count,Reply Count,Like Count,Username,Display Name,Followers Count,Friends Count,Rendered Content,Day,Month,Year
https://twitter.com/geeksofdoom/status/562340382361407490,2015-02-02 20:02:49+00:00,562340382361407490,#BudLight 'Pac-Man' #SuperBowl Ad Among The Best This Year http://t.co/1En6QynUY3 #PacMan #superbowlcommercials,2,0,0,geeksofdoom,Dave,9671,616,#BudLight 'Pac-Man' #SuperBowl Ad Among The Best This Year wp.me/p3SKl0-1bUS #PacMan #superbowlcommercials,2,2,2015
https://twitter.com/ChristianBanach/status/562339085927604225,2015-02-02 19:57:40+00:00,562339085927604225,"Brands such as @MountainDew, @BudLight and @NBC use tracks by @Avicii, @djsnake @atrak  in their #SuperBowl spots http://t.co/dQxa2izO2X",1,0,1,ChristianBanach,Christian Banach,161,333,"Brands such as @MountainDew, @BudLight and @NBC use tracks by @Avicii, @djsnake @atrak  in their #SuperBowl spots youredm.com/2015/02/02/avi…",2,2,2015
https://twitter.com/adashtunes/status/562334839798394880,2015-02-02 19:40:48+00:00,562334839798394880,ICYMI - @KRNFX Appears in @BudLight Ad During @Superbowl XLIX http://t.co/bpWF8bvLjS,1,0,1,adashtunes,a-Tunes.net,813,557,ICYMI - @KRNFX Appears in @BudLight Ad During @Superbowl XLIX wp.me/p4ygt1-868,2,2,2015
https://twitter.com/gabec42/status/562325920477093888,2015-02-02 19:05:21+00:00,562325920477093888,Dierks Bentley and Gavin Degraw rocked the #SuperBowl Pregame show yesterday!! They were #UpForWhatever #BudLight http://t.co/8owiMM5qq4,5,0,9,gabec42,Gabe Cohen,405,617,Dierks Bentley and Gavin Degraw rocked the #SuperBowl Pregame show yesterday!! They were #UpForWhatever #BudLight http://t.co/8owiMM5qq4,2,2,2015
https://twitter.com/thisisHiram/status/562324570657796096,2015-02-02 18:59:59+00:00,562324570657796096,I want to play Pacman the way they did in the @budlight Superbowl commercial. How do I make that happen?? lol @Tim_Barreto This must happen!,1,1,2,thisisHiram,Hiram Vazquez 🇵🇷,383,306,I want to play Pacman the way they did in the @budlight Superbowl commercial. How do I make that happen?? lol @Tim_Barreto This must happen!,2,2,2015
https://twitter.com/steveaoki/status/562298287625998336,2015-02-02 17:15:33+00:00,562298287625998336,This is what the craziest #SuperBowl party in PHX looked like! @budlight #HouseofWhatever #upforwhatever http://t.co/7oADqw4A4F,96,2,223,steveaoki,Steve Aoki,8245478,5542,This is what the craziest #SuperBowl party in PHX looked like! @budlight #HouseofWhatever #upforwhatever http://t.co/7oADqw4A4F,2,2,2015
https://twitter.com/GoodNaturedDogs/status/562298207447707648,2015-02-02 17:15:14+00:00,562298207447707648,Who saw the @budlight commercial last night?! #SuperBowl #UpForWhatever http://t.co/B0BKUiZojg,1,0,2,GoodNaturedDogs,GND Productions,599,402,Who saw the @budlight commercial last night?! #SuperBowl #UpForWhatever goodnatureddog.com/the-5-big-game…,2,2,2015
https://twitter.com/livedesignmag/status/562295418885660672,2015-02-02 17:04:09+00:00,562295418885660672,Behind the scenes of @budlight #Superbowl #Pacmancommercial which used @CASTsoftware BlackTrax for realtime tracking http://t.co/sMQH6qmmRe,2,0,4,livedesignmag,Live Design,11209,4609,Behind the scenes of @budlight #Superbowl #Pacmancommercial which used @CASTsoftware BlackTrax for realtime tracking goo.gl/DgOLWc,2,2,2015
https://twitter.com/jacewilliams9/status/562283794925752320,2015-02-02 16:17:58+00:00,562283794925752320,Had so much fun with @budlight yesterday!!!! What an awesome #Superbowl 💙💙 http://t.co/60f8X5gbG8,1,0,4,jacewilliams9,Jace Williams,2593,150,Had so much fun with @budlight yesterday!!!! What an awesome #Superbowl 💙💙 http://t.co/60f8X5gbG8,2,2,2015
https://twitter.com/FrootFraser/status/562255623208046592,2015-02-02 14:26:01+00:00,562255623208046592,#Design: @pearlfisherlive designs new bottle for @budlight #SuperBowl campaign http://t.co/uacr5xEhHD #branding #marketing #beverage #beer,1,0,0,FrootFraser,Fraser Johnston,386,1066,#Design: @pearlfisherlive designs new bottle for @budlight #SuperBowl campaign foodbev.com/news/pearlfish… #branding #marketing #beverage #beer,2,2,2015
https://twitter.com/ThomasJArmitage/status/562249473301442561,2015-02-02 14:01:35+00:00,562249473301442561,"My top #SuperBowl ads: 1) BudLight/Pacman, 2) Snickers/Brady Bunch, 3) Dove Men+Care/Dads, 4) Doritos/Airplane, 5) Game of War/Kate Upton",1,1,1,ThomasJArmitage,Thomas Armitage,7137,12,"My top #SuperBowl ads: 1) BudLight/Pacman, 2) Snickers/Brady Bunch, 3) Dove Men+Care/Dads, 4) Doritos/Airplane, 5) Game of War/Kate Upton",2,2,2015
https://twitter.com/muve_athletics/status/562249387578249216,2015-02-02 14:01:14+00:00,562249387578249216,Fashion Look of The Day: @NICKIMINAJ Superbowl XLIX Weekend Bud Light House http://t.co/sebzbghZ4m #USMFashion,2,0,1,muve_athletics,MUVE Athletics & Nutrition,10700,64,Fashion Look of The Day: @NICKIMINAJ Superbowl XLIX Weekend Bud Light House ow.ly/i/8tz4k #USMFashion,2,2,2015
https://twitter.com/vanillaice/status/562228521125167105,2015-02-02 12:38:19+00:00,562228521125167105,"I'm glad it wasn't a blowout like last year, 43 to 8, Edge of your seat GREAT GAME.  @SuperBowl @Patriots @Seahawks @nfl @budlight",20,11,76,vanillaice,Vanilla Ice,331973,50281,"I'm glad it wasn't a blowout like last year, 43 to 8, Edge of your seat GREAT GAME.

@SuperBowl @Patriots @Seahawks @nfl @budlight",2,2,2015
https://twitter.com/PackEuropeJesse/status/562224633957851136,2015-02-02 12:22:53+00:00,562224633957851136,@SuperBowl themed #packaging for @budlight from @pearlfisherlive - love the bottle http://t.co/XSyTvFS58A http://t.co/kfsf2yOv2U,1,0,2,PackEuropeJesse,Jesse Roberts,1191,571,@SuperBowl themed #packaging for @budlight from @pearlfisherlive - love the bottle goo.gl/KXLnqV http://t.co/kfsf2yOv2U,2,2,2015
https://twitter.com/vanillaice/status/562213183176200192,2015-02-02 11:37:22+00:00,562213183176200192,WOW ! I still can't believe the outcome on the Super Bowl.  What a shocker.   @nfl @pepsi @SuperBowl @Patriots @Seahawks @budlight,22,9,86,vanillaice,Vanilla Ice,331973,50281,"WOW ! I still can't believe the outcome on the Super Bowl. 
What a shocker. 

@nfl @pepsi @SuperBowl @Patriots @Seahawks @budlight",2,2,2015
https://twitter.com/Laraney9/status/562199704206053376,2015-02-02 10:43:49+00:00,562199704206053376,"I love #SuperBowl commercials, do you not? Bud Light Super Bowl 2015 Commercial – Real Life PacMan #UpForWhatever: http://t.co/TsmDa5VbdN",1,0,0,Laraney9,Laraney,1420,1228,"I love #SuperBowl commercials, do you not?
Bud Light Super Bowl 2015 Commercial – Real Life PacMan #UpForWhatever: youtu.be/g9A1NowrnGI",2,2,2015
https://twitter.com/GlobalCalgary/status/562127054523875328,2015-02-02 05:55:08+00:00,562127054523875328,#SB49: Bud Light's clown sodomy commercial and 9 other of the worst #SuperBowl ads of all time http://t.co/aC8RNml2mw,1,1,6,GlobalCalgary,Global Calgary,212016,773,#SB49: Bud Light's clown sodomy commercial and 9 other of the worst #SuperBowl ads of all time glbn.ca/Ifczm,2,2,2015
https://twitter.com/globalnewsto/status/562127054511304704,2015-02-02 05:55:08+00:00,562127054511304704,#SB49: Bud Light's clown sodomy commercial and 9 other of the worst #SuperBowl ads of all time http://t.co/I1goPCkHik,3,0,1,globalnewsto,Global News Toronto,270946,193,#SB49: Bud Light's clown sodomy commercial and 9 other of the worst #SuperBowl ads of all time glbn.ca/Ifczd,2,2,2015
https://twitter.com/budlight/status/562099929502339072,2015-02-02 04:07:21+00:00,562099929502339072,@FashionweekNYC Everything comes back again. #retro #UpForWhatever #SuperBowl,1,1,1,budlight,Bud Light,262708,253,@FashionweekNYC Everything comes back again. #retro #UpForWhatever #SuperBowl,2,2,2015
https://twitter.com/mngirlinworld/status/562099275291570177,2015-02-02 04:04:45+00:00,562099275291570177,Who will be the first #city to create a human size Pac-Man Board now? #BudLight #superbowl,1,0,0,mngirlinworld,Jamie,8599,8096,Who will be the first #city to create a human size Pac-Man Board now? #BudLight #superbowl,2,2,2015
https://twitter.com/POPSUGAREnt/status/562093575278968832,2015-02-02 03:42:06+00:00,562093575278968832,"Watch all the hottest @SuperBowl commercials right here! @budlight, @Kia, and more: http://t.co/6AEAzvDpdm http://t.co/rOPintxkgG",2,0,5,POPSUGAREnt,POPSUGAR Ent,27949,1060,"Watch all the hottest @SuperBowl commercials right here! @budlight, @Kia, and more: popsu.gr/36719698 http://t.co/rOPintxkgG",2,2,2015
https://twitter.com/azellamusic/status/562088355404341249,2015-02-02 03:21:21+00:00,562088355404341249,Overview of Superbowl 49: -Missy Elliott &amp; Lenny Kravitz feat. some white girl -Bud Light turns you into Pacman -The NFL is rigged,3,2,3,azellamusic,AZELLA,566,154,"Overview of Superbowl 49:
-Missy Elliott &amp; Lenny Kravitz feat. some white girl
-Bud Light turns you into Pacman
-The NFL is rigged",2,2,2015
https://twitter.com/budlight/status/562084773154131969,2015-02-02 03:07:07+00:00,562084773154131969,CONGRATULATIONS @Patriots! #SuperBowl http://t.co/3n4q9TAFMh,389,18,431,budlight,Bud Light,262708,253,CONGRATULATIONS @Patriots! #SuperBowl http://t.co/3n4q9TAFMh,2,2,2015
https://twitter.com/BeeeejEsq/status/562084636789313538,2015-02-02 03:06:35+00:00,562084636789313538,"It's official - tonight's MVPs are Inky, Blinky, Pinky, and Clyde. #SuperBowl #PacMan #BudLight",2,0,2,BeeeejEsq,Tundra British Columbia Headhunters Circus,8473,5698,"It's official - tonight's MVPs are Inky, Blinky, Pinky, and Clyde. #SuperBowl #PacMan #BudLight",2,2,2015
https://twitter.com/vanillaice/status/562083393274257408,2015-02-02 03:01:38+00:00,562083393274257408,WOW what a great @SuperBowl @Patriots @Seahawks @budlight @nfl @pepsi,35,7,97,vanillaice,Vanilla Ice,331973,50281,WOW what a great @SuperBowl @Patriots @Seahawks @budlight @nfl @pepsi,2,2,2015
https://twitter.com/cheekybama/status/562082889542549504,2015-02-02 02:59:38+00:00,562082889542549504,"I WANT #PacMan ! Where can I play this? ""@budlight : New bottles, new #SuperBowl commercial! https://t.co/HioSdk2WlY""",1,0,2,cheekybama,April Glover,7751,1208,"I WANT #PacMan ! Where can I play this? ""@budlight : New bottles, new #SuperBowl commercial!
amp.twimg.com/v/0147114f-f37…""",2,2,2015
https://twitter.com/budlight/status/562082377531265024,2015-02-02 02:57:36+00:00,562082377531265024,No butter fingers here! #SuperBowl http://t.co/u89s2nBDJA,52,0,68,budlight,Bud Light,262708,253,No butter fingers here! #SuperBowl http://t.co/u89s2nBDJA,2,2,2015
https://twitter.com/carloslimongih/status/562081037279592448,2015-02-02 02:52:16+00:00,562081037279592448,“@budlight: WATCH our #SuperBowl commercial and see one fan's night go from PRE-GAME to IN-GAME. #PACMAN https://t.co/Ts3s64koXl” INCREIBLE,1,0,3,carloslimongih,Carlos Limongi Hanna,10471,2746,"“@budlight: WATCH our #SuperBowl commercial and see one fan's night go from PRE-GAME to IN-GAME. #PACMAN
amp.twimg.com/v/5587a9be-50e…” INCREIBLE",2,2,2015
https://twitter.com/budlight/status/562079989143986176,2015-02-02 02:48:07+00:00,562079989143986176,Well this should be a doozy. #SuperBowl #UpForWhatever http://t.co/ptF04yQC2i,10,1,39,budlight,Bud Light,262708,253,Well this should be a doozy. #SuperBowl #UpForWhatever http://t.co/ptF04yQC2i,2,2,2015
https://twitter.com/vedo/status/562079268859957250,2015-02-02 02:45:15+00:00,562079268859957250,"Dear @BudLight, how 'bout a lifesized game of Galaga? Pretty please? #UpforWhatever #SuperBowl #SuperBowlAds #brandbowl",2,0,4,vedo,"Richie Escovedo, APR",4225,4197,"Dear @BudLight, how 'bout a lifesized game of Galaga? Pretty please? #UpforWhatever #SuperBowl #SuperBowlAds #brandbowl",2,2,2015
https://twitter.com/TyshellGOREgous/status/562079243841318913,2015-02-02 02:45:09+00:00,562079243841318913,I WANNA PLAY PAC MAN “@budlight: WATCH our #SuperBowl commercial  https://t.co/sHAINXSUYD”,2,0,0,TyshellGOREgous,Tyshell Gore,1036,918,"I WANNA PLAY PAC MAN “@budlight: WATCH our #SuperBowl commercial 
amp.twimg.com/v/1aca42dd-116…”",2,2,2015
https://twitter.com/MikeFlemingOC/status/562078903657705472,2015-02-02 02:43:48+00:00,562078903657705472,"Yes that WAS my niece, @Appelusa on skates in the Bud Light Superbowl commercial. Nice job!! http://t.co/ppukkcBvvA",3,0,5,MikeFlemingOC,Mike Fleming,463,540,"Yes that WAS my niece, @Appelusa on skates in the Bud Light Superbowl commercial. Nice job!! http://t.co/ppukkcBvvA",2,2,2015
https://twitter.com/VavisTrance/status/562078723693096961,2015-02-02 02:43:05+00:00,562078723693096961,"I was the dancing shark on the right, btw. #HalftimeShow #dontbelievethelies #SuperBowl #budlight #Loctite #ClashOfClans #drugsarebad",1,2,1,VavisTrance,Travis Vance,574,148,"I was the dancing shark on the right, btw. #HalftimeShow #dontbelievethelies #SuperBowl #budlight #Loctite #ClashOfClans #drugsarebad",2,2,2015
https://twitter.com/SensibleMoms/status/562077767895117824,2015-02-02 02:39:17+00:00,562077767895117824,"So the ginormous Pacman game starts as a cool ad for #Budlight, but once all 3 lives are gone it becomes a Nationwide commercial. #SuperBowl",2,0,2,SensibleMoms,Sisterhood of Moms,7622,3254,"So the ginormous Pacman game starts as a cool ad for #Budlight, but once all 3 lives are gone it becomes a Nationwide commercial. #SuperBowl",2,2,2015
https://twitter.com/aliciacivita/status/562077571274125313,2015-02-02 02:38:30+00:00,562077571274125313,something new for the #bucketlist. to play human #pacman @budlight  #brandbowl #SuperBowl,1,0,1,aliciacivita,Alicia Civita,2795,4379,something new for the #bucketlist. to play human #pacman @budlight  #brandbowl #SuperBowl,2,2,2015
https://twitter.com/SelfMadeShawtyy/status/562077365158027264,2015-02-02 02:37:41+00:00,562077365158027264,"""@budlight had the best superbowl commercial tonight..""",1,0,0,SelfMadeShawtyy,Timo Kruz,2580,1408,"""@budlight had the best superbowl commercial tonight..""",2,2,2015
https://twitter.com/catabyte/status/562077228914069504,2015-02-02 02:37:08+00:00,562077228914069504,Bud Light missed a cross-promotional opportunity with #50Shades #UpForWhatever #AdBowl #SuperBowl,3,0,1,catabyte,ValleyCat #EveryWomanShouldMoveToCaliforniaNow,677,453,Bud Light missed a cross-promotional opportunity with #50Shades #UpForWhatever #AdBowl #SuperBowl,2,2,2015
https://twitter.com/budlight/status/562077109296705536,2015-02-02 02:36:40+00:00,562077109296705536,WATCH our #SuperBowl commercial and see one fan's night go from PRE-GAME to IN-GAME. #UpForWhatever #PACMAN https://t.co/bvIIsnSXDQ,242,19,335,budlight,Bud Light,262708,253,"WATCH our #SuperBowl commercial and see one fan's night go from PRE-GAME to IN-GAME. #UpForWhatever #PACMAN
amp.twimg.com/v/5587a9be-50e…",2,2,2015
https://twitter.com/NowTBG/status/562077051771817988,2015-02-02 02:36:26+00:00,562077051771817988,The #PacMan @budlight spot by @BBDOWorldwide making a big leaderboard push at http://t.co/CEA78XbfMb! #SuperBowl http://t.co/l98lQM3wnH,2,0,1,NowTBG,The Big Game,44,481,The #PacMan @budlight spot by @BBDOWorldwide making a big leaderboard push at nowtbg.com! #SuperBowl http://t.co/l98lQM3wnH,2,2,2015
https://twitter.com/ShannonEncina/status/562076909475868672,2015-02-02 02:35:52+00:00,562076909475868672,UpUpDownDownLeftRightLeftRightBASelectStart MT @avidindoorsman: I’d rather seen a real-life version of Contra. #budlight #SuperBowl,1,0,2,ShannonEncina,Shannon Encina,952,665,UpUpDownDownLeftRightLeftRightBASelectStart MT @avidindoorsman: I’d rather seen a real-life version of Contra. #budlight #SuperBowl,2,2,2015
https://twitter.com/SuzanneCordeiro/status/562076772720590848,2015-02-02 02:35:20+00:00,562076772720590848,I'd be down for playing some human PacMan #AdBowl #SB49 #SuperBowl #budlight,2,1,13,SuzanneCordeiro,Suzanne Cordeiro,66131,34014,I'd be down for playing some human PacMan #AdBowl #SB49 #SuperBowl #budlight,2,2,2015
https://twitter.com/SmokeWallin/status/562076736804753408,2015-02-02 02:35:11+00:00,562076736804753408,I think @Budweiser bringing back old school works better than pacman @budlight hard 2 c it connects #upforanything #SuperBowl commercials,1,0,0,SmokeWallin,Smoke Wallin,7784,6172,I think @Budweiser bringing back old school works better than pacman @budlight hard 2 c it connects #upforanything #SuperBowl commercials,2,2,2015
https://twitter.com/life_of_pech/status/562076685370003456,2015-02-02 02:34:59+00:00,562076685370003456,"I would've broken that budlight bottle on the guys head, get me a real beer. #Budlight #SuperBowl",1,0,4,life_of_pech,BelizeanBae,969,1327,"I would've broken that budlight bottle on the guys head, get me a real beer. #Budlight #SuperBowl",2,2,2015
https://twitter.com/jcasap/status/562076643926093824,2015-02-02 02:34:49+00:00,562076643926093824,Think if you are drinking @budlight you SHOULD be tested for mental capacity with some sort of puzzle to see if are sane #SuperBowl #SB49,2,0,5,jcasap,Jaime Casap,31282,1117,Think if you are drinking @budlight you SHOULD be tested for mental capacity with some sort of puzzle to see if are sane #SuperBowl #SB49,2,2,2015
https://twitter.com/TerriKarelle/status/562076598350774272,2015-02-02 02:34:38+00:00,562076598350774272,"#kudos ""@verge: Bud Light's #SuperBowl ad puts a man in the middle of a life-size Pac-Man game http://t.co/1nynuTylFD http://t.co/U5qBoDxnW4",3,0,0,TerriKarelle,Terri-Karelle Reid,76799,1521,"#kudos ""@verge: Bud Light's #SuperBowl ad puts a man in the middle of a life-size Pac-Man game theverge.com/e/7641674 http://t.co/U5qBoDxnW4",2,2,2015
https://twitter.com/HobokenBrewing/status/562076564423073793,2015-02-02 02:34:30+00:00,562076564423073793,"Say what you want about #Budlight, but that life-sized #Pacman maze was awesome...  #superbowl #superbowlcommercials #Hoboken #craftbeer",4,0,4,HobokenBrewing,Hoboken Brewing Co,3955,2233,"Say what you want about #Budlight, but that life-sized #Pacman maze was awesome...  #superbowl #superbowlcommercials #Hoboken #craftbeer",2,2,2015
https://twitter.com/theFlama/status/562076548430577664,2015-02-02 02:34:26+00:00,562076548430577664,The next party we all go to better have a real life Pac-Man game. #BudLight #SuperBowl #SB49 http://t.co/JKQcdOV5pj,7,0,2,theFlama,Flama,15872,2990,The next party we all go to better have a real life Pac-Man game. #BudLight #SuperBowl #SB49 http://t.co/JKQcdOV5pj,2,2,2015
https://twitter.com/DrinkWhatULike/status/562076391064477696,2015-02-02 02:33:49+00:00,562076391064477696,".RT @lisamattsonwine: I'll never drink @budlight, but that was a pretty badass commercial. #Superbowl #commercial #marketing #pacman #vegas",1,0,1,DrinkWhatULike,Frank Morgan,11116,6236,".RT @lisamattsonwine: I'll never drink @budlight, but that was a pretty badass commercial. #Superbowl #commercial #marketing #pacman #vegas",2,2,2015
https://twitter.com/aspaniolo/status/562076383397310464,2015-02-02 02:33:47+00:00,562076383397310464,"After all that...conquering a giant human-sized pac-man just for you, the prize is one @budlight. How disappointing. #SuperBowl",1,1,1,aspaniolo,Angelina Spaniolo,66,381,"After all that...conquering a giant human-sized pac-man just for you, the prize is one @budlight. How disappointing. #SuperBowl",2,2,2015
https://twitter.com/happeninginDTLA/status/562076367466938368,2015-02-02 02:33:43+00:00,562076367466938368,You guys catch the🍻Bud Light/PacMan Commercial they filmed in #DTLA while watching the SuperBowl? #JustMissedIt #LA http://t.co/oewly41mqk,7,0,8,happeninginDTLA,DTLA | Downtown LA,13696,11,You guys catch the🍻Bud Light/PacMan Commercial they filmed in #DTLA while watching the SuperBowl? #JustMissedIt #LA http://t.co/oewly41mqk,2,2,2015
https://twitter.com/Kimmmieeeee/status/562076341865316352,2015-02-02 02:33:37+00:00,562076341865316352,That real life PAC man game was awesome I want to play! #budlight #SuperBowl,1,0,1,Kimmmieeeee,Kimmie✌️,349,580,That real life PAC man game was awesome I want to play! #budlight #SuperBowl,2,2,2015
https://twitter.com/lucky13wxman/status/562076331949981696,2015-02-02 02:33:35+00:00,562076331949981696,I want the Giant #PacMan game in the @budlight commercial at my next birthday party! #ChildOfThe80s #SuperBowl http://t.co/cdJHAeWxKL,3,0,6,lucky13wxman,Ken Weathers ⚡️🌪,9169,5136,I want the Giant #PacMan game in the @budlight commercial at my next birthday party! #ChildOfThe80s #SuperBowl http://t.co/cdJHAeWxKL,2,2,2015
https://twitter.com/BushmanOnAir/status/562076331090128896,2015-02-02 02:33:34+00:00,562076331090128896,“@budlight: WATCH #SuperBowl commercial &amp; see 1 fan's night go from PRE-GAME 2 IN-GAME. #UpForWhatever #SB49  https://t.co/EsqLAY7QCg” #Dope,1,1,2,BushmanOnAir,Bushman,30874,4547,"“@budlight: WATCH #SuperBowl commercial &amp; see 1 fan's night go from PRE-GAME 2 IN-GAME. #UpForWhatever #SB49 
amp.twimg.com/v/1aca42dd-116…” #Dope",2,2,2015
https://twitter.com/matthewthacker/status/562076286894370816,2015-02-02 02:33:24+00:00,562076286894370816,Can I play real life #PacMan withOUT drinking #BudLight? #SuperBowl,1,0,1,matthewthacker,matthewthacker,87,123,Can I play real life #PacMan withOUT drinking #BudLight? #SuperBowl,2,2,2015
https://twitter.com/GrantRandom/status/562076266611097600,2015-02-02 02:33:19+00:00,562076266611097600,"Bud Light:  ""Are you ready for what happens next?""  Me:  ""Yes, as long as it doesn't involve dead kids.""  #SuperBowl #SB49  #SuperBowIAds",5,0,10,GrantRandom,Grant Random,54698,2237,"Bud Light:  ""Are you ready for what happens next?""  Me:  ""Yes, as long as it doesn't involve dead kids.""  #SuperBowl #SB49  #SuperBowIAds",2,2,2015
https://twitter.com/RasuShrestha/status/562076260047020032,2015-02-02 02:33:17+00:00,562076260047020032,Best commercial so far for #Superbowl 🏈 = #PacMan #UpForWhatever @budlight !,1,0,1,RasuShrestha,Rasu Shrestha MD MBA,36295,847,Best commercial so far for #Superbowl 🏈 = #PacMan #UpForWhatever @budlight !,2,2,2015
https://twitter.com/kitson/status/562076220926726144,2015-02-02 02:33:08+00:00,562076220926726144,#BudLight's #UpForWhatever Pac-Man ad gets a thumbs up. #SuperBowlAds #SB49 #SuperBowl #SuperBowl49,1,0,0,kitson,Josh Weinberger,6571,5781,#BudLight's #UpForWhatever Pac-Man ad gets a thumbs up. #SuperBowlAds #SB49 #SuperBowl #SuperBowl49,2,2,2015
https://twitter.com/georgehahn/status/562076205243850753,2015-02-02 02:33:04+00:00,562076205243850753,Bud Light is the perfect beer for a grown man playing life-size Pac-Man in a headband. #SuperBowl,1,0,1,georgehahn,George Hahn,236025,1286,Bud Light is the perfect beer for a grown man playing life-size Pac-Man in a headband. #SuperBowl,2,2,2015
https://twitter.com/alexlynnward/status/562076188307234816,2015-02-02 02:33:00+00:00,562076188307234816,They just played Nick's SuperBowl commercial! #budlight #superbowl #bae 😍,1,1,5,alexlynnward,Alex Lynn Ward,896,289,They just played Nick's SuperBowl commercial! #budlight #superbowl #bae 😍,2,2,2015
https://twitter.com/MattOswaltVA/status/562076183597051905,2015-02-02 02:32:59+00:00,562076183597051905,When do they tell the poor guy in that Bud Light commercial he's joined Scientology?  #SuperBowl,72,2,175,MattOswaltVA,Matt Oswalt,366273,1060,When do they tell the poor guy in that Bud Light commercial he's joined Scientology?  #SuperBowl,2,2,2015
https://twitter.com/arnoldtijerina/status/562076169936580610,2015-02-02 02:32:56+00:00,562076169936580610,The @Budweiser #BudLight #PacMan #commercial wins. #sb49 #SuperBowl #videogames #geek @signontheline @nextlevelbriggs @pcmguy #NADA2015,3,1,4,arnoldtijerina,Arnold Tijerina,6337,3287,The @Budweiser #BudLight #PacMan #commercial wins. #sb49 #SuperBowl #videogames #geek @signontheline @nextlevelbriggs @pcmguy #NADA2015,2,2,2015
https://twitter.com/EDMsauce/status/562076156896092160,2015-02-02 02:32:53+00:00,562076156896092160,Featured song in the #Budlight #SuperBowl commercial... @steveaoki and @chrislake - Boneless http://t.co/RKM4iI48FZ,30,2,67,EDMsauce,EDM Sauce,49714,1548,Featured song in the #Budlight #SuperBowl commercial... @steveaoki and @chrislake - Boneless http://t.co/RKM4iI48FZ,2,2,2015
https://twitter.com/baoch/status/562076120363708417,2015-02-02 02:32:44+00:00,562076120363708417,Way to bring back the nostalgia @budlight!  #SuperBowl #commercial  I want to play in the #PacMan maze! http://t.co/FVrMt68hVE,6,1,8,baoch,🎈 baochi nguyen,25872,13648,"Way to bring back the nostalgia @budlight!  #SuperBowl #commercial

I want to play in the #PacMan maze! http://t.co/FVrMt68hVE",2,2,2015
https://twitter.com/FrankCatalano/status/562076041787621376,2015-02-02 02:32:25+00:00,562076041787621376,"OMG. While Bud Light's #SuperBowl ad is not from a #tech firm, the retro human-sized PacMan game is 3D ghost + techno soundtrack awesome.",1,0,6,FrankCatalano,Frank Catalano,7012,396,"OMG. While Bud Light's #SuperBowl ad is not from a #tech firm, the retro human-sized PacMan game is 3D ghost + techno soundtrack awesome.",2,2,2015
https://twitter.com/danielpgrote/status/562076015380668416,2015-02-02 02:32:19+00:00,562076015380668416,"I really want to play life-sized Pac-Man, but I really don't want to drink Bud Light. #SuperBowl",1,0,2,danielpgrote,Dan Grote,1156,1952,"I really want to play life-sized Pac-Man, but I really don't want to drink Bud Light. #SuperBowl",2,2,2015
https://twitter.com/JimThomasTech/status/562075985214849024,2015-02-02 02:32:12+00:00,562075985214849024,Thumbs up @bud light with #PacMan thumbs down @Jeep &amp; @NissanUSA #withdad #SuperBowl #buzzkill,1,0,0,JimThomasTech,Jim Thomas,1760,2887,Thumbs up @bud light with #PacMan thumbs down @Jeep &amp; @NissanUSA #withdad #SuperBowl #buzzkill,2,2,2015
https://twitter.com/kennethcole/status/562075968358326273,2015-02-02 02:32:08+00:00,562075968358326273,We want to play human-sized Pac Man @budlight #SuperBowl #commercials,5,1,7,kennethcole,Kenneth Cole,164707,1010,We want to play human-sized Pac Man @budlight #SuperBowl #commercials,2,2,2015
https://twitter.com/NatalieHoage/status/562075904591941632,2015-02-02 02:31:53+00:00,562075904591941632,Best #SuperBowl commercial of the night.... Bud Light #UpForWhatever. I TOTALLY want to play Pac Man like that!,2,0,3,NatalieHoage,Natalie H,10034,4150,Best #SuperBowl commercial of the night.... Bud Light #UpForWhatever. I TOTALLY want to play Pac Man like that!,2,2,2015
https://twitter.com/TeresaForReal/status/562075902486786048,2015-02-02 02:31:52+00:00,562075902486786048,"Can that Pac Man thing be real, please 😂😂 #budlight #SuperBowl",1,0,1,TeresaForReal,Teresa,3855,3095,"Can that Pac Man thing be real, please 😂😂 #budlight #SuperBowl",2,2,2015
https://twitter.com/CKYonwords/status/562075863676895233,2015-02-02 02:31:43+00:00,562075863676895233,I was in a video game once. But it sure as heck wasn't Bud Light that put me there. #SuperBowl,1,0,2,CKYonwords,jabberwoCKY,2911,4254,I was in a video game once. But it sure as heck wasn't Bud Light that put me there. #SuperBowl,2,2,2015
https://twitter.com/ChatterBuzzz/status/562075852696223744,2015-02-02 02:31:40+00:00,562075852696223744,FUN! Where does this live PacMan exist? @budlight #SuperBowl #OrlandoAdBowl #UpForWhatever,1,0,0,ChatterBuzzz,Chatter Buzz,1540,876,FUN! Where does this live PacMan exist? @budlight #SuperBowl #OrlandoAdBowl #UpForWhatever,2,2,2015
https://twitter.com/FRAnalytics/status/562075842264985600,2015-02-02 02:31:38+00:00,562075842264985600,Pacman Fever! 16.5 million viewers had already watched the @budlight commercial on @YouTube @Facebook before it aired on @NBC @SuperBowl,1,0,1,FRAnalytics,Front Row Analytics,4763,631,Pacman Fever! 16.5 million viewers had already watched the @budlight commercial on @YouTube @Facebook before it aired on @NBC @SuperBowl,2,2,2015
https://twitter.com/TheAdamWells/status/562075835318812675,2015-02-02 02:31:36+00:00,562075835318812675,How do we get Bud Light Pac man to come to Minneapolis #superbowl #sb49,1,0,1,TheAdamWells,Adam Wells,796,617,How do we get Bud Light Pac man to come to Minneapolis #superbowl #sb49,2,2,2015
https://twitter.com/ryankickassa/status/562075833058066432,2015-02-02 02:31:36+00:00,562075833058066432,I WANT TO BE PAC-MAN! #SuperBowl #PacMan #budlight,1,1,15,ryankickassa,Ryan Bourassa,66452,49718,I WANT TO BE PAC-MAN! #SuperBowl #PacMan #budlight,2,2,2015
https://twitter.com/acityinohio/status/562075819288559616,2015-02-02 02:31:32+00:00,562075819288559616,"100% of the audience drinking your product was born 15 years after PacMan was released, Bud Light. #SuperBowl",1,1,0,acityinohio,Josh Cincinnati,12077,1899,"100% of the audience drinking your product was born 15 years after PacMan was released, Bud Light. #SuperBowl",2,2,2015
https://twitter.com/EveMayerMedia/status/562075807590268928,2015-02-02 02:31:30+00:00,562075807590268928,Oh @BudLight I am #UpforWhatever and ready to place Ms. Pac-Man for a bud! #SuperBowl,2,1,2,EveMayerMedia,Eve Mayer,110132,91056,Oh @BudLight I am #UpforWhatever and ready to place Ms. Pac-Man for a bud! #SuperBowl,2,2,2015
https://twitter.com/karendeezee/status/562075789965799425,2015-02-02 02:31:25+00:00,562075789965799425,Go @DJWS ! Congrats on your Bud Light commercial. #SuperBowl,1,0,1,karendeezee,Karen Bowler,157,93,Go @DJWS ! Congrats on your Bud Light commercial. #SuperBowl,2,2,2015
https://twitter.com/tcmassie/status/562075786761752576,2015-02-02 02:31:25+00:00,562075786761752576,"Cool life-size Pacman, but he went through all that and only got a #BudLight? Meh! #SuperBowl #SB49 #SuperBowlAds",2,0,5,tcmassie,Tim Massie,5366,4313,"Cool life-size Pacman, but he went through all that and only got a #BudLight? Meh! #SuperBowl #SB49 #SuperBowlAds",2,2,2015
https://twitter.com/Girl95Dance/status/562075758223310848,2015-02-02 02:31:18+00:00,562075758223310848,Can someone offer me a bud light? #whateverhappens #SuperBowl #superbowlcommercials,1,0,0,Girl95Dance,FaithWaitForItElkin,387,343,Can someone offer me a bud light? #whateverhappens #SuperBowl #superbowlcommercials,2,2,2015
https://twitter.com/AdamTroxtell/status/562075758097473536,2015-02-02 02:31:18+00:00,562075758097473536,"I hate Bud Light, but I'll drink it all night if you let me in that real-life Pac-Man game. #SuperBowl",1,0,0,AdamTroxtell,Adam Troxtell,866,1060,"I hate Bud Light, but I'll drink it all night if you let me in that real-life Pac-Man game. #SuperBowl",2,2,2015
https://twitter.com/lindsaystidham/status/562075740946960384,2015-02-02 02:31:14+00:00,562075740946960384,That actor was really good at being happy about Bud Light. #SuperBowl,1,0,2,lindsaystidham,Lindsay Stidham,2631,2860,That actor was really good at being happy about Bud Light. #SuperBowl,2,2,2015
https://twitter.com/MariahajilE/status/562075740058185728,2015-02-02 02:31:13+00:00,562075740058185728,this bud light/pac-man commercial is LIFE. #superbowl,1,0,2,MariahajilE,iris,1565,297,this bud light/pac-man commercial is LIFE. #superbowl,2,2,2015
https://twitter.com/paulmhooper/status/562075739869425664,2015-02-02 02:31:13+00:00,562075739869425664,"Unfortunately, cool shit like that never happens when you order a Bud Light. All that happens is you're stuck with a shitty beer. #SuperBowl",1,0,3,paulmhooper,Paul Hooper,999,588,"Unfortunately, cool shit like that never happens when you order a Bud Light. All that happens is you're stuck with a shitty beer. #SuperBowl",2,2,2015
https://twitter.com/CliffTorres13/status/562075704318128128,2015-02-02 02:31:05+00:00,562075704318128128,Live version pac-man!!!!  I want in!  But when I win I would rather have a good beer not a #budlight #superbowl,1,0,1,CliffTorres13,Cliff Torres,95,480,Live version pac-man!!!!  I want in!  But when I win I would rather have a good beer not a #budlight #superbowl,2,2,2015
https://twitter.com/amy_pfister/status/562075703210815489,2015-02-02 02:31:05+00:00,562075703210815489,"Ok, Bud Light. I dig your Live Pacman #LiveForWhatever advert. That was fun. #SuperBowlAds @SuperBowl @sb49",1,1,1,amy_pfister,Amy Pfister,2265,176,"Ok, Bud Light. I dig your Live Pacman #LiveForWhatever advert. That was fun. #SuperBowlAds @SuperBowl @sb49",2,2,2015
https://twitter.com/racheld/status/562075701202145280,2015-02-02 02:31:04+00:00,562075701202145280,"I don't want a Bud Light, but running around in a Pac-Man maze looks super appealing. #SuperBowl",4,1,11,racheld,Dodes 🇺🇦,10741,3262,"I don't want a Bud Light, but running around in a Pac-Man maze looks super appealing. #SuperBowl",2,2,2015
https://twitter.com/Jewyorican/status/562075673649750016,2015-02-02 02:30:58+00:00,562075673649750016,Dude just kicked ass at human pac-man and all he wins is a bud light? #SuperBowl,1,1,8,Jewyorican,Rachel Figueroa 🐝🐝🐝🐝🐝🐝🐝🐝🐝🐝🐝🐝🐝🌻🌻🌻,8887,2771,Dude just kicked ass at human pac-man and all he wins is a bud light? #SuperBowl,2,2,2015
https://twitter.com/Regulardave2975/status/562075671719976960,2015-02-02 02:30:57+00:00,562075671719976960,You couldn't pay me to drink #budlight but the pacman commercial was ill #superbowl,2,0,6,Regulardave2975,Regular Dave,2729,314,You couldn't pay me to drink #budlight but the pacman commercial was ill #superbowl,2,2,2015
https://twitter.com/dcoopsd/status/562075670885322752,2015-02-02 02:30:57+00:00,562075670885322752,I sooooo want to do the #PacMan + @budlight raver maze.... #superbowlcommercials #SuperBowl I may just have the neon bracelets....,1,1,1,dcoopsd,Brandon Smith,9355,9961,I sooooo want to do the #PacMan + @budlight raver maze.... #superbowlcommercials #SuperBowl I may just have the neon bracelets....,2,2,2015
https://twitter.com/Solano66/status/562075650522365952,2015-02-02 02:30:52+00:00,562075650522365952,Every bar needs a life size Pac-man course. That was awesome. #SuperBowl #budlight,1,0,17,Solano66,Mike Solano,58077,54182,Every bar needs a life size Pac-man course. That was awesome. #SuperBowl #budlight,2,2,2015
https://twitter.com/dannysullivan/status/562075648223506432,2015-02-02 02:30:52+00:00,562075648223506432,You know what's less fun than watching someone play Pacman? Watching someone play it on a giant board in a Bud Light ad #SuperBowl,6,2,14,dannysullivan,Danny Sullivan,530312,8289,You know what's less fun than watching someone play Pacman? Watching someone play it on a giant board in a Bud Light ad #SuperBowl,2,2,2015
https://twitter.com/Latinegro/status/562075640728649729,2015-02-02 02:30:50+00:00,562075640728649729,YO!!!! That BUD LIGHT commercial. I want this! #pacman #SuperBowl,1,0,1,Latinegro,"Tony Snark, bro",3415,2446,YO!!!! That BUD LIGHT commercial. I want this! #pacman #SuperBowl,2,2,2015
https://twitter.com/AO_Bako/status/562075622986379267,2015-02-02 02:30:46+00:00,562075622986379267,Anyone else think the guy in the #BudLight #UpForWhatever commercial could be @Jermainejunior's brother? #USMNT #SuperBowl,1,0,1,AO_Bako,AO Bako,686,729,Anyone else think the guy in the #BudLight #UpForWhatever commercial could be @Jermainejunior's brother? #USMNT #SuperBowl,2,2,2015
https://twitter.com/wiselatinaslink/status/562075619127590912,2015-02-02 02:30:45+00:00,562075619127590912,That #Budlight #Pacman should be adopted by every amusement park in America #Superbowl  #UpForWhatever,5,0,2,wiselatinaslink,Wise Latinas Linked,10055,8253,That #Budlight #Pacman should be adopted by every amusement park in America #Superbowl  #UpForWhatever,2,2,2015
https://twitter.com/iamtruthkilla/status/562075613414957056,2015-02-02 02:30:43+00:00,562075613414957056,That shit tight I wanna play human pac man #Budlight #SuperBowl,2,0,0,iamtruthkilla,D,1685,1296,That shit tight I wanna play human pac man #Budlight #SuperBowl,2,2,2015
https://twitter.com/RussellsRiff/status/562075611683123200,2015-02-02 02:30:43+00:00,562075611683123200,"My kid, on the Bud Light commercial with Pacman, said, ""That is the stupidest prize I have ever seen. He deserved so much more.""  #SuperBowl",1,0,1,RussellsRiff,"Heidi Lynn Russell, M.Ed.",9442,10373,"My kid, on the Bud Light commercial with Pacman, said, ""That is the stupidest prize I have ever seen. He deserved so much more.""  #SuperBowl",2,2,2015
https://twitter.com/OriginalPSP/status/562075593530155008,2015-02-02 02:30:39+00:00,562075593530155008,Hey @budlight - I'm #UpForWhatever too.  Original Pac-Man forever #SuperBowl - http://t.co/eHCsKaYELC,7,1,21,OriginalPSP,Patrick Scott Patterson,44012,14793,Hey @budlight - I'm #UpForWhatever too.  Original Pac-Man forever #SuperBowl - http://t.co/eHCsKaYELC,2,2,2015
https://twitter.com/carlosgil83/status/562075587737448449,2015-02-02 02:30:37+00:00,562075587737448449,.@reedwmiller That @budlight #Pacman commercial is one of the best #SupeBowlAds yet! #UpForWhatever #SB49SMChat #SuperBowl,1,0,1,carlosgil83,CarlosGil.eth,60816,10789,.@reedwmiller That @budlight #Pacman commercial is one of the best #SupeBowlAds yet! #UpForWhatever #SB49SMChat #SuperBowl,2,2,2015
https://twitter.com/TroyShear/status/562075574093774848,2015-02-02 02:30:34+00:00,562075574093774848,"Instead of lazer-tag and paintball, why has nobody created a real-life full size pack-man before the Bud Light commercial? #SuperBowl",1,1,2,TroyShear,Troy Shear,1500,337,"Instead of lazer-tag and paintball, why has nobody created a real-life full size pack-man before the Bud Light commercial? #SuperBowl",2,2,2015
https://twitter.com/guidingtype/status/562075561590128641,2015-02-02 02:30:31+00:00,562075561590128641,"If I win Pac Man, I want more than just one Bud Light. #SuperBowl",1,1,3,guidingtype,Guiding Type,66,170,"If I win Pac Man, I want more than just one Bud Light. #SuperBowl",2,2,2015
https://twitter.com/verge/status/562075558973276161,2015-02-02 02:30:30+00:00,562075558973276161,Bud Light's #SuperBowl ad puts a man in the middle of a life-size Pac-Man game http://t.co/zoBngmP3Op http://t.co/ki2aDWQK96,178,18,220,verge,The Verge,2981078,182,Bud Light's #SuperBowl ad puts a man in the middle of a life-size Pac-Man game theverge.com/e/7641674 http://t.co/ki2aDWQK96,2,2,2015
https://twitter.com/Mr_McFly/status/562075550802784258,2015-02-02 02:30:28+00:00,562075550802784258,I'm gonna go out on a limb &amp; say #BudLight spent more than $4.5MM on the PacMan installation. #SB49 #SuperBowl #hashchat #brandbowl #adbowl,2,1,0,Mr_McFly,Gary J. Nix: strategist | #TeamElmo | brand champ,7658,6626,I'm gonna go out on a limb &amp; say #BudLight spent more than $4.5MM on the PacMan installation. #SB49 #SuperBowl #hashchat #brandbowl #adbowl,2,2,2015
https://twitter.com/wdtnbrooke/status/562075538609942529,2015-02-02 02:30:25+00:00,562075538609942529,"""Get the cherry! GET THE CHERRY!!!"" My mom is way into the #budlight Pac man commercial. #SuperBowl",2,1,4,wdtnbrooke,Brooke Moore,5653,3285,"""Get the cherry! GET THE CHERRY!!!"" My mom is way into the #budlight Pac man commercial. #SuperBowl",2,2,2015
https://twitter.com/campkeesley/status/562075537699397633,2015-02-02 02:30:25+00:00,562075537699397633,Omg! How can we play life size PacMan #BudLight ? Show me! #SuperBowl,1,0,2,campkeesley,campkeesley,961,565,Omg! How can we play life size PacMan #BudLight ? Show me! #SuperBowl,2,2,2015
https://twitter.com/BMacME/status/562075533539049472,2015-02-02 02:30:24+00:00,562075533539049472,How did @budlight get @JoakimNoah's unemployed younger brother for this #UpForWhatever @SuperBowl ad?!? #SB49 #SuperBowl,1,0,0,BMacME,Brian MacLeod,415,617,How did @budlight get @JoakimNoah's unemployed younger brother for this #UpForWhatever @SuperBowl ad?!? #SB49 #SuperBowl,2,2,2015
https://twitter.com/adashtunes/status/562075516942159872,2015-02-02 02:30:20+00:00,562075516942159872,Whoa! @KRNFX in a @budlight ad during the @SuperBowl !,5,0,3,adashtunes,a-Tunes.net,813,557,Whoa! @KRNFX in a @budlight ad during the @SuperBowl !,2,2,2015
https://twitter.com/Adweek/status/562075516698894336,2015-02-02 02:30:20+00:00,562075516698894336,"BUD LIGHT - Not as good as 2014's Arnold/Cheadle ad, but has retro charm and big playfulness factor. #SuperBowl http://t.co/BAcVsKdTFA",85,8,174,Adweek,Adweek,688970,26488,"BUD LIGHT - Not as good as 2014's Arnold/Cheadle ad, but has retro charm and big playfulness factor. #SuperBowl http://t.co/BAcVsKdTFA",2,2,2015
https://twitter.com/ShantiDas404/status/562075509304356864,2015-02-02 02:30:18+00:00,562075509304356864,I wanna do that! @budlight #PacmanCommercial #SuperBowl,7,0,4,ShantiDas404,SHANTI DAS,14427,2721,I wanna do that! @budlight #PacmanCommercial #SuperBowl,2,2,2015
https://twitter.com/DeePhunk/status/562075509019140097,2015-02-02 02:30:18+00:00,562075509019140097,I would never drink #BudLight so oh well on this crazy ass Pac-Man adventure. #SB49 #SuperBowlXLIX #SuperBowl,2,2,0,DeePhunk,Dee Phunk,7257,1499,I would never drink #BudLight so oh well on this crazy ass Pac-Man adventure. #SB49 #SuperBowlXLIX #SuperBowl,2,2,2015
https://twitter.com/Parentng/status/562075507618234368,2015-02-02 02:30:18+00:00,562075507618234368,Ok - can I get that Pac-Man real life size game on Amazon???? Lol. #budlight #sb15 #SuperBowl,4,1,1,Parentng,Parenting,326845,241140,Ok - can I get that Pac-Man real life size game on Amazon???? Lol. #budlight #sb15 #SuperBowl,2,2,2015
https://twitter.com/NoThisIsAshley/status/562075505005182977,2015-02-02 02:30:17+00:00,562075505005182977,"I want to be Pac-Man, but if it means I have to drink Bud Light, I'll stay inside. #SuperBowl",2,0,1,NoThisIsAshley,Ashley Steves 🏳️‍🌈,1337,681,"I want to be Pac-Man, but if it means I have to drink Bud Light, I'll stay inside. #SuperBowl",2,2,2015
https://twitter.com/Mfreke/status/562075502023024640,2015-02-02 02:30:17+00:00,562075502023024640,LIFESIZE PACMAN....WHERE DO I SIGN UP #SuperBowl #commercials #budlight,1,0,1,Mfreke,Mfreke Akpaninyie,325,991,LIFESIZE PACMAN....WHERE DO I SIGN UP #SuperBowl #commercials #budlight,2,2,2015
https://twitter.com/K_dot_Cueva/status/562075499317719040,2015-02-02 02:30:16+00:00,562075499317719040,I so would love to play real life Pac man. #budlight #SuperBowl,1,0,1,K_dot_Cueva,Kevin Cueva,455,753,I so would love to play real life Pac man. #budlight #SuperBowl,2,2,2015
https://twitter.com/CraigElimeliah/status/562075496041955328,2015-02-02 02:30:15+00:00,562075496041955328,Didn't he hear that Pac-Man noise in the bar?  I have a feeling @budlight brings this game to #SXSW #SuperBowl,2,0,2,CraigElimeliah,Elimeliah.eth,3369,3056,Didn't he hear that Pac-Man noise in the bar?  I have a feeling @budlight brings this game to #SXSW #SuperBowl,2,2,2015
https://twitter.com/Dillonmason/status/562075494955618304,2015-02-02 02:30:15+00:00,562075494955618304,Now I wanna drink a 1000 budlights &amp; play pac man #budlight #SuperBowl #pacman,1,0,0,Dillonmason,Dillon Mason,361,486,Now I wanna drink a 1000 budlights &amp; play pac man #budlight #SuperBowl #pacman,2,2,2015
https://twitter.com/Crutnacker/status/562075489641046016,2015-02-02 02:30:14+00:00,562075489641046016,"Pac Man -- Way to keep it current for the college kids, #BudLight.  #BrandBowl #SuperBowl",1,0,5,Crutnacker,Crutnacker,7145,4219,"Pac Man -- Way to keep it current for the college kids, #BudLight.  #BrandBowl #SuperBowl",2,2,2015
https://twitter.com/SusieD_NYC/status/562075486822866944,2015-02-02 02:30:13+00:00,562075486822866944,Duuuuude!! Where can I play?! @budlight #upforwhatever #Superbowl #Superbowlads #Adbowl #SB49,1,0,0,SusieD_NYC,Susie D.,1607,4243,Duuuuude!! Where can I play?! @budlight #upforwhatever #Superbowl #Superbowlads #Adbowl #SB49,2,2,2015
https://twitter.com/5tefanK/status/562075486449582081,2015-02-02 02:30:13+00:00,562075486449582081,"Bud light, you just appealed to every gamer! We love you! &lt;3 #SuperBowl #Pacman",2,0,11,5tefanK,Stefan Komlos,22576,5575,"Bud light, you just appealed to every gamer! We love you! &lt;3 #SuperBowl #Pacman",2,2,2015
https://twitter.com/kvs_pr/status/562075481961680898,2015-02-02 02:30:12+00:00,562075481961680898,Now THAT is what you call a PR Stunt. @budlight #SuperBowl,1,0,3,kvs_pr,Karen Varga-Sinka,1398,1877,Now THAT is what you call a PR Stunt. @budlight #SuperBowl,2,2,2015
https://twitter.com/jteore/status/562075461187280897,2015-02-02 02:30:07+00:00,562075461187280897,"Bud Light, Pac Man and trap music. Im so confused #SuperBowl",3,0,2,jteore,jteore,294,363,"Bud Light, Pac Man and trap music. Im so confused #SuperBowl",2,2,2015
https://twitter.com/BryanLowry3/status/562075460410957825,2015-02-02 02:30:07+00:00,562075460410957825,"This Pacman ad still isn't getting me to drink Bud Light, which is totally gross. #SuperBowl",1,1,8,BryanLowry3,Bryan Lowry,20967,5958,"This Pacman ad still isn't getting me to drink Bud Light, which is totally gross. #SuperBowl",2,2,2015
https://twitter.com/vadavici/status/562075448285597696,2015-02-02 02:30:04+00:00,562075448285597696,I wanna be in a bud light commercial when i grow up #SuperBowl,1,0,2,vadavici,VADA,9218,6744,"I wanna be in a bud light commercial when i grow up
#SuperBowl",2,2,2015
https://twitter.com/rileytestut/status/562075443633741825,2015-02-02 02:30:03+00:00,562075443633741825,THE PACMAC BUD LIGHT COMMERCIAL MAIN CHARACTER IS NAMED RILEY SO THEREFORE IT WINS THE SUPERBOWL,6,2,31,rileytestut,Riles 🤷‍♂️,48970,1679,THE PACMAC BUD LIGHT COMMERCIAL MAIN CHARACTER IS NAMED RILEY SO THEREFORE IT WINS THE SUPERBOWL,2,2,2015
https://twitter.com/JackieFernTV/status/562075427527589889,2015-02-02 02:29:59+00:00,562075427527589889,Can you imagine being in a real life #Pacman game? How fun! You can keep that Bud Light though... #SuperBowl ad,1,0,1,JackieFernTV,Jackie Fernandez,5912,621,Can you imagine being in a real life #Pacman game? How fun! You can keep that Bud Light though... #SuperBowl ad,2,2,2015
https://twitter.com/loswhit/status/562075427339251712,2015-02-02 02:29:59+00:00,562075427339251712,"""hidden cameras"" = ""hired actors"" #BudLight #SuperBowl",2,4,9,loswhit,Carlos Whittaker,37794,880,"""hidden cameras"" = ""hired actors"" #BudLight #SuperBowl",2,2,2015
https://twitter.com/budlight/status/562075418342068224,2015-02-02 02:29:57+00:00,562075418342068224,WATCH our #SuperBowl commercial and see one fan's night go from PRE-GAME to IN-GAME. #UpForWhatever #SBCommercials https://t.co/xWsfg7FeMV,1055,68,1267,budlight,Bud Light,262708,253,"WATCH our #SuperBowl commercial and see one fan's night go from PRE-GAME to IN-GAME. #UpForWhatever #SBCommercials
amp.twimg.com/v/1aca42dd-116…",2,2,2015
https://twitter.com/CatStaggs/status/562075411299856384,2015-02-02 02:29:55+00:00,562075411299856384,"Dear Bud Light, I WANT TO PLAY A GAME!!!! #SuperBowl",5,1,7,CatStaggs,Cat Staggs 🏳️‍🌈 ✨🎉🥳🎊,13066,1351,"Dear Bud Light, I WANT TO PLAY A GAME!!!! #SuperBowl",2,2,2015
https://twitter.com/Mediabistro/status/562075403331055617,2015-02-02 02:29:53+00:00,562075403331055617,I want to be pacman so badly @budlight #SuperBowl #superbowlcommercials,9,1,24,Mediabistro,Mediabistro,152734,35686,I want to be pacman so badly @budlight #SuperBowl #superbowlcommercials,2,2,2015
https://twitter.com/JillMorris/status/562075387745009666,2015-02-02 02:29:49+00:00,562075387745009666,Bud Light tastes like the opposite of this ad. #Superbowl,1,0,6,JillMorris,Jill Morris,8040,824,Bud Light tastes like the opposite of this ad. #Superbowl,2,2,2015
https://twitter.com/BennettDBennett/status/562075372289011712,2015-02-02 02:29:46+00:00,562075372289011712,I wish Bud Light didn't air this before the Super Bowl. Would've killed every other ad. #SuperBowl,1,1,4,BennettDBennett,Bennett's been rebooting. ♠️,7318,4635,I wish Bud Light didn't air this before the Super Bowl. Would've killed every other ad. #SuperBowl,2,2,2015
https://twitter.com/MarlinChronicle/status/562075355901853696,2015-02-02 02:29:42+00:00,562075355901853696,"Hey @budlight, we're down from some Pac Man at #VWC. #SuperBowl",1,0,2,MarlinChronicle,The Marlin Chronicle,755,88,"Hey @budlight, we're down from some Pac Man at #VWC. #SuperBowl",2,2,2015
https://twitter.com/iCrazyTeddy/status/562075320598421506,2015-02-02 02:29:33+00:00,562075320598421506,Bud light or Hangover part 10???? #Superbowl,5,2,16,iCrazyTeddy,Teddy,147035,1151,Bud light or Hangover part 10???? #Superbowl,2,2,2015
https://twitter.com/Adweek/status/562075195037720576,2015-02-02 02:29:04+00:00,562075195037720576,"Bud Light's original plan was ""real-life Super Mario,"" but no one would agree to eat mushrooms and stomp turtles on camera. #SuperBowl",188,8,185,Adweek,Adweek,688970,26488,"Bud Light's original plan was ""real-life Super Mario,"" but no one would agree to eat mushrooms and stomp turtles on camera. #SuperBowl",2,2,2015
https://twitter.com/budlight/status/562070406547263490,2015-02-02 02:10:02+00:00,562070406547263490,Anyone seen #BudLight? #ComingSoon #SuperBowl #SB49 #SBcommercials http://t.co/ocV8tMpBzV,29,5,34,budlight,Bud Light,262708,253,Anyone seen #BudLight? #ComingSoon #SuperBowl #SB49 #SBcommercials http://t.co/ocV8tMpBzV,2,2,2015
https://twitter.com/allchris2/status/562069862013763586,2015-02-02 02:07:52+00:00,562069862013763586,"Bud light, where you at? No here we go or disappearing fridge or up for whatever? Bout to drink a natty light just to spite you. #SuperBowl",1,0,1,allchris2,Chris Alleman,188,276,"Bud light, where you at? No here we go or disappearing fridge or up for whatever? Bout to drink a natty light just to spite you. #SuperBowl",2,2,2015
https://twitter.com/malekzadeh/status/562062348920172544,2015-02-02 01:38:01+00:00,562062348920172544,And here is our version of the #budlight for the #SuperBowl - #france #civilized http://t.co/WQlVSdNQZz,1,0,0,malekzadeh,Reza Malekzadeh,3192,1379,And here is our version of the #budlight for the #SuperBowl - #france #civilized http://t.co/WQlVSdNQZz,2,2,2015
https://twitter.com/RyanCOOKers/status/562057897916395520,2015-02-02 01:20:20+00:00,562057897916395520,I carved this ice #SuperBowl trophy !! For @budlight @SharkClub @nfl #SeattleSeahawks #NewEnglandPatriots http://t.co/9UYV0Wa0fC,2,0,4,RyanCOOKers,Ryan Cook,3671,187,I carved this ice #SuperBowl trophy !! For @budlight @SharkClub @nfl #SeattleSeahawks #NewEnglandPatriots http://t.co/9UYV0Wa0fC,2,2,2015
https://twitter.com/budlight/status/562055654999719936,2015-02-02 01:11:25+00:00,562055654999719936,Reminder: time to re-stock. #SuperBowl http://t.co/sodgYdlj1f,39,4,69,budlight,Bud Light,262708,253,Reminder: time to re-stock. #SuperBowl http://t.co/sodgYdlj1f,2,2,2015
https://twitter.com/gsanroman2/status/562055240032079872,2015-02-02 01:09:46+00:00,562055240032079872,"Remember when #superbowl commercials went like this - Son: I love you, dad. Dad: your still not getting my bud light!!!",2,0,3,gsanroman2,Gabriel San Román,3852,974,"Remember when #superbowl commercials went like this - Son: I love you, dad. Dad: your still not getting my bud light!!!",2,2,2015
https://twitter.com/budlight/status/562052490166689792,2015-02-02 00:58:50+00:00,562052490166689792,We can hear Seattle screaming from Arizona. #SuperBowl http://t.co/H12cxywFQG,73,12,160,budlight,Bud Light,262708,253,We can hear Seattle screaming from Arizona. #SuperBowl http://t.co/H12cxywFQG,2,2,2015
https://twitter.com/budlight/status/562049746433368064,2015-02-02 00:47:56+00:00,562049746433368064,GRONK TOUCHDOWN #SuperBowl http://t.co/ZKsMdvDQi4,122,6,159,budlight,Bud Light,262708,253,GRONK TOUCHDOWN #SuperBowl http://t.co/ZKsMdvDQi4,2,2,2015
https://twitter.com/Bomber_2Pistos/status/562045490444132352,2015-02-02 00:31:01+00:00,562045490444132352,Grilling for Super Bowl on the grill I jus bought the bro #foodporn #SuperBowl  #Budlight http://t.co/T4sAdSDJUU,1,0,0,Bomber_2Pistos,Bomber Alianza,243,64,"Grilling for Super Bowl on the grill I jus bought the bro #foodporn #SuperBowl 
#Budlight instagram.com/p/ylCkAPD9Az/",2,2,2015
https://twitter.com/pearlfisherlive/status/562045258650107905,2015-02-02 00:30:06+00:00,562045258650107905,#SuperBowl fool proof game plan: Is your team losing? Grab a Bud Light. Is your team is winning? Grab a Bud Light. http://t.co/nWa82fiGXG,1,0,1,pearlfisherlive,Pearlfisher,9975,1499,#SuperBowl fool proof game plan: Is your team losing? Grab a Bud Light. Is your team is winning? Grab a Bud Light. buff.ly/1uBfHdW,2,2,2015
https://twitter.com/JesusAldana2/status/562043373062602753,2015-02-02 00:22:37+00:00,562043373062602753,Waiting on the #BudLight commercials #SuperBowl,1,0,0,JesusAldana2,Jesus Aldana,1335,718,Waiting on the #BudLight commercials #SuperBowl,2,2,2015
https://twitter.com/JazDjJazzyJ/status/562041996572098560,2015-02-02 00:17:08+00:00,562041996572098560,This mug made it's way all da way from Dallas @lack927  #sundayfunday #SuperBowl #wearetexans #budlight http://t.co/fmBeqYQARe,1,0,1,JazDjJazzyJ,DjJazzyJ,211,783,This mug made it's way all da way from Dallas @lack927  #sundayfunday #SuperBowl #wearetexans #budlight instagram.com/p/ylA-UVmxbt/,2,2,2015
https://twitter.com/DrSportBusiness/status/562040225778507776,2015-02-02 00:10:06+00:00,562040225778507776,Still shocked the first #SuperBowl ad wasn't for Bud or Bud Light as it's been in many past years. #sportsbiz #sbchat #SuperBowlAds,1,0,1,DrSportBusiness,Dr. Vassilis Dalakas,1664,425,"Still shocked the first #SuperBowl ad wasn't for Bud or Bud Light as it's been in many past years.
#sportsbiz #sbchat #SuperBowlAds",2,2,2015
https://twitter.com/BreMatherne1/status/562038252077449217,2015-02-02 00:02:16+00:00,562038252077449217,Where is the famous #SuperBowl bud light commercial?,1,0,1,BreMatherne1,Breezy-ExtraCheesy,192,274,Where is the famous #SuperBowl bud light commercial?,2,2,2015
https://twitter.com/JimFromTheRadio/status/562036656027734017,2015-02-01 23:55:55+00:00,562036656027734017,Team Mitchell trying @budlight for the first time ever. I swear. @palasad #superbowl @fm96rocks http://t.co/9e33ISW7oE,6,1,17,JimFromTheRadio,Jim Kelly,6622,1510,Team Mitchell trying @budlight for the first time ever. I swear. @palasad #superbowl @fm96rocks http://t.co/9e33ISW7oE,1,2,2015
https://twitter.com/jteore/status/562036610418880514,2015-02-01 23:55:44+00:00,562036610418880514,"Bud Light ""The PERFECT beer for WHATEVER HAPPENS"" – sounds like some YOLO date rape shit #SuperBowl",4,0,5,jteore,jteore,294,363,"Bud Light ""The PERFECT beer for WHATEVER HAPPENS"" – sounds like some YOLO date rape shit #SuperBowl",1,2,2015
https://twitter.com/SanjGills/status/562036148810563584,2015-02-01 23:53:54+00:00,562036148810563584,Bud Light 2015 #SuperBowl Pac Man Commercial awesome - http://t.co/XFZ8FXGayj,1,0,1,SanjGills,Sanj Gill,29,197,Bud Light 2015 #SuperBowl Pac Man Commercial awesome - share.hubub.com/1/GYk7l,1,2,2015
https://twitter.com/gemth13/status/562026701933531137,2015-02-01 23:16:22+00:00,562026701933531137,@budlight and margaritas at the ready!! Getting ready for the @SuperBowl 🏈 @Seahawks @Patriots #SB49 #SuperBowl,1,0,1,gemth13,Gemma Thomas,111,988,@budlight and margaritas at the ready!! Getting ready for the @SuperBowl 🏈 @Seahawks @Patriots #SB49 #SuperBowl,1,2,2015
https://twitter.com/vernleckie/status/562025711741841408,2015-02-01 23:12:26+00:00,562025711741841408,Great eats @AverageJoesLeth #superbowl #thejoe #budlight http://t.co/vFQXzWIuG9,1,0,1,vernleckie,Vern Leckie,91,206,Great eats @AverageJoesLeth #superbowl #thejoe #budlight http://t.co/vFQXzWIuG9,1,2,2015
https://twitter.com/JimFromTheRadio/status/562025657908350976,2015-02-01 23:12:13+00:00,562025657908350976,SUPERBOWL TIME! Free swag from @budlight coming out the ying yang! @palasad http://t.co/s6O5UTZhUp,1,0,2,JimFromTheRadio,Jim Kelly,6622,1510,SUPERBOWL TIME! Free swag from @budlight coming out the ying yang! @palasad http://t.co/s6O5UTZhUp,1,2,2015
https://twitter.com/J_Haynes5/status/562025153262260225,2015-02-01 23:10:13+00:00,562025153262260225,@mattytait11 predictions:  26-21 Seattle.  Gatorade color: blue  1st touchdown: beast mode First commercial: Bud Light #SuperBowl,1,0,0,J_Haynes5,"Jonathan Haynes, CMPC",659,715,"@mattytait11 predictions: 
26-21 Seattle. 
Gatorade color: blue 
1st touchdown: beast mode
First commercial: Bud Light
#SuperBowl",1,2,2015
https://twitter.com/OriginalPSP/status/562018067946168322,2015-02-01 22:42:03+00:00,562018067946168322,Look for my old buddy Pac-Man in tonight's #SB49 @budlight commercial. #UpForWhatever #SuperBowl #waka,3,2,4,OriginalPSP,Patrick Scott Patterson,44012,14793,Look for my old buddy Pac-Man in tonight's #SB49 @budlight commercial. #UpForWhatever #SuperBowl #waka,1,2,2015
https://twitter.com/TTownBudGirls/status/562017546569015296,2015-02-01 22:39:59+00:00,562017546569015296,#headtothefree before the game starts! Bud Light in the house!!! @innisfreettown  #SuperBowl #UpForWhatever,1,0,1,TTownBudGirls,AdamsBeveragesTTown,1795,1730,"#headtothefree before the game starts! Bud Light in the house!!! @innisfreettown 
#SuperBowl #UpForWhatever",1,2,2015
https://twitter.com/carolynamejia/status/562016583313530880,2015-02-01 22:36:09+00:00,562016583313530880,@budlight @abeerABislam @SuperBowl @Paintbox_Bistro awesome prize of the night! http://t.co/2KKhUQVBjS,3,1,2,carolynamejia,Carolyn Mejia,25,60,@budlight @abeerABislam @SuperBowl @Paintbox_Bistro awesome prize of the night! http://t.co/2KKhUQVBjS,1,2,2015
https://twitter.com/JesseMcCartney/status/562014658765553664,2015-02-01 22:28:31+00:00,562014658765553664,Who's ready? #SuperBowl #Stella #Corona #BudLight #AmstelLight http://t.co/gSlIxMgl2u,79,39,233,JesseMcCartney,Jesse McCartney,710739,369,Who's ready? #SuperBowl #Stella #Corona #BudLight #AmstelLight instagram.com/p/yk0ir5Lgyb/,1,2,2015
https://twitter.com/mmaskaly/status/561996052270944257,2015-02-01 21:14:34+00:00,561996052270944257,Endorsement time? @budlight #upforwhatever #puppybowl #SuperBowl #teamruff http://t.co/iUwJTkYDKB,1,0,1,mmaskaly,Michelle Maskaly,2409,1593,Endorsement time? @budlight #upforwhatever #puppybowl #SuperBowl #teamruff instagram.com/p/ykpcgDRXrF/,1,2,2015
https://twitter.com/deejaysilver1/status/561994617478852609,2015-02-01 21:08:52+00:00,561994617478852609,Such a good time! Thanks @budlight for having me at the #HouseOfWhatever #UpForWhatever @SuperBowl party! http://t.co/fF7zcMH2JT,2,2,16,deejaysilver1,Dee Jay Silver,26257,1692,Such a good time! Thanks @budlight for having me at the #HouseOfWhatever #UpForWhatever @SuperBowl party! http://t.co/fF7zcMH2JT,1,2,2015
https://twitter.com/russnelligan/status/561990626489933824,2015-02-01 20:53:01+00:00,561990626489933824,"Blizzard beer: keeping #SuperBowl @budlight cool ""au natural"" #Blizzard2015 http://t.co/etqadq3pHy",1,2,4,russnelligan,russnelligan,2117,1969,"Blizzard beer: keeping #SuperBowl @budlight cool ""au natural"" #Blizzard2015 http://t.co/etqadq3pHy",1,2,2015
https://twitter.com/mmaskaly/status/561990257441509376,2015-02-01 20:51:33+00:00,561990257441509376,Will #puppybowl starter Bubba get an endorsement deal?! @budlight #teamruff #superbowl http://t.co/iUwJTkYDKB,2,0,1,mmaskaly,Michelle Maskaly,2409,1593,Will #puppybowl starter Bubba get an endorsement deal?! @budlight #teamruff #superbowl instagram.com/p/ykpcgDRXrF/,1,2,2015
https://twitter.com/merlemadrid/status/561988939582406656,2015-02-01 20:46:19+00:00,561988939582406656,Is the #BudBowl still a thing? @Budweiser vs. @budlight was some years more competitive than the #SuperBowl itself.,1,0,1,merlemadrid,Merle Madrid 🇺🇦,2469,589,Is the #BudBowl still a thing? @Budweiser vs. @budlight was some years more competitive than the #SuperBowl itself.,1,2,2015
https://twitter.com/TheDrum/status/561988705918140416,2015-02-01 20:45:23+00:00,561988705918140416,. @BudLight generates excitement and energy with real-life Pacman #SuperBowl ad http://t.co/x7ZZgJcAVe  #SB49 http://t.co/lgsk09XaBJ,3,0,7,TheDrum,The Drum,230155,2815,. @BudLight generates excitement and energy with real-life Pacman #SuperBowl ad ow.ly/IdG5q  #SB49 http://t.co/lgsk09XaBJ,1,2,2015
https://twitter.com/TuscanyCasino/status/561986634405527553,2015-02-01 20:37:09+00:00,561986634405527553,"#SuperBowl specials include: $10 Buckets of Bud Light $3 domestic brews, $4 well drinks, #food #piazza #florentineballroom",1,0,0,TuscanyCasino,Tuscany Suites & Casino,11165,8689,"#SuperBowl specials include: $10 Buckets of Bud Light $3 domestic brews, $4 well drinks, #food #piazza #florentineballroom",1,2,2015
https://twitter.com/steveaoki/status/561981577786585088,2015-02-01 20:17:03+00:00,561981577786585088,This is what the craziest #SuperBowl party in Phoenix looked like! Tag your friends!! @budlight… http://t.co/KeUdUVVLL5,49,2,109,steveaoki,Steve Aoki,8245478,5542,This is what the craziest #SuperBowl party in Phoenix looked like! Tag your friends!! @budlight… instagram.com/p/yklf4XPaLm/,1,2,2015
https://twitter.com/HoboHappyHours/status/561980144374788098,2015-02-01 20:11:22+00:00,561980144374788098,We're ready for #SuperBowlXLIX. Cheers to @RSVLTS for the @budlight table. #Hoboken #NEvsSEA #SuperBowl http://t.co/mMSkjilwTY,1,0,1,HoboHappyHours,Hoboken Happy Hours,2086,33,We're ready for #SuperBowlXLIX. Cheers to @RSVLTS for the @budlight table. #Hoboken #NEvsSEA #SuperBowl http://t.co/mMSkjilwTY,1,2,2015
https://twitter.com/moonstruckmiffy/status/561976716835713024,2015-02-01 19:57:44+00:00,561976716835713024,Happy Super Bowl Sunday @cher 🏉 #superbowl #sunday #nfl #cher #legendary #instagay #budlight http://t.co/HpP22mkXBl,1,0,0,moonstruckmiffy,Leon Martin,242,275,Happy Super Bowl Sunday @cher 🏉 #superbowl #sunday #nfl #cher #legendary #instagay #budlight instagram.com/p/ykjSashAm0/,1,2,2015
https://twitter.com/WilfsPub/status/561968450168717312,2015-02-01 19:24:54+00:00,561968450168717312,Superbowl Drink Specials: Bud &amp; Bud Light: Tall Cans $4.75; Pints $5.75; Pitchers $15.50,1,0,0,WilfsPub,Wilf’s Restaurant & Bar,4672,260,Superbowl Drink Specials: Bud &amp; Bud Light: Tall Cans $4.75; Pints $5.75; Pitchers $15.50,1,2,2015
https://twitter.com/irishtimespubbc/status/561954837794144256,2015-02-01 18:30:48+00:00,561954837794144256,"#Superbowl $5 for Poutine, Pork Sliders, Shrimp Skewers, Double Caesars &amp; bottles of Bud/Bud Light. Game starts w/full sound @330pm! #yyj",2,0,0,irishtimespubbc,Irish Times Pub,2591,1098,"#Superbowl $5 for Poutine, Pork Sliders, Shrimp Skewers, Double Caesars &amp; bottles of Bud/Bud Light. Game starts w/full sound @330pm! #yyj",1,2,2015
https://twitter.com/thefashionbomb/status/561953407804518402,2015-02-01 18:25:07+00:00,561953407804518402,Hot! or Hmm… Nicki Minaj’s Superbowl XLIX Weekend Bud Light House of Whatever Roberto Cavalli Sheer Cutout Mesh… http://t.co/vDUJfUbLLG,3,1,0,thefashionbomb,The Fashion Bomb,54126,2,Hot! or Hmm… Nicki Minaj’s Superbowl XLIX Weekend Bud Light House of Whatever Roberto Cavalli Sheer Cutout Mesh… dlvr.it/8LV6DP,1,2,2015
https://twitter.com/513events/status/561950416124915713,2015-02-01 18:13:14+00:00,561950416124915713,Head to @MtLookoutTavern to watch the Super Bowl. Get a bucket of 5 bottles of Bud Light for $12! #SuperBowl http://t.co/P3EIGCp4M2,1,0,2,513events,513events,9060,4966,Head to @MtLookoutTavern to watch the Super Bowl. Get a bucket of 5 bottles of Bud Light for $12! #SuperBowl on.fb.me/1rcSmDd,1,2,2015
https://twitter.com/AndreaTantaros/status/561945579832737793,2015-02-01 17:54:01+00:00,561945579832737793,"That's how I workout too, to eat/drink stuff .@JoNosuchinsky: I worked off about 3 of the 75 Bud Light's I'm going to consume #SuperBowl",16,35,86,AndreaTantaros,Andrea Tantaros,395835,524,"That's how I workout too, to eat/drink stuff .@JoNosuchinsky: I worked off about 3 of the 75 Bud Light's I'm going to consume #SuperBowl",1,2,2015
https://twitter.com/JoNosuchinsky/status/561944725742419968,2015-02-01 17:50:37+00:00,561944725742419968,I worked off about 3 of the 75 Bud Light's I'm going to consume tonight. #SuperBowl,7,24,76,JoNosuchinsky,Joanne Nosuchinsky,62505,756,I worked off about 3 of the 75 Bud Light's I'm going to consume tonight. #SuperBowl,1,2,2015
https://twitter.com/seedlessband/status/561943244079390720,2015-02-01 17:44:44+00:00,561943244079390720,It's game day. Who you rootin for? #repyourteam #Superbowl #gameday #budlight #corkillphoto http://t.co/nTKdlxrZ3r,2,1,0,seedlessband,Seedless,6008,1068,It's game day. Who you rootin for? #repyourteam #Superbowl #gameday #budlight #corkillphoto instagram.com/p/ykTx1KtzSC/,1,2,2015
https://twitter.com/LukeCheverie/status/561937954147688449,2015-02-01 17:23:43+00:00,561937954147688449,It's Official: #BudLight Won the #SuperBowl of Teasers and Pre-Released #Ads - http://t.co/9aJUtAzt1e #marketing #rt #retweet #branding,1,0,0,LukeCheverie,Luke Cheverie,1111,1319,It's Official: #BudLight Won the #SuperBowl of Teasers and Pre-Released #Ads - pulse.me/s/3kOSBx #marketing #rt #retweet #branding,1,2,2015
https://twitter.com/BourbonNY/status/561935893670686720,2015-02-01 17:15:31+00:00,561935893670686720,"LOOK! #SuperBowl Deals: $3 #BudLight draft, $5 #Hurricanes, 1/2 off #appetizers, $20 buckets of #DomesticBeers and $25 #ImportBeers.",1,1,0,BourbonNY,Bourbon Street NYC,2066,2002,"LOOK! #SuperBowl Deals: $3 #BudLight draft, $5 #Hurricanes, 1/2 off #appetizers, $20 buckets of #DomesticBeers and $25 #ImportBeers.",1,2,2015
https://twitter.com/KiwiCambridge/status/561935780256706562,2015-02-01 17:15:04+00:00,561935780256706562,Join us for the Superbowl!  - $5 pints of Bud Light and Kiwi Lager! - $5.75 pound of wings! - Labatt / NFL swag to give away!,1,1,0,KiwiCambridge,Kiwi Gastropub,2404,1810,"Join us for the Superbowl!

- $5 pints of Bud Light and Kiwi Lager!
- $5.75 pound of wings!
- Labatt / NFL swag to give away!",1,2,2015
https://twitter.com/pearlfisherlive/status/561932742452314112,2015-02-01 17:03:00+00:00,561932742452314112,Let the games begin; it's go time! Celebrate the #SuperBowl with Bud Light. http://t.co/PBP5aGNzXk,1,0,0,pearlfisherlive,Pearlfisher,9975,1499,Let the games begin; it's go time! Celebrate the #SuperBowl with Bud Light. http://t.co/PBP5aGNzXk,1,2,2015
https://twitter.com/MatchPubNewWest/status/561931748997861376,2015-02-01 16:59:03+00:00,561931748997861376,RT @MatchPubNewWest: Lookin great girls! Bud light girls at Our #SuperBowl Party today! #promo#bud#football http://t.co/K2sCnXUXaz,1,0,0,MatchPubNewWest,Match Pub NewWest,847,533,RT @MatchPubNewWest: Lookin great girls! Bud light girls at Our #SuperBowl Party today! #promo#bud#football http://t.co/K2sCnXUXaz,1,2,2015
https://twitter.com/WahlburgersCA/status/561920704942059520,2015-02-01 16:15:10+00:00,561920704942059520,Cheer for your @SuperBowl #XLIX team while enjoying Wahlburgers + $5 bottle or $20 bucket of 5 #Bud or #BudLight. http://t.co/2mkcr8CICX,1,0,3,WahlburgersCA,Wahlburgers Canada,6887,277,Cheer for your @SuperBowl #XLIX team while enjoying Wahlburgers + $5 bottle or $20 bucket of 5 #Bud or #BudLight. http://t.co/2mkcr8CICX,1,2,2015
https://twitter.com/MikGoz/status/561916933105549313,2015-02-01 16:00:11+00:00,561916933105549313,"On the @CapLounge #sidebar starting at 12! Free @budlight, @TheSamual_Adams, &amp; Chowda for 1 hr b4 kickoff. Happy #SuperBowl Sunday!",1,0,0,MikGoz,Mike Goscinski,217,696,"On the @CapLounge #sidebar starting at 12! Free @budlight, @TheSamual_Adams, &amp; Chowda for 1 hr b4 kickoff. Happy #SuperBowl Sunday!",1,2,2015
https://twitter.com/ummiesbar/status/561880623048974336,2015-02-01 13:35:54+00:00,561880623048974336,Today before @SuperBowl @ummiesbar the @mnwild play Vancouver.... $2 domestic pints @Budweiser @MillerLite @budlight #beer,1,0,1,ummiesbar,Ummiesbar,411,944,Today before @SuperBowl @ummiesbar the @mnwild play Vancouver.... $2 domestic pints @Budweiser @MillerLite @budlight #beer,1,2,2015
https://twitter.com/FFactory_Hsv/status/561782917744295936,2015-02-01 07:07:39+00:00,561782917744295936,#SuperBowl #gameday party kicks 6:30pm come early $7 pitchers @budlight &amp; miller light - @DowntownHSV @HuntsEatBeeps http://t.co/HzvQXDnDqw,2,0,0,FFactory_Hsv,FURNITURE FACTORY,2524,1714,#SuperBowl #gameday party kicks 6:30pm come early $7 pitchers @budlight &amp; miller light - @DowntownHSV @HuntsEatBeeps http://t.co/HzvQXDnDqw,1,2,2015
https://twitter.com/JATGS/status/561775625795416064,2015-02-01 06:38:41+00:00,561775625795416064,Hv @CarlsJr @budlight @SNICKERS drive @bmw on @priceline trip using morphie for @TMobile. #superbowlcommercials #superbowl #SuperBowlXLIX,1,0,1,JATGS,JATGS,862,157,Hv @CarlsJr @budlight @SNICKERS drive @bmw on @priceline trip using morphie for @TMobile. #superbowlcommercials #superbowl #SuperBowlXLIX,1,2,2015
https://twitter.com/onomoly/status/561758224831893504,2015-02-01 05:29:32+00:00,561758224831893504,Cops are back!  @BudLight sure isn't #UpForWhatever. Not up for FLAVOR. Not up for FREE SPEECH. Not up for #LaserTwitter #SuperBowl,1,0,3,onomoly,ONOMOLY,62,54,Cops are back!  @BudLight sure isn't #UpForWhatever. Not up for FLAVOR. Not up for FREE SPEECH. Not up for #LaserTwitter #SuperBowl,1,2,2015
https://twitter.com/NowTBG/status/561708075631923200,2015-02-01 02:10:15+00:00,561708075631923200,Snapshot of the real-time #SuperBowl brand page at http://t.co/CEA78XbfMb! @Skittles @Budweiser @budlight @SNICKERS http://t.co/z3Xfkoh1sh,1,0,1,NowTBG,The Big Game,44,481,Snapshot of the real-time #SuperBowl brand page at nowtbg.com! @Skittles @Budweiser @budlight @SNICKERS http://t.co/z3Xfkoh1sh,1,2,2015
