url,Datetime,Tweet Id,Text,Retweet Count,Reply Count,Like Count,Username,Display Name,Followers Count,Friends Count,Rendered Content,Day,Month,Year
https://twitter.com/SocialDriver/status/696819389925040128,2016-02-08 22:14:23+00:00,696819389925040128,Top brands during #SuperBowl: @MountainDew @Budweiser @AvosfromMexico @pepsi &amp; @esurance https://t.co/uyr2LkRfSU https://t.co/P1l39fi9Il,2,0,2,SocialDriver,Social Driver,3759,2989,Top brands during #SuperBowl: @MountainDew @Budweiser @AvosfromMexico @pepsi &amp; @esurance bit.ly/23T80DL https://t.co/P1l39fi9Il,8,2,2016
https://twitter.com/justjaredjr/status/696785251067174913,2016-02-08 19:58:44+00:00,696785251067174913,Did you catch @MollsGrayy in the @pepsi #SuperBowl commercial?! Watch here: https://t.co/lEA6OPvYNx https://t.co/ajdJsOux6X,9,0,42,justjaredjr,Just Jared Jr.,342974,1055,Did you catch @MollsGrayy in the @pepsi #SuperBowl commercial?! Watch here: jus.tj/11t2 https://t.co/ajdJsOux6X,8,2,2016
https://twitter.com/TheJetPress/status/696770801308147712,2016-02-08 19:01:19+00:00,696770801308147712,Super Bowl 50 Halftime Show: Don't believe just watch https://t.co/LuBUZLAwAx #SuperBowl #Pepsi #Broncos,1,0,0,TheJetPress,The Jet Press,21095,5988,Super Bowl 50 Halftime Show: Don't believe just watch thejetpress.com/2016/02/07/sup… #SuperBowl #Pepsi #Broncos,8,2,2016
https://twitter.com/ftrwrld/status/696760976155111424,2016-02-08 18:22:16+00:00,696760976155111424,When you realize the #SuperBowl is over and there's still no Crystal Pepsi... https://t.co/eKj80rwBbb,5,0,13,ftrwrld,Future World,86,179,When you realize the #SuperBowl is over and there's still no Crystal Pepsi... https://t.co/eKj80rwBbb,8,2,2016
https://twitter.com/aeostuni/status/696755346321362944,2016-02-08 17:59:54+00:00,696755346321362944,ok @pepsi #Coldplay did better than expected that was fun. now 4 nxt year #SuperBowl #HalftimeShow please do @Pink @maroon5 or #countrymusic,2,0,3,aeostuni,Amanda,850,4558,ok @pepsi #Coldplay did better than expected that was fun. now 4 nxt year #SuperBowl #HalftimeShow please do @Pink @maroon5 or #countrymusic,8,2,2016
https://twitter.com/tomasnavarretep/status/696725526354993152,2016-02-08 16:01:24+00:00,696725526354993152,Best Pepsi SuperBowl Halftime Show,1,3,2,tomasnavarretep,tomas,1963,723,Best Pepsi SuperBowl Halftime Show,8,2,2016
https://twitter.com/Dookiedill/status/696707320185683968,2016-02-08 14:49:03+00:00,696707320185683968,My favorite #Ad at the #Superbowl was the one from https://t.co/kSmMldcqUH #BudLightParty #CocaCola #Doritos #Pepsi #PepsiTastesLikeBalls #b,1,0,0,Dookiedill,Dylan Dookiedill,96,392,My favorite #Ad at the #Superbowl was the one from youtube.com/Dookiedill #BudLightParty #CocaCola #Doritos #Pepsi #PepsiTastesLikeBalls #b,8,2,2016
https://twitter.com/InStyle/status/696706895558680576,2016-02-08 14:47:22+00:00,696706895558680576,Watch @CindyCrawford's iconic 1993 Pepsi #SuperBowl ad parody with @jkcorden: https://t.co/YN4Ihc6kEV #SB50 https://t.co/GfRwKufsru,27,3,67,InStyle,InStyle,4293309,2529,Watch @CindyCrawford's iconic 1993 Pepsi #SuperBowl ad parody with @jkcorden: instyle.io/25aNvMA #SB50 https://t.co/GfRwKufsru,8,2,2016
https://twitter.com/eason_kyle/status/696706309362753536,2016-02-08 14:45:02+00:00,696706309362753536,Denver's @AndyJuett Scores Pepsi #Superbowl Halftime Show-Show https://t.co/81lv4u2uZI @milehighhouse is a proud production partner #SB50,1,0,4,eason_kyle,Kyle Eason,3970,4922,Denver's @AndyJuett Scores Pepsi #Superbowl Halftime Show-Show buff.ly/1PZjlOE @milehighhouse is a proud production partner #SB50,8,2,2016
https://twitter.com/Quen10Carter/status/696699021281337345,2016-02-08 14:16:05+00:00,696699021281337345,I'm waiting for @ciara's #SuperBowl #HalftimeShow performance brought to you by @pepsi,1,0,1,Quen10Carter,Dìor Carter,376,459,I'm waiting for @ciara's #SuperBowl #HalftimeShow performance brought to you by @pepsi,8,2,2016
https://twitter.com/scottbudman/status/696694684408655872,2016-02-08 13:58:51+00:00,696694684408655872,"The top #SuperBowl ads, according to @TiVo: Doritos ""Ultrasound,"" ""PuppyBabyMonkey,"" Taco Bell, Buick, Pepsi. And, Beyoncé ...",2,0,2,scottbudman,scott budman,21653,1289,"The top #SuperBowl ads, according to @TiVo: Doritos ""Ultrasound,"" ""PuppyBabyMonkey,"" Taco Bell, Buick, Pepsi. And, Beyoncé ...",8,2,2016
https://twitter.com/JEFF_EMT/status/696692393651732480,2016-02-08 13:49:45+00:00,696692393651732480,Was Anybody else disappointed with @pepsi #HalftimeShow ? Seem to miss that #wowfactor #SB50 #SuperBowl,1,3,2,JEFF_EMT,🔥JT Armstrong EMT SMG 🔥,8107,8981,Was Anybody else disappointed with @pepsi #HalftimeShow ? Seem to miss that #wowfactor #SB50 #SuperBowl,8,2,2016
https://twitter.com/Adweek/status/696691664786755586,2016-02-08 13:46:51+00:00,696691664786755586,James Corden and Cindy Crawford hilariously recreated her 1992 Pepsi #SuperBowl commercial: https://t.co/poA2GDEIsF https://t.co/jC8TZ396QB,34,1,63,Adweek,Adweek,688971,26488,James Corden and Cindy Crawford hilariously recreated her 1992 Pepsi #SuperBowl commercial: adweek.it/20QZK4S https://t.co/jC8TZ396QB,8,2,2016
https://twitter.com/CampaignTechUK/status/696690017947815936,2016-02-08 13:40:18+00:00,696690017947815936,".@Doritos, @pepsi and @Pokemon most mentioned brands during @SuperBowl https://t.co/X5e5WAfOkF @Campaignmag https://t.co/IWsEBSGfta",4,1,2,CampaignTechUK,CampaignTechUK,256975,21526,".@Doritos, @pepsi and @Pokemon most mentioned brands during @SuperBowl buff.ly/1nSBLDM @Campaignmag https://t.co/IWsEBSGfta",8,2,2016
https://twitter.com/LisaRiv34942583/status/696683569192656896,2016-02-08 13:14:41+00:00,696683569192656896,I just signed this petition.NFL and Pepsi- Book Brantley Gilbert for Superbowl 51 Halftime https://t.co/7eCEFFCp7d via @ipetitions,1,1,1,LisaRiv34942583,Lisa Rivera,21,0,I just signed this petition.NFL and Pepsi- Book Brantley Gilbert for Superbowl 51 Halftime ipt.io/anojt via @ipetitions,8,2,2016
https://twitter.com/MADONNAitalianf/status/696667928092151808,2016-02-08 12:12:32+00:00,696667928092151808,Express yourself always !!!! Spot Pepsi 2016 for Superbowl last night. https://t.co/dYLsjDWLcj,2,0,4,MADONNAitalianf,MADONNA italian fan,2046,137,"Express yourself always !!!!
Spot Pepsi 2016 for Superbowl last night. fb.me/3pjC1kakK",8,2,2016
https://twitter.com/CelebriCity/status/696628244301422594,2016-02-08 09:34:50+00:00,696628244301422594,".@Beyonce performing at the Pepsi #SuperBowl 50 Halftime Show in Santa Clara, CA, 02/07/16 @Bey_Legion https://t.co/sAG2X5bh1I",2,0,8,CelebriCity,CelebriCity,2394,77,".@Beyonce performing at the Pepsi #SuperBowl 50 Halftime Show in Santa Clara, CA, 02/07/16 @Bey_Legion https://t.co/sAG2X5bh1I",8,2,2016
https://twitter.com/ColdplayPolandd/status/696570517038493697,2016-02-08 05:45:27+00:00,696570517038493697,[Video] Super Bowl Pepsi Halftime Full Video [dailymotion] #coldplay #PepsiHalftime #SuperBowl https://t.co/fY7NYX7KfW,6,0,13,ColdplayPolandd,Coldplay Poland,2316,129,[Video] Super Bowl Pepsi Halftime Full Video [dailymotion] #coldplay #PepsiHalftime #SuperBowl dailymotion.com/video/x3qyekn_…,8,2,2016
https://twitter.com/jamesamolnar/status/696564167357108224,2016-02-08 05:20:13+00:00,696564167357108224,Still thinking about that amazing half-time show. #SB50 #SuperBowl #PepsiHalftime @pepsi https://t.co/otkCeaudP2,1,0,1,jamesamolnar,James A. Molnar,609,1824,Still thinking about that amazing half-time show. #SB50 #SuperBowl #PepsiHalftime @pepsi https://t.co/otkCeaudP2,8,2,2016
https://twitter.com/CindyCrawford/status/696547962378416128,2016-02-08 04:15:50+00:00,696547962378416128,Tune in to @latelateshow tonight! @JKCorden and I recreate an iconic #SuperBowl commercial...cc: @pepsi https://t.co/3lDWOldaS3,106,20,454,CindyCrawford,Cindy Crawford,1427911,366,Tune in to @latelateshow tonight! @JKCorden and I recreate an iconic #SuperBowl commercial...cc: @pepsi https://t.co/3lDWOldaS3,8,2,2016
https://twitter.com/mattborck/status/696542070899511296,2016-02-08 03:52:25+00:00,696542070899511296,Coldplays #HalftimeShow has me inspired! Here's my #cover of their song w/ @Beyonce #SB50 #SuperBowl @pepsi #SB50Ad https://t.co/1XFmeSqzNA,1,0,0,mattborck,Matt Borck,848,1174,Coldplays #HalftimeShow has me inspired! Here's my #cover of their song w/ @Beyonce #SB50 #SuperBowl @pepsi #SB50Ad https://t.co/1XFmeSqzNA,8,2,2016
https://twitter.com/adjames24/status/696541239001255936,2016-02-08 03:49:07+00:00,696541239001255936,"The real underdog of Superbowl 50 was that the best advertisement was not for Budweiser, Pepsi, or Mercedes... But for opioids!!",1,0,0,adjames24,Austin James,117,307,"The real underdog of Superbowl 50 was that the best advertisement was not for Budweiser, Pepsi, or Mercedes... But for opioids!!",8,2,2016
https://twitter.com/YehiMolina/status/696538123073908737,2016-02-08 03:36:44+00:00,696538123073908737,We want @shakira  in the next #SuperBowl  2017. The Show needs more action! #Shakirasuperbowl2017 #NFL @pepsi https://t.co/dzaoY6Wuax,7,0,8,YehiMolina,Yehison F. Molina,451,400,"We want @shakira  in the next #SuperBowl  2017. The Show needs more action!
#Shakirasuperbowl2017 #NFL @pepsi https://t.co/dzaoY6Wuax",8,2,2016
https://twitter.com/catboiardee/status/696535639639134209,2016-02-08 03:26:52+00:00,696535639639134209,Gosh damn libruls pushing their GAYGENDA with gay pepsi cars and diaper monkey puppies eating doritos #jesusfrowns #SuperBowl 😱,1,0,1,catboiardee,raya lucaria class president @FWA,1777,1097,Gosh damn libruls pushing their GAYGENDA with gay pepsi cars and diaper monkey puppies eating doritos #jesusfrowns #SuperBowl 😱,8,2,2016
https://twitter.com/brianmaycom/status/696528012276338688,2016-02-08 02:56:33+00:00,696528012276338688,2004's @PEPSI @QueenWillRock WWRY AD Starring @BritneySpears @Beyonce @Pink May Be Most EPIC @SuperBowl Spot Ever https://t.co/XqcEUPqFLh,15,1,17,brianmaycom,BrianMayCom,85179,234,2004's @PEPSI @QueenWillRock WWRY AD Starring @BritneySpears @Beyonce @Pink May Be Most EPIC @SuperBowl Spot Ever perezhilton.com/2016-02-07-bri…,8,2,2016
https://twitter.com/TheJetPress/status/696527127643086849,2016-02-08 02:53:02+00:00,696527127643086849,Super Bowl 50 Halftime Show: Don't believe just watch https://t.co/LuBUZLAwAx #SuperBowl #PepsiHalftime #SB50 @pepsi https://t.co/DEDkdhETje,2,0,1,TheJetPress,The Jet Press,21095,5988,Super Bowl 50 Halftime Show: Don't believe just watch thejetpress.com/2016/02/07/sup… #SuperBowl #PepsiHalftime #SB50 @pepsi https://t.co/DEDkdhETje,8,2,2016
https://twitter.com/thecinemasnob/status/696526170347565056,2016-02-08 02:49:14+00:00,696526170347565056,"An ad should digitally alter the ""I have no son"" scene from The Jazz Singer and make it about Coke vs Pepsi.  #SuperBowl",5,0,37,thecinemasnob,Brad Jones,40907,856,"An ad should digitally alter the ""I have no son"" scene from The Jazz Singer and make it about Coke vs Pepsi.  #SuperBowl",8,2,2016
https://twitter.com/allie_ries/status/696523982569246720,2016-02-08 02:40:32+00:00,696523982569246720,where's the one direction pepsi superbowl 2012 commercial tho,1,0,8,allie_ries,allie,536,498,where's the one direction pepsi superbowl 2012 commercial tho,8,2,2016
https://twitter.com/gagamonster96/status/696521196280672256,2016-02-08 02:29:28+00:00,696521196280672256,Lady Gaga better do the Halftime Show next year. The response to the national anthem was overwhelmingly positive. @NFL @SuperBowl @pepsi,127,2,214,gagamonster96,Ro,239500,902,Lady Gaga better do the Halftime Show next year. The response to the national anthem was overwhelmingly positive. @NFL @SuperBowl @pepsi,8,2,2016
https://twitter.com/nani_giovanni/status/696520216193462272,2016-02-08 02:25:34+00:00,696520216193462272,Retweeted Gustavo Dudamel (@GustavoDudamel):  We did it! #YOLAhalftime @LAPhil @Pepsi @SuperBowl 50 Halftime Show... https://t.co/JoynWmIcKe,1,0,0,nani_giovanni,Giovanni Nani,13481,1146,"Retweeted Gustavo Dudamel (@GustavoDudamel):

We did it! #YOLAhalftime @LAPhil @Pepsi @SuperBowl 50 Halftime Show... fb.me/4oAl7I5hU",8,2,2016
https://twitter.com/ReporteYa/status/696519599353917440,2016-02-08 02:23:07+00:00,696519599353917440,"#7F RT @GustavoDudamel: We did it! #YOLAhalftime @LAPhil @Pepsi @SuperBowl 50 Halftime Show @Coldplay https://t.co/ApGBpG9Pod""",5,0,6,ReporteYa,Reporte Ya,983555,88861,"#7F RT @GustavoDudamel: We did it! #YOLAhalftime @LAPhil @Pepsi @SuperBowl 50 Halftime Show @Coldplay https://t.co/ApGBpG9Pod""",8,2,2016
https://twitter.com/vickyweekleyy/status/696517921162399745,2016-02-08 02:16:27+00:00,696517921162399745,I want Pepsi @SuperBowl @WilsonEmily22,1,0,1,vickyweekleyy,Vicky Weekley,588,511,I want Pepsi @SuperBowl @WilsonEmily22,8,2,2016
https://twitter.com/LoblawsON/status/696516957667852288,2016-02-08 02:12:38+00:00,696516957667852288,#NFLSUNDAYRITUAL #SuperBowl party for @mgstern! @pepsi @TostitosCanada @Nestle @ProcterGamble @Pintysfoods https://t.co/oKJieJMdSy,6,2,11,LoblawsON,Loblaws,22875,174,#NFLSUNDAYRITUAL #SuperBowl party for @mgstern! @pepsi @TostitosCanada @Nestle @ProcterGamble @Pintysfoods https://t.co/oKJieJMdSy,8,2,2016
https://twitter.com/FirstLookLive/status/696516114143031296,2016-02-08 02:09:16+00:00,696516114143031296,Some of the best pics from the Pepsi #SuperBowl 50 #HalftimeShow  https://t.co/RJvCioIrs1,73,0,22,FirstLookLive,FirstLook App,24782,22926,"Some of the best pics from the Pepsi #SuperBowl 50 #HalftimeShow
 getfirstlook.com/event/bHpy80",8,2,2016
https://twitter.com/106KMEL/status/696515505281069057,2016-02-08 02:06:51+00:00,696515505281069057,💃 @shaydiddy pre-@pepsi #SuperBowl Halftime Show! #SB50 https://t.co/b01ozVnRyW,1,0,9,106KMEL,106 KMEL,74033,3351,💃 @shaydiddy pre-@pepsi #SuperBowl Halftime Show! #SB50 https://t.co/b01ozVnRyW,8,2,2016
https://twitter.com/GustavoDudamel/status/696515447093645312,2016-02-08 02:06:37+00:00,696515447093645312,We did it! #YOLAhalftime @LAPhil @Pepsi @SuperBowl 50 Halftime Show @Coldplay https://t.co/yJDA6SHHZq,238,9,282,GustavoDudamel,Gustavo Dudamel,818410,52,We did it! #YOLAhalftime @LAPhil @Pepsi @SuperBowl 50 Halftime Show @Coldplay https://t.co/yJDA6SHHZq,8,2,2016
https://twitter.com/GustavoDudamel/status/696515045472264193,2016-02-08 02:05:02+00:00,696515045472264193,AMAZING NIGHT–proud of #YOLA @LAPhil #YOLAhalftime @Pepsi @SuperBowl 50 Halftime Show @Beyonce @Coldplay @BrunoMars https://t.co/2AIPM6ngXY,348,16,459,GustavoDudamel,Gustavo Dudamel,818410,52,AMAZING NIGHT–proud of #YOLA @LAPhil #YOLAhalftime @Pepsi @SuperBowl 50 Halftime Show @Beyonce @Coldplay @BrunoMars https://t.co/2AIPM6ngXY,8,2,2016
https://twitter.com/Wild949/status/696514495166812160,2016-02-08 02:02:50+00:00,696514495166812160,😍 @BrunoMars KILLED IT at @Pepsi #SuperBowl Halftime Show! #UptownFunk #SB50 https://t.co/p6sFF0EXPn,7,0,40,Wild949,WiLD 94.9,105443,3806,😍 @BrunoMars KILLED IT at @Pepsi #SuperBowl Halftime Show! #UptownFunk #SB50 https://t.co/p6sFF0EXPn,8,2,2016
https://twitter.com/BradLindenSoCal/status/696513796530024448,2016-02-08 02:00:04+00:00,696513796530024448,"As contractually obligated, #ChrisMartin,#BrunoMars &amp; #Beyonce are now having a 3way in a hot tub full of #Pepsi. #SuperBowl #HalftimeShow",3,2,8,BradLindenSoCal,Brad Linden,69099,67616,"As contractually obligated, #ChrisMartin,#BrunoMars &amp; #Beyonce are now having a 3way in a hot tub full of #Pepsi.
#SuperBowl
#HalftimeShow",8,2,2016
https://twitter.com/AlexisElizB/status/696513754024914944,2016-02-08 01:59:54+00:00,696513754024914944,Petition for @nickjonas to do the Superbowl 51 #PepsiHalftime show 🙋🏆🏈  @SuperBowl @pepsi https://t.co/UyqzETxLBx,6,0,11,AlexisElizB,Alexis 🌹🧣you held my lifeless frame,5048,1836,Petition for @nickjonas to do the Superbowl 51 #PepsiHalftime show 🙋🏆🏈  @SuperBowl @pepsi https://t.co/UyqzETxLBx,8,2,2016
https://twitter.com/Mitch702747/status/696513734164946947,2016-02-08 01:59:49+00:00,696513734164946947,@iownjd @iamoppose @pepsi @SuperBowl @superbowl50 Bruno with the best come on!,1,0,2,Mitch702747,Heat Nation!!!!!,220,705,@iownjd @iamoppose @pepsi @SuperBowl @superbowl50 Bruno with the best come on!,8,2,2016
https://twitter.com/tinapalushaj/status/696513191887642624,2016-02-08 01:57:40+00:00,696513191887642624,@kvttycat @SuperBowl @pepsi @Beyonce @BrunoMars @coldplay yooooo y'all trippin 😂😂😂😂😂😂 https://t.co/u08OBkcEV4,4,0,6,tinapalushaj,justine,795,572,@kvttycat @SuperBowl @pepsi @Beyonce @BrunoMars @coldplay yooooo y'all trippin 😂😂😂😂😂😂 https://t.co/u08OBkcEV4,8,2,2016
https://twitter.com/FrontSeatMedia_/status/696512606433968130,2016-02-08 01:55:20+00:00,696512606433968130,That moment you realize the @pepsi #SB50 #HalftimeShow was pretty lame. #SuperBowl https://t.co/DeIUJcZdeB,1,0,3,FrontSeatMedia_,Front Seat Media,1123,1606,That moment you realize the @pepsi #SB50 #HalftimeShow was pretty lame. #SuperBowl https://t.co/DeIUJcZdeB,8,2,2016
https://twitter.com/RedRoverCompany/status/696511755510480896,2016-02-08 01:51:57+00:00,696511755510480896,Here are our half-time #superbowl ad all-stars: @pepsi &amp; @Jeep &amp; @amazon --&gt; What was your favorite?-LTW #SB50 https://t.co/KuIfsCMnXe,1,1,0,RedRoverCompany,RedRover Sales & Marketing,3952,3105,Here are our half-time #superbowl ad all-stars: @pepsi &amp; @Jeep &amp; @amazon --&gt; What was your favorite?-LTW #SB50 https://t.co/KuIfsCMnXe,8,2,2016
https://twitter.com/Cedavi/status/696511495463641088,2016-02-08 01:50:55+00:00,696511495463641088,@ChristynRoyce @Madonna @SuperBowl @pepsi #AskGuyOseary what the Fuck Is Going On?,3,0,3,Cedavi,CeDaVi,589,241,@ChristynRoyce @Madonna @SuperBowl @pepsi #AskGuyOseary what the Fuck Is Going On?,8,2,2016
https://twitter.com/afropick3000/status/696511376282546177,2016-02-08 01:50:27+00:00,696511376282546177,"Next year I want guy, al b. sure, and ready for the world at the superbowl halftime show pepsi!",1,0,0,afropick3000,Put the playbook on the plane!,1592,2670,"Next year I want guy, al b. sure, and ready for the world at the superbowl halftime show pepsi!",8,2,2016
https://twitter.com/wondaland/status/696511374852235265,2016-02-08 01:50:26+00:00,696511374852235265,Ha!! We're trending !!! We are Humbled. Welcome America! #Pepsi #SuperBowl,5,0,13,wondaland,Wondaland,22075,291,Ha!! We're trending !!! We are Humbled. Welcome America! #Pepsi #SuperBowl,8,2,2016
https://twitter.com/JanelleMonae/status/696511346519752704,2016-02-08 01:50:20+00:00,696511346519752704,Ha!! We're trending !!! We are Humbled. Welcome America! #Pepsi #SuperBowl,113,17,463,JanelleMonae,"Janelle Monáe, Cindi Mayweather👽🚆🤖🚀🪐",1229917,500,Ha!! We're trending !!! We are Humbled. Welcome America! #Pepsi #SuperBowl,8,2,2016
https://twitter.com/ChefArtSmith/status/696510929215877121,2016-02-08 01:48:40+00:00,696510929215877121,@coldplay @Beyonce @BrunoMars @pepsi  #SuperBowl #BestHalfTimeShow loved it.Beyonce with those gorgeous leggy women #TheseGirlsWereOnFire,1,0,5,ChefArtSmith,Chef Art Smith,74875,43051,@coldplay @Beyonce @BrunoMars @pepsi  #SuperBowl #BestHalfTimeShow loved it.Beyonce with those gorgeous leggy women #TheseGirlsWereOnFire,8,2,2016
https://twitter.com/justintgonzales/status/696510646989369344,2016-02-08 01:47:33+00:00,696510646989369344,"Aye yo @pepsi  Amazing halftime show! Next year's Superbowl, can we get AC/DC? Metallica? Or both?!",1,0,0,justintgonzales,Justin,127,145,"Aye yo @pepsi  Amazing halftime show! Next year's Superbowl, can we get AC/DC? Metallica? Or both?!",8,2,2016
https://twitter.com/SharpTusk/status/696510551719972866,2016-02-08 01:47:10+00:00,696510551719972866,"Pepsi can sponsor the #SuperBowl Halftime show, but it STILL tastes like Pepsi.",3,2,9,SharpTusk,Sharpspeare,8273,7865,"Pepsi can sponsor the #SuperBowl Halftime show, but it STILL tastes like Pepsi.",8,2,2016
https://twitter.com/fenity/status/696510232579719168,2016-02-08 01:45:54+00:00,696510232579719168,Who won #SuperBowl? Looks to me like #SB50 was won over by love! Great #HalftimeShow!   ❤️ #LoveWins @cbs @pepsi ❤️ https://t.co/Olt7imM7Hf,1,0,2,fenity,Joseph Fenity,5138,7282,"Who won #SuperBowl? Looks to me like #SB50 was won over by love! Great #HalftimeShow! 

❤️ #LoveWins @cbs @pepsi ❤️ https://t.co/Olt7imM7Hf",8,2,2016
https://twitter.com/TUNews_Slone/status/696510039092289540,2016-02-08 01:45:08+00:00,696510039092289540,Did #NFL and @Pepsi just snub #Madonna for leaving her out of the #SuperBowl montage? #EpicFail @Pepsi,1,0,5,TUNews_Slone,David Slone,549,1182,Did #NFL and @Pepsi just snub #Madonna for leaving her out of the #SuperBowl montage? #EpicFail @Pepsi,8,2,2016
https://twitter.com/donnamarie2311/status/696510024496082945,2016-02-08 01:45:05+00:00,696510024496082945,@iownjd @pepsi @SuperBowl @superbowl50 where is the option for worst halftime show ever?,1,1,9,donnamarie2311,Donna! 👻🤠🤖,2075,1143,@iownjd @pepsi @SuperBowl @superbowl50 where is the option for worst halftime show ever?,8,2,2016
https://twitter.com/Jonbuckhouse/status/696509862973349888,2016-02-08 01:44:26+00:00,696509862973349888,The Pepsi Halftime show was amazing! #Beyonce #BrunoMars and #Coldplay were fantastic together! 😊😄😍 #SuperBowl #PepsiHalftime #SB50,4444,1,367,Jonbuckhouse,Jonathan Buckhouse,40541,148,The Pepsi Halftime show was amazing! #Beyonce #BrunoMars and #Coldplay were fantastic together! 😊😄😍 #SuperBowl #PepsiHalftime #SB50,8,2,2016
https://twitter.com/stevengmiller/status/696509828986843138,2016-02-08 01:44:18+00:00,696509828986843138,Excellent half-time show.  Well done!! #Coldplay #Beyonce #Pepsi #SuperBowl #BrunoMars,2,0,2,stevengmiller,Steve M,11091,10629,Excellent half-time show.  Well done!! #Coldplay #Beyonce #Pepsi #SuperBowl #BrunoMars,8,2,2016
https://twitter.com/JayKPJr/status/696509828504674304,2016-02-08 01:44:18+00:00,696509828504674304,I gotta say... This is the best SuperBowl Halftime show we have seen in a very long time. Go @pepsi #GreatJob @coldplay @BrunoMars @Beyonce,1,0,0,JayKPJr,Jay Jr.,6558,5810,"I gotta say...
This is the best SuperBowl Halftime show we have seen in a very long time. Go @pepsi #GreatJob @coldplay @BrunoMars @Beyonce",8,2,2016
https://twitter.com/iownjd/status/696509785622110208,2016-02-08 01:44:08+00:00,696509785622110208,"Who had the best @Pepsi: ""Past, Present, and Future"" @SuperBowl halftime show and performance of @SuperBowl50? #SB50",54,25,55,iownjd,J.D. 🇨🇩 🇧🇪 🇫🇷 🇺🇸,837399,439162,"Who had the best @Pepsi: ""Past, Present, and Future"" @SuperBowl halftime show and performance of @SuperBowl50? #SB50",8,2,2016
https://twitter.com/JasonFrazerTV/status/696509687609565185,2016-02-08 01:43:44+00:00,696509687609565185,I #believeinlove do you? Great #HalftimeShow #pepsi what do you think? #Biggameon3 #nfl #SuperBowl #SB50 https://t.co/Ues0CM1rBS,11,4,21,JasonFrazerTV,☀️🌦 Jason Frazer ⚡️❄️,5690,1162,I #believeinlove do you? Great #HalftimeShow #pepsi what do you think? #Biggameon3 #nfl #SuperBowl #SB50 https://t.co/Ues0CM1rBS,8,2,2016
https://twitter.com/jamesfcoyle/status/696509681569759234,2016-02-08 01:43:43+00:00,696509681569759234,Those kids were all hopped up on Pepsi. #SuperBowl #SB50,1,0,1,jamesfcoyle,James Coyle,66,210,Those kids were all hopped up on Pepsi. #SuperBowl #SB50,8,2,2016
https://twitter.com/thanyal3134/status/696509624921358336,2016-02-08 01:43:29+00:00,696509624921358336,Boo! Terrible halftime show! @Pepsi #SuperBowl,1,0,1,thanyal3134,Nathaniel Lush,206,516,Boo! Terrible halftime show! @Pepsi #SuperBowl,8,2,2016
https://twitter.com/DECAbrooks/status/696509598824579072,2016-02-08 01:43:23+00:00,696509598824579072,That was pretty epic. #believeinlove @pepsi @BrunoMars @Beyonce @coldplay #SuperBowl #SB50 #PepsiHalftime #SBDECA,1,0,2,DECAbrooks,Mrs. Teresa Brooks,1117,1137,That was pretty epic. #believeinlove @pepsi @BrunoMars @Beyonce @coldplay #SuperBowl #SB50 #PepsiHalftime #SBDECA,8,2,2016
https://twitter.com/susanbeebe/status/696509542792704000,2016-02-08 01:43:10+00:00,696509542792704000,Great #superbowl half time show #pepsi #sb50  The sound was wonky tho,1,0,0,susanbeebe,Susan Beebe 🕊,13789,13757,"Great #superbowl half time show #pepsi #sb50

The sound was wonky tho",8,2,2016
https://twitter.com/demimckinney/status/696509492880494592,2016-02-08 01:42:58+00:00,696509492880494592,#superbowl #superbowl50  #Beyonce #coldplay #brunomars @brunomars beyonce coldply pepsi https://t.co/APSBy8483z,6,0,11,demimckinney,Demetria McKinney,77100,615,#superbowl #superbowl50  #Beyonce #coldplay #brunomars @brunomars beyonce coldply pepsi instagram.com/p/BBgdtCChIsq/,8,2,2016
https://twitter.com/TimeCaptureUS/status/696509491743830016,2016-02-08 01:42:58+00:00,696509491743830016,Good halftime show Pepsi killed it #SuperBowl #superbowlhalftime #PepsiHalftime #SB50,1,0,0,TimeCaptureUS,Ray Acosta,37,293,Good halftime show Pepsi killed it #SuperBowl #superbowlhalftime #PepsiHalftime #SB50,8,2,2016
https://twitter.com/iamsteph/status/696509417341104128,2016-02-08 01:42:40+00:00,696509417341104128,Ok psychedelic schizophrenic halftime. Believe in love? #superfail #SuperBowl  I think 4 Pepsi execs could get along and all got their way,2,1,5,iamsteph,Stephanie Horbaczewski,19985,1310,Ok psychedelic schizophrenic halftime. Believe in love? #superfail #SuperBowl  I think 4 Pepsi execs could get along and all got their way,8,2,2016
https://twitter.com/MaraVanElls/status/696509374592741376,2016-02-08 01:42:30+00:00,696509374592741376,That was a good spectacle. Thanks Pepsi halftime. Now back to ignoring the #SuperBowl #SB50,1,0,2,MaraVanElls,Mara Van Ells,1848,1791,That was a good spectacle. Thanks Pepsi halftime. Now back to ignoring the #SuperBowl #SB50,8,2,2016
https://twitter.com/terrinotterry/status/696509331316015106,2016-02-08 01:42:19+00:00,696509331316015106,Is it weird that the Pepsi halftime show made me want to buy the world a Coke? #SB50 #SuperBowl,1,1,2,terrinotterry,Terri W.K.,112,1119,Is it weird that the Pepsi halftime show made me want to buy the world a Coke? #SB50 #SuperBowl,8,2,2016
https://twitter.com/dekebridges/status/696509297128132610,2016-02-08 01:42:11+00:00,696509297128132610,#SuperBowl halftime is NOW...  @Pepsi Halftime #Coldplay #BrunoMars #Beyonce doing tribute to past #SuperBowl performances.,4,0,8,dekebridges,Deke Bridges,200102,198783,"#SuperBowl halftime is NOW... 
@Pepsi Halftime #Coldplay #BrunoMars #Beyonce
doing tribute to past #SuperBowl performances.",8,2,2016
https://twitter.com/FredHagerman/status/696509164034662401,2016-02-08 01:41:39+00:00,696509164034662401,Nice touch #Pepsi hi-lighting all the great #SuperBowl halftime performances! #SB50 #Marketing #Music,1,0,2,FredHagerman,Fred Hagerman,10278,10098,Nice touch #Pepsi hi-lighting all the great #SuperBowl halftime performances! #SB50 #Marketing #Music,8,2,2016
https://twitter.com/PaladinoCasting/status/696509142798721024,2016-02-08 01:41:34+00:00,696509142798721024,This set is on 🔥! #PepsiHalftime #Formation #SB50 #SuperBowl #legendary @pepsi,3,0,13,PaladinoCasting,Paladino Casting,28825,516,This set is on 🔥! #PepsiHalftime #Formation #SB50 #SuperBowl #legendary @pepsi,8,2,2016
https://twitter.com/ApexMarketing/status/696509064164044800,2016-02-08 01:41:16+00:00,696509064164044800,Here is some of the exposure that @Pepsi is getting (onscreen bug &amp; stadium sign) #SB50 #PepsiHalftime @SuperBowl https://t.co/4wEFvEx6Hc,1,0,0,ApexMarketing,Apex Marketing Group,16958,1033,Here is some of the exposure that @Pepsi is getting (onscreen bug &amp; stadium sign) #SB50 #PepsiHalftime @SuperBowl https://t.co/4wEFvEx6Hc,8,2,2016
https://twitter.com/ceboli/status/696509045683982336,2016-02-08 01:41:11+00:00,696509045683982336,"Diversity in the #Pepsi #SuperBowl halftime show, I love it! @Beyoncé @BrunoMars @Coldplay great performance!",4,1,6,ceboli,carla eboli,1359,1541,"Diversity in the #Pepsi #SuperBowl halftime show, I love it! @Beyoncé @BrunoMars @Coldplay great performance!",8,2,2016
https://twitter.com/GlennWool/status/696508900737048576,2016-02-08 01:40:37+00:00,696508900737048576,Is the Pepsi to wash the taste of this shit out of my mouth? #SuperBowl,3,1,10,GlennWool,Glenn Wool,13419,2184,Is the Pepsi to wash the taste of this shit out of my mouth? #SuperBowl,8,2,2016
https://twitter.com/GabeDinger/status/696508850107592704,2016-02-08 01:40:25+00:00,696508850107592704,We are basically watching musicians compete for the next Pepsi commercial. #SuperBowl #HalftimeShow #TeamBeyonce,1,0,1,GabeDinger,GabeDinger,2415,904,We are basically watching musicians compete for the next Pepsi commercial. #SuperBowl #HalftimeShow #TeamBeyonce,8,2,2016
https://twitter.com/CigarDaveShow/status/696508829849296897,2016-02-08 01:40:20+00:00,696508829849296897,.@Pepsi is now on the phone to @NFL demanding their money back for sponsoring this #HalftimeShow dud. #SuperBowl,3,1,5,CigarDaveShow,"Cigar Dave ""The General""",10247,2094,.@Pepsi is now on the phone to @NFL demanding their money back for sponsoring this #HalftimeShow dud. #SuperBowl,8,2,2016
https://twitter.com/JdotBrown/status/696508728409915394,2016-02-08 01:39:56+00:00,696508728409915394,I'll take Bruno Mars and Beyonce at the #SuperBowl halftime shows from here on on out #Pepsi #SB50,1,0,2,JdotBrown,Jerry Brown 🎥🏀🏈🏒🏌🏾‍♂️,670,1487,I'll take Bruno Mars and Beyonce at the #SuperBowl halftime shows from here on on out #Pepsi #SB50,8,2,2016
https://twitter.com/amywillerton/status/696508623963365379,2016-02-08 01:39:31+00:00,696508623963365379,Great job with the #SuperBowl halftime show @pepsi #FHM https://t.co/Nz6fSdCm68,61,14,216,amywillerton,Amy Willerton,212691,1327,Great job with the #SuperBowl halftime show @pepsi #FHM https://t.co/Nz6fSdCm68,8,2,2016
https://twitter.com/JustCallMeManny/status/696508603444822017,2016-02-08 01:39:26+00:00,696508603444822017,"@NFL &amp; @Pepsi, have you ever thought about how much you've ruined the #SuperBowl legacy with this #PepsiHalftime show? #SB50",3,0,2,JustCallMeManny,Manny 🇺🇸🇵🇹🇺🇦,372,1144,"@NFL &amp; @Pepsi, have you ever thought about how much you've ruined the #SuperBowl legacy with this #PepsiHalftime show? #SB50",8,2,2016
https://twitter.com/PaymanBenz/status/696508219108118528,2016-02-08 01:37:54+00:00,696508219108118528,This North Korea themed halftime show is amazing! #PepsiHalftime  #SuperBowl #Pepsi #NorthKorea https://t.co/UTd0fM81fH,1,0,3,PaymanBenz,Payman Benz,13295,2719,This North Korea themed halftime show is amazing! #PepsiHalftime  #SuperBowl #Pepsi #NorthKorea https://t.co/UTd0fM81fH,8,2,2016
https://twitter.com/MADONNA4EVERR/status/696507928287772673,2016-02-08 01:36:45+00:00,696507928287772673,Express Yourself with Madonna in the Pepsi commercial for #SuperBowl 50 ❤️  Get your copy on Itunes here:... https://t.co/gZrRNvcKDM,2,0,7,MADONNA4EVERR,Madonnafans,862,1219,"Express Yourself with Madonna in the Pepsi commercial for #SuperBowl 50 ❤️

Get your copy on Itunes here:... fb.me/4Whk6gUol",8,2,2016
https://twitter.com/HeyMeganCarter/status/696507347292651521,2016-02-08 01:34:26+00:00,696507347292651521,Remember that time we all got excited for a @pepsi #HypedForHalftime Rochester #SuperBowl commercial that didn't exist? #RememberWhen #ROC,2,0,9,HeyMeganCarter,Megan Carter,6873,2510,"Remember that time we all got excited for a @pepsi #HypedForHalftime Rochester #SuperBowl commercial that didn't exist?
#RememberWhen #ROC",8,2,2016
https://twitter.com/millman85/status/696507042136088576,2016-02-08 01:33:13+00:00,696507042136088576,I'm having trouble hearing the music through all the #Rainbow flags the @NFL commissioned for @coldplay @pepsi #HalftimeShow #SuperBowl,1,0,1,millman85,The Millman,1528,4744,I'm having trouble hearing the music through all the #Rainbow flags the @NFL commissioned for @coldplay @pepsi #HalftimeShow #SuperBowl,8,2,2016
https://twitter.com/t_bshr/status/696506698987483136,2016-02-08 01:31:52+00:00,696506698987483136,"me: ""can I have a Coke?"" superbowl: ""is pepsi ok?""",1,0,6,t_bshr,t*mothy تيموساوِس 🇪🇬,147,229,"me: ""can I have a Coke?""
superbowl: ""is pepsi ok?""",8,2,2016
https://twitter.com/ChetLemond/status/696506555630489600,2016-02-08 01:31:17+00:00,696506555630489600,"""Do you have Coke SuperBowl halftime show?"" ""No, but we have Pepsi SuperBowl halftime show."" ""I'll just have water."" #SB50",3,0,3,ChetLemond,Chet Lemond,4210,244,"""Do you have Coke SuperBowl halftime show?""
""No, but we have Pepsi SuperBowl halftime show.""
""I'll just have water.""
#SB50",8,2,2016
https://twitter.com/almahaw_cpa/status/696506537624236032,2016-02-08 01:31:13+00:00,696506537624236032,Watching the Pepsi Superbowl 50 Half-time show  @roshroshxviii  #ALDUBTuLoyPaRin,3,0,0,almahaw_cpa,AB Hawthorne,118,45,"Watching the Pepsi Superbowl 50 Half-time show

@roshroshxviii 
#ALDUBTuLoyPaRin",8,2,2016
https://twitter.com/dekebridges/status/696506532335202304,2016-02-08 01:31:12+00:00,696506532335202304,#SuperBowl halftime is NOW... @Pepsi Halftime #Coldplay is on... Ruling the world..,1,0,3,dekebridges,Deke Bridges,200102,198783,"#SuperBowl halftime is NOW...
@Pepsi Halftime #Coldplay is on... Ruling the world..",8,2,2016
https://twitter.com/OscarFelizArt/status/696506505495973889,2016-02-08 01:31:06+00:00,696506505495973889,Everybody take out your Pepsi!!! 😀😀😀✨✨✨🎉🎉🎉 #SuperBowl #SB50 #SuperBowlSunday https://t.co/zXyWWe9JI2,6,0,9,OscarFelizArt,Oscar Feliz Cartoons,12328,2853,Everybody take out your Pepsi!!! 😀😀😀✨✨✨🎉🎉🎉 #SuperBowl #SB50 #SuperBowlSunday https://t.co/zXyWWe9JI2,8,2,2016
https://twitter.com/tylermorrison1/status/696506446092095493,2016-02-08 01:30:51+00:00,696506446092095493,This #Superbowl Pepsi #HalftimeShow is the best Cocal Cola commercial I've ever seen,1,0,5,tylermorrison1,Tyler Morrison,13639,9732,This #Superbowl Pepsi #HalftimeShow is the best Cocal Cola commercial I've ever seen,8,2,2016
https://twitter.com/robcuzican/status/696506407797981184,2016-02-08 01:30:42+00:00,696506407797981184,I might just drink a Pepsi to #CrowdFund a good halftime show! #PepsiHalftime #SuperBowl,2,0,2,robcuzican,rob,2156,5002,I might just drink a Pepsi to #CrowdFund a good halftime show! #PepsiHalftime #SuperBowl,8,2,2016
https://twitter.com/MonthOfArgust/status/696506379595603969,2016-02-08 01:30:36+00:00,696506379595603969,Where is Coke in this superbowl? Pepsi is taking the show #COM325,1,0,3,MonthOfArgust,David Argust,665,1076,Where is Coke in this superbowl? Pepsi is taking the show #COM325,8,2,2016
https://twitter.com/teamdraft/status/696506331595812865,2016-02-08 01:30:24+00:00,696506331595812865,The @pepsi #SuperBowl halftime show! @KimberlyRingen @CUCancerCenter #SBChallenge #changingthefaceoflungcancer https://t.co/8ZOBPLlMMS,1,0,5,teamdraft,Team Draft,2113,1946,The @pepsi #SuperBowl halftime show! @KimberlyRingen @CUCancerCenter #SBChallenge #changingthefaceoflungcancer https://t.co/8ZOBPLlMMS,8,2,2016
https://twitter.com/minestuck/status/696506273173352449,2016-02-08 01:30:10+00:00,696506273173352449,PEPSI PROUDLY PRESENTS: THE SUPERBOWL HALFTIME SHOW  WATCH IN AWE AS COLDPLAY PLAYS THE ONLY SONG OF THEIRS PEOPLE LIKE,1,0,3,minestuck,tuesday torta world,475,862,"PEPSI PROUDLY PRESENTS: THE SUPERBOWL HALFTIME SHOW

WATCH IN AWE AS COLDPLAY PLAYS THE ONLY SONG OF THEIRS PEOPLE LIKE",8,2,2016
https://twitter.com/thecinemasnob/status/696506201706774529,2016-02-08 01:29:53+00:00,696506201706774529,Music went from The Contours to Madonna and to the Pepsi theme.  That's it.  Nothing else.  #SuperBowl,2,2,19,thecinemasnob,Brad Jones,40907,856,Music went from The Contours to Madonna and to the Pepsi theme.  That's it.  Nothing else.  #SuperBowl,8,2,2016
https://twitter.com/TBrown_80/status/696506183948046336,2016-02-08 01:29:49+00:00,696506183948046336,Pepsi could have paid homage to catching MJ's hair on fire. #SuperBowl,1,1,8,TBrown_80,Terry Brown™️,6036,1332,Pepsi could have paid homage to catching MJ's hair on fire. #SuperBowl,8,2,2016
https://twitter.com/savvybride/status/696506148229349376,2016-02-08 01:29:40+00:00,696506148229349376,Are there really people in the world who drink Pepsi by choice? #superbowl,2,0,1,savvybride,"Jessica Bishop 💍 Founder, The Budget Savvy Bride",17398,6173,Are there really people in the world who drink Pepsi by choice? #superbowl,8,2,2016
https://twitter.com/4ChionBusiness/status/696506123075989504,2016-02-08 01:29:34+00:00,696506123075989504,@Pepsi halftime show underway! Super excited @SuperBowl #SB50 @superbowl50 your thoughts? https://t.co/3IzPMbMNzz,43,1,36,4ChionBusiness,4Chion Business,5607,6121,@Pepsi halftime show underway! Super excited @SuperBowl #SB50 @superbowl50 your thoughts? https://t.co/3IzPMbMNzz,8,2,2016
https://twitter.com/andrewtavin/status/696506121088036866,2016-02-08 01:29:34+00:00,696506121088036866,"""Can I have a Coke Halftime Show?""  ""Sorry we don't have that. Pepsi Halftime Show alright?""  #SB50 #SuperBowl #LegacyTweet",3,0,3,andrewtavin,Andrew Tavin,1614,1185,"""Can I have a Coke Halftime Show?""

""Sorry we don't have that. Pepsi Halftime Show alright?""

#SB50 #SuperBowl #LegacyTweet",8,2,2016
https://twitter.com/thefader/status/696506076875911168,2016-02-08 01:29:23+00:00,696506076875911168,"🔊 The Pepsi #SuperBowl 50 Halftime Show with Coldplay, Beyoncé and Bruno Mars is about to begin! 🏈",11,1,14,thefader,The FADER,648309,1986,"🔊 The Pepsi #SuperBowl 50 Halftime Show with Coldplay, Beyoncé and Bruno Mars is about to begin! 🏈",8,2,2016
https://twitter.com/DK745/status/696506060023185408,2016-02-08 01:29:19+00:00,696506060023185408,The Pepsi halftime show sounds as shitty as drinking Pepsi #SuperBowl,1,0,0,DK745,Sean Corcoran,642,1944,The Pepsi halftime show sounds as shitty as drinking Pepsi #SuperBowl,8,2,2016
https://twitter.com/Refinery29/status/696506044416188416,2016-02-08 01:29:16+00:00,696506044416188416,The Pepsi logo is in #Formation rn. #SuperBowl,4,0,18,Refinery29,Refinery29,1275447,2254,The Pepsi logo is in #Formation rn. #SuperBowl,8,2,2016
https://twitter.com/TitusONeilWWE/status/696506019162284032,2016-02-08 01:29:10+00:00,696506019162284032,pepsi What in the World??? #SuperBowl #SB50 @nfl https://t.co/1XYnWgGYKw,53,3,126,TitusONeilWWE,Titus O'Neil,626063,12671,pepsi What in the World??? #SuperBowl #SB50 @nfl instagram.com/p/BBgcIWEPKrW/,8,2,2016
https://twitter.com/Mediabistro/status/696506000401162240,2016-02-08 01:29:05+00:00,696506000401162240,DANCE BREAK 💃💃💃 @pepsi #SuperBowl #SuperBowlCommercials,3,0,3,Mediabistro,Mediabistro,152734,35686,DANCE BREAK 💃💃💃 @pepsi #SuperBowl #SuperBowlCommercials,8,2,2016
https://twitter.com/CoochCakes/status/696505592530087936,2016-02-08 01:27:28+00:00,696505592530087936,RT@PYoes:Join me in turning off the SuperBowl Pepsi halftime show in protest of the anti police rhetoric by Beyonce. https://t.co/9sZSWFR9wp,3,0,0,CoochCakes,Issa Oh Bitch,7379,904,RT@PYoes:Join me in turning off the SuperBowl Pepsi halftime show in protest of the anti police rhetoric by Beyonce. https://t.co/9sZSWFR9wp,8,2,2016
https://twitter.com/SocialWendy/status/696505526755074048,2016-02-08 01:27:12+00:00,696505526755074048,Spoiler Alert- get ready for Halftime at Super Bowl 50! @wblackshaw @SuperBowl @pepsi #SB50 https://t.co/aXDhvFPkMo,1,0,2,SocialWendy,Wendy Meadley,18156,23278,Spoiler Alert- get ready for Halftime at Super Bowl 50! @wblackshaw @SuperBowl @pepsi #SB50 https://t.co/aXDhvFPkMo,8,2,2016
https://twitter.com/RodriguesMatt/status/696504542540615680,2016-02-08 01:23:18+00:00,696504542540615680,And now the REAL #SuperBowl begins. Step aside playas! 💃🏼💃🏼💃🏼 #SB50 #PepsiHalftime @pepsi,7,0,14,RodriguesMatt,Matthew Rodrigues,6048,350,And now the REAL #SuperBowl begins. Step aside playas! 💃🏼💃🏼💃🏼 #SB50 #PepsiHalftime @pepsi,8,2,2016
https://twitter.com/ApexMarketing/status/696503964859240449,2016-02-08 01:21:00+00:00,696503964859240449,Top Soda @pepsi will receive approx $31MM from its #PepsiHalftime show sponsorship during #SB50 @SuperBowl halftime https://t.co/ARnYCMqwBW,9,1,3,ApexMarketing,Apex Marketing Group,16958,1033,Top Soda @pepsi will receive approx $31MM from its #PepsiHalftime show sponsorship during #SB50 @SuperBowl halftime https://t.co/ARnYCMqwBW,8,2,2016
https://twitter.com/knoxthedox/status/696501610730672128,2016-02-08 01:11:39+00:00,696501610730672128,I'm in a food coma &amp; it's awesome. #SoMuchFood #SB50 #Panthers #KeepPounding @pepsi @Tostitos #SuperBowl #KnoxTheDox https://t.co/90NxZuBA40,27,5,57,knoxthedox,Knox The Dox,1161,99,I'm in a food coma &amp; it's awesome. #SoMuchFood #SB50 #Panthers #KeepPounding @pepsi @Tostitos #SuperBowl #KnoxTheDox https://t.co/90NxZuBA40,8,2,2016
https://twitter.com/RickGualtieri/status/696499331977895938,2016-02-08 01:02:35+00:00,696499331977895938,DC should have a #SuperBowl response commercial in which Superman snaps a guy's neck for a Pepsi.,1,0,9,RickGualtieri,Rick Gualtieri,10184,7079,DC should have a #SuperBowl response commercial in which Superman snaps a guy's neck for a Pepsi.,8,2,2016
https://twitter.com/TheBlondeTheory/status/696499201115496448,2016-02-08 01:02:04+00:00,696499201115496448,I asked some of the @pepsi execs a few weeks ago who was playing in the @SuperBowl  + their answer was @coldplay.,6,1,20,TheBlondeTheory,Emma Ludbrook,21081,817,I asked some of the @pepsi execs a few weeks ago who was playing in the @SuperBowl  + their answer was @coldplay.,8,2,2016
https://twitter.com/IAmMrSid/status/696498723413716996,2016-02-08 01:00:10+00:00,696498723413716996,@CocaCola just killed that @Marvel crossover commercial… right before the Pepsi Halftime show… #SuperBowl #SB50 #superbowlexp,1,0,1,IAmMrSid,IAmMrSid,2653,3618,@CocaCola just killed that @Marvel crossover commercial… right before the Pepsi Halftime show… #SuperBowl #SB50 #superbowlexp,8,2,2016
https://twitter.com/bradpaulp/status/696497807616827392,2016-02-08 00:56:32+00:00,696497807616827392,That t-mobile #Ballogize AD is single handedly the best #Superbowl competitive advertising I've seen since Pepsi vs. Coke commercials.,2,0,5,bradpaulp,👓 Brad Poirier.usd,180,127,That t-mobile #Ballogize AD is single handedly the best #Superbowl competitive advertising I've seen since Pepsi vs. Coke commercials.,8,2,2016
https://twitter.com/ArTallks/status/696496493327310848,2016-02-08 00:51:18+00:00,696496493327310848,Representing #LA ! 🎶 #SB50 #HalftimeShow @GustavoDudamel @pepsi @SuperBowl,1,0,3,ArTallks,ArtOnArtsBlog,15351,9207,Representing #LA ! 🎶 #SB50 #HalftimeShow @GustavoDudamel @pepsi @SuperBowl,8,2,2016
https://twitter.com/tatiyannaa_/status/696495883429548032,2016-02-08 00:48:53+00:00,696495883429548032,@teijaaa_ @kvttycat @SuperBowl @Beyonce @pepsi if you want to . its up to you,1,1,0,tatiyannaa_,t.co,4950,2316,@teijaaa_ @kvttycat @SuperBowl @Beyonce @pepsi if you want to . its up to you,8,2,2016
https://twitter.com/thetaralynch/status/696494938981203970,2016-02-08 00:45:08+00:00,696494938981203970,The @pepsi #Halftime Show will never be as good as @SpongeBob's #SuperBowl,1,0,3,thetaralynch,Tara Lynch,2371,813,The @pepsi #Halftime Show will never be as good as @SpongeBob's #SuperBowl,8,2,2016
https://twitter.com/METOrchestra/status/696488629040971776,2016-02-08 00:20:03+00:00,696488629040971776,Toi toi toi! RT @GustavoDudamel: Nearly there...@Pepsi @SuperBowl 50 Halftime Show #yolahalftime https://t.co/mDfaIr9qJR,5,0,7,METOrchestra,METOrchMusicians,11770,3258,Toi toi toi! RT @GustavoDudamel: Nearly there...@Pepsi @SuperBowl 50 Halftime Show #yolahalftime https://t.co/mDfaIr9qJR,8,2,2016
https://twitter.com/106KMEL/status/696486432416755712,2016-02-08 00:11:20+00:00,696486432416755712,😝 @ShayDiddy has ARRIVED at #SB50! Look for her at the @Pepsi #SuperBowl Halftime Show! 🏈  SC 👻: iHeart106KMEL https://t.co/43dJ8b12x7,3,1,4,106KMEL,106 KMEL,74033,3351,"😝 @ShayDiddy has ARRIVED at #SB50! Look for her at the @Pepsi #SuperBowl Halftime Show! 🏈

SC 👻: iHeart106KMEL https://t.co/43dJ8b12x7",8,2,2016
https://twitter.com/dynamofire/status/696485364408561664,2016-02-08 00:07:05+00:00,696485364408561664,WHOEVER AT PEPSI IS ACCEPTING THESE INSANE MOUNTAIN DEW ENERGY DRINK TREATMENTS MUST BE STOPPED #SuperBowl,1,1,2,dynamofire,devon of nine,11393,1000,WHOEVER AT PEPSI IS ACCEPTING THESE INSANE MOUNTAIN DEW ENERGY DRINK TREATMENTS MUST BE STOPPED #SuperBowl,8,2,2016
https://twitter.com/WQXR/status/696484558687113216,2016-02-08 00:03:53+00:00,696484558687113216,#ClassicalSuperBowl @GustavoDudamel: Nearly there...@Pepsi @SuperBowl 50 Halftime Show #yolahalftime https://t.co/RZMqoqHXs4,11,2,15,WQXR,WQXR Classical,27902,930,#ClassicalSuperBowl @GustavoDudamel: Nearly there...@Pepsi @SuperBowl 50 Halftime Show #yolahalftime https://t.co/RZMqoqHXs4,8,2,2016
https://twitter.com/imHunterElliott/status/696483229759643648,2016-02-07 23:58:36+00:00,696483229759643648,Pick your team #SuperBowl #PEPSI #Panthers #Broncos,4,3,12,imHunterElliott,Hunter,9287,4024,Pick your team #SuperBowl #PEPSI #Panthers #Broncos,7,2,2016
https://twitter.com/Rachel_Adler/status/696483159488258048,2016-02-07 23:58:19+00:00,696483159488258048,"Coldplay realizes that they are just Beyonce's opening act... Right? She's not this ""guest artist"" Pepsi keeps saying she is...#SuperBowl",1,0,0,Rachel_Adler,Rachel Adler,3149,243,"Coldplay realizes that they are just Beyonce's opening act... Right? She's not this ""guest artist"" Pepsi keeps saying she is...#SuperBowl",7,2,2016
https://twitter.com/ImAnEnabler/status/696482247407435776,2016-02-07 23:54:42+00:00,696482247407435776,"If the #PepsiHalftime doesn't show any Crystal Pepsi, I'm gonna be super disappointed. #BringBackCrystalPepsi #SuperBowl",1,0,2,ImAnEnabler,Chris Wallace,528,1091,"If the #PepsiHalftime doesn't show any Crystal Pepsi, I'm gonna be super disappointed. #BringBackCrystalPepsi #SuperBowl",7,2,2016
https://twitter.com/ilya_sandoval/status/696481221250019330,2016-02-07 23:50:37+00:00,696481221250019330,Run #nflfanrace  Repost @jeanlodul #instarunners #pepsi #sb50 #superbowl https://t.co/4HntsqBzl5 https://t.co/44tYn3JrXB,1,0,2,ilya_sandoval,Ilya Sandoval,9014,151,"Run
#nflfanrace 
Repost @jeanlodul
#instarunners #pepsi #sb50 #superbowl ift.tt/1S9QKq4 https://t.co/44tYn3JrXB",7,2,2016
https://twitter.com/elsistema/status/696471422764453888,2016-02-07 23:11:41+00:00,696471422764453888,Nearly there...@Pepsi #SuperBowl 50 Halftime Show #yolahalftime  Ya casi...Pepsi Super Bow… https://t.co/IdBgWNWEzB https://t.co/WfYqYJUTr9,17,1,17,elsistema,El Sistema,53379,1012,"Nearly there...@Pepsi #SuperBowl 50 Halftime Show #yolahalftime

Ya casi...Pepsi Super Bow… ift.tt/1Q2hdPR https://t.co/WfYqYJUTr9",7,2,2016
https://twitter.com/Urethra_F/status/696467264405504001,2016-02-07 22:55:10+00:00,696467264405504001,.@jsethriley She's hyping this too much. I bet she's in a Pepsi commercial. https://t.co/JvUZyFxx1j #SuperBowl #Madonna,1,1,1,Urethra_F,Urethra Franklin,738,566,.@jsethriley She's hyping this too much. I bet she's in a Pepsi commercial. twitter.com/Madonna/status… #SuperBowl #Madonna,7,2,2016
https://twitter.com/BeyoncePanama/status/696465411278176256,2016-02-07 22:47:48+00:00,696465411278176256,#BeyHive ARE YOU READY!!!! #SuperBowl #Beyonce #HalftimeShow @pepsi @PepsiPAN #Formation @NFL #BeyPAN https://t.co/d2uMWQusMN,4,0,1,BeyoncePanama,Beyoncé | Panama,1888,1071,#BeyHive ARE YOU READY!!!! #SuperBowl #Beyonce #HalftimeShow @pepsi @PepsiPAN #Formation @NFL #BeyPAN https://t.co/d2uMWQusMN,7,2,2016
https://twitter.com/MisterTeahawk/status/696463348209225729,2016-02-07 22:39:36+00:00,696463348209225729,Hey @coldplay LOTS of us back home in #Devon #England watching!!! ENJOY THE @SuperBowl experience &amp; GO ROCK @pepsi #HalftimeShow #GoHawks,1,0,1,MisterTeahawk,Lord Seahawk,1615,2492,Hey @coldplay LOTS of us back home in #Devon #England watching!!! ENJOY THE @SuperBowl experience &amp; GO ROCK @pepsi #HalftimeShow #GoHawks,7,2,2016
https://twitter.com/brianstelter/status/696459510123253760,2016-02-07 22:24:21+00:00,696459510123253760,How do advertisers justify spending $5 million for a single #SuperBowl ad? Here's what Pepsi &amp; Frito-Lay told me ➡️ https://t.co/pjhpwNEVyB,33,2,32,brianstelter,Brian Stelter,795269,7353,How do advertisers justify spending $5 million for a single #SuperBowl ad? Here's what Pepsi &amp; Frito-Lay told me ➡️ cnnmon.ie/1L9iT94,7,2,2016
https://twitter.com/GustavoDudamel/status/696456413493727232,2016-02-07 22:12:03+00:00,696456413493727232,Nearly there...@Pepsi @SuperBowl 50 Halftime Show #yolahalftime https://t.co/iVnBwHaHag,137,9,177,GustavoDudamel,Gustavo Dudamel,818410,52,Nearly there...@Pepsi @SuperBowl 50 Halftime Show #yolahalftime https://t.co/iVnBwHaHag,7,2,2016
https://twitter.com/RyanCote5/status/696443165906247680,2016-02-07 21:19:24+00:00,696443165906247680,"Sunday afternoon with my love! Pizza, Pepsi and superbowl later! :-D",1,0,1,RyanCote5,Ryan Cote,39,41,"Sunday afternoon with my love! Pizza, Pepsi and superbowl later! :-D",7,2,2016
https://twitter.com/BSelander/status/696437522663079936,2016-02-07 20:56:59+00:00,696437522663079936,Go BTS of amazing @JoeMontana skydiving seg w @devinsupertramp @pepsi @PapaJohns @WhistleSports#superbowl  https://t.co/iftEr1uDTw,4,0,8,BSelander,Brian Selander,8594,303,Go BTS of amazing @JoeMontana skydiving seg w @devinsupertramp @pepsi @PapaJohns @WhistleSports#superbowl  youtube.com/watch?v=0-nuU4…,7,2,2016
https://twitter.com/Cision/status/696434115999047682,2016-02-07 20:43:27+00:00,696434115999047682,.@CocaCola is currently winning the #ColaWars at the #SuperBowl w/ @pepsi in second. #ShareofVoice #ShareaCoke https://t.co/c6FMYfE0wC,22,1,5,Cision,Cision,53539,19456,.@CocaCola is currently winning the #ColaWars at the #SuperBowl w/ @pepsi in second. #ShareofVoice #ShareaCoke https://t.co/c6FMYfE0wC,7,2,2016
https://twitter.com/sgtbetsysmith/status/696433712448147458,2016-02-07 20:41:50+00:00,696433712448147458,"@pepsi is bringing us #BeyonceFormation, a nasty, racist anti-police video &amp; ""song"" to the #SuperBowl halftime show. Good to know. #police",3,3,3,sgtbetsysmith,Betsy Brantner Smith,12213,4144,"@pepsi is bringing us #BeyonceFormation, a nasty, racist anti-police video &amp; ""song"" to the #SuperBowl halftime show. Good to know. #police",7,2,2016
https://twitter.com/roberthp/status/696422481796714496,2016-02-07 19:57:13+00:00,696422481796714496,Limited edition @pepsi bottle for @SuperBowl #SuperBowl #PepsiHalftime https://t.co/vQjvJgHS3m,8,0,10,roberthp,R Haynes-Peterson,3776,3841,Limited edition @pepsi bottle for @SuperBowl #SuperBowl #PepsiHalftime https://t.co/vQjvJgHS3m,7,2,2016
https://twitter.com/ftrwrld/status/696416640691412992,2016-02-07 19:34:00+00:00,696416640691412992,Only a few hours left to watch us predict the soda pop #SuperBowl while we taste very limited edition Crystal Pepsi https://t.co/R7TBXwqXQB,2,0,2,ftrwrld,Future World,86,179,Only a few hours left to watch us predict the soda pop #SuperBowl while we taste very limited edition Crystal Pepsi youtube.com/watch?v=YAsmlZ…,7,2,2016
https://twitter.com/torikellysf/status/696414554910162944,2016-02-07 19:25:43+00:00,696414554910162944,superbowl commerical plot twist: an extended version of tori's pepsi commercial,2,1,6,torikellysf,erielle,1502,526,superbowl commerical plot twist: an extended version of tori's pepsi commercial,7,2,2016
https://twitter.com/ijm36545/status/696403500754796544,2016-02-07 18:41:47+00:00,696403500754796544,SUPERBOWL!!!!! I'm excited to announce that I will in the PEPSI COMMERCIAL. right before the… https://t.co/f8m4NwuStp,3,0,11,ijm36545,ian mckenzie,4639,296,SUPERBOWL!!!!! I'm excited to announce that I will in the PEPSI COMMERCIAL. right before the… instagram.com/p/BBftgT5DQqp/,7,2,2016
https://twitter.com/mytowntutors/status/696399931867795456,2016-02-07 18:27:36+00:00,696399931867795456,#FF @pepsi top 10 #SuperBowl #SuperBowlSunday #SuperBowl50 jokes https://t.co/AqKEZZ5vAk,2,0,0,mytowntutors,Teachers @ MyTownTutors,6678,3568,#FF @pepsi top 10 #SuperBowl #SuperBowlSunday #SuperBowl50 jokes mytowntutors.com/2015/01/top-10…,7,2,2016
https://twitter.com/MelloMusicGroup/status/696387605886169088,2016-02-07 17:38:38+00:00,696387605886169088,"SuperBowl ad watchers, check the Pepsi commercial w/Janelle Monae today that my brother Sam directed. Should be ill. https://t.co/gL045YwcpX",3,2,2,MelloMusicGroup,Mello Music Group,30229,786,"SuperBowl ad watchers, check the Pepsi commercial w/Janelle Monae today that my brother Sam directed. Should be ill. https://t.co/gL045YwcpX",7,2,2016
https://twitter.com/FERNnews/status/696377938237747200,2016-02-07 17:00:13+00:00,696377938237747200,#Climate protests focused on #Pepsi ahead of #SuperBowl halftime show. @timdevaney @thehill https://t.co/qi6oQXfkPA https://t.co/FW5s10FLts,2,0,0,FERNnews,Food & Environment Reporting Network,30053,25600,#Climate protests focused on #Pepsi ahead of #SuperBowl halftime show. @timdevaney @thehill thehill.com/regulation/ene… https://t.co/FW5s10FLts,7,2,2016
https://twitter.com/GreenSchoolsAll/status/696369232892841984,2016-02-07 16:25:37+00:00,696369232892841984,Climate activists target @Pepsi ahead of #SuperBowl halftime show #ActOnClimate #PalmOil #Deforestation https://t.co/xQmGk3H29P,1,0,1,GreenSchoolsAll,GreenSchoolsAlliance,7957,1220,Climate activists target @Pepsi ahead of #SuperBowl halftime show #ActOnClimate #PalmOil #Deforestation thehill.com/regulation/ene…,7,2,2016
https://twitter.com/QueenPopMadonna/status/696341032439586816,2016-02-07 14:33:34+00:00,696341032439586816,"Nearly 30 years after 'Like a Prayer' furor, Madonna song in new Pepsi #SuperBowl ad https://t.co/m4U5oBa9oR #MadonnaSuperBowl #SB50",2,0,4,QueenPopMadonna,Madonna Queen Of Pop,1645,424,"Nearly 30 years after 'Like a Prayer' furor, Madonna song in new Pepsi #SuperBowl ad bit.ly/20zdxAq #MadonnaSuperBowl #SB50",7,2,2016
https://twitter.com/Casual_Runner/status/696327726945472512,2016-02-07 13:40:41+00:00,696327726945472512,#SuperBowl fact-on #SuperBowlSunday Americans consume 98% of their annual #upwithpeople references #superbowlhalftime @pepsi #PepsiHalftime,1,0,2,Casual_Runner,Casual-Runner,427,160,#SuperBowl fact-on #SuperBowlSunday Americans consume 98% of their annual #upwithpeople references #superbowlhalftime @pepsi #PepsiHalftime,7,2,2016
https://twitter.com/TopUSTutors/status/696322459356762112,2016-02-07 13:19:46+00:00,696322459356762112,Check out our #Superbowl50 post @cvarsalona #Teachers How to Be Awesome Like @Beyonce @Superbowl @Pepsi : https://t.co/b3NUDYBOiN,1,0,0,TopUSTutors,Mark,629,2325,Check out our #Superbowl50 post @cvarsalona #Teachers How to Be Awesome Like @Beyonce @Superbowl @Pepsi : bit.ly/20BQkxs,7,2,2016
https://twitter.com/AdeleUddo/status/696320780712460288,2016-02-07 13:13:05+00:00,696320780712460288,Ready for a knockout #SuperBowl! 👊🏼 @pepsi #handmodel #halftime #wherearethesaints 😜 https://t.co/Qqh7TKhHcp,1,0,1,AdeleUddo,Adele Uddo,828,94,Ready for a knockout #SuperBowl! 👊🏼 @pepsi #handmodel #halftime #wherearethesaints 😜 https://t.co/Qqh7TKhHcp,7,2,2016
https://twitter.com/TopUSTutors/status/696302608198324224,2016-02-07 12:00:53+00:00,696302608198324224,#Teachers How to Be Awesome Like @Beyonce @shannonmmiller @SimplySuzy @ncarroll24 @Superbowl @Pepsi #Superbowl50: https://t.co/b3NUDYBOiN,1,0,1,TopUSTutors,Mark,629,2325,#Teachers How to Be Awesome Like @Beyonce @shannonmmiller @SimplySuzy @ncarroll24 @Superbowl @Pepsi #Superbowl50: bit.ly/20BQkxs,7,2,2016
https://twitter.com/brvndo47/status/696235445420687360,2016-02-07 07:34:00+00:00,696235445420687360,WHICH ONE IS BETTER??? YOU DECIDE!!! #Pepsi OR #Coke TO VOTE GO HERE:  https://t.co/0J9WU85Elv #SuperBowl https://t.co/wT0X8bLq0r,61,0,3,brvndo47,Brvndo47,659,1983,"WHICH ONE IS BETTER??? YOU DECIDE!!! #Pepsi OR #Coke TO VOTE GO HERE:  bit.ly/1XboqCY
#SuperBowl https://t.co/wT0X8bLq0r",7,2,2016
https://twitter.com/styleandsociety/status/696156738530095106,2016-02-07 02:21:15+00:00,696156738530095106,ESPY Super Bowl 50 Party 🏈 #Pepsi #SuperBowl #SuperBowl50 #SB50 #BayArea #NFL #Football #Sports… https://t.co/KtV8nlA7LN,1,0,3,styleandsociety,STYLE & SOCIETY,14817,2774,ESPY Super Bowl 50 Party 🏈 #Pepsi #SuperBowl #SuperBowl50 #SB50 #BayArea #NFL #Football #Sports… instagram.com/p/BBd9STUxnxe/,7,2,2016
