url,Datetime,Tweet Id,Text,Retweet Count,Reply Count,Like Count,Username,Display Name,Followers Count,Friends Count,Rendered Content,Day,Month,Year
https://twitter.com/jul928/status/696526904279470080,2016-02-08 02:52:09+00:00,696526904279470080,"Game is finishing up &amp; Avocados From Mexico is still in the lead, accorinding to @Sprinklr #SB50 #SB50ads #SuperBowl https://t.co/fjgDxU3KJU",14,1,10,jul928,Julia Bass,952,3345,"Game is finishing up &amp; Avocados From Mexico is still in the lead, accorinding to @Sprinklr #SB50 #SB50ads #SuperBowl https://t.co/fjgDxU3KJU",8,2,2016
https://twitter.com/DenVan/status/696493392528674819,2016-02-08 00:38:59+00:00,696493392528674819,Flag down! Penalty for gratuitous @ScottBaio cameo awarded to Avocados from Mexico. https://t.co/ABtrFpElDi #SB50 #adbowl  #SuperBowl,1,0,0,DenVan,DennisVanStaalduinen,10693,9736,"Flag down! Penalty for gratuitous @ScottBaio cameo awarded to Avocados from Mexico.
youtube.com/watch?v=1ndPEQ… #SB50 #adbowl  #SuperBowl",8,2,2016
https://twitter.com/Wyzerr/status/696484881703030784,2016-02-08 00:05:10+00:00,696484881703030784,Thoughts on Avocados from Mexico SuperBowl ad? https://t.co/UE5Q49iedo #SB50 #Broncos #KeepPounding #AvosinSpace https://t.co/RiT6qbEJ6H,1,0,0,Wyzerr,Wyzerr,6283,658,Thoughts on Avocados from Mexico SuperBowl ad? bit.ly/20Dl2Gu #SB50 #Broncos #KeepPounding #AvosinSpace https://t.co/RiT6qbEJ6H,8,2,2016
https://twitter.com/ericartell/status/696481385142317056,2016-02-07 23:51:16+00:00,696481385142317056,"First good #SuperBowl spot - Avocados from Mexico - ""feeding Scott Baio comes with price of admission"" 😂😂",2,0,5,ericartell,Eric Artell,3329,1216,"First good #SuperBowl spot - Avocados from Mexico - ""feeding Scott Baio comes with price of admission"" 😂😂",7,2,2016
https://twitter.com/OffTrackCooking/status/696481199573700608,2016-02-07 23:50:32+00:00,696481199573700608,Little known fact: Avocados from Mexico are a side business of #ElChapo #supebowlcommercial #SuperBowl #supebowl50,1,0,1,OffTrackCooking,OTC,946,1166,Little known fact: Avocados from Mexico are a side business of #ElChapo #supebowlcommercial #SuperBowl #supebowl50,7,2,2016
https://twitter.com/LawsDaCaliKid/status/696481110474133505,2016-02-07 23:50:11+00:00,696481110474133505,"Is it just me that noticed they used aliens for this ""avocados from mexico"" commercial? wtf lol illegal aliens they tryna say? smh#SuperBowl",1,0,0,LawsDaCaliKid,🏁,566,1214,"Is it just me that noticed they used aliens for this ""avocados from mexico"" commercial? wtf lol illegal aliens they tryna say? smh#SuperBowl",7,2,2016
https://twitter.com/RachFranciska/status/696480867670052864,2016-02-07 23:49:13+00:00,696480867670052864,Avocados from Mexico was the best commercial yet! #SuperBowl #Imhereforthecommercials,1,0,2,RachFranciska,Rachel,111,163,Avocados from Mexico was the best commercial yet! #SuperBowl #Imhereforthecommercials,7,2,2016
https://twitter.com/jamiekilstein/status/696480735079874561,2016-02-07 23:48:41+00:00,696480735079874561,I always new the best superbowl commercial would come from Avocados in Mexico.,1,0,6,jamiekilstein,Jamie Kilstein,31391,905,I always new the best superbowl commercial would come from Avocados in Mexico.,7,2,2016
