url,Datetime,Tweet Id,Text,Retweet Count,Reply Count,Like Count,Username,Display Name,Followers Count,Friends Count,Rendered Content,Day,Month,Year
https://twitter.com/Grantimus9/status/828720551082545152,2017-02-06 21:42:30+00:00,828720551082545152,"Google Search Interest for ""is it illegal to fake your own death"" skyrocketed during the superbowl. Thanks T-Mobile. https://t.co/rdsF5uXNxN",1,0,0,Grantimus9,Grant Nelson,620,1351,"Google Search Interest for ""is it illegal to fake your own death"" skyrocketed during the superbowl. Thanks T-Mobile. https://t.co/rdsF5uXNxN",6,2,2017
https://twitter.com/CannabisCulture/status/828694107358892033,2017-02-06 19:57:26+00:00,828694107358892033,T-Mobile Super Bowl Ads Embrace Pot and Twisted Sex #superbowl #USA #marthastewart #SnoopDogg #TMobile #commericial https://t.co/bGvrZXe7En https://t.co/E6CCdBmLLg,6,1,22,CannabisCulture,Cannabis Culture,328523,1635,T-Mobile Super Bowl Ads Embrace Pot and Twisted Sex #superbowl #USA #marthastewart #SnoopDogg #TMobile #commericial tinyurl.com/zp38xv2 https://t.co/E6CCdBmLLg,6,2,2017
https://twitter.com/thenextweb/status/828688268174696448,2017-02-06 19:34:14+00:00,828688268174696448,Verizon and T-Mobile engaged in a bondage-themed Twitter battle during the #SuperBowl https://t.co/1edXpk7GL3 https://t.co/NNWBTiZ6jy,15,0,14,thenextweb,TNW,1668575,328,Verizon and T-Mobile engaged in a bondage-themed Twitter battle during the #SuperBowl tnw.me/7KOZeOO https://t.co/NNWBTiZ6jy,6,2,2017
https://twitter.com/mdjonline/status/828656385906851840,2017-02-06 17:27:32+00:00,828656385906851840,"#SuperBowl ad winners: Tide, T-Mobile #Business #Sports https://t.co/MwMvcbuMTP",1,0,1,mdjonline,MDJ Online,23155,4861,"#SuperBowl ad winners: Tide, T-Mobile #Business #Sports mdjonline.com/news/national/…",6,2,2017
https://twitter.com/FortuneMagazine/status/828639445092093952,2017-02-06 16:20:13+00:00,828639445092093952,T-Mobile and Sprint tackled Verizon in #SuperBowl ad battle https://t.co/8rdL3h1VZD https://t.co/BHSobtTeqW,6,0,6,FortuneMagazine,FORTUNE,2317868,520,T-Mobile and Sprint tackled Verizon in #SuperBowl ad battle for.tn/2jU45bW https://t.co/BHSobtTeqW,6,2,2017
https://twitter.com/wxyzalicia/status/828573034885873664,2017-02-06 11:56:20+00:00,828573034885873664,".@michiganstateu 's faculty rated #SuperBowl ads for 20th year. #1-Honda yearbook, #2 TurboTax Humpty Dumpty, #3 T-Mobile operator",2,0,2,wxyzalicia,Alicia Smith,23884,14905,".@michiganstateu 's faculty rated #SuperBowl ads for 20th year. #1-Honda yearbook, #2 TurboTax Humpty Dumpty, #3 T-Mobile operator",6,2,2017
https://twitter.com/thenextweb/status/828559729853087744,2017-02-06 11:03:28+00:00,828559729853087744,Verizon and T-Mobile engaged in a bondage-themed Twitter battle during the #SuperBowl https://t.co/dKiAMr7Vdm https://t.co/pDWWgNTzTz,16,0,18,thenextweb,TNW,1668575,328,Verizon and T-Mobile engaged in a bondage-themed Twitter battle during the #SuperBowl tnw.me/1im7GbN https://t.co/pDWWgNTzTz,6,2,2017
https://twitter.com/SuperBowlAdsG/status/828524956162080772,2017-02-06 08:45:17+00:00,828524956162080772,T-Mobile Super Bowl Commercial NSFWireless with Kristin Schaal is Hilarious #SuperBowl #SB51 https://t.co/vGFj9CU6n5 https://t.co/HgxfD5JJD1,2,0,1,SuperBowlAdsG,superbowladsforgeeks,1412,13,T-Mobile Super Bowl Commercial NSFWireless with Kristin Schaal is Hilarious #SuperBowl #SB51 buff.ly/2kcDIKn https://t.co/HgxfD5JJD1,6,2,2017
https://twitter.com/DKMatai/status/828460279608594432,2017-02-06 04:28:17+00:00,828460279608594432,Poll: How Popular is #Trump after #TravelBan Fiasco?  #WeAccept #SuperBowl #SB51 New England The Falcons  T-Mobile Mr. Clean Morgan Freeman,28,6,6,DKMatai,DK Matai♛,5236,1492,"Poll: How Popular is #Trump after #TravelBan Fiasco?

#WeAccept #SuperBowl #SB51 New England The Falcons

T-Mobile Mr. Clean Morgan Freeman",6,2,2017
https://twitter.com/DKMatai/status/828457373652119560,2017-02-06 04:16:44+00:00,828457373652119560,#LOL Surreal?  #Trump Praises #Putin #Russia v #USA  Goodell #SuperBowl #SB51 Morgan Freeman Arthur Blank T-Mobile New England The Falcons https://t.co/GfghWfxruK,18,2,11,DKMatai,DK Matai♛,5236,1492,"#LOL Surreal?

#Trump Praises #Putin #Russia v #USA

Goodell #SuperBowl #SB51 Morgan Freeman Arthur Blank T-Mobile New England The Falcons https://t.co/GfghWfxruK",6,2,2017
https://twitter.com/ComicBookNOW/status/828450169268076545,2017-02-06 03:48:06+00:00,828450169268076545,#Verizon blasts T-Mobile with NSFW tweet! #SuperBowl https://t.co/9oWbuXCEDI https://t.co/6qplCiwmAf,22,1,40,ComicBookNOW,ComicBook NOW!,244340,9557,#Verizon blasts T-Mobile with NSFW tweet! #SuperBowl bit.ly/2kDNnNp https://t.co/6qplCiwmAf,6,2,2017
https://twitter.com/accfootballnews/status/828445115039567874,2017-02-06 03:28:01+00:00,828445115039567874,Gisele dropped her phone!!! Can T-mobile get her a new one? #SuperBowl https://t.co/d9eIRJ6PgX,1,0,3,accfootballnews,ACC Football News,13291,1267,Gisele dropped her phone!!! Can T-mobile get her a new one? #SuperBowl https://t.co/d9eIRJ6PgX,6,2,2017
https://twitter.com/FreeRangeKids/status/828438943460888577,2017-02-06 03:03:30+00:00,828438943460888577,Did the Colonel just say he put gold on his thighs? Is he friends with the T-Mobile fetish lady? #SuperBowl,1,0,6,FreeRangeKids,Lenore Skenazy,36484,989,Did the Colonel just say he put gold on his thighs? Is he friends with the T-Mobile fetish lady? #SuperBowl,6,2,2017
https://twitter.com/Captainyabs/status/828437397134245890,2017-02-06 02:57:21+00:00,828437397134245890,Superbowl recap: Nobody likes the Patriots. Stranger Things two. Verizon roasts T-Mobile.  JULIOOOOO,1,0,3,Captainyabs,left handed,228,311,"Superbowl recap:
Nobody likes the Patriots.
Stranger Things two.
Verizon roasts T-Mobile. 
JULIOOOOO",6,2,2017
https://twitter.com/lkherman/status/828437275667218433,2017-02-06 02:56:52+00:00,828437275667218433,"If football isn't your thing, the bizarre Twitter war between T-Mobile and Verizon reaches new heights every minute. #SuperBowl https://t.co/r3f9htD4iD",12,0,40,lkherman,Lily Herman,26369,1092,"If football isn't your thing, the bizarre Twitter war between T-Mobile and Verizon reaches new heights every minute. #SuperBowl twitter.com/JohnLegere/sta…",6,2,2017
https://twitter.com/socialstormedia/status/828436335623077888,2017-02-06 02:53:08+00:00,828436335623077888,T-Mobile and Sprint paying millions for commercials; @verizon decides to go w/ sponsored insta ads. Go check them out👌🏼 #cmgrchat #SuperBowl,1,0,3,socialstormedia,SOCIALSTORM MEDIA,242,812,T-Mobile and Sprint paying millions for commercials; @verizon decides to go w/ sponsored insta ads. Go check them out👌🏼 #cmgrchat #SuperBowl,6,2,2017
https://twitter.com/paultower/status/828436058991849472,2017-02-06 02:52:02+00:00,828436058991849472,Martha's kitchen set in the T-Mobile #Superbowl ad is #goals. Remodeling! #BagofUnlimited @MarthaStewart @SnoopDogg https://t.co/qP09M7KCMF,3,0,4,paultower,Paul Tower,356,1798,Martha's kitchen set in the T-Mobile #Superbowl ad is #goals. Remodeling! #BagofUnlimited @MarthaStewart @SnoopDogg youtu.be/8IZpNLPVkrg,6,2,2017
https://twitter.com/TDEAT22/status/828435706955628545,2017-02-06 02:50:38+00:00,828435706955628545,That catch was as filthy as these T-Mobile commercials. #SuperBowl #SuperBowlSunday #SB51,1,0,1,TDEAT22,TD,297,290,"That catch was as filthy as these T-Mobile commercials.
#SuperBowl #SuperBowlSunday #SB51",6,2,2017
https://twitter.com/GeoffHaxton/status/828434165586653184,2017-02-06 02:44:31+00:00,828434165586653184,Hope you didn't turn it off. Only time I did was for T-Mobile. #SuperBowl,1,0,3,GeoffHaxton,Geoff Haxton,8381,1549,Hope you didn't turn it off. Only time I did was for T-Mobile. #SuperBowl,6,2,2017
https://twitter.com/varadmehta/status/828434115414343681,2017-02-06 02:44:19+00:00,828434115414343681,These T-Mobile S &amp; M commercials are an abomination. #SuperBowl,1,1,3,varadmehta,Varad Mehta,18189,1857,These T-Mobile S &amp; M commercials are an abomination. #SuperBowl,6,2,2017
https://twitter.com/urrrick/status/828433924636495872,2017-02-06 02:43:33+00:00,828433924636495872,I'm thoroughly enjoying these T-mobile commercials 👌🏽😂 #SuperBowl #TMobileONE,1,0,4,urrrick,Erick Jarquin,39,59,I'm thoroughly enjoying these T-mobile commercials 👌🏽😂 #SuperBowl #TMobileONE,6,2,2017
https://twitter.com/LynnGedeon/status/828433867434516480,2017-02-06 02:43:20+00:00,828433867434516480,T-mobile and their horny commercials have no chill #SuperBowl,2,0,1,LynnGedeon,Lynn Gedeon,11336,1173,T-mobile and their horny commercials have no chill #SuperBowl,6,2,2017
https://twitter.com/Damonjg/status/828433618934562816,2017-02-06 02:42:20+00:00,828433618934562816,That t-mobile commercial is way to porny for the SUPERBOWL #SuperBowl #SuperBowlSunday,1,0,2,Damonjg,DamonGcomedy,110,230,That t-mobile commercial is way to porny for the SUPERBOWL #SuperBowl #SuperBowlSunday,6,2,2017
https://twitter.com/JanelHamster/status/828432830283800576,2017-02-06 02:39:12+00:00,828432830283800576,"T-Mobile can afford 4+ Superbowl commercials, and I can't even afford work pants. #SuperBowlSunday #SuperBowl #TMobile",1,0,1,JanelHamster,Janel Hamster,83,519,"T-Mobile can afford 4+ Superbowl commercials, and I can't even afford work pants. #SuperBowlSunday #SuperBowl #TMobile",6,2,2017
https://twitter.com/THEAlexisChapa/status/828432775648800769,2017-02-06 02:38:59+00:00,828432775648800769,Ok...so these T-Mobile commercials are getting pretty weird 😳 #SuperBowl,7,2,82,THEAlexisChapa,Alexis Monique Chapa,39351,27530,Ok...so these T-Mobile commercials are getting pretty weird 😳 #SuperBowl,6,2,2017
https://twitter.com/fifthfloorcrazy/status/828432627313102849,2017-02-06 02:38:24+00:00,828432627313102849,We loved T-Mobile's #SuperBowl commercial,1,0,1,fifthfloorcrazy,FifthFloor,155,1223,We loved T-Mobile's #SuperBowl commercial,6,2,2017
https://twitter.com/VeryWhiteGuy/status/828432520282791940,2017-02-06 02:37:59+00:00,828432520282791940,T-Mobile just spent like 5 million to spend 85% of their commercial referencing Verizon...by name #SuperBowl,8,0,11,VeryWhiteGuy,VeryWhytgize,24814,7376,T-Mobile just spent like 5 million to spend 85% of their commercial referencing Verizon...by name #SuperBowl,6,2,2017
https://twitter.com/saucemaker2/status/828432493237981185,2017-02-06 02:37:52+00:00,828432493237981185,"Wendy Schaal for T-Mobile - feel the pain, hurts so good! #SuperBowl",1,1,0,saucemaker2,Bernie Katz,266,1117,"Wendy Schaal for T-Mobile - feel the pain, hurts so good! #SuperBowl",6,2,2017
https://twitter.com/IlliniAlum/status/828432454704910341,2017-02-06 02:37:43+00:00,828432454704910341,T-MOBILE is pushing the envelope while trolling Verizon. #SuperBowl,1,0,1,IlliniAlum,IlliniForLife,93,418,T-MOBILE is pushing the envelope while trolling Verizon. #SuperBowl,6,2,2017
https://twitter.com/BellsTargaryen/status/828432416834469888,2017-02-06 02:37:34+00:00,828432416834469888,They got my girl Louise Belcher on a T-Mobile commercial. 💀💀#SuperBowl,1,0,0,BellsTargaryen,whit,724,196,They got my girl Louise Belcher on a T-Mobile commercial. 💀💀#SuperBowl,6,2,2017
https://twitter.com/kanderri/status/828432395871350784,2017-02-06 02:37:29+00:00,828432395871350784,I hope kids didn't watch that T-mobile commercial lol #SuperBowl2017 #SuperBowl,1,0,1,kanderri,Hamad al-kanderi,199,226,I hope kids didn't watch that T-mobile commercial lol #SuperBowl2017 #SuperBowl,6,2,2017
https://twitter.com/Raiders_Nets/status/828432394055188480,2017-02-06 02:37:28+00:00,828432394055188480,T-mobile is gettin WEEEEIRRRRDD. #SuperBowl,1,1,1,Raiders_Nets,J Nets 0-4 Eliminated (Nets 44-38),286,464,T-mobile is gettin WEEEEIRRRRDD. #SuperBowl,6,2,2017
https://twitter.com/jake12_s/status/828432381417750528,2017-02-06 02:37:25+00:00,828432381417750528,Did anyone else just see that T-Mobile commercial and cringe as hard as I did? #SuperBowl #tmobile,1,0,2,jake12_s,J,295,249,Did anyone else just see that T-Mobile commercial and cringe as hard as I did? #SuperBowl #tmobile,6,2,2017
https://twitter.com/Realdaveblack/status/828432341454487552,2017-02-06 02:37:16+00:00,828432341454487552,T-Mobile Kristen Schaal is killing it! Go to bed kids! Mommy and Daddy are switching wireless carriers! 1. #SuperBowl,1,0,0,Realdaveblack,Dave the Black Guy,1555,889,T-Mobile Kristen Schaal is killing it! Go to bed kids! Mommy and Daddy are switching wireless carriers! 1. #SuperBowl,6,2,2017
https://twitter.com/Rac3_/status/828432262089830400,2017-02-06 02:36:57+00:00,828432262089830400,This T-Mobile commercial awkward as hell #SuperBowl,1,0,1,Rac3_,Race,130,1528,This T-Mobile commercial awkward as hell #SuperBowl,6,2,2017
https://twitter.com/df_pendrys/status/828432225859403776,2017-02-06 02:36:48+00:00,828432225859403776,T-Mobile where are you getting all this marketing money? You have like 3 cell phone towers.  #SuperBowl,1,0,0,df_pendrys,D.F. Pendrys,626,2603,T-Mobile where are you getting all this marketing money? You have like 3 cell phone towers.  #SuperBowl,6,2,2017
https://twitter.com/Jesse_Horne/status/828432208172040192,2017-02-06 02:36:44+00:00,828432208172040192,The T-Mobile spot ... 😳 #SuperBowl #SB51,1,0,2,Jesse_Horne,Jesse Horne,3128,5789,The T-Mobile spot ... 😳 #SuperBowl #SB51,6,2,2017
https://twitter.com/kelseyr713/status/828432189658374146,2017-02-06 02:36:40+00:00,828432189658374146,Another 50 shades phone commercial from T-Mobile 😂 #SuperBowl,2,0,2,kelseyr713,Kelsey,2113,4980,Another 50 shades phone commercial from T-Mobile 😂 #SuperBowl,6,2,2017
https://twitter.com/GeeksOfColor/status/828432185732509696,2017-02-06 02:36:39+00:00,828432185732509696,T-Mobile has no chill. Lmao #Superbowl,17,0,72,GeeksOfColor,Geeks of Color,90846,4472,T-Mobile has no chill. Lmao #Superbowl,6,2,2017
https://twitter.com/Spinsterellla/status/828429896384905218,2017-02-06 02:27:33+00:00,828429896384905218,Verizon out here talking Fifty Shades to T-mobile and Wrangler trolling Mr Clean over balls? #SuperBowl,1,0,0,Spinsterellla,Spinsterellla,727,835,Verizon out here talking Fifty Shades to T-mobile and Wrangler trolling Mr Clean over balls? #SuperBowl,6,2,2017
https://twitter.com/MSN/status/828429331764502530,2017-02-06 02:25:18+00:00,828429331764502530,"Justin Bieber, Rob Gronkowski, and Terrell Owens teamed up to give us a history lesson for T-Mobile's #SuperBowl ad. https://t.co/z4rvdYS6R8 https://t.co/pRtR7LQtZw",2,0,5,MSN,MSN,227633,755,"Justin Bieber, Rob Gronkowski, and Terrell Owens teamed up to give us a history lesson for T-Mobile's #SuperBowl ad. msn.com/en-us/sports/n… https://t.co/pRtR7LQtZw",6,2,2017
https://twitter.com/hellresidentNY/status/828426754054295554,2017-02-06 02:15:04+00:00,828426754054295554,The T-mobile ad with Kristen Schaal&gt;&gt;&gt;&gt;&gt;&gt;&gt;&gt;&gt;&gt;&gt;&gt;&gt;&gt;&gt;&gt;&gt;&gt;&gt;&gt;&gt;&gt;&gt;&gt;&gt;*any and every film in the FIFTY SHADES trilogy. #SuperBowl #FiftyShadesDarker,1,0,4,hellresidentNY,hellresidentNY,2057,977,The T-mobile ad with Kristen Schaal&gt;&gt;&gt;&gt;&gt;&gt;&gt;&gt;&gt;&gt;&gt;&gt;&gt;&gt;&gt;&gt;&gt;&gt;&gt;&gt;&gt;&gt;&gt;&gt;&gt;*any and every film in the FIFTY SHADES trilogy. #SuperBowl #FiftyShadesDarker,6,2,2017
https://twitter.com/dannysullivan/status/828426731291750400,2017-02-06 02:14:58+00:00,828426731291750400,That T-Mobile ad with @kristenschaaled rocked. #superbowl,2,2,8,dannysullivan,Danny Sullivan,530308,8289,That T-Mobile ad with @kristenschaaled rocked. #superbowl,6,2,2017
https://twitter.com/mjgoldberg/status/828426730314616835,2017-02-06 02:14:58+00:00,828426730314616835,T-Mobile: 50 Shades of disgrace. #SuperBowl,1,0,3,mjgoldberg,Michael Goldberg,1262,1037,T-Mobile: 50 Shades of disgrace. #SuperBowl,6,2,2017
https://twitter.com/TruthinAd/status/828426419340460034,2017-02-06 02:13:44+00:00,828426419340460034,Find out why T-Mobile is a frequent flier when it comes to #falseadvertising accusations. #brandbowl #SuperBowl https://t.co/9Ee1XvdfqT,1,0,1,TruthinAd,Truth in Advertising,11303,585,Find out why T-Mobile is a frequent flier when it comes to #falseadvertising accusations. #brandbowl #SuperBowl truthinadvertising.org/?s=t-mobil,6,2,2017
https://twitter.com/MinnesotaBen/status/828426328475054084,2017-02-06 02:13:22+00:00,828426328475054084,T-Mobile and the Patriots both trying too hard tonight. #SuperBowl,1,0,1,MinnesotaBen,Ben,616,834,T-Mobile and the Patriots both trying too hard tonight. #SuperBowl,6,2,2017
https://twitter.com/MrJayWashington/status/828426235436888064,2017-02-06 02:13:00+00:00,828426235436888064,Shouts out to t-mobile....I mean I ain't Never gotten THAT freaky over my phone bill but still #superbowl,1,0,1,MrJayWashington,Jay Washington,12332,2110,Shouts out to t-mobile....I mean I ain't Never gotten THAT freaky over my phone bill but still #superbowl,6,2,2017
https://twitter.com/caff/status/828426176058241024,2017-02-06 02:12:46+00:00,828426176058241024,T-Mobile for the 50 shades hat tip. Ok. Get a room with Mr. Clean. #SBads #SuperBowl,1,0,0,caff,🌻✨ J A N E ✨🌻,2836,1273,T-Mobile for the 50 shades hat tip. Ok. Get a room with Mr. Clean. #SBads #SuperBowl,6,2,2017
https://twitter.com/TawwneySayre/status/828426165790580736,2017-02-06 02:12:43+00:00,828426165790580736,T-Mobile 1 killing the actual game #SuperBowl,1,0,1,TawwneySayre,Tawn,250,307,T-Mobile 1 killing the actual game #SuperBowl,6,2,2017
https://twitter.com/JustAFamilyMan_/status/828426137009319937,2017-02-06 02:12:37+00:00,828426137009319937,T-Mobile is doing the most with these commercials. 😂 #SuperBowl,1,0,0,JustAFamilyMan_,Uché Perkins,2565,2296,T-Mobile is doing the most with these commercials. 😂 #SuperBowl,6,2,2017
https://twitter.com/highmileage/status/828426126255091712,2017-02-06 02:12:34+00:00,828426126255091712,T-Mobile with the first audible laugh of the evening! #superbowl,1,2,4,highmileage,Adam📸On Insta!,4383,1162,T-Mobile with the first audible laugh of the evening! #superbowl,6,2,2017
https://twitter.com/ForbesEnt/status/828425787531546625,2017-02-06 02:11:13+00:00,828425787531546625,Top #SuperBowl commercials on social media 1 Budweiser 2 T-Mobile 3 Mr Clean 4 Audi 5 Coca-Cola   https://t.co/rheYorZEwb https://t.co/4n85uDZrtI,1,0,1,ForbesEnt,Forbes Entertainment,15701,258,"Top #SuperBowl commercials on social media
1 Budweiser
2 T-Mobile
3 Mr Clean
4 Audi
5 Coca-Cola
  forbes.com/sites/robsalko… https://t.co/4n85uDZrtI",6,2,2017
https://twitter.com/SuperBowlAdsTV/status/828422797391175681,2017-02-06 01:59:20+00:00,828422797391175681,T-Mobile’s Snoop and Martha Stewart Super Bowl Commercial https://t.co/RgxhjIANqC #superbowl #superbowlads #superbowlcommercials #superbow…,2,0,3,SuperBowlAdsTV,Superbowl Commercial,1691,126,T-Mobile’s Snoop and Martha Stewart Super Bowl Commercial ift.tt/2ldC4cp #superbowl #superbowlads #superbowlcommercials #superbow…,6,2,2017
https://twitter.com/verge/status/828420996973621250,2017-02-06 01:52:11+00:00,828420996973621250,"T-Mobile’s new #SuperBowl ad stars Snoop Dogg, Martha Stewart, and weed puns https://t.co/ErCRxmMZJG",27,1,84,verge,The Verge,2981079,182,"T-Mobile’s new #SuperBowl ad stars Snoop Dogg, Martha Stewart, and weed puns theverge.com/2017/2/5/14514…",6,2,2017
https://twitter.com/Realdaveblack/status/828420713036075010,2017-02-06 01:51:03+00:00,828420713036075010,"T-Mobile Snoop and Martha go together like weed and.... food I guess. Wait, what was I talking about? 1. #SuperBowl",1,0,1,Realdaveblack,Dave the Black Guy,1555,889,"T-Mobile Snoop and Martha go together like weed and.... food I guess. Wait, what was I talking about? 1. #SuperBowl",6,2,2017
https://twitter.com/zeitchikWaPo/status/828420467904086018,2017-02-06 01:50:05+00:00,828420467904086018,T-Mobile has now featured Justin Bieber all grown up and Snoop and Martha Stewart making pot puns #superbowl,1,1,0,zeitchikWaPo,Steven Zeitchik,14752,1595,T-Mobile has now featured Justin Bieber all grown up and Snoop and Martha Stewart making pot puns #superbowl,6,2,2017
https://twitter.com/larryelder/status/828420455505604608,2017-02-06 01:50:02+00:00,828420455505604608,"Interesting how Ben Carson's a ""sell-out,"" but Snoop Doog can do a T-Mobile commercial with Martha Stewart--not a problem.  #Superbowl",302,85,919,larryelder,Larry Elder,976303,220,"Interesting how Ben Carson's a ""sell-out,"" but Snoop Doog can do a T-Mobile commercial with Martha Stewart--not a problem.

#Superbowl",6,2,2017
https://twitter.com/laursmeltz11/status/828420322034487296,2017-02-06 01:49:30+00:00,828420322034487296,T-Mobile should win the SuperBowl 🙌🏼🙌🏼🙌🏼,1,0,5,laursmeltz11,LAUR,379,352,T-Mobile should win the SuperBowl 🙌🏼🙌🏼🙌🏼,6,2,2017
https://twitter.com/kbeninato/status/828420121433608193,2017-02-06 01:48:42+00:00,828420121433608193,"Martha Stewart said ""Can of bisque?"" and Snoop Dogg said ""Maybe."" I see you, T-Mobile. #Superbowl",1,0,12,kbeninato,Karen DaltonBeninato,13604,1184,"Martha Stewart said ""Can of bisque?"" and Snoop Dogg said ""Maybe.""
I see you, T-Mobile.
#Superbowl",6,2,2017
https://twitter.com/coreyralexander/status/828419999232581633,2017-02-06 01:48:13+00:00,828419999232581633,Martha Stewart and Snoop Dogg w/ T-Mobile just snuck into the number 2 spot for #SuperBowl commercials lol.,1,0,7,coreyralexander,Corey Alexander,9413,1132,Martha Stewart and Snoop Dogg w/ T-Mobile just snuck into the number 2 spot for #SuperBowl commercials lol.,6,2,2017
https://twitter.com/JustAFamilyMan_/status/828419999094161409,2017-02-06 01:48:13+00:00,828419999094161409,Ok that T-Mobile commercial with Snoop and Martha Stewart was funny. #SuperBowl,1,0,1,JustAFamilyMan_,Uché Perkins,2565,2296,Ok that T-Mobile commercial with Snoop and Martha Stewart was funny. #SuperBowl,6,2,2017
https://twitter.com/collemcvoy/status/828419831338635264,2017-02-06 01:47:33+00:00,828419831338635264,"Okay, T-Mobile. You've redeemed yourself for Bieber. Snoop and Martha should be in every #Superbowl ad. #PowerCouple ^pz",1,1,10,collemcvoy,Colle McVoy,14540,4061,"Okay, T-Mobile. You've redeemed yourself for Bieber. Snoop and Martha should be in every #Superbowl ad. #PowerCouple ^pz",6,2,2017
https://twitter.com/ForbesEnt/status/828415816223817728,2017-02-06 01:31:36+00:00,828415816223817728,"T-Mobile, Buick and Coca-Cola are winning the #SuperBowl ad war so far https://t.co/rheYorZEwb https://t.co/lkCEca8Y0g",7,0,22,ForbesEnt,Forbes Entertainment,15701,258,"T-Mobile, Buick and Coca-Cola are winning the #SuperBowl ad war so far forbes.com/sites/robsalko… https://t.co/lkCEca8Y0g",6,2,2017
https://twitter.com/i4unews/status/828403153599135744,2017-02-06 00:41:17+00:00,828403153599135744,T-Mobile Super Bowl Commercial 2017 with Justin Bieber: Watch the Ad Again #SuperBowl https://t.co/rjk5Kuws79 https://t.co/NjOV0hM3dr,1,0,0,i4unews,I4U News,12101,4650,T-Mobile Super Bowl Commercial 2017 with Justin Bieber: Watch the Ad Again #SuperBowl buff.ly/2kDhJQj https://t.co/NjOV0hM3dr,6,2,2017
https://twitter.com/CarlSchmid/status/828401717888827392,2017-02-06 00:35:35+00:00,828401717888827392,😳 Verizon taking a shot at T-Mobile &amp; using their hashtag... #SuperBowl https://t.co/sXuj0SihlF,1,0,1,CarlSchmid,Carl Schmid,1842,1369,😳 Verizon taking a shot at T-Mobile &amp; using their hashtag... #SuperBowl twitter.com/verizon/status…,6,2,2017
https://twitter.com/ChildCreative/status/828400337941848064,2017-02-06 00:30:06+00:00,828400337941848064,El comercial de T-Mobile con Justin Bieber# SuperBowl #UnlimitedMoves https://t.co/d0wNzJUts8,2,0,0,ChildCreative,Child Creative,683,322,El comercial de T-Mobile con Justin Bieber# SuperBowl #UnlimitedMoves youtu.be/Kg_4tX4XwI8,6,2,2017
https://twitter.com/cdbond/status/828399622074818561,2017-02-06 00:27:15+00:00,828399622074818561,"When you log into Twitter, and #SuperBowl isn't trending but Justin Bieber, Logan, T-Mobile, Google and #Bradshawstain are! #TT https://t.co/xAMcFWXnkx",6,1,23,cdbond,"Christopher Bond, PhD, CLP 🧢🌲🌊🐻✈️♻️🏒",39129,41295,"When you log into Twitter, and #SuperBowl isn't trending but Justin Bieber, Logan, T-Mobile, Google and #Bradshawstain are! #TT https://t.co/xAMcFWXnkx",6,2,2017
https://twitter.com/TheGiftOfMayhem/status/828399166317490176,2017-02-06 00:25:26+00:00,828399166317490176,I give it a year before the Can You Hear Me Now guy is shilling for T-Mobile  #SuperBowl,1,0,6,TheGiftOfMayhem,ᗪᗩᑎ ᕼᗩGᗩᖇ,3103,4543,"I give it a year before the Can You Hear Me Now guy is shilling for T-Mobile

#SuperBowl",6,2,2017
https://twitter.com/gerrickareese/status/828398948217929733,2017-02-06 00:24:34+00:00,828398948217929733,Highlight of the #SuperBowl is Justin's T-Mobile commercial. Don't fight me on this.,1,1,1,gerrickareese,jerky,13855,4195,Highlight of the #SuperBowl is Justin's T-Mobile commercial. Don't fight me on this.,6,2,2017
https://twitter.com/hxneye/status/828398919373713408,2017-02-06 00:24:27+00:00,828398919373713408,justin bieber's t-mobile commercial is the fucking best!!!! #SuperBowl,1,0,1,hxneye,Honeye,521,775,justin bieber's t-mobile commercial is the fucking best!!!! #SuperBowl,6,2,2017
https://twitter.com/AjdinSkulj/status/828398848431292416,2017-02-06 00:24:11+00:00,828398848431292416,Justin Bieber T-Mobile Commercial #superbowl #SuperBowlSunday #SuperBowlCommercials https://t.co/3KcgaSW89m,1,0,2,AjdinSkulj,Skuli,1611,168,Justin Bieber T-Mobile Commercial #superbowl #SuperBowlSunday #SuperBowlCommercials youtube.com/watch?v=GvkmpG…,6,2,2017
https://twitter.com/iHeartRadio/status/828398516670177282,2017-02-06 00:22:51+00:00,828398516670177282,ICYMI: Here’s Justin Bieber’s T-Mobile #SuperBowl TV spot 😍 https://t.co/aecxyEdVeV https://t.co/abst5sdVJb,922,36,1459,iHeartRadio,iHeartRadio,1985891,68879,ICYMI: Here’s Justin Bieber’s T-Mobile #SuperBowl TV spot 😍 bit.ly/2k5xqOS https://t.co/abst5sdVJb,6,2,2017
https://twitter.com/Samwyzh/status/828398230140514304,2017-02-06 00:21:43+00:00,828398230140514304,Why did Justin Bieber in the T-Mobile commercial look like a young six flags man? #SuperBowl https://t.co/Nfr8BPT59w,982,20,1778,Samwyzh,Rev. Samuel 💙,655,1432,Why did Justin Bieber in the T-Mobile commercial look like a young six flags man? #SuperBowl https://t.co/Nfr8BPT59w,6,2,2017
https://twitter.com/NazzGonzalez/status/828397964410368000,2017-02-06 00:20:40+00:00,828397964410368000,Bieber's T-mobile commercial = Six flags guy. #SuperBowl https://t.co/tC0yWN0RyK,1,0,3,NazzGonzalez,Aubrey,16,110,Bieber's T-mobile commercial = Six flags guy. #SuperBowl https://t.co/tC0yWN0RyK,6,2,2017
https://twitter.com/LizRonecker/status/828397760705474560,2017-02-06 00:19:51+00:00,828397760705474560,Anyone else think that Justin Bieber in that T-mobile commercial looks like the old guy from the Six Flags commercials? #superbowl https://t.co/peKS7UyKAn,2,0,3,LizRonecker,Liz Ronecker,120,359,Anyone else think that Justin Bieber in that T-mobile commercial looks like the old guy from the Six Flags commercials? #superbowl https://t.co/peKS7UyKAn,6,2,2017
https://twitter.com/BeauBowker/status/828397050270134272,2017-02-06 00:17:02+00:00,828397050270134272,Is that Justin Bieber T-Mobile commercial a prequel to the Six Flags guy? #Superbowl,3,0,6,BeauBowker,Beau Bowker,1251,589,Is that Justin Bieber T-Mobile commercial a prequel to the Six Flags guy? #Superbowl,6,2,2017
https://twitter.com/localblackgay/status/828397036294774784,2017-02-06 00:16:58+00:00,828397036294774784,#SuperBowl when the Justin Bieber did the t-mobile commercial https://t.co/jXkKUOJjF6,1,0,3,localblackgay,ᴊ,3431,1510,#SuperBowl when the Justin Bieber did the t-mobile commercial https://t.co/jXkKUOJjF6,6,2,2017
https://twitter.com/taylorlovaas/status/828396955604750336,2017-02-06 00:16:39+00:00,828396955604750336,"T-Mobile spent too much on talent to afford the rights to Biebs actual music, eh? #SuperBowl",1,0,1,taylorlovaas,Taylor Lovaas,874,1527,"T-Mobile spent too much on talent to afford the rights to Biebs actual music, eh? #SuperBowl",6,2,2017
https://twitter.com/Seanlofficial/status/828396941595856903,2017-02-06 00:16:36+00:00,828396941595856903,"ok the Justin Bieber T-mobile commercial made me laugh, biebers got moves!!! #TMobileONE #SuperBowl",6,1,16,Seanlofficial,SΞAN,12373,4548,"ok the Justin Bieber T-mobile commercial made me laugh, biebers got moves!!! #TMobileONE #SuperBowl",6,2,2017
https://twitter.com/ktjrichards/status/828396831122083840,2017-02-06 00:16:10+00:00,828396831122083840,"Justin Bieber to the world after that T-Mobile ad, probably. #SuperBowl https://t.co/Ikrlq70IAl",1,0,5,ktjrichards,Katie Richards,4475,1113,"Justin Bieber to the world after that T-Mobile ad, probably. #SuperBowl https://t.co/Ikrlq70IAl",6,2,2017
https://twitter.com/Renee_Hey/status/828396805532454912,2017-02-06 00:16:03+00:00,828396805532454912,Ok that @justinbieber T-mobile commercial is the first to make me LOL. #Superbowl 💃💃💃💃💃,1,0,2,Renee_Hey,Renee,1756,264,Ok that @justinbieber T-mobile commercial is the first to make me LOL. #Superbowl 💃💃💃💃💃,6,2,2017
https://twitter.com/Latinegro/status/828396799014608897,2017-02-06 00:16:02+00:00,828396799014608897,Bieber solidified my desire to never use T-Mobile. #SuperBowl  #BlerdBowl,1,0,3,Latinegro,"Tony Snark, bro",3415,2446,Bieber solidified my desire to never use T-Mobile. #SuperBowl  #BlerdBowl,6,2,2017
https://twitter.com/angeladiaco/status/828396787765563392,2017-02-06 00:15:59+00:00,828396787765563392,Did foot traffic to T-mobile increase after #Unlimitedmoves #SuperBowl ad? We can tell you - submit to find out more https://t.co/gF5PWhPf36,1,0,1,angeladiaco,Angela D,1132,1475,Did foot traffic to T-mobile increase after #Unlimitedmoves #SuperBowl ad? We can tell you - submit to find out more blog.skyhookwireless.com/super-bowl-201…,6,2,2017
https://twitter.com/mhladio92/status/828396783147560960,2017-02-06 00:15:58+00:00,828396783147560960,T-mobile commercial would be good except Bieber was in it #SuperBowl,1,0,0,mhladio92,Matt Hladio,863,2212,T-mobile commercial would be good except Bieber was in it #SuperBowl,6,2,2017
https://twitter.com/DailyNorseman/status/828396777749442560,2017-02-06 00:15:57+00:00,828396777749442560,"T-Mobile ad was solid, but not as good as Buick. #Superbowl",1,2,5,DailyNorseman,Daily Norseman: In Kwesi We Trust,30004,1522,"T-Mobile ad was solid, but not as good as Buick. #Superbowl",6,2,2017
https://twitter.com/PhuzzieSlippers/status/828396772645023746,2017-02-06 00:15:56+00:00,828396772645023746,"Lol. Goddammit, I hate that I just laughed at that T-Mobile commercial with the celebrations. Fuck you, #SuperBowl commercials.",1,0,1,PhuzzieSlippers,"Robert L. Reece, PhD",18079,5494,"Lol. Goddammit, I hate that I just laughed at that T-Mobile commercial with the celebrations. Fuck you, #SuperBowl commercials.",6,2,2017
https://twitter.com/HenryJanko/status/828396772343025664,2017-02-06 00:15:56+00:00,828396772343025664,"That was great JB, TO, and Gronk commercial for T-Mobile #SuperBowl #SuperBowlCommercials",1,0,3,HenryJanko,Henry Jankowski,483,694,"That was great JB, TO, and Gronk commercial for T-Mobile #SuperBowl #SuperBowlCommercials",6,2,2017
https://twitter.com/JustinCrew/status/828396770845667332,2017-02-06 00:15:55+00:00,828396770845667332,Who else just saw @justinbieber's T-Mobile #SuperBowl commercial? 🙋,66,5,195,JustinCrew,Justin Bieber Crew,1007783,33953,Who else just saw @justinbieber's T-Mobile #SuperBowl commercial? 🙋,6,2,2017
https://twitter.com/TrivWorks/status/828396756505210880,2017-02-06 00:15:52+00:00,828396756505210880,Watching Bieber in this T-Mobile commercial #SuperBowl #Superbowl2017 https://t.co/81Ewu7cwNu,1,1,1,TrivWorks,TrivWorks,19186,9593,Watching Bieber in this T-Mobile commercial #SuperBowl #Superbowl2017 https://t.co/81Ewu7cwNu,6,2,2017
https://twitter.com/GirlWonder3/status/828396741317758977,2017-02-06 00:15:48+00:00,828396741317758977,This dumb Bieber T-Mobile commercial. #SuperBowl,1,0,2,GirlWonder3,Truthhurts,1102,796,This dumb Bieber T-Mobile commercial. #SuperBowl,6,2,2017
https://twitter.com/GetRealSerious1/status/828396726927159297,2017-02-06 00:15:45+00:00,828396726927159297,"#SuperBowl Well, that just killed T-Mobile.",1,0,1,GetRealSerious1,I'm Done,33,296,"#SuperBowl
Well, that just killed T-Mobile.",6,2,2017
https://twitter.com/AldoBarkeeper/status/828396668706025472,2017-02-06 00:15:31+00:00,828396668706025472,Bieber T-Mobile ad with Gronk and TO best ad yet. Yeah... Bieber! #SuperBowl,1,1,2,AldoBarkeeper,𝙰𝚕𝚍𝚘 𝙶𝚊𝚗𝚍𝚒𝚊,2974,2251,Bieber T-Mobile ad with Gronk and TO best ad yet. Yeah... Bieber! #SuperBowl,6,2,2017
https://twitter.com/ShooterMcGavin_/status/828396662800392192,2017-02-06 00:15:29+00:00,828396662800392192,Glad I'm not on T-Mobile #SuperBowl,73,2,214,ShooterMcGavin_,Shooter McGavin,421920,27,Glad I'm not on T-Mobile #SuperBowl,6,2,2017
https://twitter.com/jimmyfailla/status/828396644920074243,2017-02-06 00:15:25+00:00,828396644920074243,That T-Mobile caveman commercial was the most articulate speaking I've ever seen Rob Gronkowski do. #SuperBowl #gronk,2,2,6,jimmyfailla,Jimmy Failla,70670,624,"That T-Mobile caveman commercial was the most articulate speaking I've ever seen Rob Gronkowski do.
#SuperBowl #gronk",6,2,2017
https://twitter.com/JRSportBrief/status/828396643217264641,2017-02-06 00:15:25+00:00,828396643217264641,T-Mobile not allowed anymore commercials.... #superbowl,24,3,42,JRSportBrief,JRSportBrief,25000,16309,T-Mobile not allowed anymore commercials.... #superbowl,6,2,2017
https://twitter.com/MatthewStefanTV/status/828396633893138433,2017-02-06 00:15:23+00:00,828396633893138433,"Super Bowl commercials: T-Mobile uses @JustinBieber, Rob Gronkowski, and @TerrellOwens https://t.co/0I1iaB1H1r #SuperBowl",1,0,6,MatthewStefanTV,Matthew Stefan,14978,4614,"Super Bowl commercials: T-Mobile uses @JustinBieber, Rob Gronkowski, and @TerrellOwens cartermatt.com/242151/super-b… #SuperBowl",6,2,2017
https://twitter.com/FSalazarBoxing/status/828396616826572801,2017-02-06 00:15:18+00:00,828396616826572801,That T-Mobile commercial would've been great if Justin Bieber weren't in it .. #Superbowl,2,0,5,FSalazarBoxing,Francisco A. Salazar,4126,408,That T-Mobile commercial would've been great if Justin Bieber weren't in it .. #Superbowl,6,2,2017
https://twitter.com/joyabella/status/828396598682144770,2017-02-06 00:15:14+00:00,828396598682144770,This #UnlimitedMoves T-Mobile ad. Why. #SuperBowl,1,0,1,joyabella,joyabella,1434,2405,This #UnlimitedMoves T-Mobile ad. Why. #SuperBowl,6,2,2017
https://twitter.com/ORBY22/status/828396594139582464,2017-02-06 00:15:13+00:00,828396594139582464,Don't let Justin Bieber being in the T-Mobile add distract you from the fact that the Seahawks didn't run the ball #SuperBowl,1,0,3,ORBY22,O,301,754,Don't let Justin Bieber being in the T-Mobile add distract you from the fact that the Seahawks didn't run the ball #SuperBowl,6,2,2017
https://twitter.com/MShadows17/status/828396589957992448,2017-02-06 00:15:12+00:00,828396589957992448,Justin Bieber? Gronk? TO? T-Mobile hit the douchebag trifecta. #SuperBowl,1,0,2,MShadows17,Matt,1097,318,Justin Bieber? Gronk? TO? T-Mobile hit the douchebag trifecta. #SuperBowl,6,2,2017
https://twitter.com/StatsInTheWild/status/828396587328106497,2017-02-06 00:15:11+00:00,828396587328106497,Jesus Christ.  Who the fuck has T-Mobile?  #superbowl,1,3,2,StatsInTheWild,Volume Tweeter,5857,6360,Jesus Christ.  Who the fuck has T-Mobile?  #superbowl,6,2,2017
https://twitter.com/dfpendrys/status/828396549042499584,2017-02-06 00:15:02+00:00,828396549042499584,T-Mobile. When you just don't know other cell phone companies exist. #SuperBowl,1,0,1,dfpendrys,D.F. Pendrys,2407,4500,T-Mobile. When you just don't know other cell phone companies exist. #SuperBowl,6,2,2017
https://twitter.com/dy_miles/status/828396533544411138,2017-02-06 00:14:59+00:00,828396533544411138,Nice work by T-Mobile accurately representing Gronk's intelligence. #SuperBowl,3,0,5,dy_miles,Dylan Miles,922,575,Nice work by T-Mobile accurately representing Gronk's intelligence. #SuperBowl,6,2,2017
https://twitter.com/realnewscanoas/status/828345837159903232,2017-02-05 20:53:32+00:00,828345837159903232,Vote no comercial Justin do T-Mobile do #SuperBowl Link: https://t.co/h5sJLKoecn #FastCar #BestCover #IHeartAwards,12,0,2,realnewscanoas,REAL NEWS,11114,759,"Vote no comercial Justin do T-Mobile do #SuperBowl
Link: admeter.usatoday.com/commercials/un…
#FastCar #BestCover #IHeartAwards",5,2,2017
https://twitter.com/CampaignLiveUS/status/828321755915763712,2017-02-05 19:17:50+00:00,828321755915763712,"T-Mobile CEO reveals three new #SuperBowl2017 spots, continues to call competitors ""dumb"" #SuperBowl https://t.co/jREnDHF1LO https://t.co/hCBtIU2X9A",1,0,0,CampaignLiveUS,Campaign US,16423,1983,"T-Mobile CEO reveals three new #SuperBowl2017 spots, continues to call competitors ""dumb"" #SuperBowl bit.ly/2jRJGPG https://t.co/hCBtIU2X9A",5,2,2017
https://twitter.com/Adweek/status/828317269159616512,2017-02-05 19:00:01+00:00,828317269159616512,Dapper @JustinBieber explores the history of touchdown dances in T-Mobile’s #SuperBowl ad: https://t.co/n7K84r4PLR https://t.co/tdTyHzX2Nk,1,0,5,Adweek,Adweek,688972,26488,Dapper @JustinBieber explores the history of touchdown dances in T-Mobile’s #SuperBowl ad: adweek.it/2klhVkm https://t.co/tdTyHzX2Nk,5,2,2017
https://twitter.com/UK_BieberNews/status/828303322335551488,2017-02-05 18:04:35+00:00,828303322335551488,The SuperBowl will be broadcasted on BBC at 23:20 tonight! Don't miss the T-Mobile commercial fearuring @justinbieber! https://t.co/4uynjd8QHC,26,1,63,UK_BieberNews,UK Bieber News,7719,114,The SuperBowl will be broadcasted on BBC at 23:20 tonight! Don't miss the T-Mobile commercial fearuring @justinbieber! https://t.co/4uynjd8QHC,5,2,2017
https://twitter.com/TechnicallyNow/status/828287666118606849,2017-02-05 17:02:23+00:00,828287666118606849,'Fifty Shades of Grey' spoofed in new T-Mobile ad for the #SuperBowl https://t.co/OXch43JszT,1,0,5,TechnicallyNow,Technically Speaking,220938,9,'Fifty Shades of Grey' spoofed in new T-Mobile ad for the #SuperBowl youtube.com/watch?v=xQgj3O…,5,2,2017
https://twitter.com/iPhone_News/status/828287665992790017,2017-02-05 17:02:23+00:00,828287665992790017,'Fifty Shades of Grey' spoofed in new T-Mobile ad for the #SuperBowl https://t.co/Pvm3wgTgzo,1,0,9,iPhone_News,"All Apple, Always | News, Reviews, Guides",771147,38,'Fifty Shades of Grey' spoofed in new T-Mobile ad for the #SuperBowl youtube.com/watch?v=xQgj3O…,5,2,2017
https://twitter.com/iPhone_News/status/828287501689352193,2017-02-05 17:01:43+00:00,828287501689352193,Martha &amp; Snoop are together again in a #SuperBowl ad from T-Mobile: https://t.co/dcU2nRQZlW,1,0,9,iPhone_News,"All Apple, Always | News, Reviews, Guides",771147,38,Martha &amp; Snoop are together again in a #SuperBowl ad from T-Mobile: youtube.com/watch?v=WTetpc…,5,2,2017
https://twitter.com/TechnicallyNow/status/828287501668319234,2017-02-05 17:01:43+00:00,828287501668319234,Martha &amp; Snoop are together again in a #SuperBowl ad from T-Mobile: https://t.co/hXsfhuh1a1,2,0,5,TechnicallyNow,Technically Speaking,220938,9,Martha &amp; Snoop are together again in a #SuperBowl ad from T-Mobile: youtube.com/watch?v=WTetpc…,5,2,2017
https://twitter.com/yvrshoots/status/828089235198480385,2017-02-05 03:53:53+00:00,828089235198480385,Justin Bieber - Celebration Expert. | T-Mobile Superbowl Commercial https://t.co/3vW9wc71RP,1,0,5,yvrshoots,YVRShoots,47533,3208,Justin Bieber - Celebration Expert. | T-Mobile Superbowl Commercial youtu.be/Kg_4tX4XwI8,5,2,2017
