url,Datetime,Tweet Id,Text,Retweet Count,Reply Count,Like Count,Username,Display Name,Followers Count,Friends Count,Rendered Content,Day,Month,Year
https://twitter.com/drvmos/status/828692712144658432,2017-02-06 19:51:53+00:00,828692712144658432,Not sure why the @budlight blimp had some 480i video stream of Houston last night. I could've done better. 😉 #HD #SuperBowl #SB51 #drone,1,0,2,drvmos,drvmos (drāmos),18,6,Not sure why the @budlight blimp had some 480i video stream of Houston last night. I could've done better. 😉 #HD #SuperBowl #SB51 #drone,6,2,2017
https://twitter.com/adsoftheworld/status/828691239344205827,2017-02-06 19:46:02+00:00,828691239344205827,Bud Light: Ghost spuds #SuperBowl 2017 Commercial https://t.co/cc5WAPH1Eo https://t.co/6d3hl3FKI2,1,0,3,adsoftheworld,Ads of the World™,205139,62958,Bud Light: Ghost spuds #SuperBowl 2017 Commercial buff.ly/2kjdqbQ https://t.co/6d3hl3FKI2,6,2,2017
https://twitter.com/SunnyDRuns/status/828599329539682304,2017-02-06 13:40:49+00:00,828599329539682304,.@Budweiser makes me proud to b American🇺🇸🗽&amp; buyer of Bud Light 🍻. #whyIMarch #SuperBowl https://t.co/IlJZjgmY3f,1,0,0,SunnyDRuns,SunnyD🗽✌️🇺🇸,1420,1148,.@Budweiser makes me proud to b American🇺🇸🗽&amp; buyer of Bud Light 🍻. #whyIMarch #SuperBowl twitter.com/budweiser/stat…,6,2,2017
https://twitter.com/FLWilliamsBiz/status/828466192851550208,2017-02-06 04:51:47+00:00,828466192851550208,#SuperBowl #Jedi dog? h/t @brad_broyles. #StarWars #SuperBowlCommercials @budlight @starwars @DepressedDarth https://t.co/YQst8uCb1O,1,0,2,FLWilliamsBiz,Frank L. Williams,994,1680,#SuperBowl #Jedi dog? h/t @brad_broyles. #StarWars #SuperBowlCommercials @budlight @starwars @DepressedDarth https://t.co/YQst8uCb1O,6,2,2017
https://twitter.com/amy2pt0/status/828456944797114368,2017-02-06 04:15:02+00:00,828456944797114368,RT @whartonfoa: RT @TopherPerkins: Crazy but @budlight might have just run the worst spot of the #superbowl #3percentSB #WhartonFoA,1,0,0,amy2pt0,Gender Fair Founder,3439,2529,RT @whartonfoa: RT @TopherPerkins: Crazy but @budlight might have just run the worst spot of the #superbowl #3percentSB #WhartonFoA,6,2,2017
https://twitter.com/budlight/status/828449670435332096,2017-02-06 03:46:07+00:00,828449670435332096,@Coroner_4 Grab your friends and let's celebrate an epic win! 🍻#SuperBowl #Patriots,1,0,1,budlight,Bud Light,262708,253,@Coroner_4 Grab your friends and let's celebrate an epic win! 🍻#SuperBowl #Patriots,6,2,2017
https://twitter.com/budlight/status/828449670250819586,2017-02-06 03:46:07+00:00,828449670250819586,@Whoreheeyy Grab your friends and let's celebrate an epic win! 🍻#SuperBowl #Patriots,1,0,1,budlight,Bud Light,262708,253,@Whoreheeyy Grab your friends and let's celebrate an epic win! 🍻#SuperBowl #Patriots,6,2,2017
https://twitter.com/budlight/status/828441722363445249,2017-02-06 03:14:32+00:00,828441722363445249,Whoa! Extra time to hang with friends the same year I come back. Coincidence? #SuperBowl https://t.co/5MTKkPWKuP,46,5,97,budlight,Bud Light,262708,253,Whoa! Extra time to hang with friends the same year I come back. Coincidence? #SuperBowl https://t.co/5MTKkPWKuP,6,2,2017
https://twitter.com/budlight/status/828439689816395777,2017-02-06 03:06:28+00:00,828439689816395777,This game is too intense. I’m almost as nervous as I was for my Bud Light executive interview. #SuperBowl https://t.co/6QIhT0ZfSK,31,1,82,budlight,Bud Light,262708,253,This game is too intense. I’m almost as nervous as I was for my Bud Light executive interview. #SuperBowl https://t.co/6QIhT0ZfSK,6,2,2017
https://twitter.com/JustJared/status/828437231237005313,2017-02-06 02:56:42+00:00,828437231237005313,Spuds MacKenzie makes his return to @budlight for the #SuperBowl! Watch the commercial: https://t.co/T1ovWudOxj,3,1,17,JustJared,JustJared.com,729151,2931,Spuds MacKenzie makes his return to @budlight for the #SuperBowl! Watch the commercial: jus.tj/1sre,6,2,2017
https://twitter.com/BrianTagueJr/status/828436080244424706,2017-02-06 02:52:07+00:00,828436080244424706,#spudsmackenzie is one with the Force. #Budlight #Starwars #SuperBowl #SB51 https://t.co/xzTP1ng9o0,4,0,12,BrianTagueJr,Brian Tague 🐢,177,1933,"#spudsmackenzie is one with the Force.
#Budlight #Starwars #SuperBowl #SB51 https://t.co/xzTP1ng9o0",6,2,2017
https://twitter.com/prweekdiana/status/828433538492035072,2017-02-06 02:42:01+00:00,828433538492035072,. @PRWeekUS @Washkuch: Is @budlight's dead dog commercial the new dead kid commercial? Discuss. #SuperBowl,3,0,3,prweekdiana,Diana Bradley,2707,3034,. @PRWeekUS @Washkuch: Is @budlight's dead dog commercial the new dead kid commercial? Discuss. #SuperBowl,6,2,2017
https://twitter.com/JerryRice_IE/status/828433058713915393,2017-02-06 02:40:07+00:00,828433058713915393,.@budlight ... Just because fx makes it possible to do a ghost #SpudsMacKenzie doesn't mean you should. #creepy #SuperBowl https://t.co/aO2e64oYPc,1,0,3,JerryRice_IE,Jerry Rice,3874,2399,.@budlight ... Just because fx makes it possible to do a ghost #SpudsMacKenzie doesn't mean you should. #creepy #SuperBowl https://t.co/aO2e64oYPc,6,2,2017
https://twitter.com/JimStengel/status/828432836793352194,2017-02-06 02:39:14+00:00,828432836793352194,My thoughts on @budlight #SuperBowl ad with Spuds. https://t.co/DfqkmA00Q1,1,0,2,JimStengel,Jim Stengel,13828,1065,My thoughts on @budlight #SuperBowl ad with Spuds. youtu.be/DHzV2Nuu8TY,6,2,2017
https://twitter.com/carlos_valencia/status/828432393077927936,2017-02-06 02:37:28+00:00,828432393077927936,Boycott Bud Light - they probably love immigrants too just with fewer calories. #BoycottEveryAdForTrump #BoycottBudweiser #SuperBowl,1,0,1,carlos_valencia,Carlos Valencia (Comedian He B. Foolin),2250,833,Boycott Bud Light - they probably love immigrants too just with fewer calories. #BoycottEveryAdForTrump #BoycottBudweiser #SuperBowl,6,2,2017
https://twitter.com/okkymom/status/828432368805502976,2017-02-06 02:37:22+00:00,828432368805502976,PILLOWPANTS #SuperBowl #Budlight #clerks #pillowpants https://t.co/DRT0BsxkKO,1,0,1,okkymom,LaurenB.,410,766,PILLOWPANTS #SuperBowl #Budlight #clerks #pillowpants https://t.co/DRT0BsxkKO,6,2,2017
https://twitter.com/lstilesss/status/828432288908181504,2017-02-06 02:37:03+00:00,828432288908181504,Now I get it ... kinda @budlight @adage #SuperBowl #budlight #adbowl https://t.co/LyuTYdUA4w,1,0,0,lstilesss,Laura,181,175,Now I get it ... kinda @budlight @adage #SuperBowl #budlight #adbowl twitter.com/adage/status/8…,6,2,2017
https://twitter.com/katsterevin/status/828432226866049029,2017-02-06 02:36:49+00:00,828432226866049029,"I dunno @budlight -- 'celebrate with us, oh and the ghost of Spuds'. Kinda puts a damper on the fun. #SuperBowl #SB51",1,0,1,katsterevin,Maius Kattius,348,1084,"I dunno @budlight -- 'celebrate with us, oh and the ghost of Spuds'. Kinda puts a damper on the fun. #SuperBowl #SB51",6,2,2017
https://twitter.com/audreykearns/status/828432174135201792,2017-02-06 02:36:36+00:00,828432174135201792,So Spuds MacKenzie a force ghost now? #Superbowl #Budweiser #budlight,1,0,5,audreykearns,Audrey Kearns,4723,628,So Spuds MacKenzie a force ghost now? #Superbowl #Budweiser #budlight,6,2,2017
https://twitter.com/erockradio/status/828432160143134720,2017-02-06 02:36:33+00:00,828432160143134720,A 20-something guy wouldn't know Spuds MacKenzie? Who was that ad appealing to? And they obviously had no ending #Budlight #SuperBowl,1,4,15,erockradio,💥ERIK NAGEL💥,54271,1428,A 20-something guy wouldn't know Spuds MacKenzie? Who was that ad appealing to? And they obviously had no ending #Budlight #SuperBowl,6,2,2017
https://twitter.com/mymoviehaikus/status/828432140786233347,2017-02-06 02:36:28+00:00,828432140786233347,#BudLight #SpudsMacKenzie? Best. Ad. Ever. But I am biased... #SuperBowl https://t.co/8kJeqhH66F,2,0,5,mymoviehaikus,Ellen Cook,47,37,#BudLight #SpudsMacKenzie? Best. Ad. Ever. But I am biased... #SuperBowl https://t.co/8kJeqhH66F,6,2,2017
https://twitter.com/johndshabe/status/828432043038167040,2017-02-06 02:36:05+00:00,828432043038167040,13-year-old: Who is Spuds McKenzie? #SuperBowl #Budlight https://t.co/cJkQVfFbdt,1,0,4,johndshabe,John ⬅️6️⃣➡️ Shabe,1312,1169,13-year-old: Who is Spuds McKenzie? #SuperBowl #Budlight https://t.co/cJkQVfFbdt,6,2,2017
https://twitter.com/NerdRushTV/status/828432030543204352,2017-02-06 02:36:02+00:00,828432030543204352,Oh yea! #SpudsMacKenzie is back y'all. @budlight #SuperBowl #SB51 https://t.co/gK7Y4raacy,4,0,8,NerdRushTV,Nerd Rush,124,227,Oh yea! #SpudsMacKenzie is back y'all. @budlight #SuperBowl #SB51 https://t.co/gK7Y4raacy,6,2,2017
https://twitter.com/jasonpinter/status/828432026948796418,2017-02-06 02:36:01+00:00,828432026948796418,I don't understand people who drink Bud Light once they've graduated college and can get any beer they want. #SuperBowl,2,1,3,jasonpinter,Jason Pinter,14211,1754,I don't understand people who drink Bud Light once they've graduated college and can get any beer they want. #SuperBowl,6,2,2017
https://twitter.com/GothamTommy/status/828431974431936512,2017-02-06 02:35:48+00:00,828431974431936512,That Bud Light ad... #SuperBowl https://t.co/oWTnqQqU7Y,11,0,10,GothamTommy,Tommy West,19377,3175,That Bud Light ad... #SuperBowl https://t.co/oWTnqQqU7Y,6,2,2017
https://twitter.com/KMetz40/status/828431928000921601,2017-02-06 02:35:37+00:00,828431928000921601,"So Spuds McKenzie can't open a beer cuz he has no thumbs, but he can hold onto it once it's opened? 🤔 #SuperBowl #BudLight",1,0,3,KMetz40,Kirk,251,222,"So Spuds McKenzie can't open a beer cuz he has no thumbs, but he can hold onto it once it's opened? 🤔 #SuperBowl #BudLight",6,2,2017
https://twitter.com/SethPeders/status/828431916424687616,2017-02-06 02:35:35+00:00,828431916424687616,Strong late contender #BudLight. Points for focus on emotional benefit rather than product attributes. #adbowl #brandbowl #SuperBowl,5,0,4,SethPeders,Seth Pederson,2981,2721,Strong late contender #BudLight. Points for focus on emotional benefit rather than product attributes. #adbowl #brandbowl #SuperBowl,6,2,2017
https://twitter.com/DarealisGod/status/828431858878791680,2017-02-06 02:35:21+00:00,828431858878791680,That @budlight Comercial was the worst lol most stupid thing ihave ever seen if u guys lacking imagination #hmu #SuperBowl,1,0,0,DarealisGod,Da Realest,46,307,That @budlight Comercial was the worst lol most stupid thing ihave ever seen if u guys lacking imagination #hmu #SuperBowl,6,2,2017
https://twitter.com/TomBecka/status/828431839698247684,2017-02-06 02:35:16+00:00,828431839698247684,Spuds McKenzie is back. America is great again. #SuperBowl #Budlight #MAGA,2,0,4,TomBecka,TomBecka,3881,1084,Spuds McKenzie is back. America is great again. #SuperBowl #Budlight #MAGA,6,2,2017
https://twitter.com/Gary_Jerry/status/828431814066831361,2017-02-06 02:35:10+00:00,828431814066831361,Spuds McKenzie back as a Star Wars-type hologram for a #SuperBowl ad was pretty awesome. #HesBetterThanTheTargetDogAnytime #Budlight,1,1,2,Gary_Jerry,Gary Buchanan,7316,137,Spuds McKenzie back as a Star Wars-type hologram for a #SuperBowl ad was pretty awesome. #HesBetterThanTheTargetDogAnytime #Budlight,6,2,2017
https://twitter.com/MeganMWagner/status/828431810262605825,2017-02-06 02:35:09+00:00,828431810262605825,"#SpudsMackenzie! Yaaass. 80’s Nostalgia, FTW!  Well played, @budlight. #SuperBowlAds #SuperBowl https://t.co/zfujY85XIO",1,0,1,MeganMWagner,Megan Wagner,517,444,"#SpudsMackenzie! Yaaass. 80’s Nostalgia, FTW!  Well played, @budlight. #SuperBowlAds #SuperBowl https://t.co/zfujY85XIO",6,2,2017
https://twitter.com/chewcoffeedip/status/828431782630531073,2017-02-06 02:35:03+00:00,828431782630531073,BUD LIGHT Night. Nice to see Spuds MacKenzie making a Comeback #SuperBowl,1,0,2,chewcoffeedip,Cowboys Coffee Chew,8281,5056,"BUD LIGHT Night.
Nice to see
Spuds MacKenzie
making a Comeback
#SuperBowl",6,2,2017
https://twitter.com/dustinpari/status/828431777186316288,2017-02-06 02:35:01+00:00,828431777186316288,Yes! I'd love to investigate the ghost of Spuds! @budlight #OriginalPartyAnimal #SuperBowl,5,2,50,dustinpari,Dustin Pari,89742,715,Yes! I'd love to investigate the ghost of Spuds! @budlight #OriginalPartyAnimal #SuperBowl,6,2,2017
https://twitter.com/Learnonaut/status/828431756525236225,2017-02-06 02:34:56+00:00,828431756525236225,"Thanks for the reminder that dogs die, Bud Light. Really needed that. #SuperBowl #COMM309",1,2,4,Learnonaut,Bryan J Carr,357,477,"Thanks for the reminder that dogs die, Bud Light. Really needed that. #SuperBowl #COMM309",6,2,2017
https://twitter.com/ElieNYC/status/828431735100694528,2017-02-06 02:34:51+00:00,828431735100694528,Spuds McKenzie reminds you to give into peer pressure if you want people to like you. #SuperBowl #Budlight,2,0,8,ElieNYC,Elie Mystal,420537,4856,Spuds McKenzie reminds you to give into peer pressure if you want people to like you. #SuperBowl #Budlight,6,2,2017
https://twitter.com/wadeevans26/status/828431691421192197,2017-02-06 02:34:41+00:00,828431691421192197,I think Bud Light is the only company striving for funny commercials #SuperBowl,1,0,2,wadeevans26,Wade Evans 🦖🐺,1922,2192,I think Bud Light is the only company striving for funny commercials #SuperBowl,6,2,2017
https://twitter.com/Staci4AU/status/828431689986797573,2017-02-06 02:34:41+00:00,828431689986797573,That is not the voice I imagined #spudsmackenzie would have back in the 80s @budlight #SuperBowl https://t.co/EGZJAGS6VY,1,0,3,Staci4AU,Staci,482,1201,That is not the voice I imagined #spudsmackenzie would have back in the 80s @budlight #SuperBowl https://t.co/EGZJAGS6VY,6,2,2017
https://twitter.com/GamerHaze/status/828431689797885952,2017-02-06 02:34:41+00:00,828431689797885952,We'll played @budlight  #Friends #SuperBowl #commercial  https://t.co/00jOC07LPO,1,0,3,GamerHaze,Haze84,395,446,"We'll played @budlight 
#Friends #SuperBowl #commercial 
youtu.be/aYeXldMEpV8",6,2,2017
https://twitter.com/WBKnoblock/status/828431686962647040,2017-02-06 02:34:40+00:00,828431686962647040,How can Bud Light make such good commercials and such shit beer? #SuperBowl,4,2,24,WBKnoblock,WBK,60474,302,How can Bud Light make such good commercials and such shit beer? #SuperBowl,6,2,2017
https://twitter.com/Tatyana_Brianna/status/828431643044093953,2017-02-06 02:34:29+00:00,828431643044093953,The only two  #SuperBowl commercials that made me laugh were the tmobile meets 50shades and the bud light ghost dog. Other companies wyd???,1,1,4,Tatyana_Brianna,Tatyana,290,191,The only two  #SuperBowl commercials that made me laugh were the tmobile meets 50shades and the bud light ghost dog. Other companies wyd???,6,2,2017
https://twitter.com/SoSofieFatale/status/828431641370562560,2017-02-06 02:34:29+00:00,828431641370562560,The Ghost of Spuds Mackenzie. He died bravely in the Bowling Green Massacre. #SuperBowl @budlight,7,1,27,SoSofieFatale,Michelle,26374,28240,The Ghost of Spuds Mackenzie. He died bravely in the Bowling Green Massacre. #SuperBowl @budlight,6,2,2017
https://twitter.com/TopherPerkins/status/828431636387790848,2017-02-06 02:34:28+00:00,828431636387790848,Crazy but @budlight might have just run the worst spot of the #superbowl #3percentSB #WhartonFoA,1,1,5,TopherPerkins,Chris Perkins,1940,1383,Crazy but @budlight might have just run the worst spot of the #superbowl #3percentSB #WhartonFoA,6,2,2017
https://twitter.com/TheRealZatarain/status/828431607316885504,2017-02-06 02:34:21+00:00,828431607316885504,That @budlight commercial 🔥🔥🔥 #SuperBowl,2,0,8,TheRealZatarain,Alex Zatarain,17423,2297,That @budlight commercial 🔥🔥🔥 #SuperBowl,6,2,2017
https://twitter.com/AJWensloff/status/828431596374077441,2017-02-06 02:34:18+00:00,828431596374077441,Well... that was an interesting @budlight commercial... #SB51 #SuperBowl #NEvsATL,1,0,1,AJWensloff,Austin Wensloff,169,360,Well... that was an interesting @budlight commercial... #SB51 #SuperBowl #NEvsATL,6,2,2017
https://twitter.com/ColumbiaBugle/status/828431595153551360,2017-02-06 02:34:18+00:00,828431595153551360,Bud Light wins #SuperBowl commercials so far.,1,0,6,ColumbiaBugle,The Columbia Bugle 🇺🇸,273314,64781,Bud Light wins #SuperBowl commercials so far.,6,2,2017
https://twitter.com/cannonjw/status/828431593312309252,2017-02-06 02:34:18+00:00,828431593312309252,@WarJessEagle Ppl who complain about #SuperBowl ads sucking are the same ppl that say they hate Bud Light...yet buy Bud Light every time.,1,0,2,cannonjw,J.W. Cannon,12739,3136,@WarJessEagle Ppl who complain about #SuperBowl ads sucking are the same ppl that say they hate Bud Light...yet buy Bud Light every time.,6,2,2017
https://twitter.com/DrewCurtis/status/828431591424741378,2017-02-06 02:34:17+00:00,828431591424741378,Bud Light takes back the fedora for the win #SuperBowl,3,0,11,DrewCurtis,Drew Curtis,57010,1004,Bud Light takes back the fedora for the win #SuperBowl,6,2,2017
https://twitter.com/angelacobb/status/828431582776139777,2017-02-06 02:34:15+00:00,828431582776139777,"Sorry, even time travel and a flying dog ain't gonna make me ever wanna drink Bud Light. #SuperBowl",3,0,14,angelacobb,Angela Cobb,6039,5658,"Sorry, even time travel and a flying dog ain't gonna make me ever wanna drink Bud Light. #SuperBowl",6,2,2017
https://twitter.com/HighLibrarian/status/828431578481176576,2017-02-06 02:34:14+00:00,828431578481176576,Fuck Bud Light for judging my lifestyle!!! #SuperBowl,1,0,1,HighLibrarian,Gregg,305,2907,Fuck Bud Light for judging my lifestyle!!! #SuperBowl,6,2,2017
https://twitter.com/EvilSKYHAWK/status/828431574303723520,2017-02-06 02:34:13+00:00,828431574303723520,Okay the Bud Light commercial was great #SuperBowl,1,0,2,EvilSKYHAWK,Brendan 😎,1893,2334,Okay the Bud Light commercial was great #SuperBowl,6,2,2017
https://twitter.com/unluckynumber11/status/828431553151848449,2017-02-06 02:34:08+00:00,828431553151848449,They brought him back! #SuperBowl #Budlight https://t.co/zvpt6KLv5Z,1,0,2,unluckynumber11,Jeff's Feed and Seed,941,960,They brought him back! #SuperBowl #Budlight https://t.co/zvpt6KLv5Z,6,2,2017
https://twitter.com/SilentOne_77/status/828431539763572736,2017-02-06 02:34:05+00:00,828431539763572736,Not drinking Bud Light. #SuperBowl #SuperBowlCommercials,1,0,3,SilentOne_77,Pete Schaub,373,481,Not drinking Bud Light. #SuperBowl #SuperBowlCommercials,6,2,2017
https://twitter.com/FLWilliamsBiz/status/828431517609291777,2017-02-06 02:33:59+00:00,828431517609291777,"@budlight ad with the ghost of Spuds McKenzie was bizarre, to say the least. #Fail #SuperBowl #SuperBowlCommercials",1,0,0,FLWilliamsBiz,Frank L. Williams,994,1680,"@budlight ad with the ghost of Spuds McKenzie was bizarre, to say the least. #Fail #SuperBowl #SuperBowlCommercials",6,2,2017
https://twitter.com/JackDrees/status/828431503399014400,2017-02-06 02:33:56+00:00,828431503399014400,"OK, Bud Light commercial was great, we have another competitor for best #SuperBowl commercial of the year! #SB51",1,0,0,JackDrees,Jack Drees,3076,4722,"OK, Bud Light commercial was great, we have another competitor for best #SuperBowl commercial of the year! #SB51",6,2,2017
https://twitter.com/CarolSabikJaffe/status/828431479499784192,2017-02-06 02:33:50+00:00,828431479499784192,Thank god! The ghost of #spudsMackenzie FINALLY! #SuperBowl #ThisisYourLife #humor LOL #Budlight,1,0,1,CarolSabikJaffe,Carol Sabik-Jaffe,7359,8090,Thank god! The ghost of #spudsMackenzie FINALLY! #SuperBowl #ThisisYourLife #humor LOL #Budlight,6,2,2017
https://twitter.com/DemocratMachine/status/828431455118311424,2017-02-06 02:33:45+00:00,828431455118311424,Trump supporters angry about the Budweiser ad have decided to boycott Budweiser and drink Bud Light instead. #SuperBowl,15,1,37,DemocratMachine,The Democrat Machine,7629,587,Trump supporters angry about the Budweiser ad have decided to boycott Budweiser and drink Bud Light instead. #SuperBowl,6,2,2017
https://twitter.com/BlitzComicGuy/status/828431455042859008,2017-02-06 02:33:45+00:00,828431455042859008,"Charles Dickens' A Bud Light Carol ""Spuds bless us, every one!"" #SuperBowl",1,0,1,BlitzComicGuy,Blitz The Comic Guy,300,221,"Charles Dickens' A Bud Light Carol
""Spuds bless us, every one!""
#SuperBowl",6,2,2017
https://twitter.com/samjfranco/status/828431427926708225,2017-02-06 02:33:38+00:00,828431427926708225,#BudLight just won the #SuperBowl commercial game. #RiseUp,1,0,2,samjfranco,Sam Franco,2507,2147,#BudLight just won the #SuperBowl commercial game. #RiseUp,6,2,2017
https://twitter.com/adage/status/828431425716224001,2017-02-06 02:33:38+00:00,828431425716224001,"Spuds MacKenzie’s return is a one-time event designed only for @Budlight’s #SuperBowl ad, which will not be put into regular rotation",13,3,18,adage,Ad Age,1001959,73298,"Spuds MacKenzie’s return is a one-time event designed only for @Budlight’s #SuperBowl ad, which will not be put into regular rotation",6,2,2017
https://twitter.com/creativitymag/status/828431396414824448,2017-02-06 02:33:31+00:00,828431396414824448,.@BudLight resurrected Spuds Mackenzie for #SuperBowl spot -- but he's a ghost. https://t.co/8Wo4s0VpxN https://t.co/SCqTIsSBgW,2,0,5,creativitymag,Ad Age Creativity,157083,870,.@BudLight resurrected Spuds Mackenzie for #SuperBowl spot -- but he's a ghost. bit.ly/2kbYpGn https://t.co/SCqTIsSBgW,6,2,2017
https://twitter.com/TrivWorks/status/828431376286298112,2017-02-06 02:33:26+00:00,828431376286298112,When they bring back the ghost of Spuds MacKenzie: #Budweiser #SuperBowl #Budlight https://t.co/M3vc35Gl4a,16,1,29,TrivWorks,TrivWorks,19185,9593,When they bring back the ghost of Spuds MacKenzie: #Budweiser #SuperBowl #Budlight https://t.co/M3vc35Gl4a,6,2,2017
https://twitter.com/PattiMurin/status/828431363846070273,2017-02-06 02:33:23+00:00,828431363846070273,Maybe this guy's friends drink a little too much? #BudLight #SuperBowl,1,1,13,PattiMurin,Patti Murin,48450,775,Maybe this guy's friends drink a little too much? #BudLight #SuperBowl,6,2,2017
https://twitter.com/mackmckelvey/status/828431332518813696,2017-02-06 02:33:15+00:00,828431332518813696,"Didn't love the ad, but thrilled #spuds is back @budlight #SB51 #SuperBowl",1,0,1,mackmckelvey,Mack,2951,2446,"Didn't love the ad, but thrilled #spuds is back @budlight #SB51 #SuperBowl",6,2,2017
https://twitter.com/adage/status/828431298993745922,2017-02-06 02:33:07+00:00,828431298993745922,Here's the original 1987 Spuds ad https://t.co/NLlEh0v8K3 #SuperBowl @budlight,26,1,28,adage,Ad Age,1001959,73298,Here's the original 1987 Spuds ad adage.com/videos/bud-lig… #SuperBowl @budlight,6,2,2017
https://twitter.com/SixteenPizzas/status/828431227212406784,2017-02-06 02:32:50+00:00,828431227212406784,Bud Light bringing out Spuds Mackenzie 😂😂😂 #SuperBowl,1,1,3,SixteenPizzas,High Quality Content™️ 🕺🏴‍☠️🕺,5137,620,Bud Light bringing out Spuds Mackenzie 😂😂😂 #SuperBowl,6,2,2017
https://twitter.com/JohnDigles/status/828431221550104576,2017-02-06 02:32:49+00:00,828431221550104576,.@budlight first intro'd #SpudsMacKenzie 30 yrs ago in this 1987 #SuperBowl ad narrated by Robin Leach https://t.co/M6J1fIjBnB #brandbowl,1,0,2,JohnDigles,John Digles,11442,9394,.@budlight first intro'd #SpudsMacKenzie 30 yrs ago in this 1987 #SuperBowl ad narrated by Robin Leach youtube.com/watch?v=Qnk2Xa… #brandbowl,6,2,2017
https://twitter.com/snoooooooooot/status/828431206236770304,2017-02-06 02:32:45+00:00,828431206236770304,That's the old Bud Light mascot! #SuperBowl,1,0,4,snoooooooooot,🕶️,490,869,That's the old Bud Light mascot! #SuperBowl,6,2,2017
https://twitter.com/USATODAY/status/828431190440996864,2017-02-06 02:32:41+00:00,828431190440996864,"Thirty years after making his debut in #SuperBowl XXI, @BudLight mascot Spuds MacKenzie is back in the big game. #AdMeter",44,18,205,USATODAY,USA TODAY,4731800,914,"Thirty years after making his debut in #SuperBowl XXI, @BudLight mascot Spuds MacKenzie is back in the big game. #AdMeter",6,2,2017
https://twitter.com/adage/status/828431176335556608,2017-02-06 02:32:38+00:00,828431176335556608,"Remember Spuds MacKenzie, Bud Light's popular but controversial ""original party animal"" from the 1980s? He’s back at #SuperBowl as ghost.",15,4,40,adage,Ad Age,1001959,73298,"Remember Spuds MacKenzie, Bud Light's popular but controversial ""original party animal"" from the 1980s? He’s back at #SuperBowl as ghost.",6,2,2017
https://twitter.com/sbwolfie/status/828431129686458369,2017-02-06 02:32:27+00:00,828431129686458369,BudLight targets millennials w/spokesdog retired in ‘87 voiced by actor who debuted in Rocky I. #brandbowl #adbowl #SuperBowl #SuperBowlAds,2,0,2,sbwolfie,Steve Wolfberg,104,15,BudLight targets millennials w/spokesdog retired in ‘87 voiced by actor who debuted in Rocky I. #brandbowl #adbowl #SuperBowl #SuperBowlAds,6,2,2017
https://twitter.com/cortezbrothers/status/828431123545886720,2017-02-06 02:32:26+00:00,828431123545886720,That's an @AnheuserBusch @Budlight ad from @WiedenKennedy by #USA director Bryan Buckley #3percentsb #SB51 #SuperBowl #BrandBowl #AdBowl https://t.co/mLrsFltLUF,1,0,0,cortezbrothers,Cortez Brothers,1217,1951,That's an @AnheuserBusch @Budlight ad from @WiedenKennedy by #USA director Bryan Buckley #3percentsb #SB51 #SuperBowl #BrandBowl #AdBowl https://t.co/mLrsFltLUF,6,2,2017
https://twitter.com/adage/status/828430739641364482,2017-02-06 02:30:54+00:00,828430739641364482,King's Hawaiian’s #SuperBowl ad looks a whole lot like this one from Bud Light https://t.co/Z0FAEblLvU,10,0,9,adage,Ad Age,1001959,73298,King's Hawaiian’s #SuperBowl ad looks a whole lot like this one from Bud Light adage.com/videos/bud-lig…,6,2,2017
https://twitter.com/sbwolfie/status/828430676575789056,2017-02-06 02:30:39+00:00,828430676575789056,King’s Hawaiian: BudLight did it better 10 years ago. https://t.co/xgMfF2PgSO #brandbowl #adbowl  #SuperBowl #SuperBowlAds,1,0,0,sbwolfie,Steve Wolfberg,104,15,King’s Hawaiian: BudLight did it better 10 years ago. youtube.com/watch?v=4dHaOw… #brandbowl #adbowl  #SuperBowl #SuperBowlAds,6,2,2017
https://twitter.com/budlight/status/828428270634991617,2017-02-06 02:21:05+00:00,828428270634991617,"Phones down for the next break! It’s been 210 dog years since I’ve been on TV, and ghosts always have important things to say. #SuperBowl",47,5,104,budlight,Bud Light,262708,253,"Phones down for the next break! It’s been 210 dog years since I’ve been on TV, and ghosts always have important things to say. #SuperBowl",6,2,2017
https://twitter.com/Gamin_DoA/status/828428104901222401,2017-02-06 02:20:26+00:00,828428104901222401,I'm watching #SuperBowl and drinking a @budlight. Can't get any better can it?🍺😎,1,0,3,Gamin_DoA,Death on Arrival Gaming,178,253,I'm watching #SuperBowl and drinking a @budlight. Can't get any better can it?🍺😎,6,2,2017
https://twitter.com/maudegarrett/status/828422290584981504,2017-02-06 01:57:20+00:00,828422290584981504,With #SuperBowl it's ads &gt; actual game. The #Budweiser commercial was BRILLIANT. Catch the @Budlight spot? https://t.co/VoGOK6V7wN #Partner,1,2,76,maudegarrett,Maude Garrett,89406,976,With #SuperBowl it's ads &gt; actual game. The #Budweiser commercial was BRILLIANT. Catch the @Budlight spot? youtube.com/watch?v=aYeXld… #Partner,6,2,2017
https://twitter.com/kathleenmadigan/status/828420288811528193,2017-02-06 01:49:22+00:00,828420288811528193,"""Welcome to St. Louis son."" Every1 from STL jst teared up n grabbed a bud light while petting a stuffed Clydesdale. Well, i did. #SuperBowl",317,25,1284,kathleenmadigan,Kathleen Madigan,124508,2508,"""Welcome to St. Louis son."" Every1 from STL jst teared up n grabbed a bud light while petting a stuffed Clydesdale. Well, i did. #SuperBowl",6,2,2017
https://twitter.com/NasusLavok/status/828420096385224704,2017-02-06 01:48:36+00:00,828420096385224704,Someone pass me a Bud Light. Thanks @Budweiser #SuperBowl,1,0,1,NasusLavok,skoval,70,487,Someone pass me a Bud Light. Thanks @Budweiser #SuperBowl,6,2,2017
https://twitter.com/PattiMurin/status/828419900129558528,2017-02-06 01:47:50+00:00,828419900129558528,So now I'm gonna drive an Audi and drink Bud Light for the rest of my life. #SuperBowl,20,8,95,PattiMurin,Patti Murin,48450,775,So now I'm gonna drive an Audi and drink Bud Light for the rest of my life. #SuperBowl,6,2,2017
https://twitter.com/BButttafli/status/828419261181882368,2017-02-06 01:45:17+00:00,828419261181882368,#SuperBowl commercials SUCK!!!!!! It gets worst every year where's Pepsi and bud light this year? Budweiser  Clydesdale?,1,0,1,BButttafli,Beatrice Covington,80,249,#SuperBowl commercials SUCK!!!!!! It gets worst every year where's Pepsi and bud light this year? Budweiser  Clydesdale?,6,2,2017
https://twitter.com/Natia_T18/status/828418968142671874,2017-02-06 01:44:07+00:00,828418968142671874,"Favorite Superbowl ads (but nothing blew my mind): Budwiser, Bud Light (Between friends), Audi, Coca Cola, Lexus, Mercedes #TuckSB51",1,2,3,Natia_T18,Natia Kvachantiradze,63,139,"Favorite Superbowl ads (but nothing blew my mind): Budwiser, Bud Light (Between friends), Audi, Coca Cola, Lexus, Mercedes #TuckSB51",6,2,2017
https://twitter.com/kyleparks77/status/828418405174755329,2017-02-06 01:41:53+00:00,828418405174755329,Whatever happened to Doritos and Bud Light commercials? Why do we have to have all of these political statement commercials? #SuperBowl,1,0,1,kyleparks77,Kyle Parks,269,290,Whatever happened to Doritos and Bud Light commercials? Why do we have to have all of these political statement commercials? #SuperBowl,6,2,2017
https://twitter.com/CoachBrotherton/status/828416265874243584,2017-02-06 01:33:23+00:00,828416265874243584,"3 things shockingly absent since #SuperBowl kicked off. No @Doritos or @Budweiser (Bud Light) commercial, &amp; @realDonaldTrump with no tweets.",1,0,2,CoachBrotherton,Doug Brotherton,6176,1963,"3 things shockingly absent since #SuperBowl kicked off. No @Doritos or @Budweiser (Bud Light) commercial, &amp; @realDonaldTrump with no tweets.",6,2,2017
https://twitter.com/WesternUSC/status/828416240326676482,2017-02-06 01:33:17+00:00,828416240326676482,Congrats to @mitchthom for winning the dabbing contest at the Wave 🌊 and winning a #BudLight speaker! #SuperBowl https://t.co/KvFJKBmpnn,1,0,8,WesternUSC,Western USC,13730,301,Congrats to @mitchthom for winning the dabbing contest at the Wave 🌊 and winning a #BudLight speaker! #SuperBowl https://t.co/KvFJKBmpnn,6,2,2017
https://twitter.com/HarrisCBS46/status/828409684906430464,2017-02-06 01:07:14+00:00,828409684906430464,The world's largest Bud Light run begins now...... #halftime #SuperBowl #RiseUp,1,0,4,HarrisCBS46,Rodney Harris,2405,150,The world's largest Bud Light run begins now...... #halftime #SuperBowl #RiseUp,6,2,2017
https://twitter.com/chwelgbt/status/828405595220828160,2017-02-06 00:50:59+00:00,828405595220828160,Dad: Bud Light? More like Bud LIT #Superbowl,1,1,2,chwelgbt,minnie ✿ BLONDE NAYEON!,1913,872,Dad: Bud Light? More like Bud LIT #Superbowl,6,2,2017
https://twitter.com/jackiefell/status/828404688232005632,2017-02-06 00:47:23+00:00,828404688232005632,I mean -- has there even been one BudLight or Budweiser commercial?! #superbowl #commercials #WhereAreTheClydesdales,1,0,0,jackiefell,Jacqueline Fell,4202,975,I mean -- has there even been one BudLight or Budweiser commercial?! #superbowl #commercials #WhereAreTheClydesdales,6,2,2017
https://twitter.com/InfiniteAgency/status/828402696306700289,2017-02-06 00:39:28+00:00,828402696306700289,Psyched for the #SuperBowl. | 💼: @budlight https://t.co/JBXvz0oJhJ,1,0,2,InfiniteAgency,The Infinite Agency,1880,974,Psyched for the #SuperBowl. | 💼: @budlight https://t.co/JBXvz0oJhJ,6,2,2017
https://twitter.com/Jonsiol/status/828400701269278721,2017-02-06 00:31:32+00:00,828400701269278721,Fyrsta deit 💖🏈  superbowl brings people together #nflisland #budlight #patriots https://t.co/6vLrJwE0Nw,1,1,6,Jonsiol,Jón Kjartansson,28,105,Fyrsta deit 💖🏈  superbowl brings people together #nflisland #budlight #patriots https://t.co/6vLrJwE0Nw,6,2,2017
https://twitter.com/AllusiaToGo/status/828397026769448960,2017-02-06 00:16:56+00:00,828397026769448960,I'm giving out free swag all Super Bowl Sunday from Effen and Bud Light @theabbeyweho! #meetmeattheabbey #weho #superbowl #budlight #effen https://t.co/ZIEH1qrrn1,1,0,2,AllusiaToGo,Allusia,3321,438,"I'm giving out free swag all Super Bowl Sunday from Effen and Bud Light @theabbeyweho!
#meetmeattheabbey #weho #superbowl #budlight #effen https://t.co/ZIEH1qrrn1",6,2,2017
https://twitter.com/ECUPirateCannon/status/828393202520580097,2017-02-06 00:01:44+00:00,828393202520580097,Make #SuperBowl commercials great again. Where are you @budlight? Come back @Doritos. I'd even take a @GoDaddy commercial at this point. :-(,2,0,5,ECUPirateCannon,#BOOM!,4453,2271,Make #SuperBowl commercials great again. Where are you @budlight? Come back @Doritos. I'd even take a @GoDaddy commercial at this point. :-(,6,2,2017
https://twitter.com/EarleneIndian/status/828392086416265218,2017-02-05 23:57:18+00:00,828392086416265218,In my fridge for the #SuperBowl #budlight is the best beer ever! My family will NOT #BoycottBudweiser https://t.co/Z7Vhv37D63,3,1,19,EarleneIndian,Loving Life,183,545,In my fridge for the #SuperBowl #budlight is the best beer ever! My family will NOT #BoycottBudweiser https://t.co/Z7Vhv37D63,5,2,2017
https://twitter.com/Nevada48/status/828388828574474240,2017-02-05 23:44:22+00:00,828388828574474240,Time to watch my first football game of the year #Superbowl Go #Budlight,1,1,2,Nevada48,Nevada Nilsson,295,142,Time to watch my first football game of the year #Superbowl Go #Budlight,5,2,2017
https://twitter.com/SUPindy/status/828387809815883778,2017-02-05 23:40:19+00:00,828387809815883778,@budlight #SpudsMacKenzie chillin before #SuperBowl he's been outta the spotlight glad to see him back! 🍻 https://t.co/XUdDwnDcSy,2,1,3,SUPindy,Paddleboard Indiana,1273,784,@budlight #SpudsMacKenzie chillin before #SuperBowl he's been outta the spotlight glad to see him back! 🍻 https://t.co/XUdDwnDcSy,5,2,2017
https://twitter.com/bradisneat/status/828386401305624580,2017-02-05 23:34:43+00:00,828386401305624580,Ready for kickoff @McCabesKW @budlight @SuperBowl @1075daverocks @patriots @atlantafalcon #SuperBowl https://t.co/3KlPkxHNpK,3,0,2,bradisneat,Brad Moore,1024,731,Ready for kickoff @McCabesKW @budlight @SuperBowl @1075daverocks @patriots @atlantafalcon #SuperBowl https://t.co/3KlPkxHNpK,5,2,2017
https://twitter.com/NestorRivero/status/828386366178353153,2017-02-05 23:34:35+00:00,828386366178353153,"Agencia: Wieden &amp; Kennedy New York @wknyc Comercial para Bud Light (""Ghost Spuds""):  https://t.co/lAXeME8N20 #SuperBowl #SuperBowl2017 #Ad",1,0,0,NestorRivero,Nestor Rivero,2291,3564,"Agencia: Wieden &amp; Kennedy New York @wknyc
Comercial para Bud Light (""Ghost Spuds""): 
bit.ly/2kgybVq
#SuperBowl #SuperBowl2017 #Ad",5,2,2017
https://twitter.com/BenRinghofer/status/828384764335890432,2017-02-05 23:28:13+00:00,828384764335890432,They gave liberals a craft beer with singers from Hamilton and now a bud light with Luke Bryan for conservatives #SuperBowl,1,0,2,BenRinghofer,Ben Ringhofer,292,354,They gave liberals a craft beer with singers from Hamilton and now a bud light with Luke Bryan for conservatives #SuperBowl,5,2,2017
https://twitter.com/OnionSports/status/828384263603179520,2017-02-05 23:26:13+00:00,828384263603179520,Bud Light Flag Included In Color Guard #SuperBowl,36,1,96,OnionSports,Onion Sports Network,257179,17,Bud Light Flag Included In Color Guard #SuperBowl,5,2,2017
https://twitter.com/rasheencarbin/status/828383853966454784,2017-02-05 23:24:36+00:00,828383853966454784,#BoycottBudweiser has forced me into the loving arms of @budlight #SuperBowl 😁 https://t.co/Whi56PAqd4,1,0,6,rasheencarbin,Rasheen Carbin,3335,6015,#BoycottBudweiser has forced me into the loving arms of @budlight #SuperBowl 😁 https://t.co/Whi56PAqd4,5,2,2017
https://twitter.com/Chadglenn/status/828377492297637889,2017-02-05 22:59:19+00:00,828377492297637889,Bud Light Swear Jar This is a commercial the NFL banned. You won't see it but it's a good one I think. #Superbowl  https://t.co/D4tBEdEAGN,1,0,3,Chadglenn,Chad Glenn,527,711,Bud Light Swear Jar This is a commercial the NFL banned. You won't see it but it's a good one I think. #Superbowl  youtu.be/JI3Y1auTFpU,5,2,2017
https://twitter.com/usatodaysports/status/828377167218274304,2017-02-05 22:58:01+00:00,828377167218274304,Don't miss the return of an old friend tonight @budlight. Vote for your favorite #SuperBowl commericial at #AdMeter. https://t.co/pIYTDxFzL2 https://t.co/QrSUuJQILg,5,0,5,usatodaysports,USA TODAY Sports,253290,1068,Don't miss the return of an old friend tonight @budlight. Vote for your favorite #SuperBowl commericial at #AdMeter. usat.ly/2kgo8zY https://t.co/QrSUuJQILg,5,2,2017
https://twitter.com/927RockSudbury/status/828363318524051460,2017-02-05 22:03:00+00:00,828363318524051460,The #BudLight girls are ready for pictures! #SuperBowl https://t.co/k0QXBJhd4L,1,0,0,927RockSudbury,92.7 Rock,2422,344,The #BudLight girls are ready for pictures! #SuperBowl https://t.co/k0QXBJhd4L,5,2,2017
https://twitter.com/brendanc8504/status/828362249211346944,2017-02-05 21:58:45+00:00,828362249211346944,"Per usual, the beer sponsors of our #SuperBowl party are @SamuelAdamsBeer and @budlight https://t.co/VRy3wUP2yd",2,1,7,brendanc8504,B-hubbs,965,2300,"Per usual, the beer sponsors of our #SuperBowl party are @SamuelAdamsBeer and @budlight https://t.co/VRy3wUP2yd",5,2,2017
https://twitter.com/UPROXX/status/828360062963957761,2017-02-05 21:50:03+00:00,828360062963957761,Bud Light is trotting out Spuds MacKenzie (in ghost form!) for this year's #SuperBowl ad https://t.co/7DcunbQuLq https://t.co/EILJkRqTrM,2,0,5,UPROXX,UPROXX,89546,374,Bud Light is trotting out Spuds MacKenzie (in ghost form!) for this year's #SuperBowl ad uproxx.it/2jFWcqc https://t.co/EILJkRqTrM,5,2,2017
https://twitter.com/GilliamsLeslie/status/828357634462011396,2017-02-05 21:40:24+00:00,828357634462011396,"My twins are here for#superbowl #budweiser #bud #budlight @ DUMBO, Brooklyn https://t.co/M25EKcbUEv",1,0,1,GilliamsLeslie,Leslie Gilliams,850,89,"My twins are here for#superbowl #budweiser #bud #budlight @ DUMBO, Brooklyn instagram.com/p/BQJTTXED9Jp/",5,2,2017
https://twitter.com/TonyHoWasHere/status/828354955480293379,2017-02-05 21:29:46+00:00,828354955480293379,@PrincetonGrad Can't wait for the #SuperBowl party tonight! How much Bud Light should I bring?,1,0,1,TonyHoWasHere,Tony Ho Tran,1651,1023,@PrincetonGrad Can't wait for the #SuperBowl party tonight! How much Bud Light should I bring?,5,2,2017
https://twitter.com/adage/status/828353037089570816,2017-02-05 21:22:08+00:00,828353037089570816,Spuds MacKenzie is back -- as a ghost in @budlight's #SuperBowl ad https://t.co/ahkF3ekaQ2 https://t.co/uKSeAxhR6J,8,0,10,adage,Ad Age,1001959,73298,Spuds MacKenzie is back -- as a ghost in @budlight's #SuperBowl ad bit.ly/2k6lV7m https://t.co/uKSeAxhR6J,5,2,2017
https://twitter.com/BlueyRobinson/status/828349541728518144,2017-02-05 21:08:15+00:00,828349541728518144,Can't wait to get Pre-game &amp; #BudLight on for GaGa’s half-time #SuperBowl  performance! Its the the best bit lol #ad https://t.co/0zfuIr1TAM,2,1,9,BlueyRobinson,Bluey,62964,860,Can't wait to get Pre-game &amp; #BudLight on for GaGa’s half-time #SuperBowl  performance! Its the the best bit lol #ad https://t.co/0zfuIr1TAM,5,2,2017
https://twitter.com/ValaAfshar/status/828347732150669313,2017-02-05 21:01:03+00:00,828347732150669313,Top #SuperBowl social brands:  @AvosfromMexico @Budweiser @RealMrClean @Wix @budlight @Audi @Buick @SNICKERS  @intel https://t.co/dwQEhNDABo,7,1,11,ValaAfshar,Vala Afshar,645069,286,"Top #SuperBowl social brands:

@AvosfromMexico
@Budweiser
@RealMrClean
@Wix
@budlight
@Audi
@Buick
@SNICKERS 
@intel bit.ly/2k0izD0",5,2,2017
https://twitter.com/rickedwards1/status/828343098816200705,2017-02-05 20:42:39+00:00,828343098816200705,all set for a long night of struggling to understand the rules. Thanks #BudLight #SuperBowl #ad https://t.co/QJfV4UE2OS,3,3,37,rickedwards1,Rick Edwards,242269,4860,all set for a long night of struggling to understand the rules. Thanks #BudLight #SuperBowl #ad https://t.co/QJfV4UE2OS,5,2,2017
https://twitter.com/jimmyj48125/status/828339209123614724,2017-02-05 20:27:11+00:00,828339209123614724,I usually drink @coronaextrausa but for #SuperBowl I will go grab my other favorite @budlight let the haters #BoycottBudweiser wont work. https://t.co/xVSHRT4bfV,5,0,27,jimmyj48125,JimmyJ 💙💛,6340,6931,I usually drink @coronaextrausa but for #SuperBowl I will go grab my other favorite @budlight let the haters #BoycottBudweiser wont work. twitter.com/HighGlossSauce…,5,2,2017
https://twitter.com/nrgpark/status/828322998583250945,2017-02-05 19:22:47+00:00,828322998583250945,@budlight beer can house #amongfriends #SB51 #SuperBowl https://t.co/hhuGhVgpzF,1,1,3,nrgpark,NRG Park,23466,6991,@budlight beer can house #amongfriends #SB51 #SuperBowl https://t.co/hhuGhVgpzF,5,2,2017
https://twitter.com/TommyRockers/status/828319688438411264,2017-02-05 19:09:37+00:00,828319688438411264,#SuperBowl commercials R gr8! Too bad we won't be seeing this hilarious one from our friends @ #BudLight today! 🍺🤣🏈https://t.co/iYrgoR96xJ,5,0,6,TommyRockers,Tommy Rocker's Vegas,1760,723,"#SuperBowl commercials R gr8! Too bad we won't be seeing this hilarious one from our friends @ #BudLight today!
🍺🤣🏈americangg.net/this-banned-be…",5,2,2017
https://twitter.com/WoodysAleHouse/status/828291791199809536,2017-02-05 17:18:46+00:00,828291791199809536,We're opening at 1pm today in preparation for the #SuperBowl! $2 Bud Light drafts all day &amp; we'll be setting out FREE pizza to enjoy! #SB51 https://t.co/vOmjccHJt3,1,0,0,WoodysAleHouse,Woodys Ale House & Grille,155,58,We're opening at 1pm today in preparation for the #SuperBowl! $2 Bud Light drafts all day &amp; we'll be setting out FREE pizza to enjoy! #SB51 https://t.co/vOmjccHJt3,5,2,2017
https://twitter.com/DarrenHeitner/status/828283500809822208,2017-02-05 16:45:50+00:00,828283500809822208,This #SuperBowl @budlight made its Saturday Night party private w/@OfficialSting as headliner https://t.co/ILjXgktczx,3,0,6,DarrenHeitner,Darren Heitner,49772,115,This #SuperBowl @budlight made its Saturday Night party private w/@OfficialSting as headliner https://t.co/ILjXgktczx,5,2,2017
https://twitter.com/Deggans/status/828278292616720385,2017-02-05 16:25:08+00:00,828278292616720385,"If u missed: My @NPR piece picking best, worst of #SuperBowl ads; #BudLight, Steve Carell’s pornstache are highs.  https://t.co/zF84jKwo72",1,1,5,Deggans,Eric Deggans at NPR,40475,6796,"If u missed: My @NPR piece picking best, worst of #SuperBowl ads; #BudLight, Steve Carell’s pornstache are highs.  ow.ly/QV6U308G9R2",5,2,2017
https://twitter.com/FRANCHISESPORTZ/status/828271807677427712,2017-02-05 15:59:22+00:00,828271807677427712,"#SuperBowl Party Rule #1: Don't be the Guy who brings Bud Light, but then only drinks Grey Goose! We HATE THAT GUY😏 https://t.co/IDMeHjGXnJ",4,1,7,FRANCHISESPORTZ,Reggie Watkins,373,288,"#SuperBowl Party Rule #1: Don't be the Guy who brings Bud Light, but then only drinks Grey Goose! We HATE THAT GUY😏 soundcloud.com/talkingsportsw…",5,2,2017
https://twitter.com/ErieBeer/status/828264569608998912,2017-02-05 15:30:36+00:00,828264569608998912,SUPERBOWL SUNDAY AT ODIS 12! Come share a Bud light and enjoy great wings!! #odis12 #superbowl #budlight https://t.co/RHt0vkeBZv,1,0,0,ErieBeer,Erie Beer Company,2016,1063,SUPERBOWL SUNDAY AT ODIS 12! Come share a Bud light and enjoy great wings!! #odis12 #superbowl #budlight https://t.co/RHt0vkeBZv,5,2,2017
https://twitter.com/MillennialCorp/status/828245152271593473,2017-02-05 14:13:27+00:00,828245152271593473,I'm excited to #SpudsMacKenzie in @budlight @SuperBowl ad. Takes me back to my youth! #Millennial https://t.co/Zx0JAcImDQ,1,1,2,MillennialCorp,Millennial CorpWorld,716,1341,I'm excited to #SpudsMacKenzie in @budlight @SuperBowl ad. Takes me back to my youth! #Millennial wp.me/5pZRI,5,2,2017
https://twitter.com/ForbesSports/status/828198736136269825,2017-02-05 11:09:00+00:00,828198736136269825,Top #SuperBowl brands (digital engagement): 1. Budweiser 2. https://t.co/PLxY4yNOyv 3. Mr. Clean 4. Bud Light 5. Kia https://t.co/l3jLtAy90c,5,0,6,ForbesSports,Forbes SportsMoney,70050,1042,Top #SuperBowl brands (digital engagement): 1. Budweiser 2. bit.ly/bQUGWj 3. Mr. Clean 4. Bud Light 5. Kia bit.ly/2kF6hmE,5,2,2017
https://twitter.com/adage/status/828189693200175104,2017-02-05 10:33:04+00:00,828189693200175104,.@budlight ad by @WiedenKennedy will debut on Spanish-language #SuperBowl broadcast https://t.co/xtxDiBQz3B https://t.co/VaW3A7Muom,3,0,4,adage,Ad Age,1001959,73298,.@budlight ad by @WiedenKennedy will debut on Spanish-language #SuperBowl broadcast bit.ly/2l7CwYQ https://t.co/VaW3A7Muom,5,2,2017
https://twitter.com/stingus/status/828152506026979330,2017-02-05 08:05:18+00:00,828152506026979330,"Sting on Budlight's Superbowl stage at White Oak Music Hall with Dominic Miller, Rufus Miller, Josh Freese and... https://t.co/sGq9ocSOaw",1,0,1,stingus,StingUs.net,2540,46,"Sting on Budlight's Superbowl stage at White Oak Music Hall with Dominic Miller, Rufus Miller, Josh Freese and... fb.me/6Bzkfb0A8",5,2,2017
https://twitter.com/adage/status/828129384771022848,2017-02-05 06:33:25+00:00,828129384771022848,#SuperBowl deja vu: @KingsHawaiian vs. @budlight -- What do you think? Too similar? Different enough? https://t.co/ZSWcyCbH5F https://t.co/3p6plI0dBQ,2,0,4,adage,Ad Age,1001959,73298,#SuperBowl deja vu: @KingsHawaiian vs. @budlight -- What do you think? Too similar? Different enough? bit.ly/2jJyvO8 https://t.co/3p6plI0dBQ,5,2,2017
https://twitter.com/budlight/status/828031646104383488,2017-02-05 00:05:03+00:00,828031646104383488,Why didn’t anyone ask me to perform in the #SuperBowl halftime show? https://t.co/qBeju178KY,34,4,81,budlight,Bud Light,262708,253,"Why didn’t anyone ask me to perform in the #SuperBowl halftime
show? https://t.co/qBeju178KY",5,2,2017
https://twitter.com/O2sAlberta/status/828030561335836672,2017-02-05 00:00:44+00:00,828030561335836672,TOMORROW! Who's coming for Super Bowl LI?! #superbowl #budlight #yeg https://t.co/rvRxIoxFG1,1,0,0,O2sAlberta,O2's,707,1528,"TOMORROW! Who's coming for Super Bowl LI?!
#superbowl #budlight #yeg https://t.co/rvRxIoxFG1",5,2,2017
