url,Datetime,Tweet Id,Text,Retweet Count,Reply Count,Like Count,Username,Display Name,Followers Count,Friends Count,Rendered Content,Day,Month,Year
https://twitter.com/CharlieCurve/status/828713709329666048,2017-02-06 21:15:19+00:00,828713709329666048,"My #SuperBowl ad winners: @DrinkBai, @Michelin, @Skittles &amp; losers: @turbotax, @RealMrClean, @MBUSA: https://t.co/7fq0KGhRrv #BrandBowl https://t.co/hsnDVaCbOB",5,0,3,CharlieCurve,Charlie Wollborg,14427,10168,"My #SuperBowl ad winners: @DrinkBai, @Michelin, @Skittles &amp; losers: @turbotax, @RealMrClean, @MBUSA: crainsdetroit.com/article/201702… #BrandBowl https://t.co/hsnDVaCbOB",6,2,2017
https://twitter.com/wxyzalicia/status/828573034885873664,2017-02-06 11:56:20+00:00,828573034885873664,".@michiganstateu 's faculty rated #SuperBowl ads for 20th year. #1-Honda yearbook, #2 TurboTax Humpty Dumpty, #3 T-Mobile operator",2,0,2,wxyzalicia,Alicia Smith,23884,14905,".@michiganstateu 's faculty rated #SuperBowl ads for 20th year. #1-Honda yearbook, #2 TurboTax Humpty Dumpty, #3 T-Mobile operator",6,2,2017
https://twitter.com/meetthehappyi/status/828521449002381312,2017-02-06 08:31:21+00:00,828521449002381312,"84 Lumber, Squarespace, Skittles, Kia, Honda, Wix, Turbotax, Buick, Nintendo! #Superbowl makes me feel like a kid in a candy store again! https://t.co/xrQmKI9AwZ",1,0,1,meetthehappyi,Meet Kaur,232,301,"84 Lumber, Squarespace, Skittles, Kia, Honda, Wix, Turbotax, Buick, Nintendo! #Superbowl makes me feel like a kid in a candy store again! twitter.com/adage/status/8…",6,2,2017
https://twitter.com/Justin_Stangel/status/828444650419658752,2017-02-06 03:26:11+00:00,828444650419658752,Patriots win #SuperBowl in OT!! I honestly didn't think anything would top the Turbo Tax #SuperBowl commercial,3,0,12,Justin_Stangel,Justin Stangel,58565,1356,Patriots win #SuperBowl in OT!! I honestly didn't think anything would top the Turbo Tax #SuperBowl commercial,6,2,2017
https://twitter.com/GrantButler/status/828444104786731008,2017-02-06 03:24:00+00:00,828444104786731008,"#SuperBowl 2017 best commercials: 84 Lumber, 'Stranger Things,' Turbo Tax, Mercedes sizzle https://t.co/Dh098hA95c",2,0,3,GrantButler,Grant Butler,7536,3177,"#SuperBowl 2017 best commercials: 84 Lumber, 'Stranger Things,' Turbo Tax, Mercedes sizzle s.oregonlive.com/yv34E0L",6,2,2017
https://twitter.com/AntiKellyanne/status/828427630286352384,2017-02-06 02:18:33+00:00,828427630286352384,@MelissaMcCarthy SLAYED with the @Kia ad... FUNNIEST yet.   @turbotax  won the 1st half  #SuperBowl LI #SuperBowlCommercials,1,0,1,AntiKellyanne,The Anti-Kellyanne,115,507,"@MelissaMcCarthy SLAYED with the @Kia ad... FUNNIEST yet. 

@turbotax  won the 1st half

#SuperBowl LI
#SuperBowlCommercials",6,2,2017
https://twitter.com/AdamCarlsGhost/status/828417985475866625,2017-02-06 01:40:13+00:00,828417985475866625,"By the way, the Humpty Dumpty costume in that TurboTax commercial was actually left over from a previous Lady Gaga performance. #SuperBowl",2,0,0,AdamCarlsGhost,Adam Carl,3565,754,"By the way, the Humpty Dumpty costume in that TurboTax commercial was actually left over from a previous Lady Gaga performance. #SuperBowl",6,2,2017
https://twitter.com/theScore/status/828413630077075456,2017-02-06 01:22:55+00:00,828413630077075456,VIDEO: Disgruntled Humpty Dumpty goes to TurboTax for assistance. 😂 #SuperBowl https://t.co/5nNoNPiyUA https://t.co/oGOOfXIlTG,8,1,46,theScore,theScore,619581,987,VIDEO: Disgruntled Humpty Dumpty goes to TurboTax for assistance. 😂 #SuperBowl thesco.re/2jRbhp9 https://t.co/oGOOfXIlTG,6,2,2017
https://twitter.com/SuperBowlAdsTV/status/828411493221806085,2017-02-06 01:14:25+00:00,828411493221806085,The Humpty Turbotax Super Bowl LI Commercial https://t.co/rJBE4DZPLk #superbowl #superbowlads #superbowlcommercials #superbowl50,1,0,2,SuperBowlAdsTV,Superbowl Commercial,1691,126,The Humpty Turbotax Super Bowl LI Commercial ift.tt/2kbLOTr #superbowl #superbowlads #superbowlcommercials #superbowl50,6,2,2017
https://twitter.com/mobaums/status/828410025345478657,2017-02-06 01:08:35+00:00,828410025345478657,Interesting to see brands interact.👏 Nice follow through @Skittles and @turbotax. ps. I'll take the 🍬 and 💵. #SuperBowl https://t.co/CpCd4EFScF,1,0,1,mobaums,Morgan Baumgardner,639,1630,Interesting to see brands interact.👏 Nice follow through @Skittles and @turbotax. ps. I'll take the 🍬 and 💵. #SuperBowl https://t.co/CpCd4EFScF,6,2,2017
https://twitter.com/JustJared/status/828408955638411264,2017-02-06 01:04:20+00:00,828408955638411264,The @turbotax #SuperBowl commercial featuring Humpty Dumpty in the hospital was so good! Watch now https://t.co/ObiQsS5jjh,7,1,13,JustJared,JustJared.com,729151,2931,The @turbotax #SuperBowl commercial featuring Humpty Dumpty in the hospital was so good! Watch now jus.tj/1sql,6,2,2017
https://twitter.com/creativitymag/status/828408640772116484,2017-02-06 01:03:05+00:00,828408640772116484,Humpty Dumpty ends up in the hospital in @TurboTax's #SuperBowl spot https://t.co/CrgozY4tVG https://t.co/ektYtVZOkL,4,0,13,creativitymag,Ad Age Creativity,157085,870,Humpty Dumpty ends up in the hospital in @TurboTax's #SuperBowl spot bit.ly/2jQX9fP https://t.co/ektYtVZOkL,6,2,2017
https://twitter.com/TomKierein/status/828408457569120256,2017-02-06 01:02:22+00:00,828408457569120256,"My favorite #SuperBowl commercial so far is TurboTax ""Humpty Dumpty"" All commercials here: https://t.co/zAN2oMPOFi",6,4,16,TomKierein,Tom Kierein,15975,1985,"My favorite #SuperBowl commercial so far is TurboTax ""Humpty Dumpty"" All commercials here: nbc4dc.com/jb6EMlY",6,2,2017
https://twitter.com/sanderswingo/status/828407980085411842,2017-02-06 01:00:28+00:00,828407980085411842,People for real talking that they never knew Humpty Dumpty was an egg. 👀@turbotax #SuperBowl #adbowl #brandbowl https://t.co/NEPaBz0lem,1,0,3,sanderswingo,Sanders\Wingo,1906,2489,People for real talking that they never knew Humpty Dumpty was an egg. 👀@turbotax #SuperBowl #adbowl #brandbowl https://t.co/NEPaBz0lem,6,2,2017
https://twitter.com/adage/status/828407824833196032,2017-02-06 00:59:51+00:00,828407824833196032,What statement is @TurboTax trying to make about walls in its Humpty Dumpty #SuperBowl ad? kidding kidding,20,6,79,adage,Ad Age,1001959,73298,What statement is @TurboTax trying to make about walls in its Humpty Dumpty #SuperBowl ad? kidding kidding,6,2,2017
https://twitter.com/DoingItDigital/status/828407057623703553,2017-02-06 00:56:48+00:00,828407057623703553,This Humpty Dumpty Turbo Tax ad made me clutch my chest in horror. The oozing. THE OOZING. #SuperBowl,1,0,0,DoingItDigital,Doing It Digital,24,195,This Humpty Dumpty Turbo Tax ad made me clutch my chest in horror. The oozing. THE OOZING. #SuperBowl,6,2,2017
https://twitter.com/crystale/status/828406982839119872,2017-02-06 00:56:30+00:00,828406982839119872,Turbo Tax showing an immigrant Mr. Dumpty paying US taxes is strong. #resist #SuperBowl,14,1,40,crystale,Crystal English Sacca,17903,1486,Turbo Tax showing an immigrant Mr. Dumpty paying US taxes is strong. #resist #SuperBowl,6,2,2017
https://twitter.com/VolbeckWasRight/status/828406462800130048,2017-02-06 00:54:26+00:00,828406462800130048,Sadly for Humpty Dumpty his deduction might have been eliminated by Obamacare. Cc @turbotax #SuperBowl,1,1,1,VolbeckWasRight,BMichaelDunn,1436,1331,Sadly for Humpty Dumpty his deduction might have been eliminated by Obamacare. Cc @turbotax #SuperBowl,6,2,2017
https://twitter.com/TVLine/status/828406219903791104,2017-02-06 00:53:28+00:00,828406219903791104,Some things can ~never~ be unseen... https://t.co/f2GAj227r8 #HumptyDumpty #TurboTax #SuperBowl https://t.co/XrBgVf8uBs,3,1,20,TVLine,TVLine.com,170311,125,Some things can ~never~ be unseen... tvline.com/2017/02/05/bes… #HumptyDumpty #TurboTax #SuperBowl https://t.co/XrBgVf8uBs,6,2,2017
https://twitter.com/BobbyHallVA/status/828406022901338112,2017-02-06 00:52:41+00:00,828406022901338112,Wow! #TurboTax's Humpty Dumpty has a striking resemblance to @realDonaldTrump #SuperBowl #SuperBowlCommercials #SuperBowlCommercial https://t.co/MvDwgkrq3U,3,1,15,BobbyHallVA,Bobby Hall · Loan Consultant · NMLS: 2302443,18816,15830,Wow! #TurboTax's Humpty Dumpty has a striking resemblance to @realDonaldTrump #SuperBowl #SuperBowlCommercials #SuperBowlCommercial https://t.co/MvDwgkrq3U,6,2,2017
https://twitter.com/WLOS_13/status/828406014751997952,2017-02-06 00:52:39+00:00,828406014751997952,"Not bad TurboTax, not bad 😎 Anyone have a favorite #SuperBowl commercial so far? #SB51 https://t.co/9PSD7gqHzp",1,1,4,WLOS_13,WLOS,81694,742,"Not bad TurboTax, not bad 😎 Anyone have a favorite #SuperBowl commercial so far? #SB51 twitter.com/turbotax/statu…",6,2,2017
https://twitter.com/AntiKellyanne/status/828405949064949760,2017-02-06 00:52:23+00:00,828405949064949760,@turbotax is winning the funny with #HumptyDumpty  Dominated its time slot  #SuperBowl LI #SuperBowlCommercials,2,1,0,AntiKellyanne,The Anti-Kellyanne,115,507,"@turbotax is winning the funny with #HumptyDumpty

Dominated its time slot

#SuperBowl LI
#SuperBowlCommercials",6,2,2017
https://twitter.com/LOTNorm/status/828405926583496708,2017-02-06 00:52:18+00:00,828405926583496708,"Hey, @turbotax: can the Patriots write off this ass whooping, though? #SuperBowl",1,0,0,LOTNorm,John Elrod II,1385,2199,"Hey, @turbotax: can the Patriots write off this ass whooping, though? #SuperBowl",6,2,2017
https://twitter.com/BrianPohuski/status/828405904542416896,2017-02-06 00:52:13+00:00,828405904542416896,Lol @turbotax got me like 😂 #adbowl #brandbowl #SuperBowl,1,0,1,BrianPohuski,Brian Pohuski,141,6,Lol @turbotax got me like 😂 #adbowl #brandbowl #SuperBowl,6,2,2017
https://twitter.com/rissamartini24/status/828405861844447233,2017-02-06 00:52:03+00:00,828405861844447233,"Did anybody else ""crack"" up a little bit during the @turbotax commercial? 😁😂  #SB51 #AdBowl #SuperBowl #WTNM",2,1,8,rissamartini24,Marissa Martinez🌹,711,696,"Did anybody else ""crack"" up a little bit during the @turbotax commercial? 😁😂

#SB51 #AdBowl #SuperBowl #WTNM",6,2,2017
https://twitter.com/davechensky/status/828405831355871232,2017-02-06 00:51:55+00:00,828405831355871232,I've seen the fuel of my nightmares and it is a creation of Turbotax. #superbowl https://t.co/dgEbLUBubD,4,5,46,davechensky,David Chen,39141,2036,I've seen the fuel of my nightmares and it is a creation of Turbotax. #superbowl https://t.co/dgEbLUBubD,6,2,2017
https://twitter.com/TheDrum/status/828405831033032704,2017-02-06 00:51:55+00:00,828405831033032704,Humpty Dumpty makes a visit to the hospital in TurboTax's #superbowl ad https://t.co/HVulk4zGDe https://t.co/GiKmEWFnV7,2,0,6,TheDrum,The Drum,230155,2815,Humpty Dumpty makes a visit to the hospital in TurboTax's #superbowl ad fal.cn/QMAy https://t.co/GiKmEWFnV7,6,2,2017
https://twitter.com/TomPuckettWBEN/status/828405791124238339,2017-02-06 00:51:46+00:00,828405791124238339,Humpty Dumpty gets a laugh with part two of @turbotax ad. #SuperBowl @NewsRadio930,1,0,5,TomPuckettWBEN,Tom Puckett,3037,3711,Humpty Dumpty gets a laugh with part two of @turbotax ad. #SuperBowl @NewsRadio930,6,2,2017
https://twitter.com/AndrewChampagne/status/828405769674502144,2017-02-06 00:51:41+00:00,828405769674502144,Turbotax just took the lead in the #SuperBowl commercial standings. #hellomrdumpty,1,1,1,AndrewChampagne,Andrew Champagne,3381,976,Turbotax just took the lead in the #SuperBowl commercial standings. #hellomrdumpty,6,2,2017
https://twitter.com/HI_REZ_75/status/828405734794735617,2017-02-06 00:51:32+00:00,828405734794735617,Unanimous. Turbo tax commercial= Gross. But I kinda want an egg sandwich. #SuperBowl #SuperBowl2017,1,1,0,HI_REZ_75,Quarantine Florentine,485,1225,Unanimous. Turbo tax commercial= Gross. But I kinda want an egg sandwich. #SuperBowl #SuperBowl2017,6,2,2017
https://twitter.com/DianaMOBrien/status/828405709574328320,2017-02-06 00:51:26+00:00,828405709574328320,Enjoyed quirky humor from @AvosfromMexico and @turbotax #WhartonFoA #Superbowl,1,1,1,DianaMOBrien,Diana O'Brien,38654,994,Enjoyed quirky humor from @AvosfromMexico and @turbotax #WhartonFoA #Superbowl,6,2,2017
https://twitter.com/SouthernBoiEnt/status/828405688930021376,2017-02-06 00:51:21+00:00,828405688930021376,@turbotax got emmm😂😂😂 #SuperBowl #Commercial,2,0,2,SouthernBoiEnt,Big T,2283,927,@turbotax got emmm😂😂😂 #SuperBowl #Commercial,6,2,2017
https://twitter.com/FLWilliamsBiz/status/828405687323656192,2017-02-06 00:51:21+00:00,828405687323656192,@turbotax ad with Humpty Dumpty and all the king's men was a bit creepy. #SuperBowl #SuperBowlCommercials,1,0,1,FLWilliamsBiz,Frank L. Williams,994,1680,@turbotax ad with Humpty Dumpty and all the king's men was a bit creepy. #SuperBowl #SuperBowlCommercials,6,2,2017
https://twitter.com/CorgiKohmander/status/828405681929609216,2017-02-06 00:51:20+00:00,828405681929609216,"Interesting fact, No where does it say that Humpty Dumpty was actually an egg in the nursery rhyme #turbotax #Superbowl",1,0,10,CorgiKohmander,Corgi Kohmander,7895,7714,"Interesting fact, No where does it say that Humpty Dumpty was actually an egg in the nursery rhyme #turbotax #Superbowl",6,2,2017
https://twitter.com/peaceofjessi/status/828405647192498178,2017-02-06 00:51:11+00:00,828405647192498178,"Enjoying @turbotax humpty dumpty campaign. Not amazing, but it's good. Well done. #adbowl #brandbowl #SuperBowl",1,1,2,peaceofjessi,Jessi Miller,891,909,"Enjoying @turbotax humpty dumpty campaign. Not amazing, but it's good. Well done. #adbowl #brandbowl #SuperBowl",6,2,2017
https://twitter.com/THERobertL/status/828405633514926084,2017-02-06 00:51:08+00:00,828405633514926084,I knew a @turbotax commercial would be one of the #SuperBowlCommercials. #SuperBowl,1,0,1,THERobertL,Robert 🇺🇸🇭🇹,672,1696,I knew a @turbotax commercial would be one of the #SuperBowlCommercials. #SuperBowl,6,2,2017
https://twitter.com/PunkSmurph/status/828405624295690240,2017-02-06 00:51:06+00:00,828405624295690240,Sorry @turbotax but @HRBlock has @IBMWatson to help figure out my taxes.  #Superbowl,2,0,1,PunkSmurph,Sean Murphy,83,166,Sorry @turbotax but @HRBlock has @IBMWatson to help figure out my taxes.  #Superbowl,6,2,2017
https://twitter.com/shotscreative/status/828405582411481088,2017-02-06 00:50:56+00:00,828405582411481088,#HumptyDumpty adds comical value to @turbotax &amp; #superbowl,1,0,1,shotscreative,shots.net,22143,3024,#HumptyDumpty adds comical value to @turbotax &amp; #superbowl,6,2,2017
https://twitter.com/JohnGumm/status/828405579370618883,2017-02-06 00:50:55+00:00,828405579370618883,.@turbotax Strong. Very strong. #SuperBowl #SB51,1,0,2,JohnGumm,John Gumm,16400,5873,.@turbotax Strong. Very strong. #SuperBowl #SB51,6,2,2017
https://twitter.com/BlitzComicGuy/status/828405562069106689,2017-02-06 00:50:51+00:00,828405562069106689,"The Face of Boe, for TurboTax #SuperBowl",1,0,1,BlitzComicGuy,Blitz The Comic Guy,300,221,"The Face of Boe, for TurboTax #SuperBowl",6,2,2017
https://twitter.com/AkilahObviously/status/828405510793736192,2017-02-06 00:50:39+00:00,828405510793736192,This Turbo Tax commercial just let me know I can write off surgery so that one gets points. #SuperBowl,9,3,80,AkilahObviously,Akilah Hughes,237306,2840,This Turbo Tax commercial just let me know I can write off surgery so that one gets points. #SuperBowl,6,2,2017
https://twitter.com/keatingthomas/status/828405415301914624,2017-02-06 00:50:16+00:00,828405415301914624,That TurboTax ad with Humpty Dumpty was clearly about Trump: an idiot obsessed with a wall who never finished his taxes. #SuperBowl #SB51,335,20,665,keatingthomas,Keating Thomas,19630,331,That TurboTax ad with Humpty Dumpty was clearly about Trump: an idiot obsessed with a wall who never finished his taxes. #SuperBowl #SB51,6,2,2017
https://twitter.com/lisalacy/status/828392792921632768,2017-02-06 00:00:07+00:00,828392792921632768,"Between Jon Hamm and @IBMWatson, I'm pretty sure @HRBlock beats @turbotax and Humpty Dumpty. #SuperBowl #SB51",1,1,0,lisalacy,Lisa Lacy,3733,991,"Between Jon Hamm and @IBMWatson, I'm pretty sure @HRBlock beats @turbotax and Humpty Dumpty. #SuperBowl #SB51",6,2,2017
https://twitter.com/MatthewStefanTV/status/828366628001705984,2017-02-05 22:16:09+00:00,828366628001705984,TurboTax 2017 Super Bowl commercial ropes in Humpty Dumpty https://t.co/nZv520mBpA #SuperBowl,1,0,2,MatthewStefanTV,Matthew Stefan,14978,4614,TurboTax 2017 Super Bowl commercial ropes in Humpty Dumpty cartermatt.com/242203/turbota… #SuperBowl,5,2,2017
https://twitter.com/TVLine/status/828365534127386624,2017-02-05 22:11:48+00:00,828365534127386624,Thanks for the nightmares @TurboTax! https://t.co/9DiTyfARtn #SuperBowl #SB51 https://t.co/mct2O9pbCP,2,0,3,TVLine,TVLine.com,170311,125,Thanks for the nightmares @TurboTax! tvline.com/2017/02/03/sup… #SuperBowl #SB51 https://t.co/mct2O9pbCP,5,2,2017
https://twitter.com/bhumharit/status/828323001284308999,2017-02-05 19:22:47+00:00,828323001284308999,RT [advertising]: .turbotax's #SuperBowl spot stars Humpty Dumpty https://t.co/t7Ab4UHbCY https://t.co/YNkmLqxi44,1,0,0,bhumharit,LAPITH,3132,842,RT [advertising]: .turbotax's #SuperBowl spot stars Humpty Dumpty bit.ly/2kCPtg2 https://t.co/YNkmLqxi44,5,2,2017
https://twitter.com/digihttpster/status/828322247282659329,2017-02-05 19:19:47+00:00,828322247282659329,.turbotax's #SuperBowl spot stars Humpty Dumpty https://t.co/ek5aBL5YYV https://t.co/GuXO4uB7h2,1,0,2,digihttpster,Eve Fullard,191,56,.turbotax's #SuperBowl spot stars Humpty Dumpty bit.ly/2kCPtg2 https://t.co/GuXO4uB7h2,5,2,2017
https://twitter.com/adage/status/828322076603854848,2017-02-05 19:19:07+00:00,828322076603854848,.@turbotax's #SuperBowl spot stars Humpty Dumpty https://t.co/vdmtYwS85c https://t.co/cvTthJTNkq,2,0,2,adage,Ad Age,1001959,73298,.@turbotax's #SuperBowl spot stars Humpty Dumpty bit.ly/2kCPtg2 https://t.co/cvTthJTNkq,5,2,2017
