url,Datetime,Tweet Id,Text,Retweet Count,Reply Count,Like Count,Username,Display Name,Followers Count,Friends Count,Rendered Content,Day,Month,Year
https://twitter.com/jchengery/status/828623076766183429,2017-02-06 15:15:11+00:00,828623076766183429,"#Wix's #SuperBowl ad got 20M+ #Facebook views bc both Statham, Gadot shared it w their fanbases. #marketing #digitalmarketing #social",1,0,0,jchengery,Joe Chengery,6205,6805,"#Wix's #SuperBowl ad got 20M+ #Facebook views bc both Statham, Gadot shared it w their fanbases. #marketing #digitalmarketing #social",6,2,2017
https://twitter.com/PiotrStarega/status/828623052686622720,2017-02-06 15:15:05+00:00,828623052686622720,one of the most entertaining #commercial of #SuperBowl - hollywood style storytelling combined with Wix product benefits. https://t.co/seJGAz4T2u,1,0,6,PiotrStarega,Piotr Starega,35,112,one of the most entertaining #commercial of #SuperBowl - hollywood style storytelling combined with Wix product benefits. twitter.com/adsoftheworld/…,6,2,2017
https://twitter.com/ISRAEL21C/status/828619355692867584,2017-02-06 15:00:24+00:00,828619355692867584,Plan to watch the #Superbowl for the ads? @GalGadot beats the bad guys in one for Israeli website builder @Wix! https://t.co/9YieyTPtn1 https://t.co/EaUczMgEgc,2,0,3,ISRAEL21C,ISRAEL21c,25167,2671,Plan to watch the #Superbowl for the ads? @GalGadot beats the bad guys in one for Israeli website builder @Wix! buff.ly/2l53pgK https://t.co/EaUczMgEgc,6,2,2017
https://twitter.com/CUFI/status/828606742133141505,2017-02-06 14:10:16+00:00,828606742133141505,Israeli company @Wix scored a touchdown before the #superbowl even began with over 22 million views for its ad#sb51 https://t.co/BPm76j8UWD,6,2,11,CUFI,Christians United for Israel,41615,744,"Israeli company @Wix scored a touchdown before the #superbowl even began with over 22 million views for its ad#sb51
ow.ly/iJec308IhH7",6,2,2017
https://twitter.com/i24NEWS_EN/status/828601029637705729,2017-02-06 13:47:34+00:00,828601029637705729,"#Israel(i) company @wix's #Superbowl commercial, the vision they had https://t.co/xkQAEtWxxu",11,0,14,i24NEWS_EN,i24NEWS English,66056,116,"#Israel(i) company @wix's #Superbowl commercial, the vision they had https://t.co/xkQAEtWxxu",6,2,2017
https://twitter.com/meetthehappyi/status/828521449002381312,2017-02-06 08:31:21+00:00,828521449002381312,"84 Lumber, Squarespace, Skittles, Kia, Honda, Wix, Turbotax, Buick, Nintendo! #Superbowl makes me feel like a kid in a candy store again! https://t.co/xrQmKI9AwZ",1,0,1,meetthehappyi,Meet Kaur,232,301,"84 Lumber, Squarespace, Skittles, Kia, Honda, Wix, Turbotax, Buick, Nintendo! #Superbowl makes me feel like a kid in a candy store again! twitter.com/adage/status/8…",6,2,2017
https://twitter.com/endbds/status/828514423262281728,2017-02-06 08:03:26+00:00,828514423262281728,Yup..the #BDS campaign is really picking up huh?? #BDSFAIL #Wix #SuperBowl #SuperBowl2017 https://t.co/yxaroc3Lyu,2,0,1,endbds,End BDS 🇮🇱,796,871,Yup..the #BDS campaign is really picking up huh?? #BDSFAIL #Wix #SuperBowl #SuperBowl2017 twitter.com/IsraelNewsOrg/…,6,2,2017
https://twitter.com/chaselepard/status/828448290312040450,2017-02-06 03:40:38+00:00,828448290312040450,Saw @Wix @GoDaddy &amp; @squarespace all with Superbowl ads. Looks like @garyvee is inspiring a generation of entrepreneurs! #SB51,1,0,2,chaselepard,Chase Lepard 👖,2836,1490,Saw @Wix @GoDaddy &amp; @squarespace all with Superbowl ads. Looks like @garyvee is inspiring a generation of entrepreneurs! #SB51,6,2,2017
https://twitter.com/KiaraCoronado1/status/828434712880259072,2017-02-06 02:46:41+00:00,828434712880259072,"Call Out: @Wix Nice to see a strong woman, but she didn't have to use her heel when there were knives. #NotBuyingIt #SuperBowl",1,1,1,KiaraCoronado1,Kiara Coronado,8,44,"Call Out: @Wix Nice to see a strong woman, but she didn't have to use her heel when there were knives. #NotBuyingIt #SuperBowl",6,2,2017
https://twitter.com/RepresentPledge/status/828433941010931712,2017-02-06 02:43:37+00:00,828433941010931712,.@Wix's big ad for the big game... was just the same old tired stereotypes. #NotBuyingIt #SuperBowl https://t.co/rgf12ESSHE,7,0,18,RepresentPledge,The Rep Project,88609,2684,.@Wix's big ad for the big game... was just the same old tired stereotypes. #NotBuyingIt #SuperBowl https://t.co/rgf12ESSHE,6,2,2017
https://twitter.com/strategar/status/828431832488214528,2017-02-06 02:35:15+00:00,828431832488214528,We agree. Good production quality but disconnect with @Wix's value proposition. #SuperBowl  #SuperBowlAds #AdStrategy https://t.co/oHuDEPPWlu,2,0,1,strategar,Strategar,117,212,We agree. Good production quality but disconnect with @Wix's value proposition. #SuperBowl  #SuperBowlAds #AdStrategy twitter.com/Adweek/status/…,6,2,2017
https://twitter.com/TheresaPittius/status/828431329696047104,2017-02-06 02:33:15+00:00,828431329696047104,"#Shoutout to @Wix for rocking #JasonStatham in ur #SuperBowl commercial. Loved #Wix before, now I love 'em even more.😉 #SuperBowlCommercials",1,0,4,TheresaPittius,Theresa Pittius,855,370,"#Shoutout to @Wix for rocking #JasonStatham in ur #SuperBowl commercial. Loved #Wix before, now I love 'em even more.😉 #SuperBowlCommercials",6,2,2017
https://twitter.com/RepresentPledge/status/828431170522058753,2017-02-06 02:32:37+00:00,828431170522058753,POLL: Which do you prefer to fight off bad guys? #SuperBowl cc: @Wix,5,1,9,RepresentPledge,The Rep Project,88609,2684,POLL: Which do you prefer to fight off bad guys? #SuperBowl cc: @Wix,6,2,2017
https://twitter.com/tomameek/status/828430896722239488,2017-02-06 02:31:31+00:00,828430896722239488,That @wix spot was fun - was that #jasonstatham? Nice #actionscene | #SuperBowl #superbowlcommercials #wix #filmmaking #canwegetthistogo,1,0,2,tomameek,Thomas Meek,332,559,That @wix spot was fun - was that #jasonstatham? Nice #actionscene | #SuperBowl #superbowlcommercials #wix #filmmaking #canwegetthistogo,6,2,2017
https://twitter.com/Adweek/status/828430885536014336,2017-02-06 02:31:29+00:00,828430885536014336,Lingering #SuperBowl ad Qs: 1. Who cans bisque? 2. Why is the Wix chef so happy his restaurant got blown up? 3. What...was that Snickers ad?,19,3,63,Adweek,Adweek,689103,26486,"Lingering #SuperBowl ad Qs:
1. Who cans bisque?
2. Why is the Wix chef so happy his restaurant got blown up?
3. What...was that Snickers ad?",6,2,2017
https://twitter.com/FLWilliamsBiz/status/828430840245997568,2017-02-06 02:31:18+00:00,828430840245997568,@Wix ad with Jason Statham looked like an ad for an action movie --  which means I liked it. #SuperBowl #SuperBowlCommercials,1,0,1,FLWilliamsBiz,Frank L. Williams,994,1680,@Wix ad with Jason Statham looked like an ad for an action movie --  which means I liked it. #SuperBowl #SuperBowlCommercials,6,2,2017
https://twitter.com/FCBglobal/status/828430721240989696,2017-02-06 02:30:50+00:00,828430721240989696,Was that Wix spot a commercial for noise cancelling headphones? #SuperBowl #SuperBowlAds,1,1,4,FCBglobal,FCB Global,52929,5281,Was that Wix spot a commercial for noise cancelling headphones? #SuperBowl #SuperBowlAds,6,2,2017
https://twitter.com/JimStengel/status/828430684721135616,2017-02-06 02:30:41+00:00,828430684721135616,Switch brand names on GoDaddy &amp; Wix ads... not sure if we'd even notice the difference. #SuperBowl #SB51,3,1,8,JimStengel,Jim Stengel,13829,1064,Switch brand names on GoDaddy &amp; Wix ads... not sure if we'd even notice the difference. #SuperBowl #SB51,6,2,2017
https://twitter.com/EW/status/828430642593533952,2017-02-06 02:30:31+00:00,828430642593533952,So this is what happened AFTER that @Wix #SuperBowl commercial! https://t.co/hNTGL6oJn5,40,4,152,EW,Entertainment Weekly,6488397,4312,So this is what happened AFTER that @Wix #SuperBowl commercial! share.ew.com/keOs94K,6,2,2017
https://twitter.com/BatmanNewsCom/status/828430641901477889,2017-02-06 02:30:31+00:00,828430641901477889,There she is! #GalGadot's Wix #SuperBowl commercial finally aired! Watch the extended version here: https://t.co/h9I0a2ARZd,26,0,94,BatmanNewsCom,Batman-News.com,90291,199,There she is! #GalGadot's Wix #SuperBowl commercial finally aired! Watch the extended version here: batman-news.com/2017/02/04/jus…,6,2,2017
https://twitter.com/jesscreatives/status/828430598830190594,2017-02-06 02:30:20+00:00,828430598830190594,I only boo during the Superbowl at Wix ads.,1,1,18,jesscreatives,Jess Creatives,1845,197,I only boo during the Superbowl at Wix ads.,6,2,2017
https://twitter.com/YoungbloodJoe/status/828430585622384641,2017-02-06 02:30:17+00:00,828430585622384641,Please for the love of all things don't use Wix #SuperBowlCommercials #SuperBowl,2,0,4,YoungbloodJoe,Joe Youngblood,4103,993,Please for the love of all things don't use Wix #SuperBowlCommercials #SuperBowl,6,2,2017
https://twitter.com/shotscreative/status/828430552902594560,2017-02-06 02:30:09+00:00,828430552902594560,Create your own website no matter how mad your real world is via @Wix for #SuperBowl,1,0,1,shotscreative,shots.net,22144,3026,Create your own website no matter how mad your real world is via @Wix for #SuperBowl,6,2,2017
https://twitter.com/NatalieMicale/status/828430550327255040,2017-02-06 02:30:09+00:00,828430550327255040,"Badass commerical from @Wix &amp; nice mention of ""disruptive"" online world. #branding #DigitalMarketing #SuperBowl",1,0,3,NatalieMicale,Natalie Micale,1457,605,"Badass commerical from @Wix &amp; nice mention of ""disruptive"" online world. #branding #DigitalMarketing #SuperBowl",6,2,2017
https://twitter.com/iamhankjustice/status/828430541078855682,2017-02-06 02:30:07+00:00,828430541078855682,Gal Gadot and Jason Statham for #Wix. Briliant spot. #superbowl #advertising #ad #adbowl #brandbowl #ad,1,0,0,iamhankjustice,Hank Justice,667,238,Gal Gadot and Jason Statham for #Wix. Briliant spot. #superbowl #advertising #ad #adbowl #brandbowl #ad,6,2,2017
https://twitter.com/RepresentPledge/status/828430498892374016,2017-02-06 02:29:57+00:00,828430498892374016,"Hmm, doesn't @carolineheldman call this stereotype the ""fighting f*ucktoy"" in #MissRep? @Wix #NotBuyingIt  #SuperBowl https://t.co/8ct1RZtQw8",12,1,41,RepresentPledge,The Rep Project,88609,2684,"Hmm, doesn't @carolineheldman call this stereotype the ""fighting f*ucktoy"" in #MissRep? @Wix #NotBuyingIt  #SuperBowl https://t.co/8ct1RZtQw8",6,2,2017
https://twitter.com/cescobarandrade/status/828430495494975488,2017-02-06 02:29:56+00:00,828430495494975488,"Girlfriend, do you need to borrow a bobby pin? #NotBuyingIt @Wix #SuperBowl https://t.co/Ucy7IajicT",2,0,13,cescobarandrade,Cristina Escobar,1103,2148,"Girlfriend, do you need to borrow a bobby pin? #NotBuyingIt @Wix #SuperBowl https://t.co/Ucy7IajicT",6,2,2017
https://twitter.com/DashingSoulJay/status/828430419913822208,2017-02-06 02:29:38+00:00,828430419913822208,Nah not even Jason Statham can get me to use Wix #SuperBowl,3,0,2,DashingSoulJay,Dashing Soul @ Anime Boston,1538,4555,Nah not even Jason Statham can get me to use Wix #SuperBowl,6,2,2017
https://twitter.com/BigIndianGyasi/status/828430419146084353,2017-02-06 02:29:38+00:00,828430419146084353,"#SuperBowl Commercial Update: @Wix has Jason Stathan on the squad. I'm impressed. No clue what it was about, but I dug it. Sexy.",1,0,2,BigIndianGyasi,Gyasi Ross,33676,2606,"#SuperBowl Commercial Update: @Wix has Jason Stathan on the squad. I'm impressed. No clue what it was about, but I dug it. Sexy.",6,2,2017
https://twitter.com/rileyj_s/status/828430386086735873,2017-02-06 02:29:30+00:00,828430386086735873,If you you're thinking about @Wix . I recommend myself instead :) #webdesign #design #SuperBowl,1,0,2,rileyj_s,riley,3749,5001,If you you're thinking about @Wix . I recommend myself instead :) #webdesign #design #SuperBowl,6,2,2017
https://twitter.com/LANDOR_FITCH/status/828430312631914500,2017-02-06 02:29:12+00:00,828430312631914500,. @Wix  or @GoDaddy : Who wins the website creation ad battle? #SB51 #BrandBowl #SuperBowl,1,2,2,LANDOR_FITCH,Landor & Fitch,41233,5969,. @Wix  or @GoDaddy : Who wins the website creation ad battle? #SB51 #BrandBowl #SuperBowl,6,2,2017
https://twitter.com/mattjrosenberg/status/828420519833767937,2017-02-06 01:50:17+00:00,828420519833767937,Love @wix. It's almost 4am here in Israel and the war room just got snacks delivered for the second half #SuperBowl https://t.co/F8EdlRw2pt,1,0,3,mattjrosenberg,Matt Rosenberg,800,1561,Love @wix. It's almost 4am here in Israel and the war room just got snacks delivered for the second half #SuperBowl https://t.co/F8EdlRw2pt,6,2,2017
https://twitter.com/Mark_Wix_GASB/status/828410051152982016,2017-02-06 01:08:41+00:00,828410051152982016,HALF TIME   FALCONS  ( 21 - 3 )  Patriots   Come on #Falcons #RiseUp   #SB51 #SuperBowl,1,0,0,Mark_Wix_GASB,Mark Wix,349,1396,"HALF TIME 

FALCONS  ( 21 - 3 )  Patriots 

Come on #Falcons #RiseUp 

#SB51 #SuperBowl",6,2,2017
https://twitter.com/adage/status/828404326326484997,2017-02-06 00:45:57+00:00,828404326326484997,We saw a few brands experiment with their #SuperBowl release strategy. @Kia debuted its ad on a bot while @wix released on Facebook live.,14,1,31,adage,Ad Age,1002021,73290,We saw a few brands experiment with their #SuperBowl release strategy. @Kia debuted its ad on a bot while @wix released on Facebook live.,6,2,2017
https://twitter.com/Wix/status/828374647662055424,2017-02-05 22:48:01+00:00,828374647662055424,Chef Felix came to our #SuperBowl party.  Make sure to catch him in the 4th quarter!! https://t.co/pOv6wCUXcl,6,0,13,Wix,Wix,417556,3726,"Chef Felix came to our #SuperBowl party. 
Make sure to catch him in the 4th quarter!! https://t.co/pOv6wCUXcl",5,2,2017
https://twitter.com/aviranm/status/828360008635187200,2017-02-05 21:49:50+00:00,828360008635187200,Superbowl party @WixEng @Wix #SB51 https://t.co/Vx5dSEz2fK,4,0,13,aviranm,Aviran Mordo 🇺🇦,1804,418,Superbowl party @WixEng @Wix #SB51 https://t.co/Vx5dSEz2fK,5,2,2017
https://twitter.com/aviranm/status/828359138031837186,2017-02-05 21:46:23+00:00,828359138031837186,Superbowl war room.  Getting ready for the big game @WixEng @Wix https://t.co/baF3TRHxRl,2,0,11,aviranm,Aviran Mordo 🇺🇦,1804,418,Superbowl war room.  Getting ready for the big game @WixEng @Wix https://t.co/baF3TRHxRl,5,2,2017
https://twitter.com/Ostrov_A/status/828358429815218176,2017-02-05 21:43:34+00:00,828358429815218176,"#BDS bigots must not be happy with this #SuperBowl. Owners of @Patriots &amp; @AtlantaFalcons both #Jewish, and #Israeli co. @Wix advertising! https://t.co/2G4ke2JBqI",11,0,20,Ostrov_A,Arsen Ostrovsky,106225,5645,"#BDS bigots must not be happy with this #SuperBowl. Owners of @Patriots &amp; @AtlantaFalcons both #Jewish, and #Israeli co. @Wix advertising! https://t.co/2G4ke2JBqI",5,2,2017
https://twitter.com/AmbMeron/status/828349944775974918,2017-02-05 21:09:51+00:00,828349944775974918,Israeli superwoman @GalGadot and @Jasonstatham64 star in @SuperBowl ad for Israeli @Wix https://t.co/a6XzgwLRwC,2,0,7,AmbMeron,Daniel Meron 🇮🇱,4413,399,Israeli superwoman @GalGadot and @Jasonstatham64 star in @SuperBowl ad for Israeli @Wix twitter.com/angela_ig/stat…,5,2,2017
https://twitter.com/ValaAfshar/status/828347732150669313,2017-02-05 21:01:03+00:00,828347732150669313,Top #SuperBowl social brands:  @AvosfromMexico @Budweiser @RealMrClean @Wix @budlight @Audi @Buick @SNICKERS  @intel https://t.co/dwQEhNDABo,7,1,11,ValaAfshar,Vala Afshar,646741,280,"Top #SuperBowl social brands:

@AvosfromMexico
@Budweiser
@RealMrClean
@Wix
@budlight
@Audi
@Buick
@SNICKERS 
@intel bit.ly/2k0izD0",5,2,2017
https://twitter.com/ProfessorF/status/828339822808985603,2017-02-05 20:29:38+00:00,828339822808985603,"Jason Statham, Wonder Woman. Damn. How could this Wix SuperBowl ad go wrong?   I love it!  https://t.co/mNZ4f6cx9F",2,0,2,ProfessorF,Nick V. Flor 🥋+🇺🇸,14234,4990,"Jason Statham, Wonder Woman. Damn. How could this Wix SuperBowl ad go wrong? 

I love it!

youtube.com/watch?v=fm0niW…",5,2,2017
https://twitter.com/showboxcom/status/828319788736847872,2017-02-05 19:10:01+00:00,828319788736847872,Bet you haven’t seen all of these #SuperBowl #Commercials. @Wix's will make you re-think your #VideoMarketing &gt;&gt; https://t.co/swwnlo6g5u https://t.co/g7l0xlhI6y,3,0,9,showboxcom,showbox,1691,350,Bet you haven’t seen all of these #SuperBowl #Commercials. @Wix's will make you re-think your #VideoMarketing &gt;&gt; hubs.ly/H065DRx0 https://t.co/g7l0xlhI6y,5,2,2017
https://twitter.com/chasethisnow/status/828310609267654658,2017-02-05 18:33:33+00:00,828310609267654658,"Pre-game winner: @Wix has the most-seen #SuperBowl campaign so far, with 22.6 million views https://t.co/7Lnbxi9YgB https://t.co/S5OxinxaQ5",47,0,5,chasethisnow,Michael Chase,12940,1898,"Pre-game winner: @Wix has the most-seen #SuperBowl campaign so far, with 22.6 million views bit.ly/2l6DJ3g https://t.co/S5OxinxaQ5",5,2,2017
https://twitter.com/JonathanPeled/status/828308928513638406,2017-02-05 18:26:52+00:00,828308928513638406,Tonight at #Superbowl watch #Israel 🇮🇱star #GalGadot comercial with #WIX https://t.co/r0M4H6D99c… https://t.co/44yP2KXc6J,29,2,62,JonathanPeled,Jonathan Peled,2767,124,Tonight at #Superbowl watch #Israel 🇮🇱star #GalGadot comercial with #WIX ysport.ynet.co.il/fb/1.aspx?post… https://t.co/44yP2KXc6J,5,2,2017
https://twitter.com/ISRAEL21C/status/828293007900233728,2017-02-05 17:23:36+00:00,828293007900233728,RT if you're watching the #SuperBowl and ready to watch @GalGadot in action for @Wix! https://t.co/7BtQdxb0Uh https://t.co/lZymHk6Dnh,1,0,1,ISRAEL21C,ISRAEL21c,25167,2671,RT if you're watching the #SuperBowl and ready to watch @GalGadot in action for @Wix! buff.ly/2kysdQJ https://t.co/lZymHk6Dnh,5,2,2017
https://twitter.com/Ostrov_A/status/828265557963206657,2017-02-05 15:34:32+00:00,828265557963206657,"Let's be honest, the best part about #SuperBowl is the @Wix ad, featuring #Israel's WonderWoman @GalGadot: https://t.co/6xpUIzkCRK https://t.co/TT4BtBX1o3",3,0,6,Ostrov_A,Arsen Ostrovsky,106225,5645,"Let's be honest, the best part about #SuperBowl is the @Wix ad, featuring #Israel's WonderWoman @GalGadot: bit.ly/2k55pYW https://t.co/TT4BtBX1o3",5,2,2017
https://twitter.com/Ostrov_A/status/828224024404717568,2017-02-05 12:49:29+00:00,828224024404717568,"Let's face it, best part of #SuperBowl are the ads! https://t.co/TY6honXbdw. Esp. No.6, #Israel's @Wix! cc. @IsraelinBoston @IsraelinAtlanta",1,0,1,Ostrov_A,Arsen Ostrovsky,106225,5645,"Let's face it, best part of #SuperBowl are the ads! bit.ly/2k374La. Esp. No.6, #Israel's @Wix! cc. @IsraelinBoston @IsraelinAtlanta",5,2,2017
https://twitter.com/adage/status/828136715009277954,2017-02-05 07:02:33+00:00,828136715009277954,"Pre-game winner: @Wix has the most-seen #SuperBowl campaign so far, with 22.6 million views #SB51 https://t.co/bgzWfNIjb4 https://t.co/jcTcamQpTE",12,0,20,adage,Ad Age,1002021,73290,"Pre-game winner: @Wix has the most-seen #SuperBowl campaign so far, with 22.6 million views #SB51 bit.ly/2l6DJ3g https://t.co/jcTcamQpTE",5,2,2017
