url,Datetime,Tweet Id,Text,Retweet Count,Reply Count,Like Count,Username,Display Name,Followers Count,Friends Count,Rendered Content,Day,Month,Year
https://twitter.com/questCNN/status/828724125145313281,2017-02-06 21:56:43+00:00,828724125145313281,Snickers Ad goes LIVE during Super Bowl. Mars Corp VP Marketing tells Zain about the concept #snickers #superbowl https://t.co/FAj0Ne8sS7,1,0,1,questCNN,Quest Means Business,32664,368,Snickers Ad goes LIVE during Super Bowl. Mars Corp VP Marketing tells Zain about the concept #snickers #superbowl snpy.tv/2lhab29,6,2,2017
https://twitter.com/mars_palacio/status/828686708124303360,2017-02-06 19:28:02+00:00,828686708124303360,@ladygaga KILLED LAST NIGHT! She's the best! I'm so proud of her! Thanks for inspire us everyday! #SuperBowl #PepsiHalftime #LadyGaga https://t.co/tsfN3PPZKc,34,3,85,mars_palacio,Marciano Palácio 🤝 HOLD MY HAND,4042,792,@ladygaga KILLED LAST NIGHT! She's the best! I'm so proud of her! Thanks for inspire us everyday! #SuperBowl #PepsiHalftime #LadyGaga https://t.co/tsfN3PPZKc,6,2,2017
https://twitter.com/amdjc/status/828675953098231808,2017-02-06 18:45:17+00:00,828675953098231808,Lady Gaga's superbowl performance is definitely on my list of fave performances along with Queen Bey's and Bruno Mars'!!!,2,0,3,amdjc,Alyssa Cruz,445,332,Lady Gaga's superbowl performance is definitely on my list of fave performances along with Queen Bey's and Bruno Mars'!!!,6,2,2017
https://twitter.com/GES_EMEA/status/828649688396083200,2017-02-06 17:00:55+00:00,828649688396083200,"Some were over the moon at last nights result, others not so much - but see how #SuperBowl fans traveled to Mars! https://t.co/1G5MCg6HtE https://t.co/WoC87fBiQ9",1,0,3,GES_EMEA,GES EMEA,5586,4314,"Some were over the moon at last nights result, others not so much - but see how #SuperBowl fans traveled to Mars! ges.com/eu/blog/post/g… https://t.co/WoC87fBiQ9",6,2,2017
https://twitter.com/Leizer08/status/828637372149596160,2017-02-06 16:11:59+00:00,828637372149596160,Human Superbowl Bruno Mars Carpool Karaoke https://t.co/8Z21YxGuuT via @YouTube  #alliask #bestcover #iheartawards,3,0,1,Leizer08,hershey08,2771,265,Human Superbowl Bruno Mars Carpool Karaoke youtu.be/AFxCO_DyzYM via @YouTube  #alliask #bestcover #iheartawards,6,2,2017
https://twitter.com/dxtrnws/status/828532609009397760,2017-02-06 09:15:42+00:00,828532609009397760,"THE SUPERBOWL HALFTIME SHOWS OF OUR TIME. The Black Eyed Peas, Madonna, Beyoncé, Bruno Mars, Katy Perry, Coldplay, Lady Gaga. #Superbowl https://t.co/dZKqAi0zUG",4,1,13,dxtrnws,dexter ☻,3757,375,"THE SUPERBOWL HALFTIME SHOWS OF OUR TIME. The Black Eyed Peas, Madonna, Beyoncé, Bruno Mars, Katy Perry, Coldplay, Lady Gaga. #Superbowl https://t.co/dZKqAi0zUG",6,2,2017
https://twitter.com/JermaineWatkins/status/828505703627235328,2017-02-06 07:28:47+00:00,828505703627235328,"😂😂😂 When I say they're comparing the #Superbowl to the Election. Be easy. These events weren't like being the first to fly to Mars, folks.",2,0,4,JermaineWatkins,Jermaine,142378,130237,"😂😂😂 When I say they're comparing the #Superbowl to the Election. Be easy. These events weren't like being the first to fly to Mars, folks.",6,2,2017
https://twitter.com/bybyaNNy/status/828481615353487361,2017-02-06 05:53:04+00:00,828481615353487361,Tonight's that one night of the year when I rewatch past #SuperBowl #HalfTime shows. Michael Jackson &amp; Bruno Mars continue to be my favs!,4,0,3,bybyaNNy,Bibiana Ramirez,150,379,Tonight's that one night of the year when I rewatch past #SuperBowl #HalfTime shows. Michael Jackson &amp; Bruno Mars continue to be my favs!,6,2,2017
https://twitter.com/JoshiesWorld/status/828462851622916098,2017-02-06 04:38:30+00:00,828462851622916098,@bri_alyss Only if she had a guest singer like every other #superbowl did. Bruno Mars would be the perfect comeback guest.,1,0,1,JoshiesWorld,Joshua Sullivan,155,22,@bri_alyss Only if she had a guest singer like every other #superbowl did. Bruno Mars would be the perfect comeback guest.,6,2,2017
https://twitter.com/isaacwhitfieldd/status/828458721500155905,2017-02-06 04:22:05+00:00,828458721500155905,No SuperBowl half time show will be better than Bruno Mars having a dance off with Beyoncé 🙌🙌💯,3,0,6,isaacwhitfieldd,Isaac Whitfield,103,328,No SuperBowl half time show will be better than Bruno Mars having a dance off with Beyoncé 🙌🙌💯,6,2,2017
https://twitter.com/kevincrowley34/status/828457947231612928,2017-02-06 04:19:01+00:00,828457947231612928,Only thing that would've made that Superbowl better was Bruno Mars not Lady Gaga...,2,0,1,kevincrowley34,Kevin Crowley,281,273,Only thing that would've made that Superbowl better was Bruno Mars not Lady Gaga...,6,2,2017
https://twitter.com/JayDeDron/status/828451786650312704,2017-02-06 03:54:32+00:00,828451786650312704,Atlanta needed Beyonce and Bruno Mars. Lord knows I did #SuperBowl,1,0,3,JayDeDron,JayNiceee,230,211,Atlanta needed Beyonce and Bruno Mars. Lord knows I did #SuperBowl,6,2,2017
https://twitter.com/J_richtarik/status/828448953091891203,2017-02-06 03:43:16+00:00,828448953091891203,I haven't heard that many Boos since Bruno Mars did the halftime show #SuperBowl,1,0,3,J_richtarik,Thee J€N R¥CHTAR¥K 🎶,680,768,I haven't heard that many Boos since Bruno Mars did the halftime show #SuperBowl,6,2,2017
https://twitter.com/sunny4u007/status/828447180675547136,2017-02-06 03:36:14+00:00,828447180675547136,"Bruno Mars and Beyoncé saw spikes of 92% and 59%, respectively, after their #SuperBowl halftime gigs.… https://t.co/LWFEejak58",1,0,1,sunny4u007,Sunil aka Sunny Bond,1815,1616,"Bruno Mars and Beyoncé saw spikes of 92% and 59%, respectively, after their #SuperBowl halftime gigs.… twitter.com/i/web/status/8…",6,2,2017
https://twitter.com/ForbesSports/status/828446623239843841,2017-02-06 03:34:01+00:00,828446623239843841,"Bruno Mars and Beyoncé saw spikes of 92% and 59%, respectively, after their #SuperBowl halftime gigs. https://t.co/u1kcExEPfA https://t.co/7Zw3nBHyAB",13,0,11,ForbesSports,Forbes SportsMoney,70066,1042,"Bruno Mars and Beyoncé saw spikes of 92% and 59%, respectively, after their #SuperBowl halftime gigs. bit.ly/2kFeLdt https://t.co/7Zw3nBHyAB",6,2,2017
https://twitter.com/chandraxray/status/828442306713903104,2017-02-06 03:16:52+00:00,828442306713903104,Did you know a quarterback could throw a football three times farther on Mars than in Houston? #SpaceBowl #SuperBowl #SB51 #Mars https://t.co/XEO7OkB66e,22,3,51,chandraxray,Chandra Observatory,322501,993,Did you know a quarterback could throw a football three times farther on Mars than in Houston? #SpaceBowl #SuperBowl #SB51 #Mars https://t.co/XEO7OkB66e,6,2,2017
https://twitter.com/fpalmer06/status/828431238188855296,2017-02-06 02:32:53+00:00,828431238188855296,"When we go to live on Mars, I hope #MorganFreeman does the voice over.  @SuperBowl #SuperBowlCommercials #SuperBowl",1,0,1,fpalmer06,Felicia Palmer,361,1022,"When we go to live on Mars, I hope #MorganFreeman does the voice over.  @SuperBowl #SuperBowlCommercials #SuperBowl",6,2,2017
https://twitter.com/LujainFS_/status/828429972977102849,2017-02-06 02:27:51+00:00,828429972977102849,Bruno Mars still holds best superbowl halftime performance ..sorry gaga 🚶🏻‍♀️,2,0,2,LujainFS_,لوجَين,158,277,Bruno Mars still holds best superbowl halftime performance ..sorry gaga 🚶🏻‍♀️,6,2,2017
https://twitter.com/NerySaenz/status/828428854574403584,2017-02-06 02:23:25+00:00,828428854574403584,I miss Bruno Mars. #GOAT #SuperBowl #HalfTimeShow,1,0,2,NerySaenz,Stone Cold Nery Saenz,1437,555,I miss Bruno Mars. #GOAT #SuperBowl #HalfTimeShow,6,2,2017
https://twitter.com/august_on_mars/status/828425591145844737,2017-02-06 02:10:26+00:00,828425591145844737,@BrunoMars when you gone get a Super Bowl commercial? Or just a commercial period? #PepsiHalftime #SuperBowl #BrunoMars #AskTheDragon😍😘😏🤑😉😭🤤,1,0,1,august_on_mars,BrunoMarz,26,29,@BrunoMars when you gone get a Super Bowl commercial? Or just a commercial period? #PepsiHalftime #SuperBowl #BrunoMars #AskTheDragon😍😘😏🤑😉😭🤤,6,2,2017
https://twitter.com/aturn5811/status/828425374241550336,2017-02-06 02:09:35+00:00,828425374241550336,"Gaga's performance was good, but Bruno Mars was still by far the best Superbowl halftime show.",1,0,1,aturn5811,Amber,122,493,"Gaga's performance was good, but Bruno Mars was still by far the best Superbowl halftime show.",6,2,2017
https://twitter.com/BasicallyLucas/status/828419149223325696,2017-02-06 01:44:51+00:00,828419149223325696,Gaga did a great job but last years was light years better. Coldplay + Bruno Mars + Beyoncé...no contest. #PepsiHalftime #SuperBowl,1,1,5,BasicallyLucas,Lucas Gomes,1331,678,Gaga did a great job but last years was light years better. Coldplay + Bruno Mars + Beyoncé...no contest. #PepsiHalftime #SuperBowl,6,2,2017
https://twitter.com/jessicawohl/status/828418894364864512,2017-02-06 01:43:50+00:00,828418894364864512,Hmm ... Throwing shade at your Mars sibling's #SuperBowl ad? https://t.co/xhP4yhRxkn,8,1,30,jessicawohl,Jessica Wohl,6976,1002,Hmm ... Throwing shade at your Mars sibling's #SuperBowl ad? twitter.com/skittles/statu…,6,2,2017
https://twitter.com/MrAndrewRoby/status/828418360903868416,2017-02-06 01:41:43+00:00,828418360903868416,Remembering Beyoncé's halftime show. Wait meant Bruno Mars halftime show. #Superbowl,1,0,1,MrAndrewRoby,Andrew Roby,3800,414,Remembering Beyoncé's halftime show. Wait meant Bruno Mars halftime show. #Superbowl,6,2,2017
https://twitter.com/alejocabrerah/status/828418008062255104,2017-02-06 01:40:19+00:00,828418008062255104,Spider-Man: Homecoming (2017) 😂😂😂 @raul_mars #SuperBowl https://t.co/e1G824F0GS,3,1,3,alejocabrerah,Alek,182,938,Spider-Man: Homecoming (2017) 😂😂😂 @raul_mars #SuperBowl https://t.co/e1G824F0GS,6,2,2017
https://twitter.com/fangbang92/status/828417378723651584,2017-02-06 01:37:48+00:00,828417378723651584,"#Superbowl would of been 10x better, wit Bruno Mars new album, during half time.",4,0,8,fangbang92,Tongan•Scorpio™,617,188,"#Superbowl would of been 10x better, wit Bruno Mars new album, during half time.",6,2,2017
https://twitter.com/Valentinabelike/status/828417205327056896,2017-02-06 01:37:07+00:00,828417205327056896,"Bruno Mars Superbowl Halftime Show Feb. 2, 2014  https://t.co/hPA39Z7zjW",1,0,0,Valentinabelike,Valentina Royero 👽,4333,181,"Bruno Mars Superbowl Halftime Show Feb. 2, 2014  youtube.com/watch?v=vV8p4f…",6,2,2017
https://twitter.com/mars_palacio/status/828417007439769600,2017-02-06 01:36:20+00:00,828417007439769600,@ladygaga YOU KILLED IT! I'm so proud of you! This was everything! You're the best and I love you so much!   #SuperBowl #PepsiHalftime https://t.co/Y0mzx7LWpb,27,1,58,mars_palacio,Marciano Palácio 🤝 HOLD MY HAND,4042,792,"@ladygaga YOU KILLED IT! I'm so proud of you! This was everything! You're the best and I love you so much! 

#SuperBowl #PepsiHalftime https://t.co/Y0mzx7LWpb",6,2,2017
https://twitter.com/ZaldyTV/status/828416833644552192,2017-02-06 01:35:39+00:00,828416833644552192,"I'm a bit biased to my boy Bruno Mars, but dang Lady Gaga dominated that Halftime Show! #SuperBowl",12,1,12,ZaldyTV,Zaldy Doyungan,1637,432,"I'm a bit biased to my boy Bruno Mars, but dang Lady Gaga dominated that Halftime Show! #SuperBowl",6,2,2017
https://twitter.com/DaylightVisuals/status/828416560901550081,2017-02-06 01:34:34+00:00,828416560901550081,"Lady Gaga bringing out Bruno Mars like Beyonce did, for a 24k Magic performance would've been BEYOND EPIC.   #SuperBowl #PepsiHalftime #SB51",9,0,29,DaylightVisuals,Daylight Photography,22971,3,"Lady Gaga bringing out Bruno Mars like Beyonce did, for a 24k Magic performance would've been BEYOND EPIC. 

#SuperBowl #PepsiHalftime #SB51",6,2,2017
https://twitter.com/mariamsomorin/status/828416405297061888,2017-02-06 01:33:56+00:00,828416405297061888,I would have loved to see Jlo or Bruno Mars perform half time. #SuperBowl,1,0,2,mariamsomorin,M,218,196,I would have loved to see Jlo or Bruno Mars perform half time. #SuperBowl,6,2,2017
https://twitter.com/WRESTLEZONEcom/status/828416282278105089,2017-02-06 01:33:27+00:00,828416282278105089,"FWIW, Prince, Springsteen and Bruno Mars are Top 3 IMO. This is up there. #SuperBowl https://t.co/yDyV9h1Vwi",6,8,8,WRESTLEZONEcom,WrestleZone,73613,1934,"FWIW, Prince, Springsteen and Bruno Mars are Top 3 IMO. This is up there. #SuperBowl twitter.com/wrestlezonecom…",6,2,2017
https://twitter.com/Steveson21344/status/828416053772431362,2017-02-06 01:32:33+00:00,828416053772431362,Nothing will ever top the Beyoncé/Coldplay/Bruno Mars halftime show. #SuperBowl,19,0,55,Steveson21344,Kade Allen Wayne,616,549,Nothing will ever top the Beyoncé/Coldplay/Bruno Mars halftime show. #SuperBowl,6,2,2017
https://twitter.com/msdrama/status/828416021149126657,2017-02-06 01:32:25+00:00,828416021149126657,"If Beyonce, Prince, Michael Jackson, Madonna, and Bruno Mars never performed @ Superbowl, Gaga woud have been in top 10 DEF! #SuperBowl",1,0,1,msdrama,Candice Williams,7602,813,"If Beyonce, Prince, Michael Jackson, Madonna, and Bruno Mars never performed @ Superbowl, Gaga woud have been in top 10 DEF! #SuperBowl",6,2,2017
https://twitter.com/FMaverick27/status/828415856463994881,2017-02-06 01:31:46+00:00,828415856463994881,"To keep it G, it didn't quite live up to Beyoncé or Bruno Mars... but overall, a dope performance from Lady GaGa. #SuperBowl #PepsiHalftime",1,0,0,FMaverick27,Frank Maverick Sosa,255,997,"To keep it G, it didn't quite live up to Beyoncé or Bruno Mars... but overall, a dope performance from Lady GaGa. #SuperBowl #PepsiHalftime",6,2,2017
https://twitter.com/mjsortino15/status/828415686921822208,2017-02-06 01:31:05+00:00,828415686921822208,NFL should just go back to making Bruno Mars do the #SuperBowl Halftime Show every year...#SuperBowl51,1,0,4,mjsortino15,Mark SortiYES,336,331,NFL should just go back to making Bruno Mars do the #SuperBowl Halftime Show every year...#SuperBowl51,6,2,2017
https://twitter.com/DaylightVisuals/status/828415513697083394,2017-02-06 01:30:24+00:00,828415513697083394,BRUNO MARS &gt; GAGA   #SuperBowl #SB51 #PepsiHalftime,7,0,19,DaylightVisuals,Daylight Photography,22971,3,"BRUNO MARS &gt; GAGA 

#SuperBowl #SB51 #PepsiHalftime",6,2,2017
https://twitter.com/erincandy/status/828415488116006912,2017-02-06 01:30:18+00:00,828415488116006912,"Gaga and Bruno Mars, two of the best halftime performances in recent years #SUPERBOWL",1,2,5,erincandy,Erin Tarantino 🌻💛💙,6524,1692,"Gaga and Bruno Mars, two of the best halftime performances in recent years #SUPERBOWL",6,2,2017
https://twitter.com/EarlKSneed/status/828415387742113794,2017-02-06 01:29:54+00:00,828415387742113794,I wouldn't be against Bruno Mars performing every year. #SuperBowl,7,2,23,EarlKSneed,Earl K. Sneed,18465,470,I wouldn't be against Bruno Mars performing every year. #SuperBowl,6,2,2017
https://twitter.com/moouttalife/status/828415355110371330,2017-02-06 01:29:46+00:00,828415355110371330,I'ma let you finish but Bruno Mars HAD ONE OF THE BEST SUPERBOWL PERFORMACE OF ALL TIME.,1,0,4,moouttalife,Moi.,632,395,I'ma let you finish but Bruno Mars HAD ONE OF THE BEST SUPERBOWL PERFORMACE OF ALL TIME.,6,2,2017
https://twitter.com/JuanADaza/status/828415237246304259,2017-02-06 01:29:18+00:00,828415237246304259,"De Cold Play-Beyonce-Bruno Mars y Dudamel en 2016 a Lady Gaga, llego el #lowbudget al #SuperBowl 2017",6,2,1,JuanADaza,Juan Andrés Daza Dávila,104297,794,"De Cold Play-Beyonce-Bruno Mars y Dudamel en 2016 a Lady Gaga, llego el #lowbudget al #SuperBowl 2017",6,2,2017
https://twitter.com/andrewkobak7/status/828415188193964033,2017-02-06 01:29:06+00:00,828415188193964033,Bruno Mars still holds best superbowl halftime performance,8,1,43,andrewkobak7,kobak,586,700,Bruno Mars still holds best superbowl halftime performance,6,2,2017
https://twitter.com/breski_/status/828415155805548550,2017-02-06 01:28:59+00:00,828415155805548550,I really liked that performance. Nothing bad about it. But my favorite is still the Bruno Mars performance. #SuperBowl #PepsiHalftime,1,0,2,breski_,breski_,298,224,I really liked that performance. Nothing bad about it. But my favorite is still the Bruno Mars performance. #SuperBowl #PepsiHalftime,6,2,2017
https://twitter.com/Oguz2503/status/828415105637421056,2017-02-06 01:28:47+00:00,828415105637421056,Bruno Mars had the best performance in the last coupla years...  #SuperBowl #PepsiHalftime,1,0,2,Oguz2503,DieserOguz🎱,80,256,Bruno Mars had the best performance in the last coupla years...  #SuperBowl #PepsiHalftime,6,2,2017
https://twitter.com/RayMarkAble1/status/828415063954370561,2017-02-06 01:28:37+00:00,828415063954370561,"I'm a Gaga fan, I think she brings it everytime. Solid halftime show sister. I'll still take Bruno Mars in 48 though 😉 #Superbowl",1,1,16,RayMarkAble1,RAY,4073,2815,"I'm a Gaga fan, I think she brings it everytime. Solid halftime show sister. I'll still take Bruno Mars in 48 though 😉 #Superbowl",6,2,2017
https://twitter.com/_JoviWanKenobi/status/828415062587109380,2017-02-06 01:28:36+00:00,828415062587109380,That performance is now in my top-3 favorite halftime performances with Prince &amp; Bruno Mars - bravo Gaga! Knew she'd kill it #SuperBowl,1,0,8,_JoviWanKenobi,Jovanni Ibarra,2353,1581,That performance is now in my top-3 favorite halftime performances with Prince &amp; Bruno Mars - bravo Gaga! Knew she'd kill it #SuperBowl,6,2,2017
https://twitter.com/TerryTyco_/status/828414998238081024,2017-02-06 01:28:21+00:00,828414998238081024,Idc idc The halftime show with Beyonce &amp; Bruno Mars was better.  Dont @ me #PepsiHalftime #SuperBowl,1,0,2,TerryTyco_,CARESHA DEM BANGS GIVEN THE GWORLS LIKE BANGLADESH,7861,8515,Idc idc The halftime show with Beyonce &amp; Bruno Mars was better.  Dont @ me #PepsiHalftime #SuperBowl,6,2,2017
https://twitter.com/SportsQueen_5/status/828414876351619072,2017-02-06 01:27:52+00:00,828414876351619072,My favorite halftime show is definitely Bruno Mars and The Red Hot Chili Peppers but I'm biased. #SuperBowl,6,2,18,SportsQueen_5,Rocky Balboa,62292,38250,My favorite halftime show is definitely Bruno Mars and The Red Hot Chili Peppers but I'm biased. #SuperBowl,6,2,2017
https://twitter.com/davevanb/status/828414744692457473,2017-02-06 01:27:20+00:00,828414744692457473,Someone get Bruno Mars a 5 year superbowl halftime contract,2,1,3,davevanb,Dave Van Buren,450,428,Someone get Bruno Mars a 5 year superbowl halftime contract,6,2,2017
https://twitter.com/Pink_Grahmik/status/828414673431048192,2017-02-06 01:27:04+00:00,828414673431048192,Shoulda just re-hired Bruno Mars @BrunoMars @NFL @espn @asal1876  #Superbowl #HalftimeShow,1,1,3,Pink_Grahmik,Mike E.G.,73,211,Shoulda just re-hired Bruno Mars @BrunoMars @NFL @espn @asal1876  #Superbowl #HalftimeShow,6,2,2017
https://twitter.com/willeast1/status/828414639981596678,2017-02-06 01:26:56+00:00,828414639981596678,This the first Superbowl halftime show since 2008 not to feature Bruno Mars.,2,0,8,willeast1,Will East™,1354,686,This the first Superbowl halftime show since 2008 not to feature Bruno Mars.,6,2,2017
https://twitter.com/reagonomiks/status/828414492451160064,2017-02-06 01:26:20+00:00,828414492451160064,Top 5 Superbowl performances  Michael Jackson  Prince (it was raining and he didn't get wet) Bruno Mars  U2  Beyonce (new Orleans),2,0,0,reagonomiks,Jameson Hendrixxxx,1269,1097,"Top 5 Superbowl performances 
Michael Jackson 
Prince (it was raining and he didn't get wet)
Bruno Mars 
U2 
Beyonce (new Orleans)",6,2,2017
https://twitter.com/BringerOfRain88/status/828414222560288769,2017-02-06 01:25:16+00:00,828414222560288769,Lady GaGa is so much better without all the synthesizers. But no one has yet come close to Bruno Mars. #SB51 #PepsiHalftime #SuperBowl,2,1,3,BringerOfRain88,Cameron Mosley,114,152,Lady GaGa is so much better without all the synthesizers. But no one has yet come close to Bruno Mars. #SB51 #PepsiHalftime #SuperBowl,6,2,2017
https://twitter.com/LauraLeslieF1/status/828414169015803905,2017-02-06 01:25:03+00:00,828414169015803905,"My favourite #SuperBowl moment, apart from #LeftShark, was when @Beyonce pulled a male fan onto stage with her and Bruno Mars last year. 👏🏻 https://t.co/2x8JskGMuo",1,0,1,LauraLeslieF1,Laura Leslie,6085,1046,"My favourite #SuperBowl moment, apart from #LeftShark, was when @Beyonce pulled a male fan onto stage with her and Bruno Mars last year. 👏🏻 https://t.co/2x8JskGMuo",6,2,2017
https://twitter.com/kidSubliminal/status/828414149176721408,2017-02-06 01:24:59+00:00,828414149176721408,"Lady Gaga is a great performer. But no one can touch Bruno Mars and his Superbowl performances. The best, hands down.",4,0,1,kidSubliminal,Raf.,280,433,"Lady Gaga is a great performer. But no one can touch Bruno Mars and his Superbowl performances. The best, hands down.",6,2,2017
https://twitter.com/highestyellow/status/828414094403391488,2017-02-06 01:24:45+00:00,828414094403391488,Bruno Mars best Superbowl performance I've ever seen don't @ me,3,0,4,highestyellow,The Foundation,702,515,Bruno Mars best Superbowl performance I've ever seen don't @ me,6,2,2017
https://twitter.com/DaylightVisuals/status/828414051281727490,2017-02-06 01:24:35+00:00,828414051281727490,Bruno Mars would've killed it with 24k Magic. #SuperBowl #SB51,11,0,13,DaylightVisuals,Daylight Photography,22971,3,Bruno Mars would've killed it with 24k Magic. #SuperBowl #SB51,6,2,2017
https://twitter.com/LetUsPrayAtSix/status/828413977306730496,2017-02-06 01:24:18+00:00,828413977306730496,I miss Bruno Mars #SuperBowl  #SuperBowlSunday  #HalfTimeShow,1,0,1,LetUsPrayAtSix,Standing Up To Tyranny,2545,3638,"I miss Bruno Mars
#SuperBowl 
#SuperBowlSunday 
#HalfTimeShow",6,2,2017
https://twitter.com/A_HappiestMouse/status/828413900836200449,2017-02-06 01:23:59+00:00,828413900836200449,Bruno Mars 2 years ago still the best #HalfTimeShow performance in the last 5 years. @BrunoMars #SuperBowl,1,1,1,A_HappiestMouse,Shane (The Happiest Mouse Podcast),195,336,Bruno Mars 2 years ago still the best #HalfTimeShow performance in the last 5 years. @BrunoMars #SuperBowl,6,2,2017
https://twitter.com/markjburns88/status/828413886449729536,2017-02-06 01:23:56+00:00,828413886449729536,"#SuperBowl HT shows by Bruno Mars-Beyoncé saw music sales increase 92% &amp; 59%, respectively, after performances (via @Forbes) #PepsiHalftime",1,1,5,markjburns88,Mark J. Burns,18563,1426,"#SuperBowl HT shows by Bruno Mars-Beyoncé saw music sales increase 92% &amp; 59%, respectively, after performances (via @Forbes) #PepsiHalftime",6,2,2017
https://twitter.com/_BobbyB/status/828413481468702720,2017-02-06 01:22:19+00:00,828413481468702720,I think Bruno Mars did better last year lol #PepsiHalftime #SuperBowl,8,3,29,_BobbyB,.,44653,39962,I think Bruno Mars did better last year lol #PepsiHalftime #SuperBowl,6,2,2017
https://twitter.com/JamOfAIITrades/status/828413419791511552,2017-02-06 01:22:05+00:00,828413419791511552,I mean no shade when I say this but  Bruno Mars had the best halftime show ever. #SuperBowl https://t.co/BNYW6dQGr6,7,0,5,JamOfAIITrades,A Bomb in Gilead,1712,1446,I mean no shade when I say this but  Bruno Mars had the best halftime show ever. #SuperBowl https://t.co/BNYW6dQGr6,6,2,2017
https://twitter.com/lifted_truth/status/828413370407714817,2017-02-06 01:21:53+00:00,828413370407714817,They should have Beyonce and Bruno Mars do the Superbowl halftime show every year,2,0,1,lifted_truth,Mr.HistoryTeacher,1544,1670,They should have Beyonce and Bruno Mars do the Superbowl halftime show every year,6,2,2017
https://twitter.com/BekahKayAkers/status/828413315487453184,2017-02-06 01:21:40+00:00,828413315487453184,"Gaga has a great voice, but why we gotta dress like we're going to Mars? #superbowl",1,1,1,BekahKayAkers,Rebekah Kay Akers,104,133,"Gaga has a great voice, but why we gotta dress like we're going to Mars? #superbowl",6,2,2017
https://twitter.com/c_mars_/status/828413290883616768,2017-02-06 01:21:34+00:00,828413290883616768,My dad and I just spent five minutes discussing the #keytar #SuperBowl #gaga,1,0,1,c_mars_,Cindy Marshall,399,886,My dad and I just spent five minutes discussing the #keytar #SuperBowl #gaga,6,2,2017
https://twitter.com/RossBrown__/status/828413224181723138,2017-02-06 01:21:18+00:00,828413224181723138,This is terrible. I feel weird for watching this. Bruno Mars put on the best #SuperBowl show since MJ did it. Bring back Bruno next year,1,1,4,RossBrown__,Raisin' Kane...& Bo,313,289,This is terrible. I feel weird for watching this. Bruno Mars put on the best #SuperBowl show since MJ did it. Bring back Bruno next year,6,2,2017
https://twitter.com/shalimazandria/status/828413217223356417,2017-02-06 01:21:16+00:00,828413217223356417,Lady Gaga is doing a great job but NOTHING will ever surpass Bruno Mars and Beyoncé's performance. Y'all hear me?! #SuperBowl https://t.co/Y4q2ZtPcWX,1,0,5,shalimazandria,Shalima,606,756,Lady Gaga is doing a great job but NOTHING will ever surpass Bruno Mars and Beyoncé's performance. Y'all hear me?! #SuperBowl https://t.co/Y4q2ZtPcWX,6,2,2017
https://twitter.com/TheLauraManzi/status/828413139087716353,2017-02-06 01:20:58+00:00,828413139087716353,No one can beat Bruno Mars' halftime show in 2014. #SuperBowl #LadyGagaIsNotMyHalfTimeShow,4,1,3,TheLauraManzi,Laura Manzi,79,81,No one can beat Bruno Mars' halftime show in 2014. #SuperBowl #LadyGagaIsNotMyHalfTimeShow,6,2,2017
https://twitter.com/Sarocious/status/828413123606482944,2017-02-06 01:20:54+00:00,828413123606482944,Bruno Mars is still my favorite halftime performer #PepsiHalftime #SuperBowl,1,1,1,Sarocious,Sarah,685,950,Bruno Mars is still my favorite halftime performer #PepsiHalftime #SuperBowl,6,2,2017
https://twitter.com/G_COLDS/status/828413068883406848,2017-02-06 01:20:41+00:00,828413068883406848,Nobody did SuperBowl better than Bruno Mars,11,1,15,G_COLDS,Mr. Good NRGY,999,451,Nobody did SuperBowl better than Bruno Mars,6,2,2017
https://twitter.com/JakeAbrey/status/828413056766136321,2017-02-06 01:20:38+00:00,828413056766136321,I think we can all agree that Bruno Mars and Beyoncé should perform the halftime show every year. #SuperBowl,2,0,2,JakeAbrey,Jake Abrey,212,232,I think we can all agree that Bruno Mars and Beyoncé should perform the halftime show every year. #SuperBowl,6,2,2017
https://twitter.com/elbertedison/status/828413035320537088,2017-02-06 01:20:33+00:00,828413035320537088,Gaga making us forget who Beyonce and Bruno Mars is real quick. #SuperBowl #pepsihalftimeshow,1,0,2,elbertedison,Elbert Edison,204,834,Gaga making us forget who Beyonce and Bruno Mars is real quick. #SuperBowl #pepsihalftimeshow,6,2,2017
https://twitter.com/_Matt07/status/828412986637316097,2017-02-06 01:20:21+00:00,828412986637316097,"Watching the superbowl, Brady's getting battered like a mars bar in Glasgow. #GoFalcons",2,0,0,_Matt07,Matthew Harvey 🏴󠁧󠁢󠁷󠁬󠁳󠁿,118,333,"Watching the superbowl, Brady's getting battered like a mars bar in Glasgow. #GoFalcons",6,2,2017
https://twitter.com/MissesA83/status/828412956476076034,2017-02-06 01:20:14+00:00,828412956476076034,#SuperBowl Beyonce and Bruno Mars had the best halftime performance so far,1,0,2,MissesA83,Birth Babe,470,501,#SuperBowl Beyonce and Bruno Mars had the best halftime performance so far,6,2,2017
https://twitter.com/thetalkdiva/status/828412907977322496,2017-02-06 01:20:03+00:00,828412907977322496,Am I wrong for wanting  Bruno Mars back? #PepsiHalftime #SuperBowl,1,2,8,thetalkdiva,Monica Haynes,1342,2683,Am I wrong for wanting  Bruno Mars back? #PepsiHalftime #SuperBowl,6,2,2017
https://twitter.com/YourFavDeafGuy/status/828412587855351808,2017-02-06 01:18:46+00:00,828412587855351808,Why can't Bruno Mars uptown funk this bitch outta the halftime show? #SuperBowl #HalftimeShow,1,0,4,YourFavDeafGuy,Deaf Greg,4067,793,Why can't Bruno Mars uptown funk this bitch outta the halftime show? #SuperBowl #HalftimeShow,6,2,2017
https://twitter.com/benJhoffner/status/828412539063136257,2017-02-06 01:18:35+00:00,828412539063136257,Can't we have Bruno Mars coming back every year? #SuperBowl,2,0,4,benJhoffner,benJ.👁‍🗨,6815,933,Can't we have Bruno Mars coming back every year? #SuperBowl,6,2,2017
https://twitter.com/CLEsportsNSHlaw/status/828412418233663489,2017-02-06 01:18:06+00:00,828412418233663489,Bring back Bruno Mars #SuperBowl #Superbowlhalftime,4,0,4,CLEsportsNSHlaw,Artist Formerly Known as T,331,835,Bring back Bruno Mars #SuperBowl #Superbowlhalftime,6,2,2017
https://twitter.com/TweetGODRight/status/828412255784034306,2017-02-06 01:17:27+00:00,828412255784034306,Superbowl half time show just ain't 🔥if Beyonce or Bruno Mars isn't apart of it....no hating just facts. 💯💯💯 #SuperBowl,3,2,0,TweetGODRight,Mark,3767,3687,Superbowl half time show just ain't 🔥if Beyonce or Bruno Mars isn't apart of it....no hating just facts. 💯💯💯 #SuperBowl,6,2,2017
https://twitter.com/pellelindberg31/status/828412218995777536,2017-02-06 01:17:18+00:00,828412218995777536,Bring Back Bruno Mars !! #SuperBowl,6,0,7,pellelindberg31,Flyers,77,495,Bring Back Bruno Mars !! #SuperBowl,6,2,2017
https://twitter.com/mihirt25/status/828412218081419264,2017-02-06 01:17:18+00:00,828412218081419264,Nothing beats Bruno Mars performance from a few years ago #SuperBowl #HalfTimeShow,17,0,23,mihirt25,MT,251,248,Nothing beats Bruno Mars performance from a few years ago #SuperBowl #HalfTimeShow,6,2,2017
https://twitter.com/CG_FlyTheW/status/828412123084627968,2017-02-06 01:16:55+00:00,828412123084627968,We deserve Bruno Mars. #SuperBowl,1,0,2,CG_FlyTheW,Carlos Garcia,940,893,We deserve Bruno Mars. #SuperBowl,6,2,2017
https://twitter.com/five_six_jt/status/828412081552625664,2017-02-06 01:16:46+00:00,828412081552625664,How long til Bruno Mars gets to appear from the ether and blow Gaga off the stage? #SuperBowl,2,0,1,five_six_jt,JT,91,500,How long til Bruno Mars gets to appear from the ether and blow Gaga off the stage? #SuperBowl,6,2,2017
https://twitter.com/Hereaux_KB/status/828412050300735488,2017-02-06 01:16:38+00:00,828412050300735488,Bruno Mars &gt;&gt;&gt;&gt;&gt;&gt;&gt;&gt;&gt;&gt;  #Superbowl,1,0,1,Hereaux_KB,KB_Hereaux,580,1925,"Bruno Mars &gt;&gt;&gt;&gt;&gt;&gt;&gt;&gt;&gt;&gt; 
#Superbowl",6,2,2017
https://twitter.com/annaheverin/status/828411261117407233,2017-02-06 01:13:30+00:00,828411261117407233,"Tough act to follow last year with Beyoncé, Bruno Mars &amp; Coldplay #HalfTimeShow #SuperBowl",1,0,3,annaheverin,Anna Heverin,1946,4999,"Tough act to follow last year with Beyoncé, Bruno Mars &amp; Coldplay #HalfTimeShow #SuperBowl",6,2,2017
https://twitter.com/erinabletweets/status/828410849312243713,2017-02-06 01:11:52+00:00,828410849312243713,"I know I say this every year, but last year it worked: I really hope Bruno Mars is a surprise guest at the #SuperBowl",2,0,6,erinabletweets,Erin Wood,256,182,"I know I say this every year, but last year it worked: I really hope Bruno Mars is a surprise guest at the #SuperBowl",6,2,2017
https://twitter.com/sGomez809/status/828410519467999232,2017-02-06 01:10:33+00:00,828410519467999232,They should've got Bruno Mars AGAIN for the halftime show. #SuperBowl,5,0,2,sGomez809,Stephan Gomez,179,298,They should've got Bruno Mars AGAIN for the halftime show. #SuperBowl,6,2,2017
https://twitter.com/thatjazzlover/status/828410406469238785,2017-02-06 01:10:06+00:00,828410406469238785,Can Bruno Mars do the Superbowl again?? Without Beyoncé...,3,1,1,thatjazzlover,Kovy,1811,2388,Can Bruno Mars do the Superbowl again?? Without Beyoncé...,6,2,2017
https://twitter.com/STYDIALMAO/status/828410092135419905,2017-02-06 01:08:51+00:00,828410092135419905,no offense to lady gaga but NOTHING will ever beat beyonce and bruno mars' superbowl performance,2,0,1,STYDIALMAO,hoco?!,253,76,no offense to lady gaga but NOTHING will ever beat beyonce and bruno mars' superbowl performance,6,2,2017
https://twitter.com/mars_palacio/status/828407206848634882,2017-02-06 00:57:23+00:00,828407206848634882,GAME TIME! good luck @ladygaga ❤️ YOU WILL SLAY! Love you! #SuperBowl #PepsiHalftime #SB51 #LittleMonsters #LadyGaga https://t.co/k5TwfdIWWA,18,1,43,mars_palacio,Marciano Palácio 🤝 HOLD MY HAND,4042,792,GAME TIME! good luck @ladygaga ❤️ YOU WILL SLAY! Love you! #SuperBowl #PepsiHalftime #SB51 #LittleMonsters #LadyGaga https://t.co/k5TwfdIWWA,6,2,2017
https://twitter.com/BakerBone/status/828405684949626880,2017-02-06 00:51:20+00:00,828405684949626880,Bruno Mars should be contractually obligated to perform at every Superbowl half-time show! #SuperBowl https://t.co/lv05Kvgbp0,1,2,3,BakerBone,@Baker-Bone,3781,1719,Bruno Mars should be contractually obligated to perform at every Superbowl half-time show! #SuperBowl https://t.co/lv05Kvgbp0,6,2,2017
https://twitter.com/jgumalo_62/status/828403399305539585,2017-02-06 00:42:16+00:00,828403399305539585,Bruno Mars should be in the Halftime Show this year. #SuperBowl,5,0,3,jgumalo_62,Joseph Gumalo,223,1052,Bruno Mars should be in the Halftime Show this year. #SuperBowl,6,2,2017
https://twitter.com/_rosaLynp/status/828403287904837635,2017-02-06 00:41:49+00:00,828403287904837635,Waiting for #Superbowl halftime show... ⏱ I like Bruno Mars back.,2,0,1,_rosaLynp,nylasor,194,1594,Waiting for #Superbowl halftime show... ⏱ I like Bruno Mars back.,6,2,2017
https://twitter.com/TheJimmyMurray/status/828403204631195648,2017-02-06 00:41:29+00:00,828403204631195648,Wait. Bruno Mars isn't the halftime show? #SuperBowl,2,0,2,TheJimmyMurray,Jimmy Murray,2027,1051,Wait. Bruno Mars isn't the halftime show? #SuperBowl,6,2,2017
https://twitter.com/VonDecarlo/status/828399858507714560,2017-02-06 00:28:11+00:00,828399858507714560,Is Bruno Mars crashing the Gaga halftime party? I cant foresee this being worth it otherwise. Even Bey needed Bruno. Ijs... #Superbowl,2,1,2,VonDecarlo,Von Decarlo,16805,644,Is Bruno Mars crashing the Gaga halftime party? I cant foresee this being worth it otherwise. Even Bey needed Bruno. Ijs... #Superbowl,6,2,2017
https://twitter.com/NINETIESRNB/status/828398630214176770,2017-02-06 00:23:19+00:00,828398630214176770,and let's not forget Coldplay's Super Bowl performance bc of Bruno Mars and Beyoncé being unapologetically black!! #SuperBowl https://t.co/1XvEai7yyR,18,1,26,NINETIESRNB,khalia. | mrs. michael corleone,35760,20745,and let's not forget Coldplay's Super Bowl performance bc of Bruno Mars and Beyoncé being unapologetically black!! #SuperBowl https://t.co/1XvEai7yyR,6,2,2017
https://twitter.com/gottaloveavatar/status/828397359377874944,2017-02-06 00:18:16+00:00,828397359377874944,"....How are you gonna go from Beyonce, Bruno Mars, and Coldplay to Lady GaGa...??? #SuperBowl",1,0,1,gottaloveavatar,Mia 😋✌🏾,96,283,"....How are you gonna go from Beyonce, Bruno Mars, and Coldplay to Lady GaGa...??? #SuperBowl",6,2,2017
https://twitter.com/astrotweeps/status/828396576993378306,2017-02-06 00:15:09+00:00,828396576993378306,"Into the red zone. The whole of Mars is a red zone thanks to it's rusty, iron-rich surface #SuperBowl",1,1,2,astrotweeps,astrotweeps: Pratik (@astrogandhi),11315,984,"Into the red zone. The whole of Mars is a red zone thanks to it's rusty, iron-rich surface #SuperBowl",6,2,2017
https://twitter.com/PlusRating/status/828394257593544711,2017-02-06 00:05:56+00:00,828394257593544711,🇺🇸 #Rating &gt;&gt; shows del #SuperBowl  2012 Madonna 112.5M 2013 Beyonce 104M 2014 Bruno Mars 115.3M 2015 Katy Perry 118.5M 2016 Coldplay 115.5M,1,0,7,PlusRating,PLUS RATING,25674,98,"🇺🇸 #Rating &gt;&gt; shows del #SuperBowl

2012 Madonna 112.5M
2013 Beyonce 104M
2014 Bruno Mars 115.3M
2015 Katy Perry 118.5M
2016 Coldplay 115.5M",6,2,2017
https://twitter.com/rickmanhoe/status/828389768333504512,2017-02-05 23:48:06+00:00,828389768333504512,"Have a feeling that Bruno Mars will perform on #SuperBowl next year for the 3rd time, and gonna slay ofc 👏",2,0,2,rickmanhoe,deb 🐺,11648,9381,"Have a feeling that Bruno Mars will perform on #SuperBowl next year for the 3rd time, and gonna slay ofc 👏",5,2,2017
https://twitter.com/AmyGrimesSuxx/status/828381097885069316,2017-02-05 23:13:38+00:00,828381097885069316,Lady Gaga #SuperBowl art by @mars_palacio #SB51 @ladygaga #PepsiHalftime #GagaBowl #Gaga WE LOVE YOU GAGA! 💖👑🎉💐 https://t.co/Vl7FuUbCF4,1,0,10,AmyGrimesSuxx,Amy | Lady Gaga 🏳️‍🌈,7865,812,"Lady Gaga #SuperBowl art by @mars_palacio #SB51 @ladygaga #PepsiHalftime #GagaBowl #Gaga WE LOVE YOU GAGA!
💖👑🎉💐 https://t.co/Vl7FuUbCF4",5,2,2017
https://twitter.com/MannyThaMann/status/828367410877100034,2017-02-05 22:19:15+00:00,828367410877100034,TOP 3 SUPER BOWL HALFTIME PERFORMANCES  #3 BRUNO MARS #2 MICHAEL JACKSON #1 PRINCE  @NFL  #SuperBowl  #PepsiHalftime  #SuperBowlHalftime,2,0,5,MannyThaMann,Emmanuel Manny Bermudez,108,203,"TOP 3 SUPER BOWL HALFTIME PERFORMANCES

#3 BRUNO MARS
#2 MICHAEL JACKSON
#1 PRINCE

@NFL 
#SuperBowl 
#PepsiHalftime 
#SuperBowlHalftime",5,2,2017
https://twitter.com/SpevcoInc/status/828344533876342785,2017-02-05 20:48:21+00:00,828344533876342785,Are you ready to go to Mars before the big game? #SB51 @SuperBowl 51 @NFLMedia @NFLonFOX @ESPNMondayNight @ESPNNFL @LockheedMartin https://t.co/L0A9H0HfQH,1,0,3,SpevcoInc,"SPEVCO, Inc",1306,2084,Are you ready to go to Mars before the big game? #SB51 @SuperBowl 51 @NFLMedia @NFLonFOX @ESPNMondayNight @ESPNNFL @LockheedMartin https://t.co/L0A9H0HfQH,5,2,2017
https://twitter.com/1975jetsfan4/status/828324871570673664,2017-02-05 19:30:13+00:00,828324871570673664,1.  Prince 2.  U2 3.  Bruno Mars 4.  Rolling Stones 5.  Bruce Springsteen #SuperBowl https://t.co/OdSmNqTRN3,1,3,1,1975jetsfan4,Travis Glover,866,1009,"1.  Prince
2.  U2
3.  Bruno Mars
4.  Rolling Stones
5.  Bruce Springsteen
#SuperBowl twitter.com/BiasedGirl/sta…",5,2,2017
https://twitter.com/uncommonnlegend/status/828321420895731713,2017-02-05 19:16:30+00:00,828321420895731713,Beyoncé's #SuperBowl performance with Bruno Mars is still iconic.,1,0,0,uncommonnlegend,.,3553,396,Beyoncé's #SuperBowl performance with Bruno Mars is still iconic.,5,2,2017
https://twitter.com/Vemar_/status/828298297949425664,2017-02-05 17:44:37+00:00,828298297949425664,No Bruno Mars no party. #SuperBowl,1,0,1,Vemar_,Vero,549,270,No Bruno Mars no party. #SuperBowl,5,2,2017
https://twitter.com/jualtorres/status/828292431934271490,2017-02-05 17:21:19+00:00,828292431934271490,Rating Shows #Superbowl  2012 Madonna 112.5M 2013 Beyonce 104M 2014 Bruno Mars 115.3M 2015 Katy Perry 118.5M 2016 Coldplay 115.5M,3,0,3,jualtorres,Juan Torres,32350,4904,"Rating Shows #Superbowl 
2012 Madonna 112.5M
2013 Beyonce 104M
2014 Bruno Mars 115.3M
2015 Katy Perry 118.5M
2016 Coldplay 115.5M",5,2,2017
https://twitter.com/RealTimeRating/status/828291003039752193,2017-02-05 17:15:38+00:00,828291003039752193,#Rating #SuperBowl  &gt; Shows   2012 Madonna 112.5M 2013 Beyonce 104M 2014 Bruno Mars 115.3M 2015 Katy Perry 118.5M 2016 Coldplay 115.5M,7,0,10,RealTimeRating,Real Time 📈,246939,796,"#Rating #SuperBowl 
&gt; Shows 

2012 Madonna 112.5M
2013 Beyonce 104M
2014 Bruno Mars 115.3M
2015 Katy Perry 118.5M
2016 Coldplay 115.5M",5,2,2017
https://twitter.com/EvaMcL3/status/828286249635024897,2017-02-05 16:56:45+00:00,828286249635024897,Beyoncé performing Formation (and a dance-off with Bruno Mars) at Superbowl 50 ❤ https://t.co/uMa8Lq7r6S,11,3,21,EvaMcL3,Eva McLaughlin 🏳️‍🌈,10432,1263,Beyoncé performing Formation (and a dance-off with Bruno Mars) at Superbowl 50 ❤ https://t.co/uMa8Lq7r6S,5,2,2017
https://twitter.com/Bubbsie23/status/828265317663178752,2017-02-05 15:33:34+00:00,828265317663178752,On Superbowl Sunday day I like to remind people that Bruno Mars arguably had the best half time show of all time #UnorthodoxJukebox,3,1,6,Bubbsie23,Seasonal Depression Lightspeed Rescue ⚡🚨🚒,205,361,On Superbowl Sunday day I like to remind people that Bruno Mars arguably had the best half time show of all time #UnorthodoxJukebox,5,2,2017
https://twitter.com/mars_palacio/status/828218760351850496,2017-02-05 12:28:34+00:00,828218760351850496,"TODAY @ladygaga WILL SLAY!   ""The riskiest thing you can bet on is yourself.""   #SB51 #SuperBowl #PepsiHalftime #ladygaga #LittleMonsters https://t.co/W0hGxpApkr",11,0,19,mars_palacio,Marciano Palácio 🤝 HOLD MY HAND,4042,792,"TODAY @ladygaga WILL SLAY! 

""The riskiest thing you can bet on is yourself."" 

#SB51 #SuperBowl #PepsiHalftime #ladygaga #LittleMonsters https://t.co/W0hGxpApkr",5,2,2017
https://twitter.com/NatalieMcBee/status/828173511684390912,2017-02-05 09:28:46+00:00,828173511684390912,Bruno Mars - 24K Magic [Official Video] #SuperBowl #BrunoMars https://t.co/Yjo1O4Nyo2,1,0,0,NatalieMcBee,Natalie McBee,1689,5002,Bruno Mars - 24K Magic [Official Video] #SuperBowl #BrunoMars youtu.be/UqyT8IEBkvY,5,2,2017
https://twitter.com/ex24k_yu/status/828159387944382465,2017-02-05 08:32:39+00:00,828159387944382465,"Bruno Mars Superbowl Halftime Show Feb. 2, 2014 https://t.co/VzTNBQORUQ",1,0,0,ex24k_yu,Yuto,528,759,"Bruno Mars Superbowl Halftime Show Feb. 2, 2014 youtube.com/watch?v=vV8p4f…",5,2,2017
https://twitter.com/amusementtoday/status/828127195042177025,2017-02-05 06:24:43+00:00,828127195042177025,#MARS ATTRACTS: #VR-enhanced drop tower ride sponsored by #NASA makes for a #SuperBowl side #attraction in #Houston: https://t.co/5zqKWf8pyb https://t.co/jYlvyIAMmL,5,0,17,amusementtoday,Amusement Today,7140,178,#MARS ATTRACTS: #VR-enhanced drop tower ride sponsored by #NASA makes for a #SuperBowl side #attraction in #Houston: goo.gl/Xz3PBQ https://t.co/jYlvyIAMmL,5,2,2017
https://twitter.com/Leizer08/status/828038964451741696,2017-02-05 00:34:08+00:00,828038964451741696,Human Superbowl Bruno Mars Carpool Karaoke https://t.co/8Z21YxoT6j via @YouTube  #alliask #bestcover #iheartawards,3,0,1,Leizer08,hershey08,2771,265,Human Superbowl Bruno Mars Carpool Karaoke youtu.be/AFxCO_DyzYM via @YouTube  #alliask #bestcover #iheartawards,5,2,2017
