url,Datetime,Tweet Id,Text,Retweet Count,Reply Count,Like Count,Username,Display Name,Followers Count,Friends Count,Rendered Content,Day,Month,Year
https://twitter.com/BW_React/status/960652511123312641,2018-02-05 23:13:01+00:00,960652511123312641,Biggest mention spikes for ads during the #SuperBowl: #1: @Doritos &amp; @MountainDew #2: @TMobile #3: @DietCoke #4: @Budweiser #5: @Dodge  https://t.co/IXqi9mII7V https://t.co/bFwFrnGsSs,2,1,0,BW_React,Brandwatch React,41134,3790,"Biggest mention spikes for ads during the #SuperBowl:
#1: @Doritos &amp; @MountainDew
#2: @TMobile
#3: @DietCoke
#4: @Budweiser
#5: @Dodge
 brnw.ch/2EIVy2D https://t.co/bFwFrnGsSs",5,2,2018
https://twitter.com/simmons_sharpe/status/960594503806668800,2018-02-05 19:22:31+00:00,960594503806668800,How did @Wendys and @Budweiser win the #SuperBowl? Our own @heathersimmons looks at 2 different and effective ad strategies: https://t.co/lQNmxr9DDT,2,1,3,simmons_sharpe,Simmons Sharpe,50,197,How did @Wendys and @Budweiser win the #SuperBowl? Our own @heathersimmons looks at 2 different and effective ad strategies: bit.ly/2sbDECX,5,2,2018
https://twitter.com/RehmanSid/status/960585288857866240,2018-02-05 18:45:54+00:00,960585288857866240,Budweiser spent $5 million on a #SuperBowl ad to gloat about how they donated $100k of water for hurricane relief.,17,5,47,RehmanSid,Rehman Siddiq,122614,1107,Budweiser spent $5 million on a #SuperBowl ad to gloat about how they donated $100k of water for hurricane relief.,5,2,2018
https://twitter.com/matt_cook_97/status/960558193666437120,2018-02-05 16:58:14+00:00,960558193666437120,"Between Dodge using MLK to sell trucks, Hyundai accusing people who don't own Hyundai's of being pro-cancer, and Budweiser spending $5 million to brag about them donating $100k worth of water, this year has had the worst superbowl commercials in a while.",1,0,7,matt_cook_97,Matt Cook,90,17,"Between Dodge using MLK to sell trucks, Hyundai accusing people who don't own Hyundai's of being pro-cancer, and Budweiser spending $5 million to brag about them donating $100k worth of water, this year has had the worst superbowl commercials in a while.",5,2,2018
https://twitter.com/ChampsFEC/status/960542797106438145,2018-02-05 15:57:03+00:00,960542797106438145,"Just a FEW of the winners from last night!  Thanks to EVERYONE who came out to our Super Bowl Party last night, what an AMAZING game.... And yes, we gave away $150 jerseys 😉  Today &amp; tomorrow = $5 pints 🍺  #MiltonON #Beer #Bud #Budweiser #SuperBowl #Winners @CanadaReTweet https://t.co/UuFxaIztVf",1,0,1,ChampsFEC,Champs FEC,1674,2075,"Just a FEW of the winners from last night!

Thanks to EVERYONE who came out to our Super Bowl Party last night, what an AMAZING game.... And yes, we gave away $150 jerseys 😉

Today &amp; tomorrow = $5 pints 🍺

#MiltonON #Beer #Bud #Budweiser #SuperBowl #Winners @CanadaReTweet https://t.co/UuFxaIztVf",5,2,2018
https://twitter.com/hajones33/status/960541684647038976,2018-02-05 15:52:38+00:00,960541684647038976,"Hey @Budweiser @budweiserusa, From all of America, we miss the puppy &amp; the Clydesdales! Please bring them back next year &amp; regain the best @SuperBowl commercial again. Sincerely,  a puppy &amp; Clydesdale fan! Now let’s reminisce! https://t.co/pWkFeuGIeY",2,0,3,hajones33,Heather Jones,1247,1219,"Hey @Budweiser @budweiserusa,
From all of America, we miss the puppy &amp; the Clydesdales! Please bring them back next year &amp; regain the best @SuperBowl commercial again. Sincerely,  a puppy &amp; Clydesdale fan! Now let’s reminisce! twitter.com/rsafilms/statu…",5,2,2018
https://twitter.com/esquire/status/960541063378333697,2018-02-05 15:50:10+00:00,960541063378333697,Toyota and Budweiser delivered two of the most memorable #SuperBowl ads https://t.co/BNvqNX19kJ,1,0,10,esquire,Esquire,434854,3523,Toyota and Budweiser delivered two of the most memorable #SuperBowl ads esqr.co/WzNuafT,5,2,2018
https://twitter.com/alextabaj/status/960504826575585280,2018-02-05 13:26:10+00:00,960504826575585280,Budweiser's #SuperBowl Ad Taps The Brand's Best #Marketing Tool - https://t.co/ElGA3U19kt #advertising #socialmedia #videomarketing https://t.co/dBbHIS9bD5,1,0,1,alextabaj,Alex Tabaj,1895,768,Budweiser's #SuperBowl Ad Taps The Brand's Best #Marketing Tool - buff.ly/2E3NMPE #advertising #socialmedia #videomarketing https://t.co/dBbHIS9bD5,5,2,2018
https://twitter.com/adage/status/960476417690669057,2018-02-05 11:33:17+00:00,960476417690669057,Amazon Alexa loses her voice but wins @USAToday #SuperBowl Ad Meter @amazonecho @nfl @budweiser @doritos @toyota https://t.co/AEwoCjbiIY https://t.co/3MTqMYY3g3,13,2,29,adage,Ad Age,1001959,73298,Amazon Alexa loses her voice but wins @USAToday #SuperBowl Ad Meter @amazonecho @nfl @budweiser @doritos @toyota bit.ly/2EJGpyc https://t.co/3MTqMYY3g3,5,2,2018
https://twitter.com/TheBusinessShow/status/960455616115429376,2018-02-05 10:10:37+00:00,960455616115429376,Budweiser's #superbowl advert showing the benefits of taking the time to do your research with the ad achieving 12 million views on YouTube alone! https://t.co/gnyknHf54l,1,0,0,TheBusinessShow,The Business Show,30150,13772,"Budweiser's #superbowl advert showing the benefits of taking the time to do your research with the ad achieving 12 million views on YouTube alone!
ow.ly/yoNJ30icxfg",5,2,2018
https://twitter.com/joseramonmarmtz/status/960426285376983040,2018-02-05 08:14:04+00:00,960426285376983040,I almost thought those were Budweiser and Mr. Clean commercials! @DavidKHarbour fooled me. #SuperBowl @tide  https://t.co/bAsabv7E94,1,0,1,joseramonmarmtz,Jose Ramon Marquez,2143,920,I almost thought those were Budweiser and Mr. Clean commercials! @DavidKHarbour fooled me. #SuperBowl @tide  youtu.be/qkcZbhTAznQ,5,2,2018
https://twitter.com/faaezsamadi/status/960414358487515136,2018-02-05 07:26:41+00:00,960414358487515136,"It beat Pepsi, Budweiser, Coke &amp; Skittles, US stalwarts of #SuperBowl ads. Hats off @TourismAus for a cracking campaign. https://t.co/s4C5ncnNb3 https://t.co/37uQ2vtbhP",1,0,2,faaezsamadi,Faaez Samadi,587,786,"It beat Pepsi, Budweiser, Coke &amp; Skittles, US stalwarts of #SuperBowl ads. Hats off @TourismAus for a cracking campaign. bit.ly/2nJ4Vrb https://t.co/37uQ2vtbhP",5,2,2018
https://twitter.com/ImManaal/status/960390780056616960,2018-02-05 05:52:59+00:00,960390780056616960,*never seen a game but sees opportunity* Hello. I had the honor of being the post producer for creative on this beautiful #SuperBowl ad. Not sure why I suddenly have so many successful commercials but please continue congratulating me. Budweiser |:60 https://t.co/oU1mJDoX07,1,2,8,ImManaal,Manaal,1285,432,"*never seen a game but sees opportunity* Hello. I had the honor of being the post producer for creative on this beautiful #SuperBowl ad. Not sure why I suddenly have so many successful commercials but please continue congratulating me.
Budweiser |:60 youtu.be/zzQsGL_F9_c",5,2,2018
https://twitter.com/danbondagebabes/status/960363436017319936,2018-02-05 04:04:20+00:00,960363436017319936,#beautiful #Beauties Is there anything more beautiful Than a sexy brunette in white blouse and denim skirt??NO!! #Budweiser #SuperBowl https://t.co/q5qNcyjvEj,4,0,19,danbondagebabes,bondagebabes,11533,954,"#beautiful #Beauties Is there anything more beautiful Than a sexy brunette
in white blouse and denim skirt??NO!! #Budweiser #SuperBowl https://t.co/q5qNcyjvEj",5,2,2018
https://twitter.com/SeanForney/status/960357346638745601,2018-02-05 03:40:08+00:00,960357346638745601,Hey @Budweiser you might want to switch the machines to making water again..... #PrayForPhilly 😅 #Superbowl,1,0,3,SeanForney,Sean Forney,194,323,Hey @Budweiser you might want to switch the machines to making water again..... #PrayForPhilly 😅 #Superbowl,5,2,2018
https://twitter.com/dudeitsice/status/960357089334910976,2018-02-05 03:39:07+00:00,960357089334910976,The @Budweiser #SuperBowl ad they didn't show you.. @itsMEhuggie https://t.co/q7v903gofJ,3,0,5,dudeitsice,Amanda ICE Habrowski,6591,2940,The @Budweiser #SuperBowl ad they didn't show you.. @itsMEhuggie https://t.co/q7v903gofJ,5,2,2018
https://twitter.com/giovannimoujaes/status/960352593259118592,2018-02-05 03:21:15+00:00,960352593259118592,One thing I learned this game: @greta is the new Budweiser MVP. #SuperBowl,4,4,117,giovannimoujaes,Giovanni Moujaes,986,1085,One thing I learned this game: @greta is the new Budweiser MVP. #SuperBowl,5,2,2018
https://twitter.com/DennyBurkholder/status/960352299691446272,2018-02-05 03:20:05+00:00,960352299691446272,"Congrats, Eagles fans. Don't let Budweiser skip out on that beer bet. #SuperBowl",4,2,19,DennyBurkholder,Denny Burkholder,3042,1057,"Congrats, Eagles fans. Don't let Budweiser skip out on that beer bet. #SuperBowl",5,2,2018
https://twitter.com/cmclymer/status/960350403245297664,2018-02-05 03:12:33+00:00,960350403245297664,The MLK ad.  The Budweiser ad.  The Hyundai ad.  Let’s call out #CreepyCapitalism. Don’t exploit social inequality issues and suffering for profit.  #SuperBowl,543,70,2628,cmclymer,Charlotte Clymer 🏳️‍⚧️🇺🇦,383730,6109,"The MLK ad.

The Budweiser ad.

The Hyundai ad.

Let’s call out #CreepyCapitalism. Don’t exploit social inequality issues and suffering for profit.

#SuperBowl",5,2,2018
https://twitter.com/BrewStuds/status/960349280199471104,2018-02-05 03:08:05+00:00,960349280199471104,"'Neither #Budweiser’s good deeds, nor its slick marketing, can camouflage what’s happened to the once-ubiquitous brand: Budweiser is in the midst of a long, steady decline'  #beer #superbowl #sb52 #sblii #dillydilly https://t.co/E9OmkbQumU",12,2,28,BrewStuds,Tornado Alley Aleworks,80932,11927,"'Neither #Budweiser’s good deeds, nor its slick marketing, can camouflage what’s happened to the once-ubiquitous brand: Budweiser is in the midst of a long, steady decline'

#beer #superbowl #sb52 #sblii #dillydilly ow.ly/xWRZ30ici4a",5,2,2018
https://twitter.com/evagriffin10/status/960347116681027586,2018-02-05 02:59:29+00:00,960347116681027586,Where are the @Budweiser Clydesdales and puppies???? Please don't ruin the #SuperBowl for me! Show me the Clydesdale commercials!!!! 😡 #SuperBowlCommercials #WhereAreYou #BeenWaitingPatiently,2,0,4,evagriffin10,Eva Griffin,619,687,Where are the @Budweiser Clydesdales and puppies???? Please don't ruin the #SuperBowl for me! Show me the Clydesdale commercials!!!! 😡 #SuperBowlCommercials #WhereAreYou #BeenWaitingPatiently,5,2,2018
https://twitter.com/Richard57307834/status/960346802829647877,2018-02-05 02:58:14+00:00,960346802829647877,"Brady rookie card sells for $250,000 on @eBay @ESPN #ESPN https://t.co/SqVp8idy9g #eBaySellers #EBAYStore $EBAY #TomBrady #SuperBowl #Eagles #StevenTyler #Patriots #PepsiHalftime #JustinTimberlake #Halftime #ManOfTheWoods #Budweiser #Commercial @TwitterMktg #BrandBowl #Twitter",1,0,0,Richard57307834,Art Collectible eBay Store,2306,845,"Brady rookie card sells for $250,000 on @eBay @ESPN #ESPN espn.com/nfl/story/_/id… #eBaySellers #EBAYStore $EBAY #TomBrady #SuperBowl #Eagles #StevenTyler #Patriots #PepsiHalftime #JustinTimberlake #Halftime #ManOfTheWoods #Budweiser #Commercial @TwitterMktg #BrandBowl #Twitter",5,2,2018
https://twitter.com/christineniSF/status/960342013123051521,2018-02-05 02:39:12+00:00,960342013123051521,Favorites so far: @MountainDew w/Morgan Freeman rapping as Missy Elliott &amp; @Budweiser Water. #SuperBowlCommercial #SBLII #SuperBowl,1,1,2,christineniSF,Christine Ni 倪君怡,1344,743,Favorites so far: @MountainDew w/Morgan Freeman rapping as Missy Elliott &amp; @Budweiser Water. #SuperBowlCommercial #SBLII #SuperBowl,5,2,2018
https://twitter.com/katwohler/status/960339815337267200,2018-02-05 02:30:28+00:00,960339815337267200,"Looking for the Clydesdales, like... #Clydesdales #Budweiser  #Budweiserclydesdales #SuperBowl https://t.co/r6zy0VhZKo",3,0,7,katwohler,Kat WOhler,79,159,"Looking for the Clydesdales, like...
#Clydesdales #Budweiser  #Budweiserclydesdales #SuperBowl https://t.co/r6zy0VhZKo",5,2,2018
https://twitter.com/primeexperts/status/960337862460956673,2018-02-05 02:22:43+00:00,960337862460956673,Budweiser's #SuperBowl Ad Taps The Brand's Best Marketing Tool https://t.co/dkxHawkRFb #marketingtrends #BrandBowl,1,0,0,primeexperts,Prime Marketing Experts,2775,2750,Budweiser's #SuperBowl Ad Taps The Brand's Best Marketing Tool buff.ly/2FGEqtJ #marketingtrends #BrandBowl,5,2,2018
https://twitter.com/koumdros/status/960336636847501313,2018-02-05 02:17:51+00:00,960336636847501313,Re #Budweiser's #superbowl commercial: I would argue it's more like donkey piss than water as they're implying.,1,0,1,koumdros,koumdros,868,1998,"Re #Budweiser's #superbowl commercial:
I would argue it's more like donkey piss than water as they're implying.",5,2,2018
https://twitter.com/FatherTim/status/960335122682777600,2018-02-05 02:11:50+00:00,960335122682777600,But back to that beer ad. How exactly are you supposed to tell the difference between a can of Budweiser and a can of water? #SuperBowl,2,8,19,FatherTim,Tim Schenck,11336,2098,But back to that beer ad. How exactly are you supposed to tell the difference between a can of Budweiser and a can of water? #SuperBowl,5,2,2018
https://twitter.com/MegaDan_X/status/960334553851232258,2018-02-05 02:09:34+00:00,960334553851232258,@WayForward @Budweiser I feel like the Bud Knight is Shovel Knight's alcoholic cousin. #SuperBowl https://t.co/skuxRetEmn,2,2,5,MegaDan_X,MegaDan_X,243,1918,@WayForward @Budweiser I feel like the Bud Knight is Shovel Knight's alcoholic cousin. #SuperBowl https://t.co/skuxRetEmn,5,2,2018
https://twitter.com/gabe_roldan/status/960334497307865088,2018-02-05 02:09:20+00:00,960334497307865088,Having helped work on the Budweiser SuperBowl commercial and see it play live during the actual game is insane 🇺🇸🇺🇸🇺🇸🦅🦅🦅  https://t.co/7lNgBzVllp,1,1,5,gabe_roldan,Gabriel Roldan,684,553,Having helped work on the Budweiser SuperBowl commercial and see it play live during the actual game is insane 🇺🇸🇺🇸🇺🇸🦅🦅🦅  youtu.be/CxGUmtRLm5g,5,2,2018
https://twitter.com/MrJayWashington/status/960331526113189888,2018-02-05 01:57:32+00:00,960331526113189888,"Hey @budweiserusa nice #SuperBowl commercial but hey just in case you all have been under a rock Flint, Michigan is still without clean water send some trucks there #Budweiser",8,1,27,MrJayWashington,Jay Washington,12332,2110,"Hey @budweiserusa nice #SuperBowl commercial but hey just in case you all have been under a rock Flint, Michigan is still without clean water send some trucks there #Budweiser",5,2,2018
https://twitter.com/realKingOfEarth/status/960331483826225159,2018-02-05 01:57:22+00:00,960331483826225159,Budweiser paid over $5 million for a commercial spot to pat themselves on the back. #SuperBowl,1,0,3,realKingOfEarth,Everyone else,64,952,Budweiser paid over $5 million for a commercial spot to pat themselves on the back. #SuperBowl,5,2,2018
https://twitter.com/John_Westra/status/960331135946559488,2018-02-05 01:55:59+00:00,960331135946559488,@rwang0 @Budweiser Agreed! #SuperBowl #AdBowl,1,0,2,John_Westra,John Westra #VR #AR #Metaverse #Innovation,3922,3743,@rwang0 @Budweiser Agreed! #SuperBowl #AdBowl,5,2,2018
https://twitter.com/sabi20/status/960331084650213376,2018-02-05 01:55:47+00:00,960331084650213376,That #Budweiser ad brought me to tears😭#Superbowl,1,0,2,sabi20,Sabi,172,497,That #Budweiser ad brought me to tears😭#Superbowl,5,2,2018
https://twitter.com/Blondoid/status/960330928781438981,2018-02-05 01:55:10+00:00,960330928781438981,"Dear Budweiser, Please bring back the Clydesdale horses. Love, Me. #Superbowl",1,0,3,Blondoid,Bonnie Beck,661,651,"Dear Budweiser, Please bring back the Clydesdale horses. Love, Me. #Superbowl",5,2,2018
https://twitter.com/fer_machado123/status/960330755560878080,2018-02-05 01:54:28+00:00,960330755560878080,Happy for my friends at @DAVID_Miami_ and @abinbev. #SuperBowl #SuperBowlSunday #Advertising #Budweiser https://t.co/pZpJo7767p,2,0,15,fer_machado123,Fer Machado,28502,3456,Happy for my friends at @DAVID_Miami_ and @abinbev. #SuperBowl #SuperBowlSunday #Advertising #Budweiser twitter.com/Adweek/status/…,5,2,2018
https://twitter.com/channingdutton/status/960330680071634944,2018-02-05 01:54:10+00:00,960330680071634944,"Wake up #SuperBowl fans. Even #Budweiser is covering extreme #climate storms in Tex, Fla, #PuertoRico and #California.  We gotta #ActOnClimate or keep reacting to the blows.",4,0,8,channingdutton,Channing Dutton,577,52,"Wake up #SuperBowl fans. Even #Budweiser is covering extreme #climate storms in Tex, Fla, #PuertoRico and #California.  We gotta #ActOnClimate or keep reacting to the blows.",5,2,2018
https://twitter.com/rohitbhargava/status/960330621863317505,2018-02-05 01:53:56+00:00,960330621863317505,Budweiser converts plant to make water after natural disasters - best #BrandStand ad so far - https://t.co/waRrEifuJt. #sb52 #superbowl #AdBowl2018,3,1,9,rohitbhargava,Rohit Bhargava,33983,7978,Budweiser converts plant to make water after natural disasters - best #BrandStand ad so far - youtu.be/CxGUmtRLm5g. #sb52 #superbowl #AdBowl2018,5,2,2018
https://twitter.com/JBlakeSilvers/status/960330500454969349,2018-02-05 01:53:28+00:00,960330500454969349,Pretty cool to see the  @cvillebartow @Budweiser plant on a #SuperBowl commercial. https://t.co/l3X5gXbQE9,2,0,4,JBlakeSilvers,Blake Silvers,1135,4443,Pretty cool to see the  @cvillebartow @Budweiser plant on a #SuperBowl commercial. https://t.co/l3X5gXbQE9,5,2,2018
https://twitter.com/johnjdaugherty/status/960330466346848256,2018-02-05 01:53:19+00:00,960330466346848256,"Cute commercial, @Budweiser. When are you going to show the one where you sue there pants out of small brewers all over the country forcing thousands of people out of work? #superbowl",1,0,3,johnjdaugherty,John Daugherty,328,230,"Cute commercial, @Budweiser. When are you going to show the one where you sue there pants out of small brewers all over the country forcing thousands of people out of work? #superbowl",5,2,2018
https://twitter.com/BamaStephen/status/960330423636283392,2018-02-05 01:53:09+00:00,960330423636283392,"#Budweiser providing a very inspiring #SuperBowl #commercial about their exceptional service #Texas #Florida #California #PuertoRico following disasters. Thanks, @budweiserusa!   #Ad #AdMeter #Advertising #PHvsNE #Water",1,1,5,BamaStephen,Stephen Simpson 🇺🇦 ProperGander 🌻,8944,8196,"#Budweiser providing a very inspiring #SuperBowl #commercial about their exceptional service #Texas #Florida #California #PuertoRico following disasters. Thanks, @budweiserusa! 

#Ad #AdMeter #Advertising #PHvsNE #Water",5,2,2018
https://twitter.com/Riderprider19/status/960330340127535104,2018-02-05 01:52:49+00:00,960330340127535104,#Dodge takes a Powerful message from #MLK and turns it into a truck commercial. #Budweiser takes a song I used to sing in Sunday School and turns it into a beer commercial.   Nothing is off limits any more...  #SuperBowl,1,0,1,Riderprider19,👋Shawn👋,1307,1017,"#Dodge takes a Powerful message from #MLK and turns it into a truck commercial. #Budweiser takes a song I used to sing in Sunday School and turns it into a beer commercial. 

Nothing is off limits any more...

#SuperBowl",5,2,2018
https://twitter.com/Steph_enwolf/status/960330228953477122,2018-02-05 01:52:23+00:00,960330228953477122,That Budweiser commercial had me tear tear up. Over water. ☹️😢 #texas #SuperBowl #Budweiser,1,1,2,Steph_enwolf,Steph_enwolf,190,291,That Budweiser commercial had me tear tear up. Over water. ☹️😢 #texas #SuperBowl #Budweiser,5,2,2018
https://twitter.com/DBachGlobal/status/960330187140423680,2018-02-05 01:52:13+00:00,960330187140423680,"Loved the Budweiser water humanitarian relief Superbowl commercial. Walmart ran that “play” with Katrina but it still works, especially as contrast with traditional Bud commercials. Business is political.",3,0,4,DBachGlobal,David Bach,5448,2759,"Loved the Budweiser water humanitarian relief Superbowl commercial. Walmart ran that “play” with Katrina but it still works, especially as contrast with traditional Bud commercials. Business is political.",5,2,2018
https://twitter.com/psha85/status/960330185198522371,2018-02-05 01:52:12+00:00,960330185198522371,"Weird, I thought #Budweiser was already water...? 🤔 #superbowl #SuperBowlAds",1,0,3,psha85,Pooja,78,204,"Weird, I thought #Budweiser was already water...? 🤔 #superbowl #SuperBowlAds",5,2,2018
https://twitter.com/EricaDeLong/status/960330163929088000,2018-02-05 01:52:07+00:00,960330163929088000,The only #commercial worth the $5 million so far!!! Kudos #Budweiser    #SuperBowlAds @budweiserusa #superbowl https://t.co/BVqJuyxHIt,2,0,33,EricaDeLong,Erica DeLong,8409,2822,The only #commercial worth the $5 million so far!!! Kudos #Budweiser    #SuperBowlAds @budweiserusa #superbowl https://t.co/BVqJuyxHIt,5,2,2018
https://twitter.com/JephMaystruck/status/960330040494796800,2018-02-05 01:51:38+00:00,960330040494796800,Wow! The Budweiser #SuperBowl ad! Caring is the new competitive advantage!,1,0,7,JephMaystruck,Jeph Maystruck,3970,2532,Wow! The Budweiser #SuperBowl ad! Caring is the new competitive advantage!,5,2,2018
https://twitter.com/ReadYourWrites/status/960330020907560960,2018-02-05 01:51:33+00:00,960330020907560960,No. Those are not tears in my eyes. Okay. Fine. Freaking @Budweiser. I'm crying over you putting water in cans. #Superbowl,2,1,5,ReadYourWrites,📚 Kim ~ Read Your Writes Book Reviews 📚,3975,1971,No. Those are not tears in my eyes. Okay. Fine. Freaking @Budweiser. I'm crying over you putting water in cans. #Superbowl,5,2,2018
https://twitter.com/CorgiKohmander/status/960330002263715840,2018-02-05 01:51:29+00:00,960330002263715840,Hey @Budweiser commercials are okay so far but did I miss the Clydesdale and dog commercial? #superbowl https://t.co/0b7vtZBCpG,5,1,36,CorgiKohmander,Corgi Kohmander,7895,7714,Hey @Budweiser commercials are okay so far but did I miss the Clydesdale and dog commercial? #superbowl https://t.co/0b7vtZBCpG,5,2,2018
https://twitter.com/saramayhew/status/960329981078405120,2018-02-05 01:51:24+00:00,960329981078405120,"Budweiser #SuperBowl commercial fun fact: In Canada, American beer is considered to have the same alcohol content as water.",1,0,4,saramayhew,Sara E. Mayhew,9439,357,"Budweiser #SuperBowl commercial fun fact: In Canada, American beer is considered to have the same alcohol content as water.",5,2,2018
https://twitter.com/RickSmithShow/status/960329968822706182,2018-02-05 01:51:21+00:00,960329968822706182,Favorite #SuperBowl commercial thus far.  @Budweiser sent beer to disaster victims.  Sorry you lost everything.  Get drunk on us.   #SuperBowlLII https://t.co/6vNlSPq2qX,2,4,2,RickSmithShow,Rick Smith,29545,2918,"Favorite #SuperBowl commercial thus far. 
@Budweiser sent beer to disaster victims.  Sorry you lost everything.  Get drunk on us.  
#SuperBowlLII https://t.co/6vNlSPq2qX",5,2,2018
https://twitter.com/JohnrayJ/status/960329913264951296,2018-02-05 01:51:08+00:00,960329913264951296,Someone tell Budweiser don’t forget about Michigan Water crisis also. ✊🏾     #SuperBowl,2,0,2,JohnrayJ,Johnray Jones,1951,1745,Someone tell Budweiser don’t forget about Michigan Water crisis also. ✊🏾     #SuperBowl,5,2,2018
https://twitter.com/MaritaLoughran/status/960329880553467905,2018-02-05 01:51:00+00:00,960329880553467905,Where's Flint?#SuperBowl @Budweiser,3,0,4,MaritaLoughran,Marita,62,295,Where's Flint?#SuperBowl @Budweiser,5,2,2018
https://twitter.com/mikehale/status/960329863654764544,2018-02-05 01:50:56+00:00,960329863654764544,"Other than the can, how is one supposed to know the difference between @Budweiser beer vs Budweiser water? #SuperBowl",1,2,9,mikehale,mikehale.sol 👌🐻,3649,497,"Other than the can, how is one supposed to know the difference between @Budweiser beer vs Budweiser water? #SuperBowl",5,2,2018
https://twitter.com/KMOV/status/960329811163000832,2018-02-05 01:50:43+00:00,960329811163000832,"Oh, @Budweiser, you just gave us a great feeling with that @SuperBowl commercial. #STLProud #CantStopTheFeeling https://t.co/hk3WQSzeYP",15,0,40,KMOV,KMOV,138681,593,"Oh, @Budweiser, you just gave us a great feeling with that @SuperBowl commercial. #STLProud #CantStopTheFeeling https://t.co/hk3WQSzeYP",5,2,2018
https://twitter.com/GennieDraper/status/960329807287537665,2018-02-05 01:50:42+00:00,960329807287537665,.@Budweiser commercial would have been lit if they played the Prince Royce version of stand by me   #SuperBowl,1,0,1,GennieDraper,✨big body benz✨,170,197,.@Budweiser commercial would have been lit if they played the Prince Royce version of stand by me   #SuperBowl,5,2,2018
https://twitter.com/CPWrightMPA/status/960329803139309568,2018-02-05 01:50:41+00:00,960329803139309568,"So #Budweiser has an amazing commercial about sending Water to areas of need and my wife says, “Did they send any water to #Flint ?” #sbcommercials #SuperBowl #sb52 #SBLII",1,2,18,CPWrightMPA,CornellPWrightMPA,816,1222,"So #Budweiser has an amazing commercial about sending Water to areas of need and my wife says, “Did they send any water to #Flint ?”
#sbcommercials #SuperBowl #sb52 #SBLII",5,2,2018
https://twitter.com/Denwadeska/status/960329778439032832,2018-02-05 01:50:35+00:00,960329778439032832,That Budweiser Superbowl commercial made me what to crack a cold one with the boys.,1,0,4,Denwadeska,POTUS52,175,414,That Budweiser Superbowl commercial made me what to crack a cold one with the boys.,5,2,2018
https://twitter.com/SteveHofstetter/status/960329775465181184,2018-02-05 01:50:35+00:00,960329775465181184,People in Puerto Rico would have loved that Budweiser ad if they had power and could watch this game. #SuperBowl,45,5,179,SteveHofstetter,Steve Hofstetter,182707,9187,People in Puerto Rico would have loved that Budweiser ad if they had power and could watch this game. #SuperBowl,5,2,2018
https://twitter.com/LanceUlanoff/status/960329774806814722,2018-02-05 01:50:35+00:00,960329774806814722,"Okay, @Budweiser, you got me.  #SuperBowl https://t.co/QQA2CqEr3D",1,1,24,LanceUlanoff,Lance Ulanoff,93099,9168,"Okay, @Budweiser, you got me.  #SuperBowl https://t.co/QQA2CqEr3D",5,2,2018
https://twitter.com/theWeatherboy/status/960329767638749184,2018-02-05 01:50:33+00:00,960329767638749184,Curious about that @Budweiser #StandByMe #SuperBowl ad? We dive in their hurricane relief effort here: https://t.co/V2DcpHwpIN,1,0,3,theWeatherboy,the Weatherboy,17502,1333,Curious about that @Budweiser #StandByMe #SuperBowl ad? We dive in their hurricane relief effort here: weatherboy.com/bud-hurricane-…,5,2,2018
https://twitter.com/CigarDaveShow/status/960329761989021696,2018-02-05 01:50:31+00:00,960329761989021696,Budweiser disaster-relief water commercial best so far of all #SuperBowl commercials. Well done and 100% true.,6,5,36,CigarDaveShow,"Cigar Dave ""The General""",10247,2094,Budweiser disaster-relief water commercial best so far of all #SuperBowl commercials. Well done and 100% true.,5,2,2018
https://twitter.com/JordanChariton/status/960329756821655554,2018-02-05 01:50:30+00:00,960329756821655554,Now if only Budweiser can stock up on trillions of gallons of water since the contamination crisis will require mass donations (why all the Hedge funders are investing in water now) #SuperBowl,12,3,77,JordanChariton,Jordan,122987,1002,Now if only Budweiser can stock up on trillions of gallons of water since the contamination crisis will require mass donations (why all the Hedge funders are investing in water now) #SuperBowl,5,2,2018
https://twitter.com/funnykeithlyle/status/960329739587133440,2018-02-05 01:50:26+00:00,960329739587133440,"Yes... Budweiser. Stand By Me... as I get so drunk, I do something stupid and need a lawyer. Will you stand by me? That's what I thought. #SuperBowl",1,1,2,funnykeithlyle,keith lyle,74935,14652,"Yes... Budweiser. Stand By Me... as I get so drunk, I do something stupid and need a lawyer. Will you stand by me? That's what I thought. #SuperBowl",5,2,2018
https://twitter.com/mrsluss/status/960329726245076992,2018-02-05 01:50:23+00:00,960329726245076992,Budweiser canned water commercial was very good and heart warming. #SuperBowlAds #SuperBowlLII #SuperBowl #SuperBowlSunday,1,0,0,mrsluss,Rhonda Luss,165,284,Budweiser canned water commercial was very good and heart warming. #SuperBowlAds #SuperBowlLII #SuperBowl #SuperBowlSunday,5,2,2018
https://twitter.com/allieri/status/960329721962811393,2018-02-05 01:50:22+00:00,960329721962811393,".@Budweiser canned water ad is great, and notably safer than 2017’s immigration story of the company’s co-founders #SuperBowl #SuperBowlAds #BrandBowl52",1,0,1,allieri,Chris Allieri,1634,692,".@Budweiser canned water ad is great, and notably safer than 2017’s immigration story of the company’s co-founders #SuperBowl #SuperBowlAds #BrandBowl52",5,2,2018
https://twitter.com/TommyMcFLY/status/960329678434205697,2018-02-05 01:50:12+00:00,960329678434205697,The social responsibility ad about @Budweiser water gave me all the feels! #SuperBowl #BrewDemocracy https://t.co/LkUwFN7c4y,7,2,50,TommyMcFLY,Tommy McFLY,39028,23414,The social responsibility ad about @Budweiser water gave me all the feels! #SuperBowl #BrewDemocracy https://t.co/LkUwFN7c4y,5,2,2018
https://twitter.com/Shananana11/status/960329676488151040,2018-02-05 01:50:11+00:00,960329676488151040,Budweiser bringing all the feels with stand by you/disaster relief 😭 #puertorico #superbowl,1,0,4,Shananana11,Shana,303,1016,Budweiser bringing all the feels with stand by you/disaster relief 😭 #puertorico #superbowl,5,2,2018
https://twitter.com/TWENTYElbridge/status/960329633135759360,2018-02-05 01:50:01+00:00,960329633135759360,Yo @CharlesAlatorre did u just see that Budweiser commercial during the Superbowl a few seconds ago ?! Lmfao !! #WaterCans!!,2,0,3,TWENTYElbridge,TWENTY ELBRIDGE,6498,359,Yo @CharlesAlatorre did u just see that Budweiser commercial during the Superbowl a few seconds ago ?! Lmfao !! #WaterCans!!,5,2,2018
https://twitter.com/JimmyStreich/status/960329619940528128,2018-02-05 01:49:58+00:00,960329619940528128,Well that Budweiser add is probably the most powerful of the #Superbowl because it's true and while many including our president is ignoring Puerto Rico great companies like Budweiser are picking up the slack,5,3,19,JimmyStreich,J💉mmy,8461,7833,Well that Budweiser add is probably the most powerful of the #Superbowl because it's true and while many including our president is ignoring Puerto Rico great companies like Budweiser are picking up the slack,5,2,2018
https://twitter.com/SuburbanFiveOh/status/960329604274810880,2018-02-05 01:49:54+00:00,960329604274810880,Good for Budweiser spending $5 million to pat themselves on the back for being decent human beings. #SuperBowl,2,2,19,SuburbanFiveOh,Suburb's Finest,8641,4456,Good for Budweiser spending $5 million to pat themselves on the back for being decent human beings. #SuperBowl,5,2,2018
https://twitter.com/NinasMakeup/status/960329576080699393,2018-02-05 01:49:47+00:00,960329576080699393,Budweiser sending water to Puerto Rico is my favorite #Superbowl commercial,1,0,16,NinasMakeup,Nina,21235,839,Budweiser sending water to Puerto Rico is my favorite #Superbowl commercial,5,2,2018
https://twitter.com/LyfeLessons662/status/960329572943151104,2018-02-05 01:49:46+00:00,960329572943151104,"@Budweiser did you send water to the people of Flint, Michigan?  #SuperBowl",3,1,9,LyfeLessons662,De'coldest ToEvaDoit Crawford Sr.Jr.III,1016,569,"@Budweiser did you send water to the people of Flint, Michigan?

#SuperBowl",5,2,2018
https://twitter.com/lifebythecreek/status/960329569357230080,2018-02-05 01:49:46+00:00,960329569357230080,"YEAH @budweiserusa !! I have friends that work at the Cartersville plant, and I am SO proud of the support you give WHENEVER it's needed! You rock as a community servant! #SuperBowl #SuperBowlCommercial #Budweiser",1,0,2,lifebythecreek,Pam,5946,4885,"YEAH @budweiserusa !! I have friends that work at the Cartersville plant, and I am SO proud of the support you give WHENEVER it's needed! You rock as a community servant! #SuperBowl #SuperBowlCommercial #Budweiser",5,2,2018
https://twitter.com/Jordan_Roth/status/960329533500088321,2018-02-05 01:49:37+00:00,960329533500088321,And I’m now developing a musical of that @Budweiser ad. #SuperBowl,2,4,56,Jordan_Roth,Jordan Roth,29162,1302,And I’m now developing a musical of that @Budweiser ad. #SuperBowl,5,2,2018
https://twitter.com/MamaElfff/status/960329525807771653,2018-02-05 01:49:35+00:00,960329525807771653,I always knew Budweiser was just water #superbowl,5,0,18,MamaElfff,.,221,319,I always knew Budweiser was just water #superbowl,5,2,2018
https://twitter.com/MatthewStefanTV/status/960329524712914944,2018-02-05 01:49:35+00:00,960329524712914944,"Check out the emotional #SuperBowl commercial featuring Budweiser, Skylar Grey's vocals https://t.co/eO8IF0dAIL",5,0,16,MatthewStefanTV,Matthew Stefan,14978,4614,"Check out the emotional #SuperBowl commercial featuring Budweiser, Skylar Grey's vocals cartermatt.com/289875/super-b…",5,2,2018
https://twitter.com/big_red78/status/960329494870548480,2018-02-05 01:49:28+00:00,960329494870548480,"JUST SHIP THEM BUDWEISER, WHAT'S THE DIFFERENCE BETWEEN THAT AND WATER, AMIRIGHT?! #SuperBowl #SuperBowlLII  #ImOriginalAndHilarious",1,0,3,big_red78,John Barnett,191,984,"JUST SHIP THEM BUDWEISER, WHAT'S THE DIFFERENCE BETWEEN THAT AND WATER, AMIRIGHT?! #SuperBowl #SuperBowlLII  #ImOriginalAndHilarious",5,2,2018
https://twitter.com/BlueHeelerKY/status/960329493209604098,2018-02-05 01:49:27+00:00,960329493209604098,"It was easy for @Budweiser to turn their beer into water, they just had to turn the piss valve off. #SuperBowl",4,0,8,BlueHeelerKY,Twitch.tv/HeelerFromKY,1354,750,"It was easy for @Budweiser to turn their beer into water, they just had to turn the piss valve off. #SuperBowl",5,2,2018
https://twitter.com/JohnDigles/status/960329486393905153,2018-02-05 01:49:26+00:00,960329486393905153,"Budweiser's Clydesdales are sitting out the first #SuperBowl for the first time since 2001, ending a 17-year streak for the brand mascots in the big game. AB InBev is going w/ this spot to support its canned water giveaway program in the wake of natural disasters. #BrandBowl52",1,2,0,JohnDigles,John Digles,11442,9394,"Budweiser's Clydesdales are sitting out the first #SuperBowl for the first time since 2001, ending a 17-year streak for the brand mascots in the big game. AB InBev is going w/ this spot to support its canned water giveaway program in the wake of natural disasters. #BrandBowl52",5,2,2018
https://twitter.com/AfternoonNapper/status/960329481524260865,2018-02-05 01:49:25+00:00,960329481524260865,#Budweiser: because it tastes like water anyway. #superbowl,1,0,6,AfternoonNapper,AfternoonNapper,3443,4259,#Budweiser: because it tastes like water anyway. #superbowl,5,2,2018
https://twitter.com/adage/status/960329468538753026,2018-02-05 01:49:22+00:00,960329468538753026,Why more brands are promoting their philanthropic efforts in the #SuperBowl via @ejschultz3 @budweiser @hyundai https://t.co/pB1QZe7E8j,28,1,33,adage,Ad Age,1001959,73298,Why more brands are promoting their philanthropic efforts in the #SuperBowl via @ejschultz3 @budweiser @hyundai adage.com/article/specia…,5,2,2018
https://twitter.com/scooterbdoodle/status/960329466600927232,2018-02-05 01:49:21+00:00,960329466600927232,"Sadly, I bet #Budweiser’s water tastes better than their beer #SuperBowl",1,0,1,scooterbdoodle,Scott,477,1587,"Sadly, I bet #Budweiser’s water tastes better than their beer #SuperBowl",5,2,2018
https://twitter.com/funnyfelipe/status/960329449714499584,2018-02-05 01:49:17+00:00,960329449714499584,This Budweiser is wack.  #superbowl,5,2,12,funnyfelipe,Felipe Esparza,46889,7187,This Budweiser is wack.  #superbowl,5,2,2018
https://twitter.com/astrofernn/status/960329447659356160,2018-02-05 01:49:17+00:00,960329447659356160,Budweiser always has the best superbowl commercials,1,0,0,astrofernn,fer 🍄🪴🧚🏽‍♀️,589,425,Budweiser always has the best superbowl commercials,5,2,2018
https://twitter.com/ebaumsworld/status/960329430575939585,2018-02-05 01:49:12+00:00,960329430575939585,Nice to see Budweiser finally acknowledge the quality of their beer.   #SuperBowl https://t.co/MCusybIwoK,36,8,98,ebaumsworld,eBaum's World,28959,986,"Nice to see Budweiser finally acknowledge the quality of their beer. 

#SuperBowl https://t.co/MCusybIwoK",5,2,2018
https://twitter.com/RocksteadyRicky/status/960329429414219777,2018-02-05 01:49:12+00:00,960329429414219777,Canned water... you mean Budweiser? #SuperBowl #SBLII #SB52,1,0,6,RocksteadyRicky,Ricky Рокстеді,8722,8810,Canned water... you mean Budweiser? #SuperBowl #SBLII #SB52,5,2,2018
https://twitter.com/Eater/status/960329424980684800,2018-02-05 01:49:11+00:00,960329424980684800,"Budweiser gets serious in #SuperBowl ad, highlighting its canned water for disaster relief efforts https://t.co/V2rd6HjxJK",11,2,69,Eater,Eater,548975,964,"Budweiser gets serious in #SuperBowl ad, highlighting its canned water for disaster relief efforts eater.com/2018/1/31/1695…",5,2,2018
https://twitter.com/DRoessl/status/960329389996158978,2018-02-05 01:49:03+00:00,960329389996158978,Shoutout to Budweiser for adding 1% more water to their beer so it's 100% and ready to donate. #SuperBowl,1,0,13,DRoessl,Derek Roessler,721,986,Shoutout to Budweiser for adding 1% more water to their beer so it's 100% and ready to donate. #SuperBowl,5,2,2018
https://twitter.com/TheRealRothman/status/960329387739664384,2018-02-05 01:49:02+00:00,960329387739664384,"Oh lord Budweiser does it again, only company in America that’s goal every year is to make you cry during the #SuperBowl",1,0,5,TheRealRothman,Michael Rothman,14841,2209,"Oh lord Budweiser does it again, only company in America that’s goal every year is to make you cry during the #SuperBowl",5,2,2018
https://twitter.com/bob_biggerstaff/status/960329387475423233,2018-02-05 01:49:02+00:00,960329387475423233,Where can I buy that #Budweiser water? #SuperBowl,1,0,6,bob_biggerstaff,Bobby Biggs,6089,2927,Where can I buy that #Budweiser water? #SuperBowl,5,2,2018
https://twitter.com/dramacjc/status/960329384577126400,2018-02-05 01:49:01+00:00,960329384577126400,Why do Budweiser ads always get me teary-eyed. #superbowl,1,0,2,dramacjc,Carol Cassada,3849,3971,Why do Budweiser ads always get me teary-eyed. #superbowl,5,2,2018
https://twitter.com/BonfireFive/status/960329384208011264,2018-02-05 01:49:01+00:00,960329384208011264,The new @Budweiser commercial didn't have beer or actors. It featured real employees and shared a message of purpose. #SuperBowl #SuperBowlAds,4,0,5,BonfireFive,Bonfire5,78,166,The new @Budweiser commercial didn't have beer or actors. It featured real employees and shared a message of purpose. #SuperBowl #SuperBowlAds,5,2,2018
https://twitter.com/JudgeJackson/status/960329383369170945,2018-02-05 01:49:01+00:00,960329383369170945,"LOL. Budweiser may have abandoned its Clydesdales, but Tide has not. #SuperBowl",1,0,4,JudgeJackson,Barbara Jackson,3741,1877,"LOL. Budweiser may have abandoned its Clydesdales, but Tide has not. #SuperBowl",5,2,2018
https://twitter.com/YodelinZeke/status/960329380571631618,2018-02-05 01:49:01+00:00,960329380571631618,Budweiser makes water now #superbowl https://t.co/n5g2D0HlkK,1,1,3,YodelinZeke,tyler johnson,769,764,Budweiser makes water now #superbowl https://t.co/n5g2D0HlkK,5,2,2018
https://twitter.com/craiggasscomedy/status/960329378155712512,2018-02-05 01:49:00+00:00,960329378155712512,Budweiser telling us that alcoholism helps people. #SuperBowl,2,1,15,craiggasscomedy,World War Gass,16050,245,Budweiser telling us that alcoholism helps people. #SuperBowl,5,2,2018
https://twitter.com/smittie61984/status/960329362263478277,2018-02-05 01:48:56+00:00,960329362263478277,Budweiser showing they know how to make Coors Light #SuperBowl,1,1,1,smittie61984,SτΣΜ Smittie GE.D,2532,383,"Budweiser showing they know how to make Coors Light
#SuperBowl",5,2,2018
https://twitter.com/dmagirl/status/960329359767859203,2018-02-05 01:48:56+00:00,960329359767859203,#SuperBowl Love the Budweiser commercial,3,0,9,dmagirl,dmagirl23,78,698,#SuperBowl Love the Budweiser commercial,5,2,2018
https://twitter.com/RyanMiller_/status/960329340960624640,2018-02-05 01:48:51+00:00,960329340960624640,Budweiser's commercial was socially conscious and beautiful. But aren't all Budweiser commercials about filling cans with water?  🥫🍺💧 #SuperBowl,6,1,48,RyanMiller_,Ryan Miller,722,230,"Budweiser's commercial was socially conscious and beautiful.
But aren't all Budweiser commercials about filling cans with water? 
🥫🍺💧
#SuperBowl",5,2,2018
https://twitter.com/Galileo908/status/960329334333550593,2018-02-05 01:48:50+00:00,960329334333550593,"Budweiser gives cans of water for hurricane relief. Well, all they need is to take the alcohol out of it... #SuperBowl",2,0,1,Galileo908,Not Steve Jortles,1211,883,"Budweiser gives cans of water for hurricane relief. Well, all they need is to take the alcohol out of it... #SuperBowl",5,2,2018
https://twitter.com/jasonbohn9/status/960329316004442118,2018-02-05 01:48:45+00:00,960329316004442118,Those budweiser water cans are interchangeable with the actual beer cans #Superbowl,1,0,2,jasonbohn9,Jason Bohn,684,654,Those budweiser water cans are interchangeable with the actual beer cans #Superbowl,5,2,2018
https://twitter.com/iSocialFanz/status/960329265261809664,2018-02-05 01:48:33+00:00,960329265261809664,Beautiful like a @Tide ad…..    Budweiser spoof…   Mr. Clean spoof…   Wow @Tide you have crushed this #Superbowl  #BrandBowl #BrandBowl52 https://t.co/hsFj3FGO62,6,3,44,iSocialFanz,FANZO 🧢 (He/Him) NFT 365,141031,74029,"Beautiful like a @Tide ad…..  

Budweiser spoof… 

Mr. Clean spoof… 

Wow @Tide you have crushed this #Superbowl 
#BrandBowl #BrandBowl52 https://t.co/hsFj3FGO62",5,2,2018
https://twitter.com/6abc/status/960329260614512641,2018-02-05 01:48:32+00:00,960329260614512641,"#Budweiser shows their support for Texas, Florida, Puerto Rico and California in their #SuperBowl commercial. What did you think of their ""Stand by me"" ad?",12,5,91,6abc,Action News on 6abc,890724,566,"#Budweiser shows their support for Texas, Florida, Puerto Rico and California in their #SuperBowl commercial. What did you think of their ""Stand by me"" ad?",5,2,2018
https://twitter.com/Elazarta/status/960329220953137152,2018-02-05 01:48:22+00:00,960329220953137152,When the Budweiser #SuperBowl ad comes right after a funny commercial #SB52 @budweiserusa https://t.co/GPDAMvvF1P,4,0,11,Elazarta,Elazar Abrahams,1468,995,When the Budweiser #SuperBowl ad comes right after a funny commercial #SB52 @budweiserusa https://t.co/GPDAMvvF1P,5,2,2018
https://twitter.com/miranda_symeier/status/960329201076391936,2018-02-05 01:48:18+00:00,960329201076391936,#SuperBowl Thought The Clydesdale horse was the Budweiser commercial but was Tide.,2,1,9,miranda_symeier,Miranda Symeier,559,955,#SuperBowl Thought The Clydesdale horse was the Budweiser commercial but was Tide.,5,2,2018
https://twitter.com/NewsNetNews/status/960324852023472128,2018-02-05 01:31:01+00:00,960324852023472128,🏈🐶🎉 #SBLII Celebrating @SuperBowl 🚫🍺🚗 #DontDrinkAndDrive 🚗🍺🚫 Remember #FriendsAreWaiting via @Budweiser https://t.co/JmfCVw7xNM via @youtube 🎉🐶🏈 @VSPPIO @VDEM @VaDOT @VaDOTFRED @NFL @SNFonNBC @TrooperBob_SCHP @PhillyPolice @MnDPS_MSP https://t.co/YjicFb5KVs,3,0,5,NewsNetNews,NewsNetNews,1166,1966,🏈🐶🎉 #SBLII Celebrating @SuperBowl 🚫🍺🚗 #DontDrinkAndDrive 🚗🍺🚫 Remember #FriendsAreWaiting via @Budweiser youtube.com/watch?v=6EmIDq… via @youtube 🎉🐶🏈 @VSPPIO @VDEM @VaDOT @VaDOTFRED @NFL @SNFonNBC @TrooperBob_SCHP @PhillyPolice @MnDPS_MSP https://t.co/YjicFb5KVs,5,2,2018
https://twitter.com/PetPeevesComic/status/960324596946952193,2018-02-05 01:30:00+00:00,960324596946952193,"Pet Peeves 2/4/16, in which the Peeves get #SuperBowl fever. #SuperBowlLll #JustinTimberlake #Budweiser #BudBowl #concussion #NEPatriots #PatriotsNation #football #footballfeelings #humor #comicstrip https://t.co/E1p0biauOR",1,0,0,PetPeevesComic,Pet Peeves,251,422,"Pet Peeves 2/4/16, in which the Peeves get #SuperBowl fever. #SuperBowlLll #JustinTimberlake #Budweiser #BudBowl #concussion #NEPatriots #PatriotsNation #football #footballfeelings #humor #comicstrip https://t.co/E1p0biauOR",5,2,2018
https://twitter.com/ophiesay/status/960323426639536129,2018-02-05 01:25:21+00:00,960323426639536129,"Sitting here in SF at an Indian pizza restaurant, pizza by an Indian American, cashiered by a Asian American woman, drinking a #Budweiser, watching the #SuperBowl #TandooriHotWings #TikkaMasalaPizza https://t.co/VzKHGAFQBY",1,0,3,ophiesay,ophiesay.eth,913,1298,"Sitting here in SF at an Indian pizza restaurant, pizza by an Indian American, cashiered by a Asian American woman, drinking a #Budweiser, watching the #SuperBowl #TandooriHotWings #TikkaMasalaPizza https://t.co/VzKHGAFQBY",5,2,2018
https://twitter.com/davidlewisjones/status/960323188218572800,2018-02-05 01:24:24+00:00,960323188218572800,It is halftime and here comes @jtimberlake while we wait here are some of the results for #mobile #webperf #SuperBowl #Advertisers.  @Budweiser @turbotax &amp; @Pepsi are rocking it.  @Dynatrace live blog coverage continues...  https://t.co/AtD3iaq7z4 https://t.co/zEqzInnZHh,2,0,5,davidlewisjones,David Jones,391,146,"It is halftime and here comes @jtimberlake while we wait here are some of the results for #mobile #webperf #SuperBowl #Advertisers.  @Budweiser @turbotax &amp; @Pepsi are rocking it.

@Dynatrace live blog coverage continues...  goo.gl/iJUejL https://t.co/zEqzInnZHh",5,2,2018
https://twitter.com/FM96Rocks/status/960320604141334528,2018-02-05 01:14:08+00:00,960320604141334528,Half time @PalasadPlay and the @Budweiser throne has changed multiple grooves with such an exciting game!! The #Eagles lead 22-12 over the #Patriots!! #superbowl https://t.co/ZmJcNmCfrW,1,0,3,FM96Rocks,FM96,15001,214,Half time @PalasadPlay and the @Budweiser throne has changed multiple grooves with such an exciting game!! The #Eagles lead 22-12 over the #Patriots!! #superbowl https://t.co/ZmJcNmCfrW,5,2,2018
https://twitter.com/heyalex____/status/960316728268984320,2018-02-05 00:58:44+00:00,960316728268984320,Was that @scebbs in a @Budweiser commercial? 🤔🤔🤔 #SuperBowl,2,0,4,heyalex____,Al Nicoletti,371,353,Was that @scebbs in a @Budweiser commercial? 🤔🤔🤔 #SuperBowl,5,2,2018
https://twitter.com/UpperEastRob/status/960315466509115393,2018-02-05 00:53:43+00:00,960315466509115393,The Budweiser Clydesdales deserved WAY more than a cameo in that ad. Just saying. https://t.co/VJ5ZXLvC6n #superbowl https://t.co/eCxkR6eRoZ,1,0,0,UpperEastRob,Robert Klara,2375,220,The Budweiser Clydesdales deserved WAY more than a cameo in that ad. Just saying. bit.ly/2AyeaQT #superbowl https://t.co/eCxkR6eRoZ,5,2,2018
https://twitter.com/horsingaround18/status/960315410993180674,2018-02-05 00:53:30+00:00,960315410993180674,Who misses the Clydesdales in the @Budweiser #SuperBowl  commercials? I know I do! Watch them here! #SuperBowlSunday #horses #SuperBowl52 https://t.co/L3VjLiVPSn,1,0,9,horsingaround18,Horsing Around,207,817,Who misses the Clydesdales in the @Budweiser #SuperBowl  commercials? I know I do! Watch them here! #SuperBowlSunday #horses #SuperBowl52 horsingaround2018.wordpress.com/2018/02/05/sup…,5,2,2018
https://twitter.com/dan_something/status/960314881114329088,2018-02-05 00:51:24+00:00,960314881114329088,#CallMeByYourName cost $3.5 million. So you could make a deeply meaningful romance for underrepresented LGBT folk ... or air 21 seconds of a Budweiser ad. #SuperBowl https://t.co/jlzEbZiZWS,17,1,48,dan_something,Daniel Montgomery,1235,681,#CallMeByYourName cost $3.5 million. So you could make a deeply meaningful romance for underrepresented LGBT folk ... or air 21 seconds of a Budweiser ad. #SuperBowl https://t.co/jlzEbZiZWS,5,2,2018
https://twitter.com/HemingwaysTO/status/960313283956834305,2018-02-05 00:45:03+00:00,960313283956834305,Enjoying our $20 buckets of Bud and Bud Light! #SuperBowl #budweiser #Eagles #Patriots #superbowl2018 #SB52 #SuperBowlSunday https://t.co/8nVJNHcJBp,3,0,3,HemingwaysTO,Hemingway's Toronto,2419,1386,Enjoying our $20 buckets of Bud and Bud Light! #SuperBowl #budweiser #Eagles #Patriots #superbowl2018 #SB52 #SuperBowlSunday https://t.co/8nVJNHcJBp,5,2,2018
https://twitter.com/CBSMornings/status/960311885949210626,2018-02-05 00:39:29+00:00,960311885949210626,Clydesdales make it into the #SuperBowl after all in a blink-or-you'll-miss-it 5-sec bumper ad. @Budweiser originally intended to have the horses sit out this yr (1st time in 17 yrs). -- @jpoggi,5,1,13,CBSMornings,CBS Mornings,485369,2109,Clydesdales make it into the #SuperBowl after all in a blink-or-you'll-miss-it 5-sec bumper ad. @Budweiser originally intended to have the horses sit out this yr (1st time in 17 yrs). -- @jpoggi,5,2,2018
https://twitter.com/adage/status/960311397862264834,2018-02-05 00:37:33+00:00,960311397862264834,While @Budweiser originally intended to have the Clydesdales sit out of the #SuperBowl this year (1st time in 17 yrs) they reversed course and added this 5-sec bumper ad.,12,6,37,adage,Ad Age,1001959,73298,While @Budweiser originally intended to have the Clydesdales sit out of the #SuperBowl this year (1st time in 17 yrs) they reversed course and added this 5-sec bumper ad.,5,2,2018
https://twitter.com/Angela_F_White/status/960309796795756551,2018-02-05 00:31:11+00:00,960309796795756551,"Frank, I can’t bear to watch. #eagles #Budweiser #SuperBowl #SuperBowlLII #flyeaglesfly https://t.co/0iLRhvUsAW",1,0,2,Angela_F_White,Angela White (Figurido),136,255,"Frank, I can’t bear to watch. #eagles #Budweiser #SuperBowl #SuperBowlLII #flyeaglesfly https://t.co/0iLRhvUsAW",5,2,2018
https://twitter.com/HuffPost/status/960308495131308033,2018-02-05 00:26:01+00:00,960308495131308033,"Budweiser's #SuperBowl ad this year focused on water, not beer https://t.co/Isiua2Yn0x",56,14,185,HuffPost,HuffPost,11359670,5584,"Budweiser's #SuperBowl ad this year focused on water, not beer huffp.st/niex1gY",5,2,2018
https://twitter.com/Katie_Jeffries/status/960307212181753857,2018-02-05 00:20:55+00:00,960307212181753857,#Budweiser stick to what you’re good at... Puppies &amp; Clydesdales.  #SuperBowl,2,1,18,Katie_Jeffries,Katie Jeffries,9762,713,"#Budweiser stick to what you’re good at... Puppies &amp; Clydesdales. 
#SuperBowl",5,2,2018
https://twitter.com/PamMktgNut/status/960306794894626816,2018-02-05 00:19:16+00:00,960306794894626816,“Somebody likes attention!”  #adbowl #brandbowl #sbads #SuperBowl #budlight @budlight #Budweiser https://t.co/d3xg440Jtc,1,2,4,PamMktgNut,Pam Moore,286214,129532,“Somebody likes attention!”  #adbowl #brandbowl #sbads #SuperBowl #budlight @budlight #Budweiser https://t.co/d3xg440Jtc,5,2,2018
https://twitter.com/Rebecca_Perry/status/960306587389734912,2018-02-05 00:18:26+00:00,960306587389734912,Can someone explain #DillyDilly to me? #SuperBowl #Budweiser,1,2,4,Rebecca_Perry,Rebecca Perry,2540,2294,Can someone explain #DillyDilly to me? #SuperBowl #Budweiser,5,2,2018
https://twitter.com/_JonathanRomero/status/960304470402875393,2018-02-05 00:10:01+00:00,960304470402875393,Don’t believe the hype: Budweiser has nothing on these beers   #SuperBowl #SuperBowl2018 #SuperBowl52 https://t.co/UfciOk9DTg,1,0,5,_JonathanRomero,𝖀𝖓𝖆𝖕𝖔𝖑𝖔𝖌𝖊𝖙𝖎𝖈𝖆𝖑𝖑𝖞 𝕭𝖗𝖔𝖜𝖓,1051,848,"Don’t believe the hype: Budweiser has nothing on these beers 

#SuperBowl #SuperBowl2018 #SuperBowl52 https://t.co/UfciOk9DTg",5,2,2018
https://twitter.com/UpperEastRob/status/960301208215932928,2018-02-04 23:57:04+00:00,960301208215932928,"Nearly 20 years ago, Budweiser gave the world “Whassup?” Now, the English language advances another triumphant step with “Dilly dilly.” #SuperBowl https://t.co/ouymZgCH13",2,0,3,UpperEastRob,Robert Klara,2375,220,"Nearly 20 years ago, Budweiser gave the world “Whassup?” Now, the English language advances another triumphant step with “Dilly dilly.” #SuperBowl https://t.co/ouymZgCH13",4,2,2018
https://twitter.com/huntleyeq/status/960300195702386689,2018-02-04 23:53:02+00:00,960300195702386689,Is a super bowl really still super without Budweiser Clydesdales #SuperBowl https://t.co/vLRHUXiTnZ,2,0,10,huntleyeq,Huntley Equestrian,751,890,Is a super bowl really still super without Budweiser Clydesdales #SuperBowl https://t.co/vLRHUXiTnZ,4,2,2018
https://twitter.com/_joshgeno/status/960299546914955264,2018-02-04 23:50:28+00:00,960299546914955264,"“It was the biggest game of our lives!” - @RealJoeNamath s/o @elonmusk @scottborchetta @richardbranson @jpdesmarais #SuperBowl  #SBLII  cc: @Doritos #Doritos, @Budweiser #kingofbeers 👊🏆🏈 https://t.co/gBm0ejYSgr",6,2,12,_joshgeno,J. Geno,1028,1327,"“It was the biggest game of our lives!” - @RealJoeNamath s/o @elonmusk @scottborchetta @richardbranson @jpdesmarais #SuperBowl  #SBLII  cc: @Doritos #Doritos, @Budweiser #kingofbeers 👊🏆🏈 https://t.co/gBm0ejYSgr",4,2,2018
https://twitter.com/BritsInTheWood/status/960290550426484736,2018-02-04 23:14:43+00:00,960290550426484736,"Remember this great #Budweiser Super Bowl 2012 Commercial? https://t.co/WAh7rkABZZ  It was a mash-up of ""She Sells Sanctuary"" by The Cult &amp; ""Good Feeling"" by #FloRida. Don't miss next week's pod as we'll be chatting to @officialcult's @TheBillyDuffy on the show! #superbowl https://t.co/jxeJ4iuHN8",1,0,5,BritsInTheWood,BRITS IN THE WOOD,2407,4429,"Remember this great #Budweiser Super Bowl 2012 Commercial? youtube.com/watch?v=1Ku0IO… 
It was a mash-up of ""She Sells Sanctuary"" by The Cult &amp; ""Good Feeling"" by #FloRida. Don't miss next week's pod as we'll be chatting to @officialcult's @TheBillyDuffy on the show! #superbowl https://t.co/jxeJ4iuHN8",4,2,2018
https://twitter.com/adage/status/960289012723388416,2018-02-04 23:08:36+00:00,960289012723388416,".@MassMutual uses ""I'll Stand By You"" in its pre-game #SuperBowl spot, later @Budweiser will feature ""Stand By Me.""",6,2,12,adage,Ad Age,1001959,73298,".@MassMutual uses ""I'll Stand By You"" in its pre-game #SuperBowl spot, later @Budweiser will feature ""Stand By Me.""",4,2,2018
https://twitter.com/MikeyTopPour/status/960288836424118272,2018-02-04 23:07:54+00:00,960288836424118272,The only two things to care about for this year’s #SuperBowl: 1. How will Budweiser make fun of Beer Geeks? 2. Will the #HanSolo movie look good.,1,4,3,MikeyTopPour,Mikey - ✏️ 🍻 🎤,617,2910,"The only two things to care about for this year’s #SuperBowl:
1. How will Budweiser make fun of Beer Geeks?
2. Will the #HanSolo movie look good.",4,2,2018
https://twitter.com/jeffsheehan/status/960286921435033600,2018-02-04 23:00:17+00:00,960286921435033600,"Budweiser ""Puppy Love"" Named The Best Super Bowl Ad Meter Winner Of All Time via @adage https://t.co/3mRANdRJX2 #marketing #superbowl",1,0,0,jeffsheehan,Jeff Sheehan- Author | Mktg Consultant | Speaker,321108,333097,"Budweiser ""Puppy Love"" Named The Best Super Bowl Ad Meter Winner Of All Time via @adage bit.ly/2GDuOkK #marketing #superbowl",4,2,2018
https://twitter.com/davidlewisjones/status/960286185636749314,2018-02-04 22:57:22+00:00,960286185636749314,"Quick Update, @Budweiser @Amazon &amp; @Pepsi amongst others are laying down some impressive #webperf and #XU ahead of the #SuperBowl  @Dynatrace live blog coverage continues... https://t.co/AtD3iaq7z4 https://t.co/YVtNoARGFr",1,1,4,davidlewisjones,David Jones,391,146,"Quick Update, @Budweiser @Amazon &amp; @Pepsi amongst others are laying down some impressive #webperf and #XU ahead of the #SuperBowl

@Dynatrace live blog coverage continues... goo.gl/iJUejL https://t.co/YVtNoARGFr",4,2,2018
https://twitter.com/Equitrekking/status/960284260845400065,2018-02-04 22:49:43+00:00,960284260845400065,Dream Jobs: Handling the Budweiser #Clydesdales https://t.co/8oAvTH5a7k #SuperBowl https://t.co/3wo6i2ppYv,7,0,17,Equitrekking,Equitrekking,6543,3178,Dream Jobs: Handling the Budweiser #Clydesdales eqkk.us/pjtj #SuperBowl https://t.co/3wo6i2ppYv,4,2,2018
https://twitter.com/pierrebourque/status/960279393263288320,2018-02-04 22:30:23+00:00,960279393263288320,Beefy homemade chili ? Check.       @Doritos ? Check.    @Budweiser ? Check.      Patriots Fan Gear ? Check.      NBC on Big Screen ? Check.      Stereo sound ? Check.      @SuperBowl ? Bring it on.    Go @Patriots Go !      #superbowl #patriots #tombrady #gronk #dynasty https://t.co/F6T7n0sdnK,1,1,2,pierrebourque,pierrebourque,27129,2637,"Beefy homemade chili ? Check.     

@Doritos ? Check.  

@Budweiser ? Check.    

Patriots Fan Gear ? Check.    

NBC on Big Screen ? Check.    

Stereo sound ? Check.    

@SuperBowl ? Bring it on.    Go @Patriots Go !    

#superbowl #patriots #tombrady #gronk #dynasty https://t.co/F6T7n0sdnK",4,2,2018
https://twitter.com/nevanude/status/960271631078887425,2018-02-04 21:59:32+00:00,960271631078887425,Go PATS. Have fun today friends 🏈 #nfl #americanfootball #tombrady #gopats #patriots #newhampshire #football #sundayfootball #teamspirit #instagood #superbowl #doritos #budweiser #boobs #abs #crossfit #ilift #ravebabes https://t.co/Q1PV15jd2W https://t.co/JAPxkYkYF8,1,0,5,nevanude,Nipztix by NevaNude,693,180,Go PATS. Have fun today friends 🏈 #nfl #americanfootball #tombrady #gopats #patriots #newhampshire #football #sundayfootball #teamspirit #instagood #superbowl #doritos #budweiser #boobs #abs #crossfit #ilift #ravebabes ift.tt/2BUZhqP https://t.co/JAPxkYkYF8,4,2,2018
https://twitter.com/USATODAY/status/960264254199947265,2018-02-04 21:30:13+00:00,960264254199947265,"This time, it won't be Budweiser’s Clydesdales pulling your heartstrings.   https://t.co/kSUKe60U8X #SuperBowl",28,9,65,USATODAY,USA TODAY,4731799,914,"This time, it won't be Budweiser’s Clydesdales pulling your heartstrings.   usat.ly/2Fk3QNw #SuperBowl",4,2,2018
https://twitter.com/ApexMarketing/status/960262630693900290,2018-02-04 21:23:46+00:00,960262630693900290,"Top 10 viewed #SuperBowl commercials on @YouTube so far.  Led by @amazonecho ""Alexa Loses Her Voice"" with 20MM views https://t.co/fbFCUnAB9E followed by @Budweiser ""Stand by You"" 17MM views https://t.co/fRo9EJbJtV https://t.co/ksnkWubbZ9",5,1,6,ApexMarketing,Apex Marketing Group,16958,1033,"Top 10 viewed #SuperBowl commercials on @YouTube so far.  Led by @amazonecho ""Alexa Loses Her Voice"" with 20MM views youtu.be/J6-8DQALGt4 followed by @Budweiser ""Stand by You"" 17MM views youtube.com/watch?v=CxGUmt… https://t.co/ksnkWubbZ9",4,2,2018
https://twitter.com/MarshaCollier/status/960258161830744064,2018-02-04 21:06:01+00:00,960258161830744064,"You Can Gamble on How Many Times #Budweiser's #SuperBowl Ad Says 'Dilly'   ""Will Al Michaels make a cheeky reference to the point spread?  You bet!  Check out these novelty bets you can really play""  #marketing via @adage https://t.co/cTC4htaqxD",10,0,9,MarshaCollier,Marsha Collier,235243,72192,"You Can Gamble on How Many Times #Budweiser's #SuperBowl Ad Says 'Dilly' 

""Will Al Michaels make a cheeky reference to the point spread? 
You bet! 
Check out these novelty bets you can really play""

#marketing via @adage bit.ly/2DUC65M",4,2,2018
https://twitter.com/WeeklyHumorist/status/960255906498965505,2018-02-04 20:57:03+00:00,960255906498965505,"Budweiser's #SuperBowl ad will feature 79 million cans of clean water they've provided for natural disaster relief, ignoring all the cans of clean water they marked as Bud Light. #TheBigGame https://t.co/BHtdmQLswx",16,0,23,WeeklyHumorist,Weekly Humorist,9604,6697,"Budweiser's #SuperBowl ad will feature 79 million cans of clean water they've provided for natural disaster relief, ignoring all the cans of clean water they marked as Bud Light. #TheBigGame https://t.co/BHtdmQLswx",4,2,2018
https://twitter.com/SuperBowlAdsG/status/960245956473171970,2018-02-04 20:17:31+00:00,960245956473171970,Clydesdales Super Bowl 2018 Commercial is on Twitter #SuperBowl #SuperBowlSunday #Budweiser #ClydesdaleCam https://t.co/mbbCovl8NU https://t.co/uHbxbv9c11,2,0,2,SuperBowlAdsG,superbowladsforgeeks,1412,13,Clydesdales Super Bowl 2018 Commercial is on Twitter #SuperBowl #SuperBowlSunday #Budweiser #ClydesdaleCam buff.ly/2E0aTKR https://t.co/uHbxbv9c11,4,2,2018
https://twitter.com/PartyGirlDiet/status/960243982025441280,2018-02-04 20:09:40+00:00,960243982025441280,Thanks @budweiserusa - Your #Clydesdales #SuperBowlAds Always get to the ❤️ of things.    #ThisBudsForYou #Budweiser #SuperBowl,2,1,5,PartyGirlDiet,Aprilanne Hurley 🎬,1348,1004,"Thanks @budweiserusa - Your #Clydesdales #SuperBowlAds Always get to the ❤️ of things.  

#ThisBudsForYou #Budweiser #SuperBowl",4,2,2018
https://twitter.com/ElkBar_Fulham/status/960234000248815616,2018-02-04 19:30:00+00:00,960234000248815616,"#SuperBowl. Is. Here. Who do you think will win? Swing by to see if your prediction is right! We’ve got it live in HD on our Big Screen &amp; Plasmas! 🏈 BUCKETS OF BUDWEISER £15 🍻 BURGERS, DOGS &amp; WINGS 🌭👉https://t.co/0zIHN1Quot https://t.co/qFuQEyzOQs",1,0,0,ElkBar_Fulham,Elk Bar,438,289,"#SuperBowl. Is. Here. Who do you think will win? Swing by to see if your prediction is right! We’ve got it live in HD on our Big Screen &amp; Plasmas! 🏈 BUCKETS OF BUDWEISER £15 🍻 BURGERS, DOGS &amp; WINGS 🌭👉bit.ly/SuperbowlElk https://t.co/qFuQEyzOQs",4,2,2018
https://twitter.com/nuts_about_/status/960228222280577026,2018-02-04 19:07:03+00:00,960228222280577026,We don’t see any of the #SuperBowl ads in the UK (@BBC and @SkySports)   But we have you covered in our blog with some of the best.. 🏈 #SBLII #Budweiser #Amazon #Doritos https://t.co/pa1zDCvmpz https://t.co/EPTNGnlJUM,2,0,6,nuts_about_,Red Squirrel Marketing,2707,744,"We don’t see any of the #SuperBowl ads in the UK (@BBC and @SkySports) 

But we have you covered in our blog with some of the best.. 🏈 #SBLII #Budweiser #Amazon #Doritos nutsaboutmarketing.com/single-post/To… https://t.co/EPTNGnlJUM",4,2,2018
https://twitter.com/FOS/status/960215126711218176,2018-02-04 18:15:00+00:00,960215126711218176,"According to @amobee, Budweiser leads the way when it comes to social buzz surrounding their ad heading into the #SuperBowl. #DillyDilly https://t.co/gfL6Rokb1b",1,1,2,FOS,Front Office Sports,111335,3138,"According to @amobee, Budweiser leads the way when it comes to social buzz surrounding their ad heading into the #SuperBowl. #DillyDilly https://t.co/gfL6Rokb1b",4,2,2018
https://twitter.com/LeighGiangreco/status/960213431386218496,2018-02-04 18:08:16+00:00,960213431386218496,"Really interesting that the idea for Budweiser's ""whassup"" came after their adman went to a short film festival. Cool interview from my bro @mikegiangreco on #SuperBowl ads https://t.co/oiNVvLgxX7",1,0,1,LeighGiangreco,Leigh Giangreco,7577,8657,"Really interesting that the idea for Budweiser's ""whassup"" came after their adman went to a short film festival. Cool interview from my bro @mikegiangreco on #SuperBowl ads lnkd.in/dKcHN2g",4,2,2018
https://twitter.com/LouHoffman/status/960213363606392833,2018-02-04 18:08:00+00:00,960213363606392833,Deconstructing the #Storytelling in Budweiser’s Legendary #SuperBowl Ad // #PR // https://t.co/7Hehuwkn17,1,0,2,LouHoffman,Lou Hoffman,5977,3930,Deconstructing the #Storytelling in Budweiser’s Legendary #SuperBowl Ad // #PR // ishmaelscorner.com/budweiser-supe…,4,2,2018
https://twitter.com/AllanMargolin/status/960211089807085569,2018-02-04 17:58:58+00:00,960211089807085569,Are YOU Buying Budweiser's Claims Or are They Just A Clydesdale Crap? Are these two #SuperBowl ads really good for sustainability? https://t.co/1K72CWbOoj via @GreenBiz  - @ROBERT3620 @AnnieSage @SovereignAnnie @anne_stephen5 @LibertyIsALady @TTrueman @armanwalker @NancySinatra https://t.co/iI00Cpks6f,3,2,4,AllanMargolin,Allan Margolin,35234,15651,Are YOU Buying Budweiser's Claims Or are They Just A Clydesdale Crap? Are these two #SuperBowl ads really good for sustainability? ow.ly/fvAz30ibVPX via @GreenBiz  - @ROBERT3620 @AnnieSage @SovereignAnnie @anne_stephen5 @LibertyIsALady @TTrueman @armanwalker @NancySinatra https://t.co/iI00Cpks6f,4,2,2018
https://twitter.com/BrewStuds/status/960206450852290561,2018-02-04 17:40:32+00:00,960206450852290561,About $20 Million — The amount @abinbev will spend on ads during the #SuperBowl to trick you into thinking its flagship brands don't suck.  #beer #budweiser #budlight #sblii #sb52 #superbowlcommercials https://t.co/jIqc1RiGnM,7,3,6,BrewStuds,Tornado Alley Aleworks,80932,11927,"About $20 Million — The amount @abinbev will spend on ads during the #SuperBowl to trick you into thinking its flagship brands don't suck.

#beer #budweiser #budlight #sblii #sb52 #superbowlcommercials ow.ly/z8vI30ibV29",4,2,2018
https://twitter.com/PlayersTribune/status/960195595737722880,2018-02-04 16:57:24+00:00,960195595737722880,"Yesterday's #SuperBowl trivia answer: 2002, 20-17.  Congratulations to the winners who are headed to our viewing party tonight at @Budweiser Live Powered by TPT!",2,0,8,PlayersTribune,The Players' Tribune,637436,4359,"Yesterday's #SuperBowl trivia answer: 2002, 20-17.

Congratulations to the winners who are headed to our viewing party tonight at @Budweiser Live Powered by TPT!",4,2,2018
https://twitter.com/statesman/status/960195032065114113,2018-02-04 16:55:09+00:00,960195032065114113,Remember when people saw the world-famous Budweiser Clydesdales in the Elgin area? About that. #SuperBowl ads with Texas ties: https://t.co/K5es08GgAI https://t.co/hIf34VXGFl,2,0,2,statesman,Austin Statesman,329538,18237,Remember when people saw the world-famous Budweiser Clydesdales in the Elgin area? About that. #SuperBowl ads with Texas ties: atxne.ws/2EgXstq https://t.co/hIf34VXGFl,4,2,2018
https://twitter.com/Gomaespuma/status/960191492366258176,2018-02-04 16:41:05+00:00,960191492366258176,"The 2018 #SuperBowl will have a Spanish touch thanks to @IvanMenaTinoco, director of the #Budweiser commercial https://t.co/EDm4pUE7ea",2,0,7,Gomaespuma,Gomaespuma,66573,71,"The 2018 #SuperBowl will have a Spanish touch thanks to @IvanMenaTinoco, director of the #Budweiser commercial twitter.com/guillermofesse…",4,2,2018
https://twitter.com/newsu/status/960183166257397764,2018-02-04 16:08:00+00:00,960183166257397764,"What the Budweiser and PETA Super Bowl ads can teach you about video storytelling, featuring @atompkins #SuperBowl https://t.co/YZbXFqLLmR",4,0,2,newsu,NewsU,11528,849,"What the Budweiser and PETA Super Bowl ads can teach you about video storytelling, featuring @atompkins #SuperBowl youtube.com/watch?v=xrKAeO…",4,2,2018
https://twitter.com/WinksEatery/status/960179769756172288,2018-02-04 15:54:31+00:00,960179769756172288,"It’s #SUPERBOWL SUNDAY! And Winks Is the place to watch! $14 Domestic Pitchers, half priced wings, and our special Super Bowl menu! Walk through the @Budweiser tunnel, and one lucky person is taking home this incredible Budweiser @NFL Super Bowl LII recliner! #Touchdown! https://t.co/XkGhNfzBeV",1,0,3,WinksEatery,WINKS EATERY,1143,191,"It’s #SUPERBOWL SUNDAY! And Winks Is the place to watch! $14 Domestic Pitchers, half priced wings, and our special Super Bowl menu! Walk through the @Budweiser tunnel, and one lucky person is taking home this incredible Budweiser @NFL Super Bowl LII recliner! #Touchdown! https://t.co/XkGhNfzBeV",4,2,2018
https://twitter.com/GridironHelmets/status/960156014770352128,2018-02-04 14:20:07+00:00,960156014770352128,Who do you want to win the @SuperBowl . Get 18% off your order today only at https://t.co/xFJZWjXitX  use Promo code: SB18  at check out #SuperBowlLII #SuperBowl52 #PatsNation #EaglesNation #Patriots #Eagles #eaglesfans #eaglesdeals #PatsvsEagles #DillyDilly #Budweiser #BudBowl,1,0,0,GridironHelmets,Gridiron Helmets,2031,667,"Who do you want to win the @SuperBowl . Get 18% off your order today only at Gridiron1.com  use Promo code:
SB18 
at check out
#SuperBowlLII #SuperBowl52 #PatsNation #EaglesNation #Patriots #Eagles #eaglesfans #eaglesdeals #PatsvsEagles #DillyDilly #Budweiser #BudBowl",4,2,2018
https://twitter.com/IvonneKinser/status/960148034884657152,2018-02-04 13:48:24+00:00,960148034884657152,"Super Bowl ads with Texas ties: H-E-B, Shiner, #avocados, Budweiser https://t.co/UxlCpJ1Mtb #SuperBowl #SuperBowlAds #Texas",1,1,1,IvonneKinser,Ivonne Kinser 🇺🇦 #StandWithUkraine,11365,9641,"Super Bowl ads with Texas ties: H-E-B, Shiner, #avocados, Budweiser mystatesman.com/business/super… #SuperBowl #SuperBowlAds #Texas",4,2,2018
https://twitter.com/ad_association/status/960128060115865600,2018-02-04 12:29:02+00:00,960128060115865600,"Revisiting @Budweiser's Whassup?, @SNICKERS' Betty White and @pepsi's Your Cheatin' Heart, we're looking back at the best #SuperBowl adverts of all time via @BleacherReport https://t.co/fAnK4aY375 https://t.co/SnxPAPYO06",1,0,2,ad_association,Ad Association,10805,1403,"Revisiting @Budweiser's Whassup?, @SNICKERS' Betty White and @pepsi's Your Cheatin' Heart, we're looking back at the best #SuperBowl adverts of all time via @BleacherReport story.cd/AAIVUy https://t.co/SnxPAPYO06",4,2,2018
https://twitter.com/nuts_about_/status/960118495605223425,2018-02-04 11:51:02+00:00,960118495605223425,#SuperBowl day and this #Budweiser ad pulls at the heart strings... #SBLII https://t.co/UjjiuSsP8U,4,0,5,nuts_about_,Red Squirrel Marketing,2707,744,#SuperBowl day and this #Budweiser ad pulls at the heart strings... #SBLII https://t.co/UjjiuSsP8U,4,2,2018
https://twitter.com/YSaftlas/status/959939698637537280,2018-02-04 00:00:33+00:00,959939698637537280,".@anselmoramos, Co-Founder &amp; Chief Creative Officer of DAVID, is the man behind some of the world’s most famous ads – including this year’s #StandByYou @Budweiser #SuperBowl Ad. Hear #bts secrets &amp; creative strategies this Sunday, 2/4 @10pm @77WABCradio",1,0,3,YSaftlas,Yitzchok Saftlas,1192,596,".@anselmoramos, Co-Founder &amp; Chief Creative Officer of DAVID, is the man behind some of the world’s most famous ads – including this year’s #StandByYou @Budweiser #SuperBowl Ad. Hear #bts secrets &amp; creative strategies this Sunday, 2/4 @10pm @77WABCradio",4,2,2018
