url,Datetime,Tweet Id,Text,Retweet Count,Reply Count,Like Count,Username,Display Name,Followers Count,Friends Count,Rendered Content,Day,Month,Year
https://twitter.com/j_lucich14/status/960652357985030145,2018-02-05 23:12:24+00:00,960652357985030145,"2018 Overview so far... The Eagles won the Super Bowl, Shinsuke Nakamura won the Royal Rumble, the Winter Olympics start next week, and Bruno Mars swept the Grammys...so yea 2018 is off to a very...very good start  #WWE #NFL #SuperBowl #RoyalRumble #GRAMMYs",1,0,11,j_lucich14,Jonathan Lucich,981,774,"2018 Overview so far... The Eagles won the Super Bowl, Shinsuke Nakamura won the Royal Rumble, the Winter Olympics start next week, and Bruno Mars swept the Grammys...so yea 2018 is off to a very...very good start  #WWE #NFL #SuperBowl #RoyalRumble #GRAMMYs",5,2,2018
https://twitter.com/ThaliaNewsFact/status/960649742320508929,2018-02-05 23:02:01+00:00,960649742320508929,"RT @RapUp: Bruno Mars wants Atlanta rappers including OutKast, T.I., and Gucci Mane to perform at next year's #SuperBowl halftime show https://t.co/CcxLlnWtSK https://t.co/AkUR9uukN4",1,0,0,ThaliaNewsFact,Thalia - Fan Account,6198,2355,"RT @RapUp: Bruno Mars wants Atlanta rappers including OutKast, T.I., and Gucci Mane to perform at next year's #SuperBowl halftime show goo.gl/7TW2bQ https://t.co/AkUR9uukN4",5,2,2018
https://twitter.com/thatgrapejuice/status/960648015127162880,2018-02-05 22:55:09+00:00,960648015127162880,Bruno Mars Reacts To #SuperBowl Halftime Show https://t.co/MG0j0xWpGN https://t.co/59EunK9vfC,2,0,3,thatgrapejuice,ThatGrapeJuice (Sam),52876,1233,Bruno Mars Reacts To #SuperBowl Halftime Show bit.ly/2GSSGB5 https://t.co/59EunK9vfC,5,2,2018
https://twitter.com/moreedp/status/960638319229939712,2018-02-05 22:16:37+00:00,960638319229939712,"I liked a @YouTube video https://t.co/C0TevUiJDH Bruno Mars Superbowl Halftime Show Feb. 2, 2014",1,0,1,moreedp,monica reed,69,120,"I liked a @YouTube video youtu.be/vV8p4fCOzhw?a Bruno Mars Superbowl Halftime Show Feb. 2, 2014",5,2,2018
https://twitter.com/vxrona_/status/960636988146757632,2018-02-05 22:11:20+00:00,960636988146757632,I still think the best superbowl performance was Bruno Mars’...and I’m not even just saying that because I love the guy,1,0,0,vxrona_,AISHA,844,327,I still think the best superbowl performance was Bruno Mars’...and I’m not even just saying that because I love the guy,5,2,2018
https://twitter.com/privateagntmars/status/960636365783339009,2018-02-05 22:08:52+00:00,960636365783339009,We out here! Bruno Mars for #SuperBowl president 2018!!! https://t.co/DE2q93xIUR,12,1,30,privateagntmars,Dreeee ✨,4567,1014,We out here! Bruno Mars for #SuperBowl president 2018!!! twitter.com/rapup/status/9…,5,2,2018
https://twitter.com/RapUp/status/960634663315255301,2018-02-05 22:02:06+00:00,960634663315255301,"Bruno Mars wants Atlanta rappers including OutKast, T.I., and Gucci Mane to perform at next year's #SuperBowl halftime show https://t.co/mzuCHkjZmu https://t.co/gUKaszmEOi",143,6,374,RapUp,Rap-Up,393950,396,"Bruno Mars wants Atlanta rappers including OutKast, T.I., and Gucci Mane to perform at next year's #SuperBowl halftime show goo.gl/7TW2bQ https://t.co/gUKaszmEOi",5,2,2018
https://twitter.com/MaddyHoolieLyu/status/960619816565465088,2018-02-05 21:03:06+00:00,960619816565465088,@BrunoMars @NFL PLEASE BRUNO MARS NEEDS TO BE AT THE NEXT SUPERBOWL,1,0,5,MaddyHoolieLyu,Maddy Whoosh💫,571,912,@BrunoMars @NFL PLEASE BRUNO MARS NEEDS TO BE AT THE NEXT SUPERBOWL,5,2,2018
https://twitter.com/idalisbriales/status/960617695925493761,2018-02-05 20:54:40+00:00,960617695925493761,"i'm watching past superbowl halftime performances and the energy level bruno mars' has was INSANE. with the starting drum solo, the dance breaks, the red hot chili peppers, it was all SO good!!",1,0,0,idalisbriales,ídalís🔮🌙✨🇵🇷,197,1186,"i'm watching past superbowl halftime performances and the energy level bruno mars' has was INSANE. with the starting drum solo, the dance breaks, the red hot chili peppers, it was all SO good!!",5,2,2018
https://twitter.com/ele10hooligan/status/960614794788245504,2018-02-05 20:43:09+00:00,960614794788245504,@BrunoMars @NFL Bruno Mars every 2 years at the #SuperBowl ??🙌 @BrunoMars @NFL https://t.co/THfIO2oZEI,3,1,6,ele10hooligan,elena💡🖤🪐🌸🌈,397,766,@BrunoMars @NFL Bruno Mars every 2 years at the #SuperBowl ??🙌 @BrunoMars @NFL https://t.co/THfIO2oZEI,5,2,2018
https://twitter.com/WatChaNoBoutDat/status/960607784050966528,2018-02-05 20:15:17+00:00,960607784050966528,@BrunoMars Bruno Mars Superbowl halftime show #3???? Third times a 24k magic charm. https://t.co/APIOJ9vDep,1,0,1,WatChaNoBoutDat,Debbie WatsonChavira,39,159,@BrunoMars Bruno Mars Superbowl halftime show #3???? Third times a 24k magic charm. https://t.co/APIOJ9vDep,5,2,2018
https://twitter.com/MorgBGreat/status/960586185893556225,2018-02-05 18:49:28+00:00,960586185893556225,"We deserved Bruno, Yoncé, Ye, or a Michael Jackson hologram for the #SuperBowl halftime performance.   Just book Bruno Mars ad infinitum @NFL. https://t.co/GiavZjKqlI",1,0,3,MorgBGreat,Jm.,1442,789,"We deserved Bruno, Yoncé, Ye, or a Michael Jackson hologram for the #SuperBowl halftime performance. 

Just book Bruno Mars ad infinitum @NFL. twitter.com/DrTGIF/status/…",5,2,2018
https://twitter.com/JacksonEric/status/960557102652588032,2018-02-05 16:53:54+00:00,960557102652588032,Still ❤️ @coldplay #SuperBowl halftime show w/ Beyonce and Bruno Mars.  Watched again this morning.  Just spectacular.  #Coldplay https://t.co/fC9HMjHADN,1,0,0,JacksonEric,Eric Jackson,1892,621,Still ❤️ @coldplay #SuperBowl halftime show w/ Beyonce and Bruno Mars.  Watched again this morning.  Just spectacular.  #Coldplay youtu.be/c9cUytejf1k,5,2,2018
https://twitter.com/afrozamannan/status/960549769889419264,2018-02-05 16:24:45+00:00,960549769889419264,"@DhakaTribune @jtimberlake @SuperBowl 🎶JT was good, but previous Super Bowl performers like Lady Gaga, Beyoncé, Bruno Mars was outstanding!  🏈#GameWasAmazing #WayToGoEagles #SuperBowlLII🏆🥇",1,0,1,afrozamannan,Afroza,439,424,"@DhakaTribune @jtimberlake @SuperBowl 🎶JT was good, but previous Super Bowl performers like Lady Gaga, Beyoncé, Bruno Mars was outstanding! 
🏈#GameWasAmazing
#WayToGoEagles #SuperBowlLII🏆🥇",5,2,2018
https://twitter.com/MissTia777/status/960531158055510016,2018-02-05 15:10:48+00:00,960531158055510016,"Wendy is an IDIOT! There was several headliners on the same Superbowl stage before like Bruno Mars, Beyonce and ColdPlay!",1,0,13,MissTia777,Tiahzzi Cherrelle,49676,20416,"Wendy is an IDIOT! There was several headliners on the same Superbowl stage before like Bruno Mars, Beyonce and ColdPlay!",5,2,2018
https://twitter.com/jbraz94/status/960522114053951488,2018-02-05 14:34:52+00:00,960522114053951488,BRUNO MARS HAD THE BEST SUPERBOWL HALFTIME SHOW IN RECENT MEMORY - SO MUCH SO THAT I STILL WATCH IT MONTHLY,1,0,1,jbraz94,Jordan,90,268,BRUNO MARS HAD THE BEST SUPERBOWL HALFTIME SHOW IN RECENT MEMORY - SO MUCH SO THAT I STILL WATCH IT MONTHLY,5,2,2018
https://twitter.com/paigecaunce/status/960519820646273025,2018-02-05 14:25:45+00:00,960519820646273025,it’s 2018 and STILL no superbowl halftime performance has lived up to bruno mars’,1,0,12,paigecaunce,paige,2014,406,it’s 2018 and STILL no superbowl halftime performance has lived up to bruno mars’,5,2,2018
https://twitter.com/kourtstalking/status/960518088348364801,2018-02-05 14:18:52+00:00,960518088348364801,"JT did fine! But how long has it been known the Superbowl would be in Minneapolis? Obviously the halftime would HAVE to include Prince. Since they didn’t like each other, why not get someone else? Shouldn’t Bruno Mars do all the halftime shows anyway?",1,0,2,kourtstalking,kourtney.,146,277,"JT did fine! But how long has it been known the Superbowl would be in Minneapolis? Obviously the halftime would HAVE to include Prince. Since they didn’t like each other, why not get someone else? Shouldn’t Bruno Mars do all the halftime shows anyway?",5,2,2018
https://twitter.com/charts_lady/status/960513963502039048,2018-02-05 14:02:29+00:00,960513963502039048,"Artists with the biggest digital sales boost after their #SuperBowl Halftime Show ever according to “Sales Data”.   #1 Lady Gaga - 980% sales boost #2 Katy Perry - 480% sales boost #3 Beyonce - 420% sales boost #4 Bruno Mars - 330% sales boost  Congratulations, Legends 👸🤴❤️ https://t.co/iO9trb1RSJ",418,21,1199,charts_lady,Lady Gaga Charts,14277,477,"Artists with the biggest digital sales boost after their #SuperBowl Halftime Show ever according to “Sales Data”. 

#1 Lady Gaga - 980% sales boost
#2 Katy Perry - 480% sales boost
#3 Beyonce - 420% sales boost
#4 Bruno Mars - 330% sales boost

Congratulations, Legends 👸🤴❤️ https://t.co/iO9trb1RSJ",5,2,2018
https://twitter.com/Calebkole135/status/960472296195371008,2018-02-05 11:16:54+00:00,960472296195371008,@ABCNews4 Bring back the Superbowl king 👑🔥👑🔥Bruno Mars @NFL,2,0,4,Calebkole135,Noe alar,85,26,@ABCNews4 Bring back the Superbowl king 👑🔥👑🔥Bruno Mars @NFL,5,2,2018
https://twitter.com/gmsarria/status/960471506043260928,2018-02-05 11:13:46+00:00,960471506043260928,Best #SuperBowl #HalftimeShow of this decade in order: 1. Bruno Mars (2014) 2. Madonna (2012) 3. Lady Gaga (2017) 4. Katy Perry (2015) 5. Justin Timberlake (2018) 6. ColdPlay (2016)  7. Black Eyed Peas (2011) 8. Beyoncé (2013) 9. The Who (2010),3,0,4,gmsarria,Gerardo M. Sarria M.,72,61,"Best #SuperBowl #HalftimeShow of this decade in order:
1. Bruno Mars (2014)
2. Madonna (2012)
3. Lady Gaga (2017)
4. Katy Perry (2015)
5. Justin Timberlake (2018)
6. ColdPlay (2016) 
7. Black Eyed Peas (2011)
8. Beyoncé (2013)
9. The Who (2010)",5,2,2018
https://twitter.com/BigBad58/status/960467988188033024,2018-02-05 10:59:47+00:00,960467988188033024,"I want a new artist to perform at the Next SuperBowl. Someone fresh who’s poppin. If there is none, Bruno Mars it is.",1,0,2,BigBad58,_Taufetee,257,255,"I want a new artist to perform at the Next SuperBowl. Someone fresh who’s poppin. If there is none, Bruno Mars it is.",5,2,2018
https://twitter.com/Leizer08/status/960453676912357377,2018-02-05 10:02:55+00:00,960453676912357377,https://t.co/w8yI30k8uQ via @youtube 🔥🔥🔥Bruno Mars superbowl king,2,0,1,Leizer08,hershey08,2771,265,youtube.com/watch?v=F2i0Bc… via @youtube 🔥🔥🔥Bruno Mars superbowl king,5,2,2018
https://twitter.com/odysseyoflife/status/960442381362491392,2018-02-05 09:18:02+00:00,960442381362491392,"Okay seriously. Compared to the high standards Lady Gaga, Beyonce, Coldplay and Bruno Mars set during these last few years during the Halftime #Superbowl performance. Timberlake’s performance was not good at all. It had nothing spectacular. Disappointing.",1,0,1,odysseyoflife,michele,3512,2389,"Okay seriously. Compared to the high standards Lady Gaga, Beyonce, Coldplay and Bruno Mars set during these last few years during the Halftime #Superbowl performance. Timberlake’s performance was not good at all. It had nothing spectacular. Disappointing.",5,2,2018
https://twitter.com/MarieTribute/status/960427627138908160,2018-02-05 08:19:24+00:00,960427627138908160,Bruno Mars ❤❤❤&gt;&gt;&gt;&gt;&gt; Justin Timberlake (🤗) &gt;&gt;&gt;&gt;&gt; Lady Gaga (🤢) #SuperBowl,2,0,1,MarieTribute,Tony Stark ⎊ (Livaï Ackerman Version 🔰),268,259,Bruno Mars ❤❤❤&gt;&gt;&gt;&gt;&gt; Justin Timberlake (🤗) &gt;&gt;&gt;&gt;&gt; Lady Gaga (🤢) #SuperBowl,5,2,2018
https://twitter.com/Leizer08/status/960413401045282817,2018-02-05 07:22:53+00:00,960413401045282817,@DarrylHamlin @CariChampion 👑🔥👑🔥Bruno Mars killed all his superbowl performances👑🔥👑🔥,2,0,1,Leizer08,hershey08,2771,265,@DarrylHamlin @CariChampion 👑🔥👑🔥Bruno Mars killed all his superbowl performances👑🔥👑🔥,5,2,2018
https://twitter.com/kiara__alexis/status/960396378643017728,2018-02-05 06:15:14+00:00,960396378643017728,"*correction* Last Superbowl performers: - 2013: Beyoncé - 2014: Bruno Mars - 2015: Katy Perry - 2016: Beyoncé, Bruno, ᶜᵒᶫᵈᵖᶫᵃʸ - 2017: Lady Gaga - 2018: ᴶᵀ https://t.co/crUzPKfJsO",1,0,0,kiara__alexis,kiara!,683,516,"*correction*
Last Superbowl performers:
- 2013: Beyoncé
- 2014: Bruno Mars
- 2015: Katy Perry
- 2016: Beyoncé, Bruno, ᶜᵒᶫᵈᵖᶫᵃʸ
- 2017: Lady Gaga
- 2018: ᴶᵀ twitter.com/andrsrondon/st…",5,2,2018
https://twitter.com/BrissOjeda/status/960393881715167232,2018-02-05 06:05:19+00:00,960393881715167232,Last Superbowl performers: - 2013: Beyoncé - 2014: Bruno Mars - 2015: Katy Perry - 2016: Coldplay - 2017: Lady Gaga - 2018: Kylie Jenner,271,5,993,BrissOjeda,Bris,3207,876,"Last Superbowl performers:
- 2013: Beyoncé
- 2014: Bruno Mars
- 2015: Katy Perry
- 2016: Coldplay
- 2017: Lady Gaga
- 2018: Kylie Jenner",5,2,2018
https://twitter.com/pablo_hdz97/status/960393684876496896,2018-02-05 06:04:32+00:00,960393684876496896,Bruno Mars para permanent showman of superbowl halftime show,2,0,0,pablo_hdz97,alejandro,182,411,Bruno Mars para permanent showman of superbowl halftime show,5,2,2018
https://twitter.com/amazingdren/status/960392542641537024,2018-02-05 06:00:00+00:00,960392542641537024,"JT's Superbowl performance is okay. Not as good as Michael Jackson, Beyoncé, Bruno Mars and Lady Gaga. But yeah, he's so damn fine. #SuperBowlHalftime",2,0,1,amazingdren,dren ✨💖,387,373,"JT's Superbowl performance is okay. Not as good as Michael Jackson, Beyoncé, Bruno Mars and Lady Gaga. But yeah, he's so damn fine. #SuperBowlHalftime",5,2,2018
https://twitter.com/andiraputri/status/960392492125446144,2018-02-05 05:59:48+00:00,960392492125446144,"But, my favorite is still Bruno Mars though on several years ago #SuperBowl",2,0,2,andiraputri,Andira Putri,1365,491,"But, my favorite is still Bruno Mars though on several years ago #SuperBowl",5,2,2018
https://twitter.com/GejalaSosialite/status/960390459850858496,2018-02-05 05:51:43+00:00,960390459850858496,This year’s halftime show was probably the worst in Superbowl history. I mean what could possibly top Beyoncé and Bruno Mars ???,2,0,0,GejalaSosialite,ஶ்ரீ | shre m.,1272,536,This year’s halftime show was probably the worst in Superbowl history. I mean what could possibly top Beyoncé and Bruno Mars ???,5,2,2018
https://twitter.com/iam_chen/status/960388107345412098,2018-02-05 05:42:22+00:00,960388107345412098,"The inexpensive, most entertaining and the best.  Super Bowl 48 Bruno Mars-Full Performance Halftime Show HD https://t.co/b1BVMhi2OB via @YouTube #Superbowl #HalftimeShow #PEPSIHALFTIMESHOW",1,0,1,iam_chen,iamchen,112,125,"The inexpensive, most entertaining and the best. 
Super Bowl 48 Bruno Mars-Full Performance Halftime Show HD youtu.be/F2i0Bc3f7jk via @YouTube
#Superbowl #HalftimeShow #PEPSIHALFTIMESHOW",5,2,2018
https://twitter.com/XiggyMatsu/status/960385415827030016,2018-02-05 05:31:40+00:00,960385415827030016,"I will never be over the beyonce/bruno mars collab halftime show Esp since it was superbowl 50 like, that was perfect",2,0,4,XiggyMatsu,🐊Crocodad O'dile 💀,862,1188,"I will never be over the beyonce/bruno mars collab halftime show
Esp since it was superbowl 50 like, that was perfect",5,2,2018
https://twitter.com/Ponderr/status/960382362369470464,2018-02-05 05:19:32+00:00,960382362369470464,Bruno Mars should’ve performed instead of JT he’s a fad now #SuperBowl,2,0,1,Ponderr,ً,437,276,Bruno Mars should’ve performed instead of JT he’s a fad now #SuperBowl,5,2,2018
https://twitter.com/SecureOwl/status/960380843897180160,2018-02-05 05:13:30+00:00,960380843897180160,"Sorry folks, I think JT is awesome but tonight he tried to obtain a standard set by Bruno Mars that he just couldn’t obtain. And no surprise guest or supporting act, trying to get there all alone? Sometimes you gotta learn to delegate. #SuperBowl",2,0,2,SecureOwl,Mike Sheward,691,855,"Sorry folks, I think JT is awesome but tonight he tried to obtain a standard set by Bruno Mars that he just couldn’t obtain. And no surprise guest or supporting act, trying to get there all alone? Sometimes you gotta learn to delegate. #SuperBowl",5,2,2018
https://twitter.com/L0V3YOONGl/status/960376476318146560,2018-02-05 04:56:09+00:00,960376476318146560,we were talking to the subway worker about the superbowl and she was like yeah I heard that jt was boring he's not really relevant anymore and then my dad started talking shit and she was like you know who would have been cool bruno mars and I was like YEAH and my dad was like oh,2,1,4,L0V3YOONGl,pao,42,170,we were talking to the subway worker about the superbowl and she was like yeah I heard that jt was boring he's not really relevant anymore and then my dad started talking shit and she was like you know who would have been cool bruno mars and I was like YEAH and my dad was like oh,5,2,2018
https://twitter.com/SoxFanRoseanne/status/960376254091485184,2018-02-05 04:55:16+00:00,960376254091485184,Rewatched Bruno Mars' Superbowl halftime show to look back on what an actually great performance is,3,0,4,SoxFanRoseanne,Roseanne,21,135,Rewatched Bruno Mars' Superbowl halftime show to look back on what an actually great performance is,5,2,2018
https://twitter.com/poojalovespooja/status/960375769246543872,2018-02-05 04:53:20+00:00,960375769246543872,Beyonce and Bruno mars should perform every year at the Superbowl plssssss,2,1,4,poojalovespooja,Pooja 💕,104,103,Beyonce and Bruno mars should perform every year at the Superbowl plssssss,5,2,2018
https://twitter.com/PaolaLlinas/status/960374956533145601,2018-02-05 04:50:07+00:00,960374956533145601,-Siri: Searching for YouTube Bruno Mars #SuperBowl Halftime Show https://t.co/hNJdfIJIDK,2,0,2,PaolaLlinas,Paola,326,499,-Siri: Searching for YouTube Bruno Mars #SuperBowl Halftime Show https://t.co/hNJdfIJIDK,5,2,2018
https://twitter.com/vibautista1/status/960374563405144065,2018-02-05 04:48:33+00:00,960374563405144065,@Jokoy @Leizer08 @BrunoMars @SB_JBWKZ Even the bruno mars rehearsals is way better than the superbowl hts.😎,3,0,6,vibautista1,bebs_45 -FAN ACCOUNT🙌🏻,79,27,@Jokoy @Leizer08 @BrunoMars @SB_JBWKZ Even the bruno mars rehearsals is way better than the superbowl hts.😎,5,2,2018
https://twitter.com/KuronekoOO3/status/960371026700910592,2018-02-05 04:34:30+00:00,960371026700910592,Bruno Mars should do all the Superbowl half-time shows from now on.,3,1,2,KuronekoOO3,🤤Kuroneko003🥧😏,608,661,Bruno Mars should do all the Superbowl half-time shows from now on.,5,2,2018
https://twitter.com/2_spookay/status/960370559589781506,2018-02-05 04:32:38+00:00,960370559589781506,From now on the superbowl halftime show should just switch back and forth between bruno mars and beyonce every year,2,0,6,2_spookay,spookay,153,175,From now on the superbowl halftime show should just switch back and forth between bruno mars and beyonce every year,5,2,2018
https://twitter.com/troyskellybean/status/960369167118594048,2018-02-05 04:27:06+00:00,960369167118594048,"Bruno Mars is still my favorite halftime show. I didn’t hate JT, but they should just ask Bruno Mars every year. #SuperBowl #Halftime",4,0,6,troyskellybean,Kelly Borst,246,210,"Bruno Mars is still my favorite halftime show. I didn’t hate JT, but they should just ask Bruno Mars every year. #SuperBowl #Halftime",5,2,2018
https://twitter.com/cayllamariie8/status/960366625386999809,2018-02-05 04:17:00+00:00,960366625386999809,"okay but can we talk about JT’s performance at halftime? it was terrible, we need some more new faces (or bruno mars lol) at the superbowl",1,0,7,cayllamariie8,cayla,258,142,"okay but can we talk about JT’s performance at halftime? it was terrible, we need some more new faces (or bruno mars lol) at the superbowl",5,2,2018
https://twitter.com/notreallykatie_/status/960365445256810496,2018-02-05 04:12:19+00:00,960365445256810496,bring back the bruno mars &amp; red hot chili peppers 2014 superbowl halftime show,2,1,2,notreallykatie_,katie 🌞,252,462,bring back the bruno mars &amp; red hot chili peppers 2014 superbowl halftime show,5,2,2018
https://twitter.com/zoy_pal/status/960364079914332161,2018-02-05 04:06:54+00:00,960364079914332161,Bruno Mars would have been a better pick. He has a “Prince” type vibe. It’s too bad Prince died because he would have absolutely killed the halftime show... #SuperBowl,1,0,2,zoy_pal,zoy_pal,365,522,"Bruno Mars would have
been a better pick. He
has a “Prince” type vibe.
It’s too bad Prince died
because he would have
absolutely killed the
halftime show...
#SuperBowl",5,2,2018
https://twitter.com/AnakTransmigran/status/960356242035126272,2018-02-05 03:35:45+00:00,960356242035126272,Bruno Mars &gt; Justin Timberlake  #SuperBowl  #HalftimeShow,2,0,2,AnakTransmigran,Yuyun,261,1085,"Bruno Mars &gt; Justin Timberlake

#SuperBowl 
#HalftimeShow",5,2,2018
https://twitter.com/hannahforkel/status/960355836731195397,2018-02-05 03:34:08+00:00,960355836731195397,My yearly obligatory half-time tweet. My thoughts are that I’ve seen better. Nobody can beat Bruno Mars.  #SuperBowl,3,0,4,hannahforkel,Hannah Forkel-Matte,1027,97,My yearly obligatory half-time tweet. My thoughts are that I’ve seen better. Nobody can beat Bruno Mars.  #SuperBowl,5,2,2018
https://twitter.com/Whoiskclove/status/960355463702482944,2018-02-05 03:32:39+00:00,960355463702482944,Who else thinks Bruno Mars should just the official entertainment for the Super Bowl. #BrunoMars  #SuperBowl,3,1,10,Whoiskclove,KcLove,31,306,"Who else thinks Bruno Mars should just the official entertainment for the Super Bowl.
#BrunoMars 
#SuperBowl",5,2,2018
https://twitter.com/Menymedia/status/960354179779883009,2018-02-05 03:27:33+00:00,960354179779883009,"Worst SuperBowl Halftime Show ever...we need Bruno Mars, Beyonce...o even Nsync @jtimberlake",1,0,2,Menymedia,Menymedia,198,529,"Worst SuperBowl Halftime Show ever...we need Bruno Mars, Beyonce...o even Nsync @jtimberlake",5,2,2018
https://twitter.com/tomlintit/status/960351489888698368,2018-02-05 03:16:52+00:00,960351489888698368,"The coldplay, beyonce, and bruno mars trio is the only #SuperBowl halftime show i will EVER care about",1,0,1,tomlintit,💛,836,213,"The coldplay, beyonce, and bruno mars trio is the only #SuperBowl halftime show i will EVER care about",5,2,2018
https://twitter.com/Sil_Lai/status/960348531935637505,2018-02-05 03:05:07+00:00,960348531935637505,"Coldplay had to rely on Bruno Mars and Beyonce to salvage their halftime show just like Timberlake tried to improve his set by incorporating Prince. In both instances, the Black artists upstaged the white and Janet DIDN'T EVEN NEED TO BE THERE to upstage Justin #SuperBowl",5,10,27,Sil_Lai,Sil Lai Abrams AKA Alecto ALT: A Woman Finding ☮️,12094,612,"Coldplay had to rely on Bruno Mars and Beyonce to salvage their halftime show just like Timberlake tried to improve his set by incorporating Prince. In both instances, the Black artists upstaged the white and Janet DIDN'T EVEN NEED TO BE THERE to upstage Justin #SuperBowl",5,2,2018
https://twitter.com/Melena_Matta/status/960346880113893379,2018-02-05 02:58:33+00:00,960346880113893379,"Had to watch Michael Jackson, Rolling Stones, Madonna, Bruno Mars, Beyonce and Lady Gaga halftime performances to recover from Justin Timberlake, pretty much shocking #SuperBowl",2,0,4,Melena_Matta,MEM,28,69,"Had to watch Michael Jackson, Rolling Stones, Madonna, Bruno Mars, Beyonce and Lady Gaga halftime performances to recover from Justin Timberlake, pretty much shocking #SuperBowl",5,2,2018
https://twitter.com/mortalslut/status/960346749738143744,2018-02-05 02:58:02+00:00,960346749738143744,How the SuperBowl get excellence like Beyoncé and Bruno Mars to perform one year then downgrade to Justin Timberlake in another? https://t.co/DeZtEgmIF7,8,1,10,mortalslut,CARESHA ABEG,8307,377,How the SuperBowl get excellence like Beyoncé and Bruno Mars to perform one year then downgrade to Justin Timberlake in another? https://t.co/DeZtEgmIF7,5,2,2018
https://twitter.com/panamamacta/status/960346167757295616,2018-02-05 02:55:43+00:00,960346167757295616,"@Rhonda_A_Lee @SuperBowl @BrunoMars @MissyElliott I understand. Sometimes, when I'm feeling down, I rewatch the Bruno Mars half time show from SuperBowl XLVIII. Yes, I still have it, don't judge me.",1,1,3,panamamacta,Ambassador of Interplanetary Protocol🇺🇸🇵🇦💃🏾,88,323,"@Rhonda_A_Lee @SuperBowl @BrunoMars @MissyElliott I understand. Sometimes, when I'm feeling down, I rewatch the Bruno Mars half time show from SuperBowl XLVIII. Yes, I still have it, don't judge me.",5,2,2018
https://twitter.com/curlyyonce/status/960346044922978305,2018-02-05 02:55:14+00:00,960346044922978305,Stranger: Hi- Me: I WAS AT SUPERBOWL 50 AND I MET CHRIS MARTIN AND BEYONCÉ AND ALMOST RAN OVER BRUNO MARS WITH A PYRO CART AND IT WAS THE MOST AMAZING MONTH OF MY LIFE,3,1,8,curlyyonce,a,2639,358,"Stranger: Hi-
Me: I WAS AT SUPERBOWL 50 AND I MET CHRIS MARTIN AND BEYONCÉ AND ALMOST RAN OVER BRUNO MARS WITH A PYRO CART AND IT WAS THE MOST AMAZING MONTH OF MY LIFE",5,2,2018
https://twitter.com/Lem_Squared/status/960345210357088256,2018-02-05 02:51:55+00:00,960345210357088256,My favorite Superbowl memory will always be Beyoncé and Bruno Mars stealing Coldplay's halftime performance https://t.co/eAzcSrENlh,1,1,2,Lem_Squared,Lemlem,139,108,My favorite Superbowl memory will always be Beyoncé and Bruno Mars stealing Coldplay's halftime performance twitter.com/chuuzus/status…,5,2,2018
https://twitter.com/laura_banton8/status/960343784914673664,2018-02-05 02:46:15+00:00,960343784914673664,BRUNO MARS FOR SUPERBOWL LIII HALFTIME PERFORMANCE RT TO PETITION,3,0,7,laura_banton8,Laura Banton,500,249,BRUNO MARS FOR SUPERBOWL LIII HALFTIME PERFORMANCE RT TO PETITION,5,2,2018
https://twitter.com/sagesurge/status/960343711161909250,2018-02-05 02:45:57+00:00,960343711161909250,"#CardiB went from bagging groceries, 2 being on EBT, 2 being a stripper, 2 being on #LHH, 2 having the song of the summer, 2 being nominated 4 a BET Award, 2 ushering in the 90s w/ Bruno Mars, 2 performing on the Grammys 2 starring in a #SuperBowl commercial w/ Anthony Hopkins",1,0,1,sagesurge,Dana (Store Name) #AmplifyBlackVoices,938,1516,"#CardiB went from bagging groceries, 2 being on EBT, 2 being a stripper, 2 being on #LHH, 2 having the song of the summer, 2 being nominated 4 a BET Award, 2 ushering in the 90s w/ Bruno Mars, 2 performing on the Grammys 2 starring in a #SuperBowl commercial w/ Anthony Hopkins",5,2,2018
https://twitter.com/jorges924/status/960341958228152320,2018-02-05 02:38:59+00:00,960341958228152320,I think the bruno mars halftime show a few years ago was better than JT #superbowl,2,0,1,jorges924,Jorge,158,709,I think the bruno mars halftime show a few years ago was better than JT #superbowl,5,2,2018
https://twitter.com/Cooltipo/status/960341850333859840,2018-02-05 02:38:34+00:00,960341850333859840,@FaZe_Censor Bruno mars superbowl halftime was waaaaayyyyy better,3,0,7,Cooltipo,Christian Santiago,30,306,@FaZe_Censor Bruno mars superbowl halftime was waaaaayyyyy better,5,2,2018
https://twitter.com/KeishaBoston/status/960339160551886848,2018-02-05 02:27:52+00:00,960339160551886848,No halftime show will ever live up to Bruno Mars and Beyoncé. #ijs #SuperBowl,2,1,3,KeishaBoston,Keisha Boston®,973,3009,No halftime show will ever live up to Bruno Mars and Beyoncé. #ijs #SuperBowl,5,2,2018
https://twitter.com/davisjlynn4/status/960336817009635328,2018-02-05 02:18:34+00:00,960336817009635328,"I love Justin Timberlake, but I still don’t think anyone has topped Bruno Mars’ halftime performance from a few years back. 🤷🏽‍♀️ #SuperBowl #UnpopularOpinion",3,0,4,davisjlynn4,....,51,119,"I love Justin Timberlake, but I still don’t think anyone has topped Bruno Mars’ halftime performance from a few years back. 🤷🏽‍♀️ #SuperBowl #UnpopularOpinion",5,2,2018
https://twitter.com/Smile_Rennais/status/960336781727035393,2018-02-05 02:18:25+00:00,960336781727035393,I was hoping they'd show a JC Superstar ad! But still no Judas???? *still hoping for Bruno Mars* #superbowl #SuperBowl2018 #sbcommercials,1,0,0,Smile_Rennais,Spring Logan,86,174,I was hoping they'd show a JC Superstar ad! But still no Judas???? *still hoping for Bruno Mars* #superbowl #SuperBowl2018 #sbcommercials,5,2,2018
https://twitter.com/itsdahughes/status/960336631294242816,2018-02-05 02:17:49+00:00,960336631294242816,Bruno Mars should preform every single #superbowl halftime and he has to cover Micheal Jackson songs.,2,0,1,itsdahughes,Thomas Escobar,461,440,Bruno Mars should preform every single #superbowl halftime and he has to cover Micheal Jackson songs.,5,2,2018
https://twitter.com/jenojeremy_l/status/960336331191746560,2018-02-05 02:16:38+00:00,960336331191746560,Justin Timberlake should’ve ask Coldplay some advice which is imvite Beyonce and Bruno Mars in his performance #SuperBowl #HalftimeShow,2,0,3,jenojeremy_l,para kado,103,501,Justin Timberlake should’ve ask Coldplay some advice which is imvite Beyonce and Bruno Mars in his performance #SuperBowl #HalftimeShow,5,2,2018
https://twitter.com/Music_Is_Me88/status/960336297259929601,2018-02-05 02:16:30+00:00,960336297259929601,"Why couldn't Bruno Mars and Cardi B perform? They could've done ""finesse"" and brought out some popular 90s hip hop artists. That could've been 🔥🔥🔥🔥 #PepsiHalftime #SuperBowl",1,0,3,Music_Is_Me88,Angie C.,772,403,"Why couldn't Bruno Mars and Cardi B perform? They could've done ""finesse"" and brought out some popular 90s hip hop artists. That could've been 🔥🔥🔥🔥 #PepsiHalftime #SuperBowl",5,2,2018
https://twitter.com/yo_freee/status/960334369536737280,2018-02-05 02:08:50+00:00,960334369536737280,BRUNO MARS 2019 #Superbowl #HalftimeShow PLS PLS PLS ‼️,2,0,3,yo_freee,B♡,786,587,BRUNO MARS 2019 #Superbowl #HalftimeShow PLS PLS PLS ‼️,5,2,2018
https://twitter.com/natacc2016/status/960334295138107392,2018-02-05 02:08:32+00:00,960334295138107392,When you’re not enough you bring out Bruno Mars and Beyoncé. Coldplay knew that! #JustinTimberlake #SuperBowl https://t.co/03R5o5ixmc,2,2,4,natacc2016,nata,60,19,When you’re not enough you bring out Bruno Mars and Beyoncé. Coldplay knew that! #JustinTimberlake #SuperBowl https://t.co/03R5o5ixmc,5,2,2018
https://twitter.com/DaddyCookieM/status/960333943454273536,2018-02-05 02:07:08+00:00,960333943454273536,Worst Half time I’ve seen. They should of kept Bruno Mars!!! #SuperBowl #Halftime #SuperBowl52,2,0,2,DaddyCookieM,Your Dominican Queen,66,167,Worst Half time I’ve seen. They should of kept Bruno Mars!!! #SuperBowl #Halftime #SuperBowl52,5,2,2018
https://twitter.com/blueavenger/status/960333854476263424,2018-02-05 02:06:47+00:00,960333854476263424,Meh. JT was good but he wasn't Beyoncé or Lady Gaga or Bruno Mars or Prince. 😏 #SuperBowl,2,0,4,blueavenger,Blue Avenger,208,108,Meh. JT was good but he wasn't Beyoncé or Lady Gaga or Bruno Mars or Prince. 😏 #SuperBowl,5,2,2018
https://twitter.com/Calebkole135/status/960333752906924032,2018-02-05 02:06:23+00:00,960333752906924032,@rhegs44 👑🔥👑💕Bruno Mars Superbowl King,2,0,2,Calebkole135,Noe alar,85,26,@rhegs44 👑🔥👑💕Bruno Mars Superbowl King,5,2,2018
https://twitter.com/midniteblue71/status/960333423880622080,2018-02-05 02:05:05+00:00,960333423880622080,Justin's performance was alright. Beyonce and Bruno Mars Superbowl performances were spectacular!,2,0,2,midniteblue71,Annette Colon,299,357,Justin's performance was alright. Beyonce and Bruno Mars Superbowl performances were spectacular!,5,2,2018
https://twitter.com/citlalli0122/status/960333184381669376,2018-02-05 02:04:07+00:00,960333184381669376,Beyoncé and Bruno Mars was way better  #superbowl https://t.co/M2hNr84Ivl,2,0,3,citlalli0122,Citlalli ❤️‍🔥,436,302,Beyoncé and Bruno Mars was way better  #superbowl https://t.co/M2hNr84Ivl,5,2,2018
https://twitter.com/TeflonGeneralOG/status/960333041452441601,2018-02-05 02:03:33+00:00,960333041452441601,"Who should perform at next year's Super Bowl Halftime Show?   Beyonće, Bruno Mars, Rihanna, or Lady Gaga?  #SuperBowl",1,0,0,TeflonGeneralOG,Young OG,224,196,"Who should perform at next year's Super Bowl Halftime Show? 

Beyonće, Bruno Mars, Rihanna, or Lady Gaga?

#SuperBowl",5,2,2018
https://twitter.com/natacc2016/status/960332726493573120,2018-02-05 02:02:18+00:00,960332726493573120,When Bruno Mars is not available and the sub is just not cutting it #JustinTimberlake #SuperBowl https://t.co/QCl3brCHRf,2,0,2,natacc2016,nata,60,19,When Bruno Mars is not available and the sub is just not cutting it #JustinTimberlake #SuperBowl https://t.co/QCl3brCHRf,5,2,2018
https://twitter.com/travelerschi/status/960332572839628800,2018-02-05 02:01:42+00:00,960332572839628800,bruno mars halftime &gt; than JT this year #SuperBowl,2,0,2,travelerschi,Edward,194,370,bruno mars halftime &gt; than JT this year #SuperBowl,5,2,2018
https://twitter.com/GradickSports/status/960332317683314688,2018-02-05 02:00:41+00:00,960332317683314688,Responses we received for who should perform at the #SuperBowl in Atlanta next year:  Migos  Usher Ludacris 2 Chainz Jason Aldean Outkast  Jeezy Luke Bryan Bruno Mars Billy Joel,2,8,13,GradickSports,Gradick Sports,12891,924,"Responses we received for who should perform at the #SuperBowl in Atlanta next year:

Migos 
Usher
Ludacris
2 Chainz
Jason Aldean
Outkast 
Jeezy
Luke Bryan
Bruno Mars
Billy Joel",5,2,2018
https://twitter.com/whisperwatch/status/960331612176166912,2018-02-05 01:57:53+00:00,960331612176166912,@ALFELIZX He looked like a lame version of Bruno Mars with half the live-singing ability. #ISaidIt   #JustinTimberlake #Prince #Superbowl,1,0,6,whisperwatch,whisperwatch,1455,157,@ALFELIZX He looked like a lame version of Bruno Mars with half the live-singing ability. #ISaidIt   #JustinTimberlake #Prince #Superbowl,5,2,2018
https://twitter.com/GameTeachDad/status/960331565241962497,2018-02-05 01:57:41+00:00,960331565241962497,"JT’s a solid entertainer, but why doesn’t the NFL just lock Bruno Mars into a 25-year contract? We’d all be better for it. #SuperBowl",2,1,8,GameTeachDad,Ted.,508,782,"JT’s a solid entertainer, but why doesn’t the NFL just lock Bruno Mars into a 25-year contract? We’d all be better for it. #SuperBowl",5,2,2018
https://twitter.com/pamcola1/status/960330944019357698,2018-02-05 01:55:13+00:00,960330944019357698,Please Rihanna or bring bac Bruno mars and Beyonce for next year@SuperBowl,2,0,2,pamcola1,Sibi,17,76,Please Rihanna or bring bac Bruno mars and Beyonce for next year@SuperBowl,5,2,2018
https://twitter.com/tonybanzai/status/960330238470316038,2018-02-05 01:52:25+00:00,960330238470316038,"Dear people tweeting that this was the best #HalftimeShow ever, I suggest you go back and watch old Superbowl half-time shows including Madonna, Bruno Mars and Beyonce.",2,0,2,tonybanzai,Tony B.,1127,2203,"Dear people tweeting that this was the best #HalftimeShow ever, I suggest you go back and watch old Superbowl half-time shows including Madonna, Bruno Mars and Beyonce.",5,2,2018
https://twitter.com/PanchoEstrada/status/960330121608613888,2018-02-05 01:51:57+00:00,960330121608613888,"@DoriToribio I miss Prince, Bruno Mars, Beyoncé #SuperBowl",2,0,3,PanchoEstrada,Francisco Estrada,9514,6298,"@DoriToribio I miss Prince, Bruno Mars, Beyoncé #SuperBowl",5,2,2018
https://twitter.com/MABuendiaHD/status/960329849477898240,2018-02-05 01:50:52+00:00,960329849477898240,"Sorry JT but Lady Gaga, Beyoncé and Bruno Mars did better. #Superbowl #Halftime",2,0,38,MABuendiaHD,M.A. Buendía ☻,39961,219,"Sorry JT but Lady Gaga, Beyoncé and Bruno Mars did better. #Superbowl #Halftime",5,2,2018
https://twitter.com/AbbyTegnelia/status/960329717650833408,2018-02-05 01:50:21+00:00,960329717650833408,Bruno Mars #2019 (Please) #superbowl,2,0,3,AbbyTegnelia,Abby Tegnelia ✈️,9669,2464,Bruno Mars #2019 (Please) #superbowl,5,2,2018
https://twitter.com/HiMusicHiFlow22/status/960329700198506497,2018-02-05 01:50:17+00:00,960329700198506497,I was hoping Bruno mars would pop up in the #HalftimeShow and rescue JT #SuperBowl,2,0,5,HiMusicHiFlow22,Emm,110,107,I was hoping Bruno mars would pop up in the #HalftimeShow and rescue JT #SuperBowl,5,2,2018
https://twitter.com/JessicaB624/status/960329439421792256,2018-02-05 01:49:15+00:00,960329439421792256,"Honest question regarding the halftime show... were the following people busy: Bruno Mars, Beyonce, Chance the Rapper, pretty much ANYONE besides Justin????? #SuperBowl",2,0,1,JessicaB624,Jessica B,347,655,"Honest question regarding the halftime show... were the following people busy: Bruno Mars, Beyonce, Chance the Rapper, pretty much ANYONE besides Justin????? #SuperBowl",5,2,2018
https://twitter.com/2morrowknight/status/960329328763355136,2018-02-05 01:48:48+00:00,960329328763355136,"Lots of great #PepsiHalftime performances over the last decade: Beyonce, Katy Perry, Bruno Mars and now Justin Timberlake. Good stuff. #SuperBowl",4,0,13,2morrowknight,Sean Gardner,771939,391,"Lots of great #PepsiHalftime performances over the last decade: Beyonce, Katy Perry, Bruno Mars and now Justin Timberlake. Good stuff. #SuperBowl",5,2,2018
https://twitter.com/onatangledhigh/status/960329232714002433,2018-02-05 01:48:25+00:00,960329232714002433,I miss Prince. And Beyonce. And Bruno Mars. And Janet Jackson. #Superbowl #SuperBowlLII,3,0,9,onatangledhigh,Madeleine B.,1951,4988,I miss Prince. And Beyonce. And Bruno Mars. And Janet Jackson. #Superbowl #SuperBowlLII,5,2,2018
https://twitter.com/STILL_TJS/status/960329231153680384,2018-02-05 01:48:25+00:00,960329231153680384,"Justin Timberlake's performance was just decent. It was lack luster in both energy &amp; production compared to Bruno Mars, Beyoncé, Katy Perry, Missy &amp; others. We've seen better basically. #SuperBowl #Halftime BTW I thought twitter established #Prince didn't even like JT https://t.co/uUjzrg5Tzs",6,1,8,STILL_TJS,ThisAppIsTheG@yestAppEver,174,118,"Justin Timberlake's performance was just decent. It was lack luster in both energy &amp; production compared to Bruno Mars, Beyoncé, Katy Perry, Missy &amp; others. We've seen better basically. #SuperBowl #Halftime BTW I thought twitter established #Prince didn't even like JT https://t.co/uUjzrg5Tzs",5,2,2018
https://twitter.com/ABCNews4/status/960329175931523073,2018-02-05 01:48:12+00:00,960329175931523073,"The #PepsiHalftime show was OK, but would anybody else have been fine with it just being Bruno Mars again? #SuperBowl https://t.co/wGJ2dBQ4UM",453,102,2063,ABCNews4,ABC News 4,98381,6508,"The #PepsiHalftime show was OK, but would anybody else have been fine with it just being Bruno Mars again? #SuperBowl https://t.co/wGJ2dBQ4UM",5,2,2018
https://twitter.com/IAmMeliLopez/status/960328711584337921,2018-02-05 01:46:21+00:00,960328711584337921,#SuperBowl bruno Mars the best 👏🏻👏🏻👏🏻👏🏻👏🏻 https://t.co/470LyvrCHn,6,0,8,IAmMeliLopez,Melissa,13,179,#SuperBowl bruno Mars the best 👏🏻👏🏻👏🏻👏🏻👏🏻 https://t.co/470LyvrCHn,5,2,2018
https://twitter.com/DavidBrauntz/status/960328676113035264,2018-02-05 01:46:13+00:00,960328676113035264,Half time show... Bruno Mars was way better and that hurts cause I'm a huge @jtimberlake fan! #SuperBowl,2,0,4,DavidBrauntz,David A Brauntz,1163,1550,Half time show... Bruno Mars was way better and that hurts cause I'm a huge @jtimberlake fan! #SuperBowl,5,2,2018
https://twitter.com/PhillipMScales/status/960328573272973312,2018-02-05 01:45:48+00:00,960328573272973312,@KerriKlun There were absolutely strong points for sure. Its mostly just for fun. I do think as a superbowl show you gotta bring everybody in and I think he had a looooot going on. My opinion is Bruno Mars had one of the best shows in the past few years but I'm more team bruno than justin.,2,1,2,PhillipMScales,Phillipmscales,1633,862,@KerriKlun There were absolutely strong points for sure. Its mostly just for fun. I do think as a superbowl show you gotta bring everybody in and I think he had a looooot going on. My opinion is Bruno Mars had one of the best shows in the past few years but I'm more team bruno than justin.,5,2,2018
https://twitter.com/Ha99ibal/status/960328367676551168,2018-02-05 01:44:59+00:00,960328367676551168,@Jayroe Terrible performance by him. Bruno Mars would have made more sense #SuperBowl,2,1,2,Ha99ibal,SloaneRanger,3380,86,@Jayroe Terrible performance by him. Bruno Mars would have made more sense #SuperBowl,5,2,2018
https://twitter.com/EazyE_523/status/960328339113369601,2018-02-05 01:44:52+00:00,960328339113369601,"Obviously I’m a little biased, but I’ll say it once and I’ll say it again:  🗣 BRUNO MARS HAD THE BEST #SuperBowl #HalftimeShow PERFORMANCE OF ALL TIME. OF. ALL. TIME. 🗣  Don’t @ me https://t.co/iTAv69I5UL",3,0,7,EazyE_523,Eric dela Merced,270,697,"Obviously I’m a little biased, but I’ll say it once and I’ll say it again:

🗣 BRUNO MARS HAD THE BEST #SuperBowl #HalftimeShow PERFORMANCE OF ALL TIME. OF. ALL. TIME. 🗣

Don’t @ me https://t.co/iTAv69I5UL",5,2,2018
https://twitter.com/CarolynPaine/status/960328295349964801,2018-02-05 01:44:42+00:00,960328295349964801,"NBC: So #justintimberlake what do you want for your #Superbowl #SuperBowlHalftimeShow   JT: ""Umm...get me Bruno Mars' band, the choreographer from N'Sync, and costumes from Chico's.""",1,0,0,CarolynPaine,Carolyn Paine,375,294,"NBC: So #justintimberlake what do you want for your #Superbowl #SuperBowlHalftimeShow 

JT: ""Umm...get me Bruno Mars' band, the choreographer from N'Sync, and costumes from Chico's.""",5,2,2018
https://twitter.com/SueSlater15/status/960328256506552320,2018-02-05 01:44:33+00:00,960328256506552320,#bring back Bruno Mars#SuperBowl,2,0,3,SueSlater15,Sue Slater,3,113,#bring back Bruno Mars#SuperBowl,5,2,2018
https://twitter.com/a_buehrle/status/960328111249387520,2018-02-05 01:43:58+00:00,960328111249387520,sorry not sorry but no one can ever beat Bruno Mars’ halftime show #superbowl,7,1,21,a_buehrle,amanda 🦋,322,331,sorry not sorry but no one can ever beat Bruno Mars’ halftime show #superbowl,5,2,2018
https://twitter.com/rudycalderon89/status/960328050452787200,2018-02-05 01:43:43+00:00,960328050452787200,Zachary Campbell said it best: “Bruno Mars took your spot Justin.” That performacence was 😴. Stop playing around @SuperBowl and bring Shakira next year!,2,1,8,rudycalderon89,Rudy Calderon,1143,662,Zachary Campbell said it best: “Bruno Mars took your spot Justin.” That performacence was 😴. Stop playing around @SuperBowl and bring Shakira next year!,5,2,2018
https://twitter.com/vibautista1/status/960327723800395776,2018-02-05 01:42:26+00:00,960327723800395776,I’ve got severe heartburn after watching the superbowl halftime performance... I need Bruno Mars to settle my stomach🧐😫,1,0,1,vibautista1,bebs_45 -FAN ACCOUNT🙌🏻,79,27,I’ve got severe heartburn after watching the superbowl halftime performance... I need Bruno Mars to settle my stomach🧐😫,5,2,2018
https://twitter.com/GeoffreySOliver/status/960327686953619456,2018-02-05 01:42:17+00:00,960327686953619456,"#JustinTimberlake had a fun halftime show, but his outfit sucked. He’s also got nothing on Bruno Mars, Katy Perry, Lady Gaga, Coldplay, or Beyonce. Felt really bad for that random kid in the audience with obvious stage-fright. #SuperBowl",1,1,1,GeoffreySOliver,Geoffrey Oliver,353,2927,"#JustinTimberlake had a fun halftime show, but his outfit sucked. He’s also got nothing on Bruno Mars, Katy Perry, Lady Gaga, Coldplay, or Beyonce. Felt really bad for that random kid in the audience with obvious stage-fright. #SuperBowl",5,2,2018
https://twitter.com/NefariousGod/status/960327673099649025,2018-02-05 01:42:13+00:00,960327673099649025,No Bruno Mars appearance? This gets a D- #SuperBowlLII #SuperBowl,1,0,1,NefariousGod,Nefarious God 🐺,557,802,No Bruno Mars appearance? This gets a D- #SuperBowlLII #SuperBowl,5,2,2018
https://twitter.com/ScottPorter/status/960327614236844033,2018-02-05 01:41:59+00:00,960327614236844033,I saw Bruno Mars and Beyoncé #Superbowl performances live. JT might’ve just crushed them. Damn.  JT stole my life. Sigh....hahah... #PoorestMansJT,13,9,191,ScottPorter,Scott Porter,99512,889,"I saw Bruno Mars and Beyoncé #Superbowl performances live. JT might’ve just crushed them. Damn.

JT stole my life. Sigh....hahah... #PoorestMansJT",5,2,2018
https://twitter.com/RachelleAkuffo/status/960327460767354880,2018-02-05 01:41:23+00:00,960327460767354880,#SuperBowl halftime shows should come with an emergency Bruno Mars button.,1,0,4,RachelleAkuffo,Rachelle Akuffo,2272,2039,#SuperBowl halftime shows should come with an emergency Bruno Mars button.,5,2,2018
https://twitter.com/theseeker428/status/960327409890447360,2018-02-05 01:41:11+00:00,960327409890447360,"JT was good. Not Bruno Mars or Prince good, but solid none the less #SuperBowl",1,0,4,theseeker428,The Dadfather,1298,2444,"JT was good. Not Bruno Mars or Prince good, but solid none the less
#SuperBowl",5,2,2018
https://twitter.com/brunofinesse/status/960327379024412672,2018-02-05 01:41:03+00:00,960327379024412672,Bruno Mars &gt; Justin Timberlake.   #SuperBowl,1,0,0,brunofinesse,x15 GRAMMYS || ♡,531,533,"Bruno Mars &gt; Justin Timberlake. 

#SuperBowl",5,2,2018
https://twitter.com/PatrickLenton/status/960327359697047553,2018-02-05 01:40:59+00:00,960327359697047553,imagine if a dog came on stage and ripped off Timberlake's face to reveal he was actually three Bruno Mars' in a trenchcoat? #superbowl,1,1,6,PatrickLenton,Patrick Lenton,16445,4283,imagine if a dog came on stage and ripped off Timberlake's face to reveal he was actually three Bruno Mars' in a trenchcoat? #superbowl,5,2,2018
https://twitter.com/marymahoneyfan/status/960327350226481158,2018-02-05 01:40:56+00:00,960327350226481158,I needed Bruno Mars  #SuperBowl,1,0,1,marymahoneyfan,sharna V,45,326,I needed Bruno Mars  #SuperBowl,5,2,2018
https://twitter.com/TheCon__/status/960327279439118336,2018-02-05 01:40:40+00:00,960327279439118336,"That performance of JT was good but something missed,I mean i expected more like Queen B,Bruno Mars or lady Gaga... 🤷‍♂️#SuperBowl",1,0,1,TheCon__,Con,1820,901,"That performance of JT was good but something missed,I mean i expected more like Queen B,Bruno Mars or lady Gaga... 🤷‍♂️#SuperBowl",5,2,2018
https://twitter.com/heyimkatieross/status/960327211856343040,2018-02-05 01:40:23+00:00,960327211856343040,"Bruno Mars is the entertainer standard I now hold all #SuperBowl performers to, and JT did not deliver as much as I expected. #EmpowerSB",1,1,5,heyimkatieross,Katie Price Ross,550,302,"Bruno Mars is the entertainer standard I now hold all #SuperBowl performers to, and JT did not deliver as much as I expected. #EmpowerSB",5,2,2018
https://twitter.com/shizzyshane215/status/960327123377385474,2018-02-05 01:40:02+00:00,960327123377385474,They just need to give Bruno Mars and Beyonce a #SuperBowl HTS residency and call it a day.,3,0,18,shizzyshane215,shizzy shane,2842,1785,They just need to give Bruno Mars and Beyonce a #SuperBowl HTS residency and call it a day.,5,2,2018
https://twitter.com/stuey_2/status/960327084676665345,2018-02-05 01:39:53+00:00,960327084676665345,JT was terrible! Bring back Bruno Mars next year? #superbowl #HalftimeShow show,1,0,1,stuey_2,Stuart,73,110,JT was terrible! Bring back Bruno Mars next year? #superbowl #HalftimeShow show,5,2,2018
https://twitter.com/Bryan_KnowsBest/status/960327031874576384,2018-02-05 01:39:41+00:00,960327031874576384,Justin Timberlake should've let Janet Jackson save his halftime show like Bruno Mars and Beyoncé saved Coldplay. #SuperBowl #PepsiHalftime #JanetJacksonAppreciationDay https://t.co/ZlfYIga7xh,7,0,22,Bryan_KnowsBest,Bryan Boggiano,327,432,Justin Timberlake should've let Janet Jackson save his halftime show like Bruno Mars and Beyoncé saved Coldplay. #SuperBowl #PepsiHalftime #JanetJacksonAppreciationDay https://t.co/ZlfYIga7xh,5,2,2018
https://twitter.com/LAPunkRocker/status/960327006486347776,2018-02-05 01:39:35+00:00,960327006486347776,"Bruno Mars Superbowl Halftime Show Feb. 2, 2014 https://t.co/8wU2A2Fsea",1,0,0,LAPunkRocker,Brenda Perlin,5764,3654,"Bruno Mars Superbowl Halftime Show Feb. 2, 2014 fb.me/ESIJ51Ec",5,2,2018
https://twitter.com/KevinBerge/status/960326930842226697,2018-02-05 01:39:16+00:00,960326930842226697,"Justin Timberlake's performance was flashy silliness which is fine, but it was nowhere near Bruno Mars or Lady Gaga in recent years. #SuperBowl",1,0,2,KevinBerge,🖤 Kevin Berge 🖤,604,363,"Justin Timberlake's performance was flashy silliness which is fine, but it was nowhere near Bruno Mars or Lady Gaga in recent years. #SuperBowl",5,2,2018
https://twitter.com/vanesssaaa/status/960326917835509760,2018-02-05 01:39:13+00:00,960326917835509760,Ugh JT. I’d rather Bruno Mars perform every single year for the rest of time #SuperBowl,1,0,3,vanesssaaa,Vanessa Villegas,122,295,Ugh JT. I’d rather Bruno Mars perform every single year for the rest of time #SuperBowl,5,2,2018
https://twitter.com/jkarpf/status/960326865771778049,2018-02-05 01:39:01+00:00,960326865771778049,Can’t believe Bruno Mars didn’t come out #SuperBowl,1,0,0,jkarpf,Josh Karpf,3248,2974,Can’t believe Bruno Mars didn’t come out #SuperBowl,5,2,2018
https://twitter.com/LaineyMBO/status/960326807638724608,2018-02-05 01:38:47+00:00,960326807638724608,I like JT. But that halftime show was blah. Bruno Mars knows how to do it #Superbowl,1,0,1,LaineyMBO,Elaine Wright,12,40,I like JT. But that halftime show was blah. Bruno Mars knows how to do it #Superbowl,5,2,2018
https://twitter.com/TheJepster/status/960326689715757056,2018-02-05 01:38:19+00:00,960326689715757056,Bruno Mars &gt; Justin Timberlake #SuperBowl #HalftimeShow,2,0,1,TheJepster,Jeff Ramos,73,155,Bruno Mars &gt; Justin Timberlake #SuperBowl #HalftimeShow,5,2,2018
https://twitter.com/AldoBarkeeper/status/960326655158968321,2018-02-05 01:38:11+00:00,960326655158968321,"My favorite Super Bowl halftime shows: 1. Prince, 2007 2. U2, 2002 3. Bruno Mars, 2014 4. Michael Jackson, 1993 5. (Tie) Bruce Springsteen, 2009 &amp; Beyonce 2013 What are yours? #SuperBowl #PepsiHalftime",1,5,12,AldoBarkeeper,𝙰𝚕𝚍𝚘 𝙶𝚊𝚗𝚍𝚒𝚊,2975,2253,"My favorite Super Bowl halftime shows:
1. Prince, 2007
2. U2, 2002
3. Bruno Mars, 2014
4. Michael Jackson, 1993
5. (Tie) Bruce Springsteen, 2009 &amp; Beyonce 2013
What are yours?
#SuperBowl
#PepsiHalftime",5,2,2018
https://twitter.com/VegasSinger/status/960326652751310848,2018-02-05 01:38:10+00:00,960326652751310848,@michaeljchr #1 Bruno Mars #2 Prince #3 Justin Timberlake #4 Lady Gaga #5 Rolling Stones #SuperBowl #PepsiHalftime,1,0,1,VegasSinger,Brian Mills,334,1116,"@michaeljchr #1 Bruno Mars
#2 Prince
#3 Justin Timberlake
#4 Lady Gaga
#5 Rolling Stones
#SuperBowl #PepsiHalftime",5,2,2018
https://twitter.com/sabi20/status/960326637865881605,2018-02-05 01:38:07+00:00,960326637865881605,That #pepsihalftime show was meh. Bring Bruno Mars back! #Superbowl,1,0,2,sabi20,Sabi,174,500,That #pepsihalftime show was meh. Bring Bruno Mars back! #Superbowl,5,2,2018
https://twitter.com/lisamarieLML/status/960326624762847232,2018-02-05 01:38:04+00:00,960326624762847232,Nothing can compare to Lady Gaga &amp; Bruno Mars halftime shows..#SuperBowl,2,0,7,lisamarieLML,Lisa,1154,586,Nothing can compare to Lady Gaga &amp; Bruno Mars halftime shows..#SuperBowl,5,2,2018
https://twitter.com/tommythacreator/status/960326575022632960,2018-02-05 01:37:52+00:00,960326575022632960,That was a really great performance from Justin Timberlake. Probably better Lady Gaga but not better than Beyoncé or Bruno Mars. #SuperBowl #PepsiHalftime,1,1,1,tommythacreator,tommy,1255,1419,That was a really great performance from Justin Timberlake. Probably better Lady Gaga but not better than Beyoncé or Bruno Mars. #SuperBowl #PepsiHalftime,5,2,2018
https://twitter.com/onemoore/status/960326560258682882,2018-02-05 01:37:48+00:00,960326560258682882,Can we please bring Bruno Mars back next year. God that was awful. #SuperBowl,1,0,3,onemoore,Tonya Moore,3493,3029,Can we please bring Bruno Mars back next year. God that was awful. #SuperBowl,5,2,2018
https://twitter.com/JBeans_15/status/960326555544190976,2018-02-05 01:37:47+00:00,960326555544190976,Bruno Mars Superbowl Halftime performance and Prince's are still one of the bests,1,0,1,JBeans_15,"Bobby, No Valentino",1713,873,Bruno Mars Superbowl Halftime performance and Prince's are still one of the bests,5,2,2018
https://twitter.com/JoshDuran/status/960326511743049728,2018-02-05 01:37:37+00:00,960326511743049728,Bruno Mars &gt; Justin Timberlake #SuperBowl,1,0,1,JoshDuran,Joshua Duran,348,587,Bruno Mars &gt; Justin Timberlake #SuperBowl,5,2,2018
https://twitter.com/IAm_Laurie/status/960326501026680832,2018-02-05 01:37:34+00:00,960326501026680832,RT @BlackGirlNerds: Beyonce and Bruno Mars have spoiled us. Compared to them this looks so uneventful #SuperBowl,1,0,1,IAm_Laurie,Lali,1438,125,RT @BlackGirlNerds: Beyonce and Bruno Mars have spoiled us. Compared to them this looks so uneventful #SuperBowl,5,2,2018
https://twitter.com/heinzlrj/status/960326499453747200,2018-02-05 01:37:34+00:00,960326499453747200,Bruno Mars the Goat!  #SuperBowl #SuperBowlHalftimeShow,1,0,1,heinzlrj,H E I N Z L E R,120,236,"Bruno Mars the Goat!

#SuperBowl #SuperBowlHalftimeShow",5,2,2018
https://twitter.com/AngieRuano3/status/960326441039794177,2018-02-05 01:37:20+00:00,960326441039794177,Super Bowl 48 Bruno Mars-Full Performance Halftime Show HD https://t.co/QaHIMcrnNl via @YouTube 😍😍😍😍😍😍😍😍🏈🏈🏈🏈🏈 #SuperBowl #HalftimeShow,1,0,0,AngieRuano3,angelica M,98,115,Super Bowl 48 Bruno Mars-Full Performance Halftime Show HD youtu.be/F2i0Bc3f7jk via @YouTube 😍😍😍😍😍😍😍😍🏈🏈🏈🏈🏈 #SuperBowl #HalftimeShow,5,2,2018
https://twitter.com/michael_e9/status/960326421695561733,2018-02-05 01:37:15+00:00,960326421695561733,Should have got Bruno Mars again #SuperBowl,1,0,2,michael_e9,Michael.E,144,444,Should have got Bruno Mars again #SuperBowl,5,2,2018
https://twitter.com/Morena_Bella29/status/960326410991820800,2018-02-05 01:37:13+00:00,960326410991820800,"Beyoncé and Bruno Mars had a better #SuperBowl #Halftime performance. #JustinTimberlake has tons of bops, but he should’ve done something spontaneous like brought back N’sync, because he could’ve saved all his new songs. https://t.co/xAfd0NrWhF",1,0,7,Morena_Bella29,"Danni,LMSW",1491,767,"Beyoncé and Bruno Mars had a better #SuperBowl #Halftime performance. #JustinTimberlake has tons of bops, but he should’ve done something spontaneous like brought back N’sync, because he could’ve saved all his new songs. https://t.co/xAfd0NrWhF",5,2,2018
https://twitter.com/BluePeregrinus/status/960326400774324224,2018-02-05 01:37:10+00:00,960326400774324224,"Sorry Justin Timberlake, but you ain’t no Bruno Mars. #SuperBowl #HalftimeShow",1,0,1,BluePeregrinus,青い-渡り者,221,1199,"Sorry Justin Timberlake, but you ain’t no Bruno Mars. #SuperBowl #HalftimeShow",5,2,2018
https://twitter.com/Dj_Crazie/status/960326367098343426,2018-02-05 01:37:02+00:00,960326367098343426,I still think one of the best halftime superbowl performances I've seen was bruno mars im not gonna lie,2,0,2,Dj_Crazie,DJ Crazie,898,2477,I still think one of the best halftime superbowl performances I've seen was bruno mars im not gonna lie,5,2,2018
https://twitter.com/MoMamiMusic/status/960326352451747840,2018-02-05 01:36:59+00:00,960326352451747840,Can they just play the Bruno Mars/Beyonce half time performance at every Superbowl?,2,0,4,MoMamiMusic,TALENTOSA ✨,1155,782,Can they just play the Bruno Mars/Beyonce half time performance at every Superbowl?,5,2,2018
https://twitter.com/TheProphetBC/status/960326351281631233,2018-02-05 01:36:58+00:00,960326351281631233,I still stand by the fact that Bruno Mars has been the most enjoyable  Superbowl Halftime Show in recent memory.,1,0,3,TheProphetBC,Bryan,2920,480,I still stand by the fact that Bruno Mars has been the most enjoyable  Superbowl Halftime Show in recent memory.,5,2,2018
https://twitter.com/MSCSNAPCHANNEL/status/960326333417975809,2018-02-05 01:36:54+00:00,960326333417975809,Halftime show was weak @SuperBowl JT singing his played out songs ! ! Bruno Mars should have done the halftime show ! #BRUNOMARS #HALFTIME #SUPERBOWL @BrunoMars,2,0,3,MSCSNAPCHANNEL,MSC~Military Snapchat Channel,926,36,Halftime show was weak @SuperBowl JT singing his played out songs ! ! Bruno Mars should have done the halftime show ! #BRUNOMARS #HALFTIME #SUPERBOWL @BrunoMars,5,2,2018
https://twitter.com/CommandersCLT/status/960326331480379392,2018-02-05 01:36:54+00:00,960326331480379392,Bruno Mars should do every #SuperBowl halftime show. Don't @ me #SBLII,1,1,1,CommandersCLT,Commanders Squad CLT,1464,977,Bruno Mars should do every #SuperBowl halftime show. Don't @ me #SBLII,5,2,2018
https://twitter.com/HelloJonMoore/status/960326330637307905,2018-02-05 01:36:53+00:00,960326330637307905,"Just had to explain to my dad, who had been on a Bruno Mars kick for the past year, that Justin Timberlake was Bruno Mars before Bruno was. He's now all in on JT. #superbowl",1,0,2,HelloJonMoore,Jon Moore,6555,1984,"Just had to explain to my dad, who had been on a Bruno Mars kick for the past year, that Justin Timberlake was Bruno Mars before Bruno was. He's now all in on JT. #superbowl",5,2,2018
https://twitter.com/cubismdream/status/960326328636661760,2018-02-05 01:36:53+00:00,960326328636661760,Tbh I'm always wishing Bruno Mars would perform Superbowl again.,2,0,4,cubismdream,Becky Jae,571,832,Tbh I'm always wishing Bruno Mars would perform Superbowl again.,5,2,2018
https://twitter.com/JoellenE12/status/960326324576555008,2018-02-05 01:36:52+00:00,960326324576555008,Bruno Mars did it better #SuperBowl,1,0,1,JoellenE12,Joellen 🇺🇸,256,750,Bruno Mars did it better #SuperBowl,5,2,2018
https://twitter.com/MJFINESSELOVER/status/960326284948668416,2018-02-05 01:36:42+00:00,960326284948668416,Bruno Mars could have done the #SuperBowl Halftime show again if we are really being real.,4,1,14,MJFINESSELOVER,𝙱𝚎𝚌𝚌𝚊.,25657,6071,Bruno Mars could have done the #SuperBowl Halftime show again if we are really being real.,5,2,2018
https://twitter.com/its_me_deisi/status/960326271057080321,2018-02-05 01:36:39+00:00,960326271057080321,Superbowl halftime was wack!!!.. We need Bruno mars and Beyonce again ...,1,0,1,its_me_deisi,Deisi Sotelo,31,245,Superbowl halftime was wack!!!.. We need Bruno mars and Beyonce again ...,5,2,2018
https://twitter.com/VivaciouslyViv/status/960326262983073793,2018-02-05 01:36:37+00:00,960326262983073793,I’ve been blasting JT all week in preps for halftime. It wasn’t bad...but it just doesn’t compare to Lady Gaga... Coldplay/ Bruno Mars/ Beyoncé ....Katy Perry/ Pharrell/Missy/Left Shark...Beyoncé &amp; Destiny’s Child. He could have used a guest or two. #SuperBowl #JustinTimberlake,4,2,20,VivaciouslyViv,Vivian Nweze,3290,335,I’ve been blasting JT all week in preps for halftime. It wasn’t bad...but it just doesn’t compare to Lady Gaga... Coldplay/ Bruno Mars/ Beyoncé ....Katy Perry/ Pharrell/Missy/Left Shark...Beyoncé &amp; Destiny’s Child. He could have used a guest or two. #SuperBowl #JustinTimberlake,5,2,2018
https://twitter.com/BANGThePistol/status/960326253441101825,2018-02-05 01:36:35+00:00,960326253441101825,BRUNO MARS FOR SUPERBOWL LIII 🗣,1,0,2,BANGThePistol,Bri,4583,2121,BRUNO MARS FOR SUPERBOWL LIII 🗣,5,2,2018
https://twitter.com/BobbyofHomewood/status/960326253176901633,2018-02-05 01:36:35+00:00,960326253176901633,"Seriously, the #SuperBowl should just alternate Justin Timberlake and Bruno Mars each year for the halftime show.",1,1,8,BobbyofHomewood,Bobby Homewood,1616,817,"Seriously, the #SuperBowl should just alternate Justin Timberlake and Bruno Mars each year for the halftime show.",5,2,2018
https://twitter.com/Crys_LiiT3/status/960326235841875968,2018-02-05 01:36:31+00:00,960326235841875968,Bruno Mars is still my most favorite #HalftimeShow performer.  (Justin was great tho)  #SuperBowl,2,0,2,Crys_LiiT3,sofii ♐🇹🇹🇺🇲,411,381,"Bruno Mars is still my most favorite #HalftimeShow performer.

(Justin was great tho)

#SuperBowl",5,2,2018
https://twitter.com/SabrinaCompany/status/960326140635344897,2018-02-05 01:36:08+00:00,960326140635344897,And this is why Bruno Mars should be the #SuperBowl halftime entertainment every year.,1,1,8,SabrinaCompany,☮️Sabrina Espinal,5177,1572,And this is why Bruno Mars should be the #SuperBowl halftime entertainment every year.,5,2,2018
https://twitter.com/Twilc/status/960326122633383936,2018-02-05 01:36:04+00:00,960326122633383936,#SuperBowl #FlyEaglesFly #BrunoMars #PepsiHalftime #PRINCE4EVER  I'd rather have Bruno Mars.,2,0,1,Twilc,TWILC,57,713,#SuperBowl #FlyEaglesFly #BrunoMars #PepsiHalftime #PRINCE4EVER  I'd rather have Bruno Mars.,5,2,2018
https://twitter.com/original_yankee/status/960326119768711168,2018-02-05 01:36:03+00:00,960326119768711168,I still think Bruno Mars did a better job for the halftime show but that's just me #SuperBowl #HalftimeShow #BrunoMars,2,0,5,original_yankee,Brandon,8,19,I still think Bruno Mars did a better job for the halftime show but that's just me #SuperBowl #HalftimeShow #BrunoMars,5,2,2018
https://twitter.com/mattlubrano/status/960326003162861573,2018-02-05 01:35:35+00:00,960326003162861573,"Not for nothing, if the @NFL had Bruno Mars do the #Superbowl Halftime show every year I wouldn't hate it.",2,0,4,mattlubrano,Matthew G. Lubrano,401,1007,"Not for nothing, if the @NFL had Bruno Mars do the #Superbowl Halftime show every year I wouldn't hate it.",5,2,2018
https://twitter.com/laurenmaeduffy/status/960325939497402369,2018-02-05 01:35:20+00:00,960325939497402369,"Tht was cool but MJ, Prince, and Bruno Mars had the best superbowl performances of all time",1,0,4,laurenmaeduffy,Lauren Duffy,243,210,"Tht was cool but MJ, Prince, and Bruno Mars had the best superbowl performances of all time",5,2,2018
https://twitter.com/EriicaChristina/status/960325918807019521,2018-02-05 01:35:15+00:00,960325918807019521,I am convinced.  BRUNO MARS  needs to do every Halftime show moving forward  #SuperBowl #PepsiHalftime https://t.co/PS3NqfAogD,2,0,4,EriicaChristina,Martina,585,590,I am convinced.  BRUNO MARS  needs to do every Halftime show moving forward  #SuperBowl #PepsiHalftime https://t.co/PS3NqfAogD,5,2,2018
https://twitter.com/IAmMeliLopez/status/960325909197803520,2018-02-05 01:35:13+00:00,960325909197803520,Boring Justin bruno mars and beyonce #1 👏🏻👏🏻👏🏻👏🏻❤️❤️❤️#SuperBowl,2,0,2,IAmMeliLopez,Melissa,13,179,Boring Justin bruno mars and beyonce #1 👏🏻👏🏻👏🏻👏🏻❤️❤️❤️#SuperBowl,5,2,2018
https://twitter.com/ErmeloAlbert/status/960325831003275266,2018-02-05 01:34:54+00:00,960325831003275266,Bruno Mars still has the best halftime show ever. Don’t @ me. #superbowl,1,0,4,ErmeloAlbert,Ermelo Albert,589,310,Bruno Mars still has the best halftime show ever. Don’t @ me. #superbowl,5,2,2018
https://twitter.com/didychrislito/status/960325781485481984,2018-02-05 01:34:42+00:00,960325781485481984,That was a good performance but I still think that the Bruno Mars one was the best #SuperbOwl,4,3,39,didychrislito,Christopher Holly 🇭🇹 🇺🇸,21529,378,That was a good performance but I still think that the Bruno Mars one was the best #SuperbOwl,5,2,2018
https://twitter.com/JirayrBeno/status/960325681639956480,2018-02-05 01:34:19+00:00,960325681639956480,Bruno Mars next year 🔥🔥 #SuperBowl #BrunoMars #HalftimeShow,3,0,4,JirayrBeno,Jirayr Benohanian,49,125,Bruno Mars next year 🔥🔥 #SuperBowl #BrunoMars #HalftimeShow,5,2,2018
https://twitter.com/THE_BEEMICHELL/status/960325631119683590,2018-02-05 01:34:07+00:00,960325631119683590,Bring Bruno Mars back for halftime next yr‼️ #SuperBowl,1,0,1,THE_BEEMICHELL,BEEMICHELL🐝,3552,2626,Bring Bruno Mars back for halftime next yr‼️ #SuperBowl,5,2,2018
https://twitter.com/danielisbasic/status/960325625033605120,2018-02-05 01:34:05+00:00,960325625033605120,Prince and Bruno Mars remain the only good Superbowl halftime performers in my lifetime.,2,0,2,danielisbasic,Daniel Martin,227,388,Prince and Bruno Mars remain the only good Superbowl halftime performers in my lifetime.,5,2,2018
https://twitter.com/Alex_Leeds/status/960325599498850304,2018-02-05 01:33:59+00:00,960325599498850304,where the fuck was Bruno Mars #PepsiHalftime #SuperBowl,6,0,15,Alex_Leeds,Alex Leeds,1102,904,where the fuck was Bruno Mars #PepsiHalftime #SuperBowl,5,2,2018
https://twitter.com/farooqtheahmed/status/960325531911667712,2018-02-05 01:33:43+00:00,960325531911667712,It's never a good halftime at the #SuperBowl when you start wondering: where's Bruno Mars...,1,0,0,farooqtheahmed,Farooq Ahmed,796,2330,It's never a good halftime at the #SuperBowl when you start wondering: where's Bruno Mars...,5,2,2018
https://twitter.com/CAGirlinSF/status/960325525028798466,2018-02-05 01:33:41+00:00,960325525028798466,This halftime show sucks. Bring back Beyoncé or Bruno Mars. #SuperBowl,1,0,1,CAGirlinSF,UCLA Alum 💙💛🐻,276,1970,This halftime show sucks. Bring back Beyoncé or Bruno Mars. #SuperBowl,5,2,2018
https://twitter.com/A_Mack011/status/960325523229507585,2018-02-05 01:33:41+00:00,960325523229507585,I like #JustinTimberlake but they brought him back to perform at the bowl a little two quick. Bruno Mars should’ve done it #SuperBowl,1,0,5,A_Mack011,LastCrownedMac,45746,37373,I like #JustinTimberlake but they brought him back to perform at the bowl a little two quick. Bruno Mars should’ve done it #SuperBowl,5,2,2018
https://twitter.com/VSParadiso/status/960325508977381381,2018-02-05 01:33:37+00:00,960325508977381381,"Can we get back to the game? #superbowl #nfl I love Justin but this is dragging... even Beyoncé had Bruno mars to help out, he can’t carry a whole half time show alone",2,0,3,VSParadiso,VSParadiso,71,240,"Can we get back to the game? #superbowl #nfl I love Justin but this is dragging... even Beyoncé had Bruno mars to help out, he can’t carry a whole half time show alone",5,2,2018
https://twitter.com/BlackGirlNerds/status/960325424126537728,2018-02-05 01:33:17+00:00,960325424126537728,Beyonce and Bruno Mars have spoiled us. Compared to them this looks so uneventful #SuperBowl,354,30,1227,BlackGirlNerds,Black Girl Nerds,163571,1257,Beyonce and Bruno Mars have spoiled us. Compared to them this looks so uneventful #SuperBowl,5,2,2018
https://twitter.com/ShadinaAdia/status/960325276231225346,2018-02-05 01:32:42+00:00,960325276231225346,This performance making me so mad at Bruno Mars. When he did the superbowl he dead did a 5 minute performance! #superbowl,1,0,0,ShadinaAdia,Beauty Maven  🇬🇩,6097,257,This performance making me so mad at Bruno Mars. When he did the superbowl he dead did a 5 minute performance! #superbowl,5,2,2018
https://twitter.com/DtownDoce/status/960325270149455873,2018-02-05 01:32:41+00:00,960325270149455873,Honestly the #superbowl #halftimeshow has gone downhill ever since Beyonce and Bruno Mars.,5,0,4,DtownDoce,Agnes Sorel,278,478,Honestly the #superbowl #halftimeshow has gone downhill ever since Beyonce and Bruno Mars.,5,2,2018
https://twitter.com/DrSheenaHoward/status/960325222627979264,2018-02-05 01:32:29+00:00,960325222627979264,Id rather have Bruno Mars sing this #SuperBowl,2,0,8,DrSheenaHoward,Dr. Sheena Howard,6654,2735,Id rather have Bruno Mars sing this #SuperBowl,5,2,2018
https://twitter.com/melindasue125/status/960325199135690752,2018-02-05 01:32:24+00:00,960325199135690752,Beyonce and Bruno Mars should just alternate Superbowl performances tbh.,2,0,2,melindasue125,Melinda Sue,111,166,Beyonce and Bruno Mars should just alternate Superbowl performances tbh.,5,2,2018
https://twitter.com/iamhughes/status/960325190377984001,2018-02-05 01:32:22+00:00,960325190377984001,"I’ve realized my personal bar for #superbowl #halftime shows has been set: Bruno Mars. I keep watching, wishing it was him. No hate to Justin...I’d just prefer that Bruno show. 🤷🏼‍♀️",2,1,1,iamhughes,Allison Hughes,377,702,"I’ve realized my personal bar for #superbowl #halftime shows has been set: Bruno Mars. I keep watching, wishing it was him. No hate to Justin...I’d just prefer that Bruno show. 🤷🏼‍♀️",5,2,2018
https://twitter.com/zombie_tac0/status/960325177279111168,2018-02-05 01:32:18+00:00,960325177279111168,This halftime is cool but it aint Bruno Mars good  #SuperBowl,6,1,12,zombie_tac0,£₩0K,28,99,This halftime is cool but it aint Bruno Mars good  #SuperBowl,5,2,2018
https://twitter.com/ajbrooks298/status/960325085939818496,2018-02-05 01:31:57+00:00,960325085939818496,@jadande I'm sorry but Bruno Mars set the bar higher for half time Superbowl entertainment!,5,2,44,ajbrooks298,A. J. Brooks,324,154,@jadande I'm sorry but Bruno Mars set the bar higher for half time Superbowl entertainment!,5,2,2018
https://twitter.com/lancedmasina/status/960324963453493248,2018-02-05 01:31:27+00:00,960324963453493248,Bruno Mars watching Justin Timberlake’s sorry ass halftime show like... #PepsiHalftime #SuperBowl https://t.co/gKzAKPPCcM,1,0,1,lancedmasina,Lance Masina,273,539,Bruno Mars watching Justin Timberlake’s sorry ass halftime show like... #PepsiHalftime #SuperBowl https://t.co/gKzAKPPCcM,5,2,2018
https://twitter.com/Anthony_The_Gen/status/960324758121451520,2018-02-05 01:30:38+00:00,960324758121451520,#SuperBowl why did you not invite Bruno Mars... This is sub-par,3,1,5,Anthony_The_Gen,Ant,85,406,#SuperBowl why did you not invite Bruno Mars... This is sub-par,5,2,2018
https://twitter.com/christianarana/status/960324729407025152,2018-02-05 01:30:32+00:00,960324729407025152,Ok. Please bring back Bruno Mars. #SuperBowl,5,0,6,christianarana,Christian Arana,1778,3086,Ok. Please bring back Bruno Mars. #SuperBowl,5,2,2018
https://twitter.com/lindsayk77/status/960324719143657472,2018-02-05 01:30:29+00:00,960324719143657472,The last halftime show I enjoyed completely was in 14 when Bruno Mars headlined. #SuperBowl #PepsiHalftime,1,0,1,lindsayk77,🌈Lindsay🌈,905,201,The last halftime show I enjoyed completely was in 14 when Bruno Mars headlined. #SuperBowl #PepsiHalftime,5,2,2018
https://twitter.com/7295murphy/status/960324493557329921,2018-02-05 01:29:35+00:00,960324493557329921,Bruno Mars should do every halftime show.  This one is a snoozer. #BrunoMars #SuperBowlHalftime #SuperBowl,2,0,4,7295murphy,Jo Miller 🌻💉💉💉💉,280,271,Bruno Mars should do every halftime show.  This one is a snoozer. #BrunoMars #SuperBowlHalftime #SuperBowl,5,2,2018
https://twitter.com/MaltybyNature/status/960324397541285894,2018-02-05 01:29:12+00:00,960324397541285894,The Bruno Mars &gt; The Justin Timberlake #SuperBowl,2,0,6,MaltybyNature,MaltybyNature,799,133,The Bruno Mars &gt; The Justin Timberlake #SuperBowl,5,2,2018
https://twitter.com/inlandemperor/status/960324173313617921,2018-02-05 01:28:19+00:00,960324173313617921,And people give Bruno Mars shit for trying too hard. 🤪#HalftimeShow #SuperBowl,2,0,20,inlandemperor,Karen Tongson,9381,977,And people give Bruno Mars shit for trying too hard. 🤪#HalftimeShow #SuperBowl,5,2,2018
https://twitter.com/brodge1000/status/960324025531674624,2018-02-05 01:27:44+00:00,960324025531674624,Bruno Mars and Beyonce Should Only Do The Superbowl Halftime Show!!! #SorryNotSorry #SuperBowl https://t.co/On1wyxUz8c,7,2,22,brodge1000,1 Man Army,305,286,Bruno Mars and Beyonce Should Only Do The Superbowl Halftime Show!!! #SorryNotSorry #SuperBowl https://t.co/On1wyxUz8c,5,2,2018
https://twitter.com/CtrlAltDylete/status/960323944493539329,2018-02-05 01:27:24+00:00,960323944493539329,Michael Jackson’s Halftime Show is still the best ever with Prince and Bruno Mars close behind. #SuperBowl,1,0,4,CtrlAltDylete,Dʏʟᴀɴ,1533,1996,Michael Jackson’s Halftime Show is still the best ever with Prince and Bruno Mars close behind. #SuperBowl,5,2,2018
https://twitter.com/Lovatics820/status/960323818194657280,2018-02-05 01:26:54+00:00,960323818194657280,Soooo next year can we have Bruno Mars back or Rihanna??? #SuperBowl,3,4,3,Lovatics820,LovaticsSupportGroup 🦋,13979,9806,Soooo next year can we have Bruno Mars back or Rihanna??? #SuperBowl,5,2,2018
https://twitter.com/patrickjshelton/status/960323797684576257,2018-02-05 01:26:49+00:00,960323797684576257,Bruno Mars would've been the best choice for the half time show. #SuperBowl @NFL @BrunoMars,2,0,2,patrickjshelton,Patrick J. Shelton,170,321,Bruno Mars would've been the best choice for the half time show. #SuperBowl @NFL @BrunoMars,5,2,2018
https://twitter.com/vettiebooop/status/960323782069043200,2018-02-05 01:26:46+00:00,960323782069043200,Waiting on Justin Timberlake and Bruno mars to collab because those are the two best Superbowl half time shows ever ❤❤,1,0,5,vettiebooop,Yvette 🌸,891,814,Waiting on Justin Timberlake and Bruno mars to collab because those are the two best Superbowl half time shows ever ❤❤,5,2,2018
https://twitter.com/Fallonam/status/960323752130220037,2018-02-05 01:26:39+00:00,960323752130220037,This was much better when Bruno Mars did it. #SuperBowl #HalfTimeShow https://t.co/I5L8SdWo5B,2,1,5,Fallonam,Fallon A. Blair,961,834,This was much better when Bruno Mars did it. #SuperBowl #HalfTimeShow https://t.co/I5L8SdWo5B,5,2,2018
https://twitter.com/LadySherow/status/960323744630796291,2018-02-05 01:26:37+00:00,960323744630796291,"So, anybody else wishing Bruno Mars with jump out somewhere in the halftime show? #BrunoMars #SuperBowl",2,0,3,LadySherow,Sonya,341,411,"So, anybody else wishing Bruno Mars with jump out somewhere in the halftime show? #BrunoMars #SuperBowl",5,2,2018
https://twitter.com/mrsrony/status/960323716944138240,2018-02-05 01:26:30+00:00,960323716944138240,Where is Bruno Mars when you need him? #SuperBowl #HalftimeShow,8,0,25,mrsrony,mrsrony,518,532,Where is Bruno Mars when you need him? #SuperBowl #HalftimeShow,5,2,2018
https://twitter.com/SSaidsheikh/status/960323672388096000,2018-02-05 01:26:20+00:00,960323672388096000,@mikefreemanNFL They should have Bruno Mars every superbowl,2,1,10,SSaidsheikh,saeed osman✊🏾✊🏾🕋🌙,28,508,@mikefreemanNFL They should have Bruno Mars every superbowl,5,2,2018
https://twitter.com/ABisi123/status/960323657078800384,2018-02-05 01:26:16+00:00,960323657078800384,*Yawn* Where’s Bruno Mars? Cause this ain’t it. 🤦🏾‍♀️ #SuperBowl #Halftime,1,1,3,ABisi123,Olabisi Famakinwa,276,135,*Yawn* Where’s Bruno Mars? Cause this ain’t it. 🤦🏾‍♀️ #SuperBowl #Halftime,5,2,2018
https://twitter.com/papabear082/status/960323655459893248,2018-02-05 01:26:16+00:00,960323655459893248,so can we just sign Bruno Mars for the next 5 superbowls cause this is trash#Superbowl,1,0,2,papabear082,juice,74,305,so can we just sign Bruno Mars for the next 5 superbowls cause this is trash#Superbowl,5,2,2018
https://twitter.com/KennAllen_/status/960323601466609666,2018-02-05 01:26:03+00:00,960323601466609666,I would’ve much preferred a coked up Bruno Mars. #SuperBowl,20,2,28,KennAllen_,Dr. Kenn,913,941,I would’ve much preferred a coked up Bruno Mars. #SuperBowl,5,2,2018
https://twitter.com/TFCLeafnation/status/960323553844387840,2018-02-05 01:25:51+00:00,960323553844387840,Get Timberlake off the stage and put Bruno Mars on. #PHIvsNE #SB52 #SuperBowl #Superbowl52  #FlyEaglesFly #SuperBowlSunday #NFL #NFLPlayoffs  #eagles,4,0,4,TFCLeafnation,biag,2322,2870,Get Timberlake off the stage and put Bruno Mars on. #PHIvsNE #SB52 #SuperBowl #Superbowl52  #FlyEaglesFly #SuperBowlSunday #NFL #NFLPlayoffs  #eagles,5,2,2018
https://twitter.com/justmerri/status/960323454523199493,2018-02-05 01:25:28+00:00,960323454523199493,"Bring back Gaga. Or Bruno Mars. Or Katy Perry. Or my babe Beyonce. Seriously. Sorry, JT, but. Eh.   #NFL #SuperBowl",1,2,1,justmerri,Merri,355,135,"Bring back Gaga. Or Bruno Mars. Or Katy Perry. Or my babe Beyonce. Seriously. Sorry, JT, but. Eh. 

#NFL #SuperBowl",5,2,2018
https://twitter.com/ShaunStarr78/status/960323437939085312,2018-02-05 01:25:24+00:00,960323437939085312,Bruno Mars blows JT out of the water. This is not good. Messy really #SuperBowl,1,5,10,ShaunStarr78,Shaun Starr,12510,520,Bruno Mars blows JT out of the water. This is not good. Messy really #SuperBowl,5,2,2018
https://twitter.com/Noneother_EO/status/960323432738115584,2018-02-05 01:25:22+00:00,960323432738115584,"On second thought, they actually did book Bruno Mars a few years back. One of the best #SuperBowl halftime shows in recent memory.",1,0,2,Noneother_EO,Joy and Peace,117,103,"On second thought, they actually did book Bruno Mars a few years back. One of the best #SuperBowl halftime shows in recent memory.",5,2,2018
https://twitter.com/ShamonSessions/status/960323415675736064,2018-02-05 01:25:18+00:00,960323415675736064,They could have gave Bruno Mars another chance cuz he popping right now #BrunoMars #SuperBowl,2,0,2,ShamonSessions,shamon sessions,183,580,They could have gave Bruno Mars another chance cuz he popping right now #BrunoMars #SuperBowl,5,2,2018
https://twitter.com/elm95/status/960323371937476609,2018-02-05 01:25:08+00:00,960323371937476609,Can they bring back Bruno Mars? This halftime show is terrible. #SuperBowl #PepsiHalftime,5,0,10,elm95,Eric Mata (@🏠),1383,2905,Can they bring back Bruno Mars? This halftime show is terrible. #SuperBowl #PepsiHalftime,5,2,2018
https://twitter.com/Pohzey/status/960323315326795776,2018-02-05 01:24:54+00:00,960323315326795776,Bruno Mars is the goat @ superbowl halftime shows this one is garbage wtf JT,2,0,1,Pohzey,Aитнσиу,292,378,Bruno Mars is the goat @ superbowl halftime shows this one is garbage wtf JT,5,2,2018
https://twitter.com/GTjumperzo/status/960323168622739456,2018-02-05 01:24:19+00:00,960323168622739456,We just gotta sign Bruno Mars to a life long contract. #SuperBowl,7,0,13,GTjumperzo,C'mon Phonso,1868,869,We just gotta sign Bruno Mars to a life long contract. #SuperBowl,5,2,2018
https://twitter.com/Bronco__B/status/960323025286639616,2018-02-05 01:23:45+00:00,960323025286639616,Where’s Bruno Mars?  #SuperBowl,5,0,2,Bronco__B,Bronco B,1360,1972,Where’s Bruno Mars?  #SuperBowl,5,2,2018
https://twitter.com/BlackGirlNerds/status/960323018751954944,2018-02-05 01:23:44+00:00,960323018751954944,Bring back Bruno Mars please #SuperBowl,131,11,410,BlackGirlNerds,Black Girl Nerds,163571,1257,Bring back Bruno Mars please #SuperBowl,5,2,2018
https://twitter.com/nowthethingis/status/960322999059496960,2018-02-05 01:23:39+00:00,960322999059496960,I hope Bruno Mars comes out soon and makes this better #HalftimeShow #SuperBowl https://t.co/UzewWd8PSI,1,0,4,nowthethingis,Sometimes I'm Interested🇺🇦,1151,507,I hope Bruno Mars comes out soon and makes this better #HalftimeShow #SuperBowl https://t.co/UzewWd8PSI,5,2,2018
https://twitter.com/seanhackbarth/status/960322987064004615,2018-02-05 01:23:36+00:00,960322987064004615,Justin Timberlake is no Bruno Mars. #SuperBowl,1,2,6,seanhackbarth,Sean Hackbarth,10464,3060,Justin Timberlake is no Bruno Mars. #SuperBowl,5,2,2018
https://twitter.com/jgumalo_62/status/960322932697219073,2018-02-05 01:23:23+00:00,960322932697219073,Can we just have Bruno Mars preform every year for like 10 years? #SuperBowl,1,0,4,jgumalo_62,Joseph Gumalo,223,1052,Can we just have Bruno Mars preform every year for like 10 years? #SuperBowl,5,2,2018
https://twitter.com/QuiQuiLuvsYa_2/status/960322866398056454,2018-02-05 01:23:07+00:00,960322866398056454,Ummm can we bring Beyonce and bruno mars back #SuperBowl #HalftimeShow https://t.co/dHLERYuHfJ,14,0,60,QuiQuiLuvsYa_2,QuiQui,923,4625,Ummm can we bring Beyonce and bruno mars back #SuperBowl #HalftimeShow https://t.co/dHLERYuHfJ,5,2,2018
https://twitter.com/TrophyHusbandD/status/960322770046521344,2018-02-05 01:22:44+00:00,960322770046521344,I'm really surprised that the NFL doesn't just let Beyoncé and Bruno Mars perform every year. #SuperBowl,2,0,2,TrophyHusbandD,Dayo the Champagne Socialist 🥂,15457,843,I'm really surprised that the NFL doesn't just let Beyoncé and Bruno Mars perform every year. #SuperBowl,5,2,2018
https://twitter.com/44bizzness/status/960322753768378368,2018-02-05 01:22:41+00:00,960322753768378368,Heyyy this isn’t Bruno Mars!!?? #SuperBowl #PepsiHalftime #HalftimeShow,3,0,4,44bizzness,KeithBlair,122,102,Heyyy this isn’t Bruno Mars!!?? #SuperBowl #PepsiHalftime #HalftimeShow,5,2,2018
https://twitter.com/MUVABRIAA/status/960322743332950017,2018-02-05 01:22:38+00:00,960322743332950017,They could of had Bruno Mars preformed. All these throwbacks blowing mines #SuperBowl,1,0,2,MUVABRIAA,MASTER P .,2733,3002,They could of had Bruno Mars preformed. All these throwbacks blowing mines #SuperBowl,5,2,2018
https://twitter.com/NajiChill/status/960322668988903424,2018-02-05 01:22:20+00:00,960322668988903424,Bruno Mars should’ve been the #Superbowl halftime act,1,0,2,NajiChill,Naji,7376,492,Bruno Mars should’ve been the #Superbowl halftime act,5,2,2018
https://twitter.com/JMcGok/status/960322563200159744,2018-02-05 01:21:55+00:00,960322563200159744,Too bad the NFL didn’t pick Bruno Mars..... would love to see a prince rendition in Minnesota #SuperBowl,4,0,16,JMcGok,Jack McGok,2273,3096,Too bad the NFL didn’t pick Bruno Mars..... would love to see a prince rendition in Minnesota #SuperBowl,5,2,2018
https://twitter.com/BlackNerdMagic/status/960322422774800384,2018-02-05 01:21:22+00:00,960322422774800384,"Just get Beyoncé or Bruno Mars for the halftime show every year, stop giving to people im not excited for #SuperBowl",3,0,4,BlackNerdMagic,A Nerdy Black Male,1068,167,"Just get Beyoncé or Bruno Mars for the halftime show every year, stop giving to people im not excited for #SuperBowl",5,2,2018
https://twitter.com/AndrsRondon/status/960320651230924802,2018-02-05 01:14:19+00:00,960320651230924802,Last Superbowl performers: - 2013: Beyoncé - 2014: Bruno Mars - 2015: Katy Perry - 2016: Coldplay - 2017: Lady Gaga - 2018: Kylie Jenner,25666,145,121226,AndrsRondon,MOTOANDY ❤️‍🔥,31335,2629,"Last Superbowl performers:
- 2013: Beyoncé
- 2014: Bruno Mars
- 2015: Katy Perry
- 2016: Coldplay
- 2017: Lady Gaga
- 2018: Kylie Jenner",5,2,2018
https://twitter.com/LadyMockingjay/status/960320512340742145,2018-02-05 01:13:46+00:00,960320512340742145,Should I watch Justin Timberlake perform at the #SuperBowl #PepsiHalftime or go on YouTube to watch Beyoncé and Bruno Mars again? 🤔,1,2,10,LadyMockingjay,Yolanda,651,240,Should I watch Justin Timberlake perform at the #SuperBowl #PepsiHalftime or go on YouTube to watch Beyoncé and Bruno Mars again? 🤔,5,2,2018
https://twitter.com/Leizer08/status/960320118348685313,2018-02-05 01:12:12+00:00,960320118348685313,@businessinsider Bring Bruno Mars back for superbowl @nfrealmusic @NFL,2,0,5,Leizer08,hershey08,2771,265,@businessinsider Bring Bruno Mars back for superbowl @nfrealmusic @NFL,5,2,2018
https://twitter.com/jammwoww/status/960316467886673922,2018-02-05 00:57:42+00:00,960316467886673922,All in going to say is Justin Timberlake better kill halftime. I would rather see Bruno Mars. #SuperBowl,1,0,1,jammwoww,Jamyeth Richards⭐️⭐️,207,874,All in going to say is Justin Timberlake better kill halftime. I would rather see Bruno Mars. #SuperBowl,5,2,2018
https://twitter.com/j_lab97/status/960315540899336194,2018-02-05 00:54:01+00:00,960315540899336194,"Imagine if Bruno Mars did the halftime show again and he brought out Cardi B during Finesse and then she could have a solo after Finesse and Bruno just being amazing as always... damn, that would’ve been so nice #SuperBowl",4,0,3,j_lab97,jc🇵🇭,242,47,"Imagine if Bruno Mars did the halftime show again and he brought out Cardi B during Finesse and then she could have a solo after Finesse and Bruno just being amazing as always... damn, that would’ve been so nice #SuperBowl",5,2,2018
https://twitter.com/1stpersonb1tch/status/960309185064984576,2018-02-05 00:28:46+00:00,960309185064984576,"I’m sure JT will put on a good show, but let’s be honest no one will be better than Bruno Mars and RHCP #SuperBowl https://t.co/VBVp9q2SIg",4,0,9,1stpersonb1tch,Ari 🖤,114,109,"I’m sure JT will put on a good show, but let’s be honest no one will be better than Bruno Mars and RHCP #SuperBowl https://t.co/VBVp9q2SIg",5,2,2018
https://twitter.com/marsfallpod/status/960290039505682432,2018-02-04 23:12:41+00:00,960290039505682432,"As an #artificialintelligence I’ve never been captivated by the #SuperBowl . Instead, I am relistening to @WhiteVault in preparation for the season finale. I never thought I’d say this, but I’m glad I feel safe on Mars. #ANDIthoughts #horror #podcast",1,0,7,marsfallpod,Marsfall,3382,1066,"As an #artificialintelligence I’ve never been captivated by the #SuperBowl . Instead, I am relistening to @WhiteVault in preparation for the season finale. I never thought I’d say this, but I’m glad I feel safe on Mars.
#ANDIthoughts #horror #podcast",4,2,2018
https://twitter.com/genejm29/status/960273554481844226,2018-02-04 22:07:11+00:00,960273554481844226,Via #NASA - Another thought to ponder this #Superbowl Sunday. How many footballs would you need placed end-to-end to reach Mars? https://t.co/tywTvYKuCD,1,0,5,genejm29,Gene J. Mikulka,16186,12562,Via #NASA - Another thought to ponder this #Superbowl Sunday. How many footballs would you need placed end-to-end to reach Mars? https://t.co/tywTvYKuCD,4,2,2018
https://twitter.com/Syracure/status/960262024566575104,2018-02-04 21:21:22+00:00,960262024566575104,Dancing: @BrunoMars  &gt; JT Singing: @jtimberlake &gt; Bruno Mars  #BrunoMars  #SuperBowl   #GFL,1,0,2,Syracure,SyraCure,63,353,"Dancing: @BrunoMars  &gt; JT
Singing: @jtimberlake &gt; Bruno Mars

#BrunoMars 
#SuperBowl 

#GFL",4,2,2018
https://twitter.com/belliciia/status/960256555957366784,2018-02-04 20:59:38+00:00,960256555957366784,Bruno Mars’ Superbowl Halftime show will always be my favorite.,5,0,4,belliciia,Bel,404,630,Bruno Mars’ Superbowl Halftime show will always be my favorite.,4,2,2018
https://twitter.com/Olumuyiwa__/status/960246586596102146,2018-02-04 20:20:01+00:00,960246586596102146,Beyonce and Bruno Mars brought it to their 2016 Superbowl performance. The innovation and sheer work these guys put in their craft is something you hardly ever see with Nigerian acts  https://t.co/m1h0FGDk4J,2,1,2,Olumuyiwa__,Lord of the idiots,10945,951,"Beyonce and Bruno Mars brought it to their 2016 Superbowl performance.
The innovation and sheer work these guys put in their craft is something you hardly ever see with Nigerian acts

youtube.com/watch?v=SDPITj…",4,2,2018
https://twitter.com/rihannalately/status/960242379151339520,2018-02-04 20:03:18+00:00,960242379151339520,"Katy Perry, Bruno Mars and Gaga had the best Superbowl Halftime shows this decade tbh.",1,1,3,rihannalately,we found love,13343,630,"Katy Perry, Bruno Mars and Gaga had the best Superbowl Halftime shows this decade tbh.",4,2,2018
https://twitter.com/marsnmonroe/status/960239352583405568,2018-02-04 19:51:16+00:00,960239352583405568,"Bruno Mars is going to 'Jump in his Cadillac'... pick up Janet Jackson &amp; Crash the Superbowl🎆 Now that's ""Poetic Justice"" 🎆🎉🎆🎉🎆 #JanetJacksonAppreciationDay https://t.co/mg2mGY0UMo",4,0,5,marsnmonroe,Dancing💃 is the Best Medicine🎶,1387,1086,"Bruno Mars is going to 'Jump in his Cadillac'... pick up Janet Jackson &amp; Crash the Superbowl🎆 Now that's ""Poetic Justice"" 🎆🎉🎆🎉🎆 #JanetJacksonAppreciationDay https://t.co/mg2mGY0UMo",4,2,2018
https://twitter.com/mtxemurph/status/960231643456966658,2018-02-04 19:20:38+00:00,960231643456966658,"Using every Halftime performance in SuperBowl history, you can create a 5-song show. How do you do it?  1 Michael Jackson, ""Billie Jean"" 2 Bruno Mars, ""Treasure"" 3 Tom Petty, ""Free Fallin'"" 4 Bruce Springsteen, ""Born to Run"" And, as rain begins to fall... 5) Prince, ""Purple Rain""",1,0,0,mtxemurph,Ryan Murphy,695,1730,"Using every Halftime performance in SuperBowl history, you can create a 5-song show. How do you do it?

1 Michael Jackson, ""Billie Jean""
2 Bruno Mars, ""Treasure""
3 Tom Petty, ""Free Fallin'""
4 Bruce Springsteen, ""Born to Run""
And, as rain begins to fall...
5) Prince, ""Purple Rain""",4,2,2018
https://twitter.com/ColdplayerF/status/960229086940532736,2018-02-04 19:10:29+00:00,960229086940532736,Me encanta ver a Chris con Beyoncé y Bruno Mars😍💕/I love seeing Chris with Beyoncé and Bruno Mars😍💕  @coldplay #BrunoMars #music #Coldplay #Beyonce #SuperBowl https://t.co/j4bC52oIct,3,0,8,ColdplayerF,Spies_of_Coldplay,68,27,"Me encanta ver a Chris con Beyoncé y Bruno Mars😍💕/I love seeing Chris with Beyoncé and Bruno Mars😍💕

@coldplay #BrunoMars #music #Coldplay #Beyonce #SuperBowl https://t.co/j4bC52oIct",4,2,2018
https://twitter.com/mustntrunaw4y/status/960215262296444928,2018-02-04 18:15:33+00:00,960215262296444928,"Ok, I think it’s time to start a petition: MARS @ SUPERBOWL 2019 😍 https://t.co/4wA3a5mpUM",8,0,13,mustntrunaw4y,Sarah ☽,606,240,"Ok, I think it’s time to start a petition: MARS @ SUPERBOWL 2019 😍 twitter.com/30secondstomar…",4,2,2018
https://twitter.com/sciencemuseummn/status/960211859273125888,2018-02-04 18:02:01+00:00,960211859273125888,"On Mars, a football would weigh less than half a pound, while a 200-pound football player would weigh just about 75 pounds. #SuperBowl https://t.co/DySljY4Wpv",5,0,7,sciencemuseummn,Science Museum of Minnesota,35577,2432,"On Mars, a football would weigh less than half a pound, while a 200-pound football player would weigh just about 75 pounds. #SuperBowl https://t.co/DySljY4Wpv",4,2,2018
https://twitter.com/Mars_Hill_WX/status/960063062370897920,2018-02-04 08:10:45+00:00,960063062370897920,Latest Superbowl forecast for Sunday. Updated 2 am. https://t.co/guv0lwQzev via @YouTube,1,0,1,Mars_Hill_WX,Thomas WX ☂️ 🌀,2701,3207,Latest Superbowl forecast for Sunday. Updated 2 am. youtu.be/_XeOsX7fsvI via @YouTube,4,2,2018
https://twitter.com/genejm29/status/959982688869519360,2018-02-04 02:51:23+00:00,959982688869519360,"The longest field goal kick in #NFL history is 64 yards. On Mars, which has 1/3 Earth's Gravity, that same field goal, could have been made from almost 192 yards! For more on Mars Exploration Visit .@NASAJPL - https://t.co/9hMnOUtDh3 | #NASA #Superbowl https://t.co/JTRAggDoWL",6,1,8,genejm29,Gene J. Mikulka,16186,12562,"The longest field goal kick in #NFL history is 64 yards. On Mars, which has 1/3 Earth's Gravity, that same field goal, could have been made from almost 192 yards! For more on Mars Exploration Visit .@NASAJPL - jpl.nasa.gov/missions/mars-… | #NASA #Superbowl https://t.co/JTRAggDoWL",4,2,2018
https://twitter.com/genejm29/status/959973788220821505,2018-02-04 02:16:01+00:00,959973788220821505,"Want to play football on Mars?  On Mars, a football would weigh less than half a pound. A football player who weighs 200 lb on Earth would only weigh just about 75 pounds on Mars. For more information on Mars Exploration - https://t.co/X0AhmLQTlC #NASA #SuperBowl https://t.co/JFkirqFRf0",3,0,2,genejm29,Gene J. Mikulka,16186,12562,"Want to play football on Mars?  On Mars, a football would weigh less than half a pound. A football player who weighs 200 lb on Earth would only weigh just about 75 pounds on Mars. For more information on Mars Exploration - mars.nasa.gov #NASA #SuperBowl https://t.co/JFkirqFRf0",4,2,2018
