url,Datetime,Tweet Id,Text,Retweet Count,Reply Count,Like Count,Username,Display Name,Followers Count,Friends Count,Rendered Content,Day,Month,Year
https://twitter.com/MaryEDivine/status/960654716517613568,2018-02-05 23:21:47+00:00,960654716517613568,Friend reports that her husband's favorite part of being at the Super Bowl @usbankstadium was the three guys sitting next to him who were from Guam and had won their trip and tickets in a six pack of Bud Light. #SuperBowl,1,0,9,MaryEDivine,Mary Divine,4658,5160,Friend reports that her husband's favorite part of being at the Super Bowl @usbankstadium was the three guys sitting next to him who were from Guam and had won their trip and tickets in a six pack of Bud Light. #SuperBowl,5,2,2018
https://twitter.com/MediaPost/status/960624842260312067,2018-02-05 21:23:04+00:00,960624842260312067,".@SuperBowl Social Scores: Pepsi Wins Tweet Fest, Top Hashtags Go To Bud Light, Toyota https://t.co/cROiHLCE9Y @mp_gavin",1,0,0,MediaPost,MediaPost,115421,913,".@SuperBowl Social Scores: Pepsi Wins Tweet Fest, Top Hashtags Go To Bud Light, Toyota bit.ly/2E6N1tm @mp_gavin",5,2,2018
https://twitter.com/WackyGaley/status/960624516178350080,2018-02-05 21:21:46+00:00,960624516178350080,hey @budlight I hope this free beer is a Green Eagles Superbowl bud light can and not just bud light in a cup. 😉☝️ #dontdissapoint #DillyDilly #FlyEaglesFly #freebeer,1,0,4,WackyGaley,Alex Galey,214,466,hey @budlight I hope this free beer is a Green Eagles Superbowl bud light can and not just bud light in a cup. 😉☝️ #dontdissapoint #DillyDilly #FlyEaglesFly #freebeer,5,2,2018
https://twitter.com/prosoundeffects/status/960611200944963590,2018-02-05 20:28:52+00:00,960611200944963590,Check out this #SuperBowl spot for @budlight featuring sound by PSE Master Library user @jafbox! #wilhelmscream #DillyDilly  Read our interview with Joseph Fraioli on the PSE Blog: https://t.co/I6ifeMeoyS  #sounddesign #audiopost #soundeffects #sfx #SuperBowlLII https://t.co/22N0laxTcs,2,0,2,prosoundeffects,Pro Sound Effects,9106,4422,"Check out this #SuperBowl spot for @budlight featuring sound by PSE Master Library user @jafbox! #wilhelmscream #DillyDilly

Read our interview with Joseph Fraioli on the PSE Blog: prosoundeffects.com/blog/translati…

#sounddesign #audiopost #soundeffects #sfx #SuperBowlLII twitter.com/budlight/statu…",5,2,2018
https://twitter.com/6abc/status/960592634703212544,2018-02-05 19:15:05+00:00,960592634703212544,PHILLY PHILLY! @budlight has spilled some details concerning their promise of free beer to celebrate the Philadelphia @Eagles #SuperBowl win.  https://t.co/pUbqwfm3HJ https://t.co/ivO2CJMtgg,15,3,44,6abc,Action News on 6abc,890724,566,PHILLY PHILLY! @budlight has spilled some details concerning their promise of free beer to celebrate the Philadelphia @Eagles #SuperBowl win.  6abc.cm/2nE8a3Q https://t.co/ivO2CJMtgg,5,2,2018
https://twitter.com/BumWineBob/status/960578149489823744,2018-02-05 18:17:32+00:00,960578149489823744,"The #SuperBowl might be over, but you can still enjoy Bud Light Platinum as the bWb beer of the week and tune in LIVE tonight at 10pm EST to Bumming with Bobcat on @SlingsFlings! Cheers! #PodernFamily https://t.co/0Yp9ugdJjU",35,0,29,BumWineBob,Bum Wine Bob,12014,10330,"The #SuperBowl might be over, but you can still enjoy Bud Light Platinum as the bWb beer of the week and tune in LIVE tonight at 10pm EST to Bumming with Bobcat on @SlingsFlings! Cheers! #PodernFamily bumwinebob.com/2018/02/beer-o…",5,2,2018
https://twitter.com/_BumWine/status/960578045731012608,2018-02-05 18:17:07+00:00,960578045731012608,"The #SuperBowl might be over, but you can still enjoy Bud Light Platinum as the bWb beer of the week and tune in LIVE tonight at 10pm EST to Bumming with Bobcat on @SlingsFlings! Cheers! #PodernFamily https://t.co/UEOSUcxK8Y",5,0,6,_BumWine,Bum Wine,11590,12408,"The #SuperBowl might be over, but you can still enjoy Bud Light Platinum as the bWb beer of the week and tune in LIVE tonight at 10pm EST to Bumming with Bobcat on @SlingsFlings! Cheers! #PodernFamily bumwinebob.com/2018/02/beer-o…",5,2,2018
https://twitter.com/VCUnews/status/960570574115426304,2018-02-05 17:47:26+00:00,960570574115426304,"#SuperBowl ads showcase @VCU_Brandcenter talent once again, with alumni creating spots for major brands, including Bud Light, Pringles, T-Mobile and Hyundai https://t.co/3KuKHMbHCY",2,0,3,VCUnews,VCU News Center,22343,975,"#SuperBowl ads showcase @VCU_Brandcenter talent once again, with alumni creating spots for major brands, including Bud Light, Pringles, T-Mobile and Hyundai news.vcu.edu/article/Super_…",5,2,2018
https://twitter.com/TheReal_Dr_A/status/960547921484595202,2018-02-05 16:17:25+00:00,960547921484595202,Great #SuperBowl and even better company compliments of the @budlight girls / @Eagles @Patriots https://t.co/v7jNg8AoaL,1,0,3,TheReal_Dr_A,Doctor A,93,143,Great #SuperBowl and even better company compliments of the @budlight girls / @Eagles @Patriots https://t.co/v7jNg8AoaL,5,2,2018
https://twitter.com/6abc/status/960546331285745670,2018-02-05 16:11:06+00:00,960546331285745670,PHILLY PHILLY! @budlight has spilled some details concerning their promise of free beer to celebrate the Philadelphia @Eagles #SuperBowl win.  https://t.co/B8VxhwwIjl https://t.co/RUNmvWfpjZ,33,0,107,6abc,Action News on 6abc,890724,566,PHILLY PHILLY! @budlight has spilled some details concerning their promise of free beer to celebrate the Philadelphia @Eagles #SuperBowl win.  6abc.cm/2EgKufd https://t.co/RUNmvWfpjZ,5,2,2018
https://twitter.com/Equine_PT/status/960545676592492544,2018-02-05 16:08:30+00:00,960545676592492544,@budlight @Eagles the SUPERBOWL RING NEEDS TO HAVE YOUR EAGLE SNATCHING A PAT HELMET!  what a game! best ever and ive been watching for 50 years... to THE VICTOR GOES THE SPOULS😍,1,0,4,Equine_PT,Lady-Elk,88,193,@budlight @Eagles the SUPERBOWL RING NEEDS TO HAVE YOUR EAGLE SNATCHING A PAT HELMET!  what a game! best ever and ive been watching for 50 years... to THE VICTOR GOES THE SPOULS😍,5,2,2018
https://twitter.com/IamJohnBurnett/status/960525556524740609,2018-02-05 14:48:33+00:00,960525556524740609,"As a @nyjets fan, I’m loving the results of #SuperBowlLII  @budlight #BudLight @NFL 🏈🍺 #SuperBowl https://t.co/qSNVVtaxDW",2,0,5,IamJohnBurnett,John Burnett,14374,3283,"As a @nyjets fan, I’m loving the results of #SuperBowlLII  @budlight #BudLight @NFL 🏈🍺 #SuperBowl https://t.co/qSNVVtaxDW",5,2,2018
https://twitter.com/BrewStuds/status/960523947329638400,2018-02-05 14:42:09+00:00,960523947329638400,Philadelphia population: 1.568 million  #Philly MSA: 6 million  What trickery shall @budlight employeth to mitigate the dispersal of free #beer at one of the largest victory parades ever?  #superbowl #sblii #flyeaglesfly #dillydilly #phillyphilly https://t.co/CEEUltv0zE,3,1,8,BrewStuds,Tornado Alley Aleworks,80932,11927,"Philadelphia population: 1.568 million 
#Philly MSA: 6 million

What trickery shall @budlight employeth to mitigate the dispersal of free #beer at one of the largest victory parades ever?

#superbowl #sblii #flyeaglesfly #dillydilly #phillyphilly ow.ly/XqHc30icTdf",5,2,2018
https://twitter.com/Alt1045Philly/status/960521470114959360,2018-02-05 14:32:18+00:00,960521470114959360,.@budlight is making good on the promise and will buy you a beer on parade day to celebrate the @Eagles #SuperBowl win https://t.co/yNjqTLBeh0,3,0,14,Alt1045Philly,ALT 104.5 Philly,72480,2793,".@budlight is making good on the promise and will buy you a beer on parade day to celebrate the @Eagles #SuperBowl win
radio1045.iheart.com/featured/amber…",5,2,2018
https://twitter.com/6abc/status/960514381326028801,2018-02-05 14:04:08+00:00,960514381326028801,PHILLY PHILLY! @budlight has spilled some details concerning their promise of free beer to celebrate the Philadelphia @Eagles #SuperBowl win.  https://t.co/mGPav3AphW https://t.co/OJZ0MjXISl,20,1,73,6abc,Action News on 6abc,890724,566,PHILLY PHILLY! @budlight has spilled some details concerning their promise of free beer to celebrate the Philadelphia @Eagles #SuperBowl win.  6abc.cm/2BX6Ehm https://t.co/OJZ0MjXISl,5,2,2018
https://twitter.com/abc13houston/status/960504570479808513,2018-02-05 13:25:09+00:00,960504570479808513,PHILLY PHILLY: @budlight is making good on their word by offering FREE beer along the parade route after the @Eagles #SuperBowl win.  https://t.co/vSaZce45Zy https://t.co/yOWHqWIOYg,2,3,28,abc13houston,ABC13 Houston,837126,3247,PHILLY PHILLY: @budlight is making good on their word by offering FREE beer along the parade route after the @Eagles #SuperBowl win.  abc13.co/2nImPKs https://t.co/yOWHqWIOYg,5,2,2018
https://twitter.com/6abc/status/960494351435599873,2018-02-05 12:44:33+00:00,960494351435599873,PHILLY PHILLY! @budlight has spilled some details concerning their promise of free beer to celebrate the Philadelphia @Eagles #SuperBowl win.  https://t.co/ckrZmDaNNH https://t.co/3kW3dxgqBm,42,2,152,6abc,Action News on 6abc,890724,566,PHILLY PHILLY! @budlight has spilled some details concerning their promise of free beer to celebrate the Philadelphia @Eagles #SuperBowl win.  6abc.cm/2EiVFUY https://t.co/3kW3dxgqBm,5,2,2018
https://twitter.com/6abc/status/960457694661500928,2018-02-05 10:18:53+00:00,960457694661500928,PHILLY PHILLY! @budlight has spilled some details concerning their promise of free beer to celebrate the Philadelphia @Eagles #SuperBowl win.  https://t.co/XB7CeL0lax https://t.co/VhEXvwegt8,24,1,71,6abc,Action News on 6abc,890724,566,PHILLY PHILLY! @budlight has spilled some details concerning their promise of free beer to celebrate the Philadelphia @Eagles #SuperBowl win.  6abc.cm/2s75NuR https://t.co/VhEXvwegt8,5,2,2018
https://twitter.com/YolkaDigital/status/960449957215068161,2018-02-05 09:48:08+00:00,960449957215068161,"All the ads that ran during the Super Bowl, in order: https://t.co/0vRjuk1Scj #SuperBowl #SuperBowlAds #BudLight #Toyota #Sprint #RamTrucks #Wendys #Sketchers #Doritos #Tide https://t.co/GgyyF64uku",1,0,1,YolkaDigital,Yolka Digital,424,229,"All the ads that ran during the Super Bowl, in order: uk.businessinsider.com/super-bowl-201… #SuperBowl #SuperBowlAds #BudLight #Toyota #Sprint #RamTrucks #Wendys #Sketchers #Doritos #Tide https://t.co/GgyyF64uku",5,2,2018
https://twitter.com/TDavenport_NFL/status/960425780009369600,2018-02-05 08:12:04+00:00,960425780009369600,Lane Johnson promised free Bud LIght to #Eagles fans if they won #SuperBowl. Now it's time for fans to cash in. https://t.co/23b4D4B4gA,10,0,14,TDavenport_NFL,TURRON DAVENPORT,39521,1840,Lane Johnson promised free Bud LIght to #Eagles fans if they won #SuperBowl. Now it's time for fans to cash in. usat.ly/2E0TsOl,5,2,2018
https://twitter.com/Jamjohns1278/status/960396087654862848,2018-02-05 06:14:05+00:00,960396087654862848,"We could have won the Superbowl anytime, rest of America. We just lacked proper motivation. Bud Light now owes all of Philadelphia free beer after Eagles Super Bowl win https://t.co/5Jp8Xe7Jtj",1,0,2,Jamjohns1278,Jamal 🎃 Johnson,1025,2396,"We could have won the Superbowl anytime, rest of America. We just lacked proper motivation. Bud Light now owes all of Philadelphia free beer after Eagles Super Bowl win cbssports.com/nfl/news/bud-l…",5,2,2018
https://twitter.com/paulosenra/status/960387280044199936,2018-02-05 05:39:05+00:00,960387280044199936,"Yo, people on the streets of #Philly... @Lanejohnson65 just told @DAZN_CA that he's buying us all @budlight beer. #FlyEaglesFly #Superbowl https://t.co/2zT4Nq4FiF",3,0,2,paulosenra,Paulo Senra,3945,4858,"Yo, people on the streets of #Philly... @Lanejohnson65 just told @DAZN_CA that he's buying us all @budlight beer. #FlyEaglesFly #Superbowl https://t.co/2zT4Nq4FiF",5,2,2018
https://twitter.com/LucyNolandTV/status/960383387008716800,2018-02-05 05:23:37+00:00,960383387008716800,"And here's the answer! #DillyDilly #PhillyPhilly @budlight coming through with its promise of beer on the heels of the #Eagles #SuperBowl win! Time for a parade! @FOX29philly live right now and all night, all morning from Minneapolis and throughout Philadelphia! #FlyEaglesFly https://t.co/ZsOa4kswx7",18,1,46,LucyNolandTV,Lucy Noland,9427,129,"And here's the answer! #DillyDilly #PhillyPhilly @budlight coming through with its promise of beer on the heels of the #Eagles #SuperBowl win! Time for a parade! @FOX29philly live right now and all night, all morning from Minneapolis and throughout Philadelphia! #FlyEaglesFly twitter.com/budlight/statu…",5,2,2018
https://twitter.com/LucyNolandTV/status/960378735664001024,2018-02-05 05:05:08+00:00,960378735664001024,"Hey @budlight, so when are you popping for that free beer you promised if the #Eagles  win the #SuperBowl  ? #EaglesNation awaits! Celebrating makes you really thirsty! #DillyDilly  #PhillyPhilly @FOX29philly #FlyEaglesFly  🎉🍺",15,7,85,LucyNolandTV,Lucy Noland,9427,129,"Hey @budlight, so when are you popping for that free beer you promised if the #Eagles  win the #SuperBowl  ? #EaglesNation awaits! Celebrating makes you really thirsty! #DillyDilly  #PhillyPhilly @FOX29philly #FlyEaglesFly  🎉🍺",5,2,2018
https://twitter.com/Cnyari/status/960372024140058624,2018-02-05 04:38:28+00:00,960372024140058624,"All the #SuperBowl ads and the agencies behind them.  My personal winners: Amazon (Lucky Generals), Tourism Australia (Droga5), Bud Light (Wieden &amp; Kennedy)  &amp; Jeep (Arnold Worldwide) https://t.co/8OIs4696n4",1,1,8,Cnyari,Cristian Nyari,19142,1833,"All the #SuperBowl ads and the agencies behind them.

My personal winners: Amazon (Lucky Generals), Tourism Australia (Droga5), Bud Light (Wieden &amp; Kennedy)  &amp; Jeep (Arnold Worldwide)
adage.com/article/specia…",5,2,2018
https://twitter.com/CBSPhilly/status/960371841566199809,2018-02-05 04:37:44+00:00,960371841566199809,"""FREE BUD LIGHT, FREE BUD LIGHT.""  Bud Light said they would throw a big party for Philly if the Eagles won the #SuperBowl. The fans didn't forget.  #FlyEaglesFly #SB52  https://t.co/qUg1jL9ZX1 https://t.co/nW6Vk9cgni",79,4,263,CBSPhilly,CBS Philly,211698,1267,"""FREE BUD LIGHT, FREE BUD LIGHT.""

Bud Light said they would throw a big party for Philly if the Eagles won the #SuperBowl. The fans didn't forget.  #FlyEaglesFly #SB52 
cbsloc.al/2DrhoKE https://t.co/nW6Vk9cgni",5,2,2018
https://twitter.com/lavucci12/status/960370873420210176,2018-02-05 04:33:53+00:00,960370873420210176,"We thank the King &amp; @budlight for making good on their promise, and we shall see you on the parade trail! All hail the Eagles! #PhillyPhilly #FlyEaglesFly #SuperBowl #Champions https://t.co/eX2l1Do8g8",1,0,0,lavucci12,Virginia_❤GB & TT_🇺🇸,1090,717,"We thank the King &amp; @budlight for making good on their promise, and we shall see you on the parade trail! All hail the Eagles! #PhillyPhilly #FlyEaglesFly #SuperBowl #Champions twitter.com/darrenrovell/s…",5,2,2018
https://twitter.com/1strnd/status/960366011701538816,2018-02-05 04:14:34+00:00,960366011701538816,So the guy in the middle is @AndyEdw24 He's been at #1strnd #wem every year for the #Superbowl &amp; this year he won our grand prize draw then he turned around &amp; donated it to @kevinkarius to auction to raise money for the #WorldsLongestHockeyGame Unbelievable generosity #budlight https://t.co/8WCNWbL4gv,5,5,35,1strnd,@1strnd,1802,3044,So the guy in the middle is @AndyEdw24 He's been at #1strnd #wem every year for the #Superbowl &amp; this year he won our grand prize draw then he turned around &amp; donated it to @kevinkarius to auction to raise money for the #WorldsLongestHockeyGame Unbelievable generosity #budlight https://t.co/8WCNWbL4gv,5,2,2018
https://twitter.com/StuartGreen2018/status/960362271342866433,2018-02-05 03:59:42+00:00,960362271342866433,"Is it me or do the #SuperBowl ads stink this year?  #TideAd - Annoying. #Skyscraper - The Rock in a Die Hard rip-off? Really? 😂 #JurassicWorld2 - Fake, so much grey and terrible CGI. M&amp;Ms - Meh. #BudLight - Lame. #DietCoke - Lousy.",2,0,8,StuartGreen2018,Stuart #UndoOneMoreDay Green,3009,4663,"Is it me or do the #SuperBowl ads stink this year?

#TideAd - Annoying.
#Skyscraper - The Rock in a Die Hard rip-off? Really? 😂
#JurassicWorld2 - Fake, so much grey and terrible CGI.
M&amp;Ms - Meh.
#BudLight - Lame.
#DietCoke - Lousy.",5,2,2018
https://twitter.com/LeeSifford/status/960360105396105216,2018-02-05 03:51:06+00:00,960360105396105216,"@Lanejohnson65 @Eagles @SuperBowl @NFL Time to feed our Thirst, Mr. Johnson.  @budlight #DillyDilly #Eagles https://t.co/sxdO5v744Z",16,0,100,LeeSifford,Lee Sifford,1079,1573,"@Lanejohnson65 @Eagles @SuperBowl @NFL Time to feed our Thirst, Mr. Johnson.  @budlight #DillyDilly #Eagles https://t.co/sxdO5v744Z",5,2,2018
https://twitter.com/Solomon33John/status/960357612624728069,2018-02-05 03:41:12+00:00,960357612624728069,@budlight We 4 Lit.....#FlyEaglesFly #SuperBowl Champions...Make sure you tip your bartender. #BudLight https://t.co/72BD5hOf3I,2,0,3,Solomon33John,John Richardson ♑,1310,4879,@budlight We 4 Lit.....#FlyEaglesFly #SuperBowl Champions...Make sure you tip your bartender. #BudLight https://t.co/72BD5hOf3I,5,2,2018
https://twitter.com/mauiwatch/status/960356317910233088,2018-02-05 03:36:03+00:00,960356317910233088,Mahalo @watercress.maui and @alboy_kuehu for having us for #Superbowl LII 🏈. The @budlight crew is here doing give aways 🙌🏾. Not gonna lie...some of the patrons are a little shook 😱. Tag us in your photos.  We want to see them 📸. https://t.co/Lpa8yuApW8,1,0,4,mauiwatch,MAUIWatch,5519,1360,Mahalo @watercress.maui and @alboy_kuehu for having us for #Superbowl LII 🏈. The @budlight crew is here doing give aways 🙌🏾. Not gonna lie...some of the patrons are a little shook 😱. Tag us in your photos.  We want to see them 📸. https://t.co/Lpa8yuApW8,5,2,2018
https://twitter.com/KJMcCarthyJr/status/960355154280243200,2018-02-05 03:31:25+00:00,960355154280243200,HEY! @Philieagless! Welcome to the #superbowl Club!  Now let's CELEBRATE!  Have a #BudLight !  #DillyDilly @budlight https://t.co/0EYs1YFOlo,1,1,2,KJMcCarthyJr,R.T.G.,476,438,"HEY! @Philieagless! Welcome to the #superbowl Club! 
Now let's CELEBRATE! 
Have a #BudLight !  #DillyDilly
@budlight https://t.co/0EYs1YFOlo",5,2,2018
https://twitter.com/realOBF/status/960353886119841792,2018-02-05 03:26:23+00:00,960353886119841792,"More good news, all the money I would have spent on #SuperBowl swag - I'm going to use on Tide Pods and Bud Light. https://t.co/nOFbAcrpXq",5,2,25,realOBF,Obnoxious Boston Fan,14583,2430,"More good news, all the money I would have spent on #SuperBowl swag - I'm going to use on Tide Pods and Bud Light. https://t.co/nOFbAcrpXq",5,2,2018
https://twitter.com/RadioLunchbox/status/960353665323339777,2018-02-05 03:25:30+00:00,960353665323339777,Yo @budlight   You owe the city of Philadelphia a lot of FREE BEER!  Wish I could make that party!  Just in case you forgot I wanted to you remind you.  #SuperBowl   #FlyEagelsFly,6,4,125,RadioLunchbox,Lunchbox,197764,325,"Yo @budlight 

You owe the city of Philadelphia a lot of FREE BEER!

Wish I could make that party!

Just in case you forgot I wanted to you remind you.

#SuperBowl 

#FlyEagelsFly",5,2,2018
https://twitter.com/BarrettAll/status/960353232919941121,2018-02-05 03:23:47+00:00,960353232919941121,Philly fans realizing they just won free @budlight...and a #SuperBowl https://t.co/ronA6exVMZ,7,4,24,BarrettAll,Jeff Barrett,265062,159378,Philly fans realizing they just won free @budlight...and a #SuperBowl https://t.co/ronA6exVMZ,5,2,2018
https://twitter.com/blackmantroy/status/960352857143717888,2018-02-05 03:22:18+00:00,960352857143717888,.@budlight owes the City of Philadelphia a lot of freaking beer. #Eagles #SuperBowlChamps #SuperBowl @Eagles @Kodele_mua,1,0,3,blackmantroy,Brian McGee. Drank some good beer with a fake ID,693,2399,.@budlight owes the City of Philadelphia a lot of freaking beer. #Eagles #SuperBowlChamps #SuperBowl @Eagles @Kodele_mua,5,2,2018
https://twitter.com/LoganJrChef/status/960352404817563649,2018-02-05 03:20:30+00:00,960352404817563649,#SuperBowl Dilly Dilly great job #philly @budlight,1,1,16,LoganJrChef,Logan Jr Chef,32953,20507,#SuperBowl Dilly Dilly great job #philly @budlight,5,2,2018
https://twitter.com/ApexMarketing/status/960351785109123074,2018-02-05 03:18:02+00:00,960351785109123074,Philly will be drinking some free beer #dillyDilly @Budlight @Lanejohnson65 #flyeaglesfly #SuperBowl Champs https://t.co/ucetxoWx10,6,0,5,ApexMarketing,Apex Marketing Group,16958,1033,Philly will be drinking some free beer #dillyDilly @Budlight @Lanejohnson65 #flyeaglesfly #SuperBowl Champs https://t.co/ucetxoWx10,5,2,2018
https://twitter.com/MrDickDuncan/status/960351350520516608,2018-02-05 03:16:19+00:00,960351350520516608,MY manager laughed at me for taking Monday off #PTO #SuperBowl  #FlyEagleFly @LakishaJackson @Eagles   He's a Dallas cowboys fan!!!! @dallascowboys  Ha!!!!! @PhillyMayor  everybody should be PTO 2/5/18 forever!!! &amp;&amp;&amp; @budlight  I like my beer frothy!!,1,0,2,MrDickDuncan,Dick Duncan,437,285,"MY manager laughed at me for taking Monday off #PTO #SuperBowl  #FlyEagleFly @LakishaJackson @Eagles 

He's a Dallas cowboys fan!!!! @dallascowboys  Ha!!!!! @PhillyMayor  everybody should be PTO 2/5/18 forever!!! &amp;&amp;&amp; @budlight  I like my beer frothy!!",5,2,2018
https://twitter.com/budlight/status/960345956117041152,2018-02-05 02:54:52+00:00,960345956117041152,"@J_bise1209 @SuperBowl Don't mind us, we'll be here watching this video on repeat. #DillyDilly",5,0,16,budlight,Bud Light,262708,253,"@J_bise1209 @SuperBowl Don't mind us, we'll be here watching this video on repeat. #DillyDilly",5,2,2018
https://twitter.com/MegaDaffy2/status/960342471656996864,2018-02-05 02:41:02+00:00,960342471656996864,"Alexa, Bud Light, and Jeep ad are two of my favorites tonight! #SuperBowl",1,0,0,MegaDaffy2,MegaDaffy,1056,1952,"Alexa, Bud Light, and Jeep ad are two of my favorites tonight! #SuperBowl",5,2,2018
https://twitter.com/WCCO/status/960339290483052544,2018-02-05 02:28:23+00:00,960339290483052544,That’s a lot of @budlight — people are thirsty here at the #SuperBowl. https://t.co/ZVOSHTASAV,1,5,12,WCCO,WCCO - CBS Minnesota,245935,6819,That’s a lot of @budlight — people are thirsty here at the #SuperBowl. https://t.co/ZVOSHTASAV,5,2,2018
https://twitter.com/Darren_Gooden/status/960336729755570176,2018-02-05 02:18:13+00:00,960336729755570176,.@budlight BUD KNIGHT makes an appearance in the stands of #SuperBowl  bringing the beer brand $1.35MM in equivalent brand value #DillyDilly via @ApexMGAnalytics https://t.co/rDZmWaGBVO,2,0,3,Darren_Gooden,Darren Gooden,1421,1398,.@budlight BUD KNIGHT makes an appearance in the stands of #SuperBowl  bringing the beer brand $1.35MM in equivalent brand value #DillyDilly via @ApexMGAnalytics https://t.co/rDZmWaGBVO,5,2,2018
https://twitter.com/ApexMarketing/status/960336159044972545,2018-02-05 02:15:57+00:00,960336159044972545,Shining Armor - @budlight BUD KNIGHT makes an appearance in the stands of #SuperBowl bringing the beer brand $1.35MM in equivalent brand value #DillyDilly https://t.co/INY3e7uwJH,3,0,17,ApexMarketing,Apex Marketing Group,16958,1033,Shining Armor - @budlight BUD KNIGHT makes an appearance in the stands of #SuperBowl bringing the beer brand $1.35MM in equivalent brand value #DillyDilly https://t.co/INY3e7uwJH,5,2,2018
https://twitter.com/MayhemMikiMojo/status/960334041642921985,2018-02-05 02:07:32+00:00,960334041642921985,"Is it just me, or does the @budlight knight look like Boba Fett?  #flyeaglesfly #SuperBowl",1,1,4,MayhemMikiMojo,Mayhem Miki,234,659,"Is it just me, or does the @budlight
knight look like Boba Fett? 
#flyeaglesfly #SuperBowl",5,2,2018
https://twitter.com/croninwhocares/status/960333911250235392,2018-02-05 02:07:01+00:00,960333911250235392,Hello are you at the #SuperBowl? Are you drinking Bud Light out of a metal bottle? Then I would like to say that you are a fucking idiot.,1,1,16,croninwhocares,Dan Cronin,27041,3254,Hello are you at the #SuperBowl? Are you drinking Bud Light out of a metal bottle? Then I would like to say that you are a fucking idiot.,5,2,2018
https://twitter.com/BenjaminOscar77/status/960333754677022720,2018-02-05 02:06:23+00:00,960333754677022720,Really liking this Bud Knight guy. :) @budlight #SuperBowl https://t.co/dNl0plliEl,2,1,4,BenjaminOscar77,Benjamin Oscar 🔜 ThyGeekdomCon 22’,1825,3661,Really liking this Bud Knight guy. :) @budlight #SuperBowl https://t.co/dNl0plliEl,5,2,2018
https://twitter.com/DerrickOnSports/status/960333688159555584,2018-02-05 02:06:08+00:00,960333688159555584,Imagine paying thousands for a #SuperBowl ticket and then buying Bud Light,4,1,25,DerrickOnSports,Derrick,3225,552,Imagine paying thousands for a #SuperBowl ticket and then buying Bud Light,5,2,2018
https://twitter.com/dlberes/status/960332667521781761,2018-02-05 02:02:04+00:00,960332667521781761,Here's the deal with that Annheuser-Busch water ad (it's not Bud Light rebranding DAMMNNN got 'em) #SuperBowl  https://t.co/8z1MMbMokM,2,0,3,dlberes,Damon Beres 🦇,10178,995,Here's the deal with that Annheuser-Busch water ad (it's not Bud Light rebranding DAMMNNN got 'em) #SuperBowl  mashable.com/2018/02/02/bud…,5,2,2018
https://twitter.com/JMcGok/status/960329610742370305,2018-02-05 01:49:55+00:00,960329610742370305,While @budlight is Dilly Dillying each other... @budweiserusa is doing something to help those in need #SuperBowl,1,0,2,JMcGok,Jack McGok,2286,3107,While @budlight is Dilly Dillying each other... @budweiserusa is doing something to help those in need #SuperBowl,5,2,2018
https://twitter.com/SarahPDorfman/status/960329598905892865,2018-02-05 01:49:53+00:00,960329598905892865,Superbowl = Drive to party (Dodge Ram) + Get drunk (Bud Light) + Wash vomit out of shirt (Tide),1,0,5,SarahPDorfman,Sarah Dorfman,1141,1136,Superbowl = Drive to party (Dodge Ram) + Get drunk (Bud Light) + Wash vomit out of shirt (Tide),5,2,2018
https://twitter.com/DeeAlvis/status/960322119409299457,2018-02-05 01:20:09+00:00,960322119409299457,What I have learned from  #superbowlcommercials I should dip @Doritos in @tide pods &amp; chase them with @budlight or @pepsi while driving my @Dodge or @Toyota pick up in slow motion #SuperBowl,1,0,3,DeeAlvis,Dee Ablo,475,295,What I have learned from  #superbowlcommercials I should dip @Doritos in @tide pods &amp; chase them with @budlight or @pepsi while driving my @Dodge or @Toyota pick up in slow motion #SuperBowl,5,2,2018
https://twitter.com/BIAUS/status/960318636962533376,2018-02-05 01:06:19+00:00,960318636962533376,What '#DillyDilly' means -- and how @BudLight came up with its viral campaign #superbowl https://t.co/G346hgDg4S https://t.co/uMdc9RnBo7,1,0,1,BIAUS,Business Insider Australia,47117,1257,"What '#DillyDilly' means -- and how @BudLight came up with its viral campaign #superbowl
trib.al/cTTXmIV https://t.co/uMdc9RnBo7",5,2,2018
https://twitter.com/DPJ1369/status/960317416428441600,2018-02-05 01:01:28+00:00,960317416428441600,"Superbowl: The beers on offer, which topped out at $17 for a cup of draft and $13 for a can of Bud Light, more than the cost of a 12-pack of the same product in a supermarket. ""  WOW!!!!!!",3,2,3,DPJ1369,Biden Unites,37240,23757,"Superbowl: The beers on offer, which topped out at $17 for a cup of draft and $13 for a can of Bud Light, more than the cost of a 12-pack of the same product in a supermarket. ""

WOW!!!!!!",5,2,2018
https://twitter.com/mannystreetz/status/960316814461952000,2018-02-05 00:59:05+00:00,960316814461952000,In honor of #Superbowl here’s a throwback to my @budlight commercial! Lol @ Super Bowl 2018 https://t.co/RaODnKlnKN,1,0,6,mannystreetz,MannyStreetz,24121,5642,In honor of #Superbowl here’s a throwback to my @budlight commercial! Lol @ Super Bowl 2018 instagram.com/p/Bey7Yiqhnm_/,5,2,2018
https://twitter.com/rexthetvterrier/status/960313551767457792,2018-02-05 00:46:07+00:00,960313551767457792,Bring back Spuds McKenzie #Budlight  #SuperBowl https://t.co/tzxcZl3GZa,4,3,44,rexthetvterrier,Rex the TV Terrier ™,31311,897,Bring back Spuds McKenzie #Budlight  #SuperBowl https://t.co/tzxcZl3GZa,5,2,2018
https://twitter.com/ApexMarketing/status/960313399669293056,2018-02-05 00:45:30+00:00,960313399669293056,#DillyDilly @budlight giveaway light up glass gets some on-screen exposure with @jlo @Arod #SuperBowl https://t.co/pSTCurovXM,1,0,7,ApexMarketing,Apex Marketing Group,16958,1033,#DillyDilly @budlight giveaway light up glass gets some on-screen exposure with @jlo @Arod #SuperBowl https://t.co/pSTCurovXM,5,2,2018
https://twitter.com/HemingwaysTO/status/960313283956834305,2018-02-05 00:45:03+00:00,960313283956834305,Enjoying our $20 buckets of Bud and Bud Light! #SuperBowl #budweiser #Eagles #Patriots #superbowl2018 #SB52 #SuperBowlSunday https://t.co/8nVJNHcJBp,3,0,3,HemingwaysTO,Hemingway's Toronto,2419,1386,Enjoying our $20 buckets of Bud and Bud Light! #SuperBowl #budweiser #Eagles #Patriots #superbowl2018 #SB52 #SuperBowlSunday https://t.co/8nVJNHcJBp,5,2,2018
https://twitter.com/zenaweist/status/960311592712855552,2018-02-05 00:38:20+00:00,960311592712855552,Our @gethappyfood chili calls for 1/2 cup of beer - nom! @budlight to the rescue #dillydilly #SuperBowl #getsomehappy https://t.co/0I4cfkCMPd,1,0,3,zenaweist,Zena Weist,13418,12711,Our @gethappyfood chili calls for 1/2 cup of beer - nom! @budlight to the rescue #dillydilly #SuperBowl #getsomehappy https://t.co/0I4cfkCMPd,5,2,2018
https://twitter.com/GradedSportsDot/status/960310880054505484,2018-02-05 00:35:30+00:00,960310880054505484,#SuperBowl ads #SuperBowlAds Rankings 1. Star Wars Solo!!!!! 2. Jurassic World 2 3. Dodge Vikings 4. Dorrtios Busta Vikings 5. Bud Knight 6. Pringles Stacking 7. M&amp;M human 8. Bud Light Dilly Dilly battle 9. Sprint: You got a dumb face 10. Chris Pratt Michelob Ultra,1,0,5,GradedSportsDot,GradedSports.Cards,315,335,"#SuperBowl ads #SuperBowlAds Rankings
1. Star Wars Solo!!!!!
2. Jurassic World 2
3. Dodge Vikings
4. Dorrtios Busta Vikings
5. Bud Knight
6. Pringles Stacking
7. M&amp;M human
8. Bud Light Dilly Dilly battle
9. Sprint: You got a dumb face
10. Chris Pratt Michelob Ultra",5,2,2018
https://twitter.com/ChrisPawelski/status/960310853496201216,2018-02-05 00:35:23+00:00,960310853496201216,Best part of the Michelob Light commercial? It wasn’t another Bud Light commercial. #SuperBowl #SuperBowlSunday #SuperBowl2018 #DillyDilly,1,3,5,ChrisPawelski,Christopher Pawelski,67342,60512,Best part of the Michelob Light commercial? It wasn’t another Bud Light commercial. #SuperBowl #SuperBowlSunday #SuperBowl2018 #DillyDilly,5,2,2018
https://twitter.com/karenlevine/status/960310118620520461,2018-02-05 00:32:28+00:00,960310118620520461,"Based on preliminary results so far, ""The Bud Knight"" has the third highest peak in emotional arousal among the participants in our study of neurological responses to #SuperBowl #ads @ipsosus @budlight",1,0,1,karenlevine,karenlevine,901,1392,"Based on preliminary results so far, ""The Bud Knight"" has the third highest peak in emotional arousal among the participants in our study of neurological responses to #SuperBowl #ads @ipsosus @budlight",5,2,2018
https://twitter.com/TheForestFuller/status/960308804784197633,2018-02-05 00:27:15+00:00,960308804784197633,After 9th CM (Top 10) 1) Doritos Blaze/Mountain Dew Ice 2) Mass Mutual  3) Ram Trucks 4) E*Trade 5) Bud Light II 6) Bud Light  7) Avancdos 8) M&amp;M  9) Tide II 10) Toyota #SuperBowl,1,0,0,TheForestFuller,フォレスト ・ デイル ・ フラー #BlackLivesMatter #StopAsianHate,948,250,"After 9th CM (Top 10)
1) Doritos Blaze/Mountain Dew Ice
2) Mass Mutual 
3) Ram Trucks
4) E*Trade
5) Bud Light II
6) Bud Light 
7) Avancdos
8) M&amp;M 
9) Tide II
10) Toyota #SuperBowl",5,2,2018
https://twitter.com/geoffreyvs/status/960307443338227713,2018-02-05 00:21:50+00:00,960307443338227713,Bud Light winning the early battle for dumbest #Superbowl commercial by a mile.,1,1,11,geoffreyvs,Geoffrey Skelley,26923,3057,Bud Light winning the early battle for dumbest #Superbowl commercial by a mile.,5,2,2018
https://twitter.com/imMitchLeonard/status/960307442314866688,2018-02-05 00:21:50+00:00,960307442314866688,Loved hearing a Wilhelm Scream in the @budlight #SuperBowl commercial! @20korg @99piorg,2,0,11,imMitchLeonard,Mitch Leonard,644,505,Loved hearing a Wilhelm Scream in the @budlight #SuperBowl commercial! @20korg @99piorg,5,2,2018
https://twitter.com/djechter/status/960307346563100672,2018-02-05 00:21:27+00:00,960307346563100672,"Watching this bud light ad, feeling like I've seen it before...   #DillyDilly  #Budlight #SuperBowl https://t.co/H1GsA7xU44",1,1,2,djechter,Dylan Echter,1211,2735,"Watching this bud light ad, feeling like I've seen it before... 

#DillyDilly  #Budlight #SuperBowl https://t.co/H1GsA7xU44",5,2,2018
https://twitter.com/Audra_Lowe/status/960307208125693952,2018-02-05 00:20:54+00:00,960307208125693952,"I'd just be happy with every Superbowl commercial ending with ""Dilly Dilly"" @budlight",2,0,1,Audra_Lowe,Audra Lowe ♌️,27308,1265,"I'd just be happy with every Superbowl commercial ending with ""Dilly Dilly"" @budlight",5,2,2018
https://twitter.com/MikeLubbers310/status/960307111778426880,2018-02-05 00:20:31+00:00,960307111778426880,The only battle Bud Light has ever helped me win is my personal struggle with constipation. #SuperBowl,1,1,9,MikeLubbers310,Mike Lubbers,98,64,The only battle Bud Light has ever helped me win is my personal struggle with constipation. #SuperBowl,5,2,2018
https://twitter.com/ShaunDix/status/960306965736980480,2018-02-05 00:19:56+00:00,960306965736980480,@Adweek @budlight Agree. Congrats to @WiedenKennedy and @budlight for continuity that has become a distinctive asset. Great work &amp; super funny. #SuperBowl,1,1,1,ShaunDix,Shaun Dix,171,352,@Adweek @budlight Agree. Congrats to @WiedenKennedy and @budlight for continuity that has become a distinctive asset. Great work &amp; super funny. #SuperBowl,5,2,2018
https://twitter.com/GagesAccount/status/960306922653184000,2018-02-05 00:19:46+00:00,960306922653184000,When @PostMalone isnt in the @budlight #SuperBowl commercial... https://t.co/Q1iHcStC5W,2,0,3,GagesAccount,Gage,281,650,When @PostMalone isnt in the @budlight #SuperBowl commercial... https://t.co/Q1iHcStC5W,5,2,2018
https://twitter.com/RealBrittHughes/status/960306913484378112,2018-02-05 00:19:44+00:00,960306913484378112,"Whenever you feel stupid, just remember that Bud Light paid more than $5 million to air that terrible ad. #SuperBowl",2,1,5,RealBrittHughes,Brittany Hughes,9529,605,"Whenever you feel stupid, just remember that Bud Light paid more than $5 million to air that terrible ad. #SuperBowl",5,2,2018
https://twitter.com/CristineStruble/status/960306829799645189,2018-02-05 00:19:24+00:00,960306829799645189,Hey @CulturessFS does the Bud Light Knight look like Boba Fett who then raises the He-Man sword? #SuperBowl #Commercials,2,1,1,CristineStruble,Cristine Struble,13158,9465,Hey @CulturessFS does the Bud Light Knight look like Boba Fett who then raises the He-Man sword? #SuperBowl #Commercials,5,2,2018
https://twitter.com/GradedSportsDot/status/960306828537204736,2018-02-05 00:19:24+00:00,960306828537204736,"The #SuperBowl ads #SuperBowlAds Rankings 1. Star Wars Solo!!!!! 2. Jurassic World 2 3. Dodge Vikings 4. Dorrtios Busta Vikings 5. Bud Knight 6. M&amp;M human 7. Bud Light Dilly Dilly battle 8. Sprint: You got a dumb face 9. Ameritrade ""All Night Long"" 10. Another Mission Impossible.",3,2,9,GradedSportsDot,GradedSports.Cards,315,335,"The #SuperBowl ads #SuperBowlAds Rankings
1. Star Wars Solo!!!!!
2. Jurassic World 2
3. Dodge Vikings
4. Dorrtios Busta Vikings
5. Bud Knight
6. M&amp;M human
7. Bud Light Dilly Dilly battle
8. Sprint: You got a dumb face
9. Ameritrade ""All Night Long""
10. Another Mission Impossible.",5,2,2018
https://twitter.com/PamMktgNut/status/960306794894626816,2018-02-05 00:19:16+00:00,960306794894626816,“Somebody likes attention!”  #adbowl #brandbowl #sbads #SuperBowl #budlight @budlight #Budweiser https://t.co/d3xg440Jtc,1,2,4,PamMktgNut,Pam Moore,286214,129532,“Somebody likes attention!”  #adbowl #brandbowl #sbads #SuperBowl #budlight @budlight #Budweiser https://t.co/d3xg440Jtc,5,2,2018
https://twitter.com/sa6274/status/960306766348042240,2018-02-05 00:19:09+00:00,960306766348042240,#Budlight commercials are lame.   #dumbest #Commercial #ever #SuperBowl,1,0,1,sa6274,S🇺🇲🇮🇱,5991,1246,#Budlight commercials are lame.   #dumbest #Commercial #ever #SuperBowl,5,2,2018
https://twitter.com/Trilix/status/960306737847955456,2018-02-05 00:19:02+00:00,960306737847955456,Do we like the #BudKnight? #BudLight #SuperBowl #TrilixSuperPoll #poll #marketing,1,1,2,Trilix,Trilix,2330,2187,Do we like the #BudKnight? #BudLight #SuperBowl #TrilixSuperPoll #poll #marketing,5,2,2018
https://twitter.com/Random90sFan/status/960306690066403328,2018-02-05 00:18:51+00:00,960306690066403328,@TokuNation @RangerCommandPH is that @kelsonalyn in the @budlight #SuperBowl commerical? https://t.co/i83yhtursO,7,2,9,Random90sFan,Steven Martinez,285,1254,@TokuNation @RangerCommandPH is that @kelsonalyn in the @budlight #SuperBowl commerical? https://t.co/i83yhtursO,5,2,2018
https://twitter.com/eastwes/status/960306579420663808,2018-02-05 00:18:24+00:00,960306579420663808,#SuperBowl Fact: Nick Cave wrote that Bud Light commercial.,1,0,5,eastwes,Rob Wesley,3231,688,#SuperBowl Fact: Nick Cave wrote that Bud Light commercial.,5,2,2018
https://twitter.com/PlanetEd/status/960306520805306373,2018-02-05 00:18:10+00:00,960306520805306373,"@BudLight Knight, Peter Dinklage @Doritos spots ... @GameOfThrones is all over this @SuperBowl. @MediaVillageCom",2,0,1,PlanetEd,Ed Martin,1115,1286,"@BudLight Knight, Peter Dinklage @Doritos spots ... @GameOfThrones is all over this @SuperBowl. @MediaVillageCom",5,2,2018
https://twitter.com/lyman_brian/status/960306472512053248,2018-02-05 00:17:59+00:00,960306472512053248,That was a very expensive setup for that Bud Light joke. #SuperBowl,1,1,7,lyman_brian,Brian Lyman,15075,917,That was a very expensive setup for that Bud Light joke. #SuperBowl,5,2,2018
https://twitter.com/pigskinanalyst1/status/960306448579399681,2018-02-05 00:17:53+00:00,960306448579399681,Because people that drink bud light r so stupid they can’t find a store  #SuperBowl,1,0,1,pigskinanalyst1,OhSports,33,59,Because people that drink bud light r so stupid they can’t find a store  #SuperBowl,5,2,2018
https://twitter.com/PartlyClowday/status/960306380501671937,2018-02-05 00:17:37+00:00,960306380501671937,this bud light knight looks like shovel knight #SuperBowl,1,0,1,PartlyClowday,a pickle,153,999,this bud light knight looks like shovel knight #SuperBowl,5,2,2018
https://twitter.com/kcvinalpena/status/960306364231778304,2018-02-05 00:17:33+00:00,960306364231778304,These Bud Light commercials are painful. #SuperBowl,2,0,1,kcvinalpena,kcvinalpena,869,348,These Bud Light commercials are painful. #SuperBowl,5,2,2018
https://twitter.com/scocchiere/status/960306351699263488,2018-02-05 00:17:30+00:00,960306351699263488,"America: There’s no way you could jam a low-key Star Wars nod, a not-so-low-key He-Man reference, and a nearly direct lift from a famous Game Of Thrones episode into a single #DillyDilly ad.  Bud Light: Hold my beer…  #SuperBowl #BrandBowl52 https://t.co/tTjjURfs3p",1,0,1,scocchiere,Scott Cocchiere,440,594,"America: There’s no way you could jam a low-key Star Wars nod, a not-so-low-key He-Man reference, and a nearly direct lift from a famous Game Of Thrones episode into a single #DillyDilly ad.

Bud Light: Hold my beer…

#SuperBowl #BrandBowl52 https://t.co/tTjjURfs3p",5,2,2018
https://twitter.com/Greatunclebob/status/960306327892512768,2018-02-05 00:17:24+00:00,960306327892512768,This dilly dilly Bud light shit is wack #Superbowl #SB52,1,0,0,Greatunclebob,𝔾𝕣𝕖𝕒𝕥 𝕌𝕟𝕔𝕝𝕖 𝔹𝕠𝕓,711,615,This dilly dilly Bud light shit is wack #Superbowl #SB52,5,2,2018
https://twitter.com/The_Lovely_Miss/status/960306309437558785,2018-02-05 00:17:20+00:00,960306309437558785,That Budlight commercial was TRASH. #SuperBowl,1,0,1,The_Lovely_Miss,Sarah,1057,1573,That Budlight commercial was TRASH. #SuperBowl,5,2,2018
https://twitter.com/TheGiftOfMayhem/status/960306261169397760,2018-02-05 00:17:08+00:00,960306261169397760,The #BudKnight is available for birthdays and bar mitzvahs  #BudLight #SuperBowl,1,0,1,TheGiftOfMayhem,ᗪᗩᑎ ᕼᗩGᗩᖇ,3103,4543,"The #BudKnight is available for birthdays and bar mitzvahs

#BudLight
#SuperBowl",5,2,2018
https://twitter.com/Elazarta/status/960306087491751937,2018-02-05 00:16:27+00:00,960306087491751937,"Look, if Game of Thrones isn't coming back until 2019, I'll take a Bud Light version... #SuperBowl #DillyDilly #SB52 https://t.co/k6IOvnenMg",7,0,25,Elazarta,Elazar Abrahams,1468,995,"Look, if Game of Thrones isn't coming back until 2019, I'll take a Bud Light version... #SuperBowl #DillyDilly #SB52 https://t.co/k6IOvnenMg",5,2,2018
https://twitter.com/freep/status/960305602877517825,2018-02-05 00:14:31+00:00,960305602877517825,We would argue that drinking a Bud Light is a bit like being in a Pit of Misery. #DillyDilly #SuperBowl https://t.co/si60GIY8dD,185,23,414,freep,Detroit Free Press,509030,3404,We would argue that drinking a Bud Light is a bit like being in a Pit of Misery. #DillyDilly #SuperBowl https://t.co/si60GIY8dD,5,2,2018
https://twitter.com/1075daverocks/status/960304754705534977,2018-02-05 00:11:09+00:00,960304754705534977,First quarter down! We’re watching the game in STYLE at the Dave Rocks Bud Light Super Bowl Party...so much deliciousness 🤤🏈🍻@McCabesKW #SuperBowl https://t.co/dAONmalc1Y,1,0,3,1075daverocks,107.5 DAVE Rocks,6588,630,First quarter down! We’re watching the game in STYLE at the Dave Rocks Bud Light Super Bowl Party...so much deliciousness 🤤🏈🍻@McCabesKW #SuperBowl https://t.co/dAONmalc1Y,5,2,2018
https://twitter.com/GradedSportsDot/status/960302672124567558,2018-02-05 00:02:53+00:00,960302672124567558,"The #SuperBowl ads #SuperBowlAds Rankings 1. Star Wars Solo!!!!! 2. Jurassic World 2 3. Dodge Cikings 4. M&amp;M human 5. Bud Light Dilly Dilly battle 6. Sprint: You got a dumb face 7. Ameritrade ""All Night Long"" 8. Punches thrown at Mcdees by Wendy's. Nice commercial",1,1,3,GradedSportsDot,GradedSports.Cards,315,335,"The #SuperBowl ads #SuperBowlAds Rankings
1. Star Wars Solo!!!!!
2. Jurassic World 2
3. Dodge Cikings
4. M&amp;M human
5. Bud Light Dilly Dilly battle
6. Sprint: You got a dumb face
7. Ameritrade ""All Night Long""
8. Punches thrown at Mcdees by Wendy's. Nice commercial",5,2,2018
https://twitter.com/JustJared/status/960301663805427713,2018-02-04 23:58:52+00:00,960301663805427713,Here is the FULL @BudLight commercial that aired during the #SuperBowl tonight! https://t.co/HKeIepXu5p,5,1,8,JustJared,JustJared.com,729151,2931,Here is the FULL @BudLight commercial that aired during the #SuperBowl tonight! justjared.com/2018/02/04/bud…,4,2,2018
https://twitter.com/adsoftheworld/status/960301457311485952,2018-02-04 23:58:03+00:00,960301457311485952,Commercial 3 from @WiedenKennedy for @budlight #DillyDilly #SuperBowl https://t.co/BeA42b1Gwm https://t.co/uysfCHxgxK,3,0,9,adsoftheworld,Ads of the World™,205139,62958,Commercial 3 from @WiedenKennedy for @budlight #DillyDilly #SuperBowl j.mp/2E2mZDB https://t.co/uysfCHxgxK,4,2,2018
https://twitter.com/RizzShow/status/960301413858496513,2018-02-04 23:57:53+00:00,960301413858496513,#Repost @1057thepoint: It’s always a blast at The Biergarten at Anheuser Busch - and The @rizzshow @budlight #SuperBowl Party is no exception! Congratulations to all the winners and thanks to everyone on #TeamRizz who came out to party with us. 🍻 https://t.co/mGX18QyCO1,1,1,51,RizzShow,The Rizzuto Show,32344,1117,#Repost @1057thepoint: It’s always a blast at The Biergarten at Anheuser Busch - and The @rizzshow @budlight #SuperBowl Party is no exception! Congratulations to all the winners and thanks to everyone on #TeamRizz who came out to party with us. 🍻 https://t.co/mGX18QyCO1,4,2,2018
https://twitter.com/FreeRangeKids/status/960301172287594496,2018-02-04 23:56:55+00:00,960301172287594496,. Bud Light reminds you to pillage responsibly.   #SuperBowl https://t.co/J31cgFldy4,3,2,8,FreeRangeKids,Lenore Skenazy,36484,989,".
Bud Light reminds you to pillage responsibly. 

#SuperBowl https://t.co/J31cgFldy4",4,2,2018
https://twitter.com/JasonStewart/status/960301039881633792,2018-02-04 23:56:24+00:00,960301039881633792,My problem with the Dilly Dilly campaign: they didn't have Bud Light back then. Not realistic. #SuperBowl,5,3,21,JasonStewart,Jason Stewart,16647,1000,My problem with the Dilly Dilly campaign: they didn't have Bud Light back then. Not realistic. #SuperBowl,4,2,2018
https://twitter.com/stuartenyt/status/960300968935075840,2018-02-04 23:56:07+00:00,960300968935075840,"@mmschocolate an excuse to say ""eat me!"" in a #SuperBowl ad ... more like a frat-bro Bud Light ad of years ago than a clever M&amp;Ms spot. miss. .@MediaVillageCom",1,0,1,stuartenyt,Stuart Elliott,41280,45167,"@mmschocolate an excuse to say ""eat me!"" in a #SuperBowl ad ... more like a frat-bro Bud Light ad of years ago than a clever M&amp;Ms spot. miss. .@MediaVillageCom",4,2,2018
https://twitter.com/CBSMornings/status/960300933853974528,2018-02-04 23:55:58+00:00,960300933853974528,"That @budlight #SuperBowl ad was a rerun a new one introducing ""Bud Knight"" will air later #SuperBowl -- @jpoggi",3,0,6,CBSMornings,CBS Mornings,485369,2109,"That @budlight #SuperBowl ad was a rerun a new one introducing ""Bud Knight"" will air later #SuperBowl -- @jpoggi",4,2,2018
https://twitter.com/PerfectGameKing/status/960300895195017216,2018-02-04 23:55:49+00:00,960300895195017216,@budlight wtf happen to the Magician that turned everything into Budlight??? #DillyDilly #SuperBowl https://t.co/6wkBM55gc1,1,1,0,PerfectGameKing,Endgame,216,658,@budlight wtf happen to the Magician that turned everything into Budlight??? #DillyDilly #SuperBowl https://t.co/6wkBM55gc1,4,2,2018
https://twitter.com/1057thePoint/status/960300859954524160,2018-02-04 23:55:41+00:00,960300859954524160,It’s always a blast at The Biergarten at Anheuser Busch - and The @rizzshow @budlight #SuperBowl Party is no exception! Congratulations to all the winners and thanks to everyone on #TeamRizz who came out to party with us. 🍻 https://t.co/tFGlOp5IXK,1,1,17,1057thePoint,105.7 The Point,33958,289,It’s always a blast at The Biergarten at Anheuser Busch - and The @rizzshow @budlight #SuperBowl Party is no exception! Congratulations to all the winners and thanks to everyone on #TeamRizz who came out to party with us. 🍻 instagram.com/p/Beyz_eyBMg-/,4,2,2018
https://twitter.com/reesewaters/status/960300817331834880,2018-02-04 23:55:31+00:00,960300817331834880,I gotta wait to see the end of that Bud Light commercial? #SuperBowl https://t.co/6gm6HqPaHE,2,0,9,reesewaters,Reese Waters,31460,1715,I gotta wait to see the end of that Bud Light commercial? #SuperBowl https://t.co/6gm6HqPaHE,4,2,2018
https://twitter.com/SklarBrothers/status/960300717075521536,2018-02-04 23:55:07+00:00,960300717075521536,Can’t wait for the Bud Light Red Wedding Commercial. #SuperBowl,19,4,67,SklarBrothers,The Sklar Brothers,194935,2309,Can’t wait for the Bud Light Red Wedding Commercial. #SuperBowl,4,2,2018
https://twitter.com/TheBradMilner/status/960300675858092032,2018-02-04 23:54:57+00:00,960300675858092032,If you have to fight for Bud Light your life is already over #SuperBowl #SBLII #SuperBowlLII,1,0,2,TheBradMilner,Brad Milner,2055,2019,If you have to fight for Bud Light your life is already over #SuperBowl #SBLII #SuperBowlLII,4,2,2018
https://twitter.com/lizwoolf/status/960300657776340993,2018-02-04 23:54:52+00:00,960300657776340993,"If you're going to war over @budlight, I'm pretty sure you need to take a good, hard look at your life goals. I'm just sayin'. #sbads #SuperBowl",1,1,3,lizwoolf,lizwoolf,572,587,"If you're going to war over @budlight, I'm pretty sure you need to take a good, hard look at your life goals. I'm just sayin'. #sbads #SuperBowl",4,2,2018
https://twitter.com/i4unews/status/960300602638196736,2018-02-04 23:54:39+00:00,960300602638196736,Watch the Bud Light Super Bowl 2018 Ad Starring Bud Knight again online #DillyDilly #SuperBowl https://t.co/RCj7fvKGsO https://t.co/NVQLFvzpTn,1,0,1,i4unews,I4U News,12101,4650,Watch the Bud Light Super Bowl 2018 Ad Starring Bud Knight again online #DillyDilly #SuperBowl buff.ly/2nIbolU https://t.co/NVQLFvzpTn,4,2,2018
https://twitter.com/millse610/status/960300602352898048,2018-02-04 23:54:39+00:00,960300602352898048,Dilly Dilly! #superbowl #budlight #SuperBowl52,1,1,1,millse610,Eric Mills,130,695,Dilly Dilly! #superbowl #budlight #SuperBowl52,4,2,2018
https://twitter.com/EileenMatthews/status/960300548741148672,2018-02-04 23:54:26+00:00,960300548741148672,This was my #FeministAd Instagram Project interpretation of Bud Light's Dilly Dilly business. #MissedOpportunity #3PercentSB #SuperBowl https://t.co/fftvay7uqI,1,0,3,EileenMatthews,Eileen Matthews,492,693,This was my #FeministAd Instagram Project interpretation of Bud Light's Dilly Dilly business. #MissedOpportunity #3PercentSB #SuperBowl https://t.co/fftvay7uqI,4,2,2018
https://twitter.com/samwhiteout/status/960300536309297152,2018-02-04 23:54:24+00:00,960300536309297152,"DILLY DILLY.  But nah, I don't and won't drink Bud Light. Good ad campaign, though! #SuperBowl",2,0,31,samwhiteout,Sam White,56962,690,"DILLY DILLY.

But nah, I don't and won't drink Bud Light. Good ad campaign, though! #SuperBowl",4,2,2018
https://twitter.com/lyman_brian/status/960300520643624960,2018-02-04 23:54:20+00:00,960300520643624960,Medieval history tells us those Bud Light rebels are dead. #SuperBowl,5,2,9,lyman_brian,Brian Lyman,15075,917,Medieval history tells us those Bud Light rebels are dead. #SuperBowl,4,2,2018
https://twitter.com/MatthewStefanTV/status/960300515652284417,2018-02-04 23:54:19+00:00,960300515652284417,#SuperBowl commercials: Introducing the Bud Knight. Bud Light's commercial #BudKnight https://t.co/j9UJueUNTz,3,0,7,MatthewStefanTV,Matthew Stefan,14978,4614,#SuperBowl commercials: Introducing the Bud Knight. Bud Light's commercial #BudKnight cartermatt.com/289871/bud-lig…,4,2,2018
https://twitter.com/UltraLiger/status/960300490759159809,2018-02-04 23:54:13+00:00,960300490759159809,HOW are they out of Bud Light? WTF is the Wizard dude? #SuperBowl,1,0,3,UltraLiger,UltraLiger,4333,446,"HOW are they out of Bud Light? WTF is the Wizard dude?
#SuperBowl",4,2,2018
https://twitter.com/JackDrees/status/960300378687442944,2018-02-04 23:53:46+00:00,960300378687442944,THIS BUD LIGHT COMMERCIAL IS EVERYTHING! #SuperBowl #SBLII #SB52,1,0,0,JackDrees,Jack Drees,3076,4722,THIS BUD LIGHT COMMERCIAL IS EVERYTHING! #SuperBowl #SBLII #SB52,4,2,2018
https://twitter.com/adage/status/960300362229002240,2018-02-04 23:53:42+00:00,960300362229002240,"The phrase “Dilly Dilly” is receiving more than 1 million Google searches per month, according to @BudLight.  #SuperBowl",44,3,85,adage,Ad Age,1001959,73298,"The phrase “Dilly Dilly” is receiving more than 1 million Google searches per month, according to @BudLight.  #SuperBowl",4,2,2018
https://twitter.com/6abc/status/960300341597233153,2018-02-04 23:53:37+00:00,960300341597233153,DILLY DILLY or should we say PHILLY PHILLY! What did you think of that #BudLight commercial? #SuperBowl,4,6,40,6abc,Action News on 6abc,890724,566,DILLY DILLY or should we say PHILLY PHILLY! What did you think of that #BudLight commercial? #SuperBowl,4,2,2018
https://twitter.com/budlight/status/960292540636307457,2018-02-04 23:22:37+00:00,960292540636307457,You: #SuperBowl is about to start. Me: https://t.co/bZiZNDqLUU,38,2,101,budlight,Bud Light,262708,253,"You: #SuperBowl is about to start.
Me: https://t.co/bZiZNDqLUU",4,2,2018
https://twitter.com/nowthisnews/status/960291391178883072,2018-02-04 23:18:03+00:00,960291391178883072,"If the Eagles win the #SuperBowl, Bud Light is giving all of Philly free beer https://t.co/apDOV1luvz",126,24,235,nowthisnews,NowThis,2742475,1289,"If the Eagles win the #SuperBowl, Bud Light is giving all of Philly free beer https://t.co/apDOV1luvz",4,2,2018
https://twitter.com/BigRadMachine/status/960291274589863936,2018-02-04 23:17:35+00:00,960291274589863936,"“I’m protesting #superbowl52 “ he said right before drinking a whole case of Bud Light, the official beer of the NFL #SuperBowl",4,0,11,BigRadMachine,Blake Hammond — St Louis 5/20-21,8076,1540,"“I’m protesting #superbowl52 “ he said right before drinking a whole case of Bud Light, the official beer of the NFL #SuperBowl",4,2,2018
https://twitter.com/Bryan_fox1/status/960290323602792448,2018-02-04 23:13:49+00:00,960290323602792448,When your wife takes #SuperBowl sunday a little to serious. #espn #nfl #budlight #wife #crazy #funny #laugh #comedy https://t.co/nfBmP5Yv7T,2,0,6,Bryan_fox1,Bryan Fox,144,241,When your wife takes #SuperBowl sunday a little to serious. #espn #nfl #budlight #wife #crazy #funny #laugh #comedy https://t.co/nfBmP5Yv7T,4,2,2018
https://twitter.com/Baumhowers/status/960280665508995072,2018-02-04 22:35:26+00:00,960280665508995072,"Who ya got? Foles or the 🐐??? Come watch it all go down and enjoy our #SUPER 🍻 specials - $.52 pints and $.99 pilsners of @budlight and @BobBaumhower’s Blackberry Brew during the game! TVs are fired up and we’re ready for you, come see us! #SuperBowl #BigGame https://t.co/YeJH6Tt3w0",2,1,1,Baumhowers,Baumhower's Victory Grille,3901,649,"Who ya got? Foles or the 🐐??? Come watch it all go down and enjoy our #SUPER 🍻 specials - $.52 pints and $.99 pilsners of @budlight and @BobBaumhower’s Blackberry Brew during the game! TVs are fired up and we’re ready for you, come see us! #SuperBowl #BigGame https://t.co/YeJH6Tt3w0",4,2,2018
https://twitter.com/MrBlairHughes/status/960278776054652928,2018-02-04 22:27:55+00:00,960278776054652928,"The promotional freebies that every fan will get today in their seats at @usbankstadium for @SuperBowl includes this touchdown light cup @budlight cup, hand warmers and ‘finger lights’ #SBLII #SB52 #FanEngagement #SportsBiz https://t.co/5EbAoT7ncj",6,1,8,MrBlairHughes,Blair Hughes,5471,6056,"The promotional freebies that every fan will get today in their seats at @usbankstadium for @SuperBowl includes this touchdown light cup @budlight cup, hand warmers and ‘finger lights’ #SBLII #SB52 #FanEngagement #SportsBiz https://t.co/5EbAoT7ncj",4,2,2018
https://twitter.com/philly__dilly/status/960277757883289605,2018-02-04 22:23:53+00:00,960277757883289605,We’re ready to send the Patriots to the Pit of Misery! #PhillyDilly #flyeaglesfly @budlight @Eagles @SNFonNBC @NBCSPhilly #carsonwentz #nickfoles #nflonfox #foxnews #philly #playoffs #superbowl #superbowl52 https://t.co/C6ujq8Yhse,2,0,6,philly__dilly,PHILLY DILLY,17,13,We’re ready to send the Patriots to the Pit of Misery! #PhillyDilly #flyeaglesfly @budlight @Eagles @SNFonNBC @NBCSPhilly #carsonwentz #nickfoles #nflonfox #foxnews #philly #playoffs #superbowl #superbowl52 https://t.co/C6ujq8Yhse,4,2,2018
https://twitter.com/TBarrabi/status/960271939779678210,2018-02-04 22:00:46+00:00,960271939779678210,.@budlight says it'll honor promise to give out free beer in Philly if Eagles win the #SuperBowl https://t.co/G1SX5eMVi6,4,0,4,TBarrabi,Tom Barrabi,1579,418,.@budlight says it'll honor promise to give out free beer in Philly if Eagles win the #SuperBowl foxbusiness.com/features/2018/…,4,2,2018
https://twitter.com/Jeff_Wagner4/status/960271631947042816,2018-02-04 21:59:32+00:00,960271631947042816,One bottle of Bud Light costs more than a dozen at the liquor store. #SuperBowl @WCCO https://t.co/fVa38WMDJo,10,5,22,Jeff_Wagner4,Jeff Wagner,5226,1872,One bottle of Bud Light costs more than a dozen at the liquor store. #SuperBowl @WCCO https://t.co/fVa38WMDJo,4,2,2018
https://twitter.com/rotoqlapp/status/960269890908250113,2018-02-04 21:52:37+00:00,960269890908250113,"Tonight during the #SuperBowl, what will we see more of: Passing TDs (#Patriots &amp; #Eagles combined) or #BudLight commercials?",1,0,1,rotoqlapp,RotoQL,7944,533,"Tonight during the #SuperBowl, what will we see more of: Passing TDs (#Patriots &amp; #Eagles combined) or #BudLight commercials?",4,2,2018
https://twitter.com/FocusFWDMedia/status/960259136666722310,2018-02-04 21:09:53+00:00,960259136666722310,#Coorslight or #Budlight for your #SuperBowl party?,1,1,0,FocusFWDMedia,"Focus Forward Media, Inc.",205,318,#Coorslight or #Budlight for your #SuperBowl party?,4,2,2018
https://twitter.com/WeeklyHumorist/status/960255906498965505,2018-02-04 20:57:03+00:00,960255906498965505,"Budweiser's #SuperBowl ad will feature 79 million cans of clean water they've provided for natural disaster relief, ignoring all the cans of clean water they marked as Bud Light. #TheBigGame https://t.co/BHtdmQLswx",16,0,23,WeeklyHumorist,Weekly Humorist,9604,6697,"Budweiser's #SuperBowl ad will feature 79 million cans of clean water they've provided for natural disaster relief, ignoring all the cans of clean water they marked as Bud Light. #TheBigGame https://t.co/BHtdmQLswx",4,2,2018
https://twitter.com/Eagle_Knoxville/status/960237884430278657,2018-02-04 19:45:26+00:00,960237884430278657,Today is the day of the great Super Bowl Battle between the Patriots and the Eagles! 🏈 Be a hero like Bud Knight and bring the Bud Light to the Super Bowl party tonight! #BeLikeBudKnight Let us know who you got winning? #SuperBowl https://t.co/iBgFimVXej,1,0,1,Eagle_Knoxville,Eagle Distributing Company - Knoxville,2545,431,Today is the day of the great Super Bowl Battle between the Patriots and the Eagles! 🏈 Be a hero like Bud Knight and bring the Bud Light to the Super Bowl party tonight! #BeLikeBudKnight Let us know who you got winning? #SuperBowl https://t.co/iBgFimVXej,4,2,2018
https://twitter.com/LeBelTim/status/960232465372729344,2018-02-04 19:23:54+00:00,960232465372729344,#DillyDilly @budlight Ready fro SUPERBOWL Go @Patriots https://t.co/N5sKzT1r4l,1,0,2,LeBelTim,Timothy LeBel,776,610,#DillyDilly @budlight Ready fro SUPERBOWL Go @Patriots https://t.co/N5sKzT1r4l,4,2,2018
https://twitter.com/digennaro/status/960227225902764033,2018-02-04 19:03:05+00:00,960227225902764033,".@DietzandWatson is bringing #DeliDeli to #SuperBowl, a spoof on @budlight's “Dilly, Dilly” ad. Check out the brand’s Ye Royal Deli for your chance to get free meat &amp; cheese via a 10-hour livestream on FB today, with the help of their new AOR @redtettemer. https://t.co/EoQmxAT0jA",3,0,9,digennaro,DiGennaro,1723,1005,".@DietzandWatson is bringing #DeliDeli to #SuperBowl, a spoof on @budlight's “Dilly, Dilly” ad. Check out the brand’s Ye Royal Deli for your chance to get free meat &amp; cheese via a 10-hour livestream on FB today, with the help of their new AOR @redtettemer. youtu.be/4B0pBNEfXaM",4,2,2018
https://twitter.com/BrewStuds/status/960206450852290561,2018-02-04 17:40:32+00:00,960206450852290561,About $20 Million — The amount @abinbev will spend on ads during the #SuperBowl to trick you into thinking its flagship brands don't suck.  #beer #budweiser #budlight #sblii #sb52 #superbowlcommercials https://t.co/jIqc1RiGnM,7,3,6,BrewStuds,Tornado Alley Aleworks,80932,11927,"About $20 Million — The amount @abinbev will spend on ads during the #SuperBowl to trick you into thinking its flagship brands don't suck.

#beer #budweiser #budlight #sblii #sb52 #superbowlcommercials ow.ly/z8vI30ibV29",4,2,2018
https://twitter.com/nicktiedo_251/status/960204829149843457,2018-02-04 17:34:05+00:00,960204829149843457,@ConsumersBeer we're ready for the #SuperBowl here at Clinton. #billsmafia #Budlight #Dillydilly https://t.co/anI7EN8q61,1,0,7,nicktiedo_251,"Hi, I'm Nick.",423,1725,@ConsumersBeer we're ready for the #SuperBowl here at Clinton. #billsmafia #Budlight #Dillydilly https://t.co/anI7EN8q61,4,2,2018
https://twitter.com/EricSwedlund/status/960204415893258241,2018-02-04 17:32:27+00:00,960204415893258241,"#SuperBowl prediction: The ad team at @BudLight HQ will inflict on the public an extension of the most inane beer commercial catch phrase since ""wassup."" #dillydilly #shittybeer",1,0,2,EricSwedlund,Eric Swedlund,1139,2237,"#SuperBowl prediction: The ad team at @BudLight HQ will inflict on the public an extension of the most inane beer commercial catch phrase since ""wassup."" #dillydilly #shittybeer",4,2,2018
https://twitter.com/betonline_ag/status/960188788021583873,2018-02-04 16:30:21+00:00,960188788021583873,A Touchdown by either team or Dilly Dilly said in a commercial ...  which happens first ?  TD +180 Dilly Dilly -225  Novelty props: https://t.co/pPCIDEvSmQ  #SuperBowl #SuperBowlSunday #Patriots #Eagles #DillyDilly #BudLight #sportsbook #odds #props https://t.co/GaH8unB2K3,1,0,4,betonline_ag,BetOnline.ag,42619,165,"A Touchdown by either team or Dilly Dilly said in a commercial ...  which happens first ? 
TD +180
Dilly Dilly -225 
Novelty props: buff.ly/2E32AOM

#SuperBowl #SuperBowlSunday #Patriots #Eagles #DillyDilly #BudLight #sportsbook #odds #props https://t.co/GaH8unB2K3",4,2,2018
https://twitter.com/GUNSNROSESDAiLY/status/960181229906571264,2018-02-04 16:00:19+00:00,960181229906571264,"Best Guns N' Roses Superbowl Commercials! Taco Bell, Resident Evil &amp; Budlight!: https://t.co/L8SENd1keW via @YouTube",1,0,12,GUNSNROSESDAiLY,Guns N Roses Central,4295,1983,"Best Guns N' Roses Superbowl Commercials! Taco Bell, Resident Evil &amp; Budlight!: youtu.be/xOmvyPBBFRY?a via @YouTube",4,2,2018
https://twitter.com/VIP0R/status/960172939688759298,2018-02-04 15:27:22+00:00,960172939688759298,All prepped for Super Bowl Sunday! Sunday!! Sunday!!! 🏈🍗🌽🍻 #NFL #SuperBowl #Patriots #Eagles #SuperBowlSunday #Beer #Food #Chips #Doritos #NachoCheese #MacAndCheese #Boneless #ChickenWings #FranksHotSauce #Ranch #CrystalPepsi #PepsiFire #CoorsLight #BudLight #FunTimes #GameOn https://t.co/pRhnNvrgs7,1,1,1,VIP0R,VIP0R 🐍,207,468,"All prepped for Super Bowl Sunday! Sunday!! Sunday!!! 🏈🍗🌽🍻
#NFL #SuperBowl #Patriots #Eagles #SuperBowlSunday #Beer #Food #Chips #Doritos #NachoCheese #MacAndCheese #Boneless #ChickenWings #FranksHotSauce #Ranch #CrystalPepsi #PepsiFire #CoorsLight #BudLight #FunTimes #GameOn https://t.co/pRhnNvrgs7",4,2,2018
https://twitter.com/miketotaldestry/status/960165107081908224,2018-02-04 14:56:15+00:00,960165107081908224,"It's the Superbowl today which means I get to drink bud light, eat nachos, and scream at the TV even though I don't understand the rules of the game",1,0,7,miketotaldestry,𝕸𝖎𝖐𝖊,149,291,"It's the Superbowl today which means I get to drink bud light, eat nachos, and scream at the TV even though I don't understand the rules of the game",4,2,2018
https://twitter.com/paddypower/status/960115966125494273,2018-02-04 11:40:59+00:00,960115966125494273,"Get out your Twinkies, and put some horrific Bud Light into the cooler - it's #Superbowl Sunday!   Latest match odds: https://t.co/WDPmYhJxBo #NFL #Eagles #GoPats https://t.co/eoQ5A0vamb",3,2,10,paddypower,Paddy Power,676329,2290,"Get out your Twinkies, and put some horrific Bud Light into the cooler - it's #Superbowl Sunday! 

Latest match odds: paddypower.com/bet #NFL #Eagles #GoPats https://t.co/eoQ5A0vamb",4,2,2018
https://twitter.com/94HJY/status/960020502143209472,2018-02-04 05:21:38+00:00,960020502143209472,"Join us &amp; @budlight on #SuperBowl Sunday @ 5:45pm @WhiskeyProv to cheer on the @Patriots! 🏈  Score swag and special giveaways right up to Halftime! #Gopats  The Whiskey Republic is located @  515 S. Main Street, Providence, RI https://t.co/LICronwNl6",2,0,1,94HJY,94HJY,2391,561,"Join us &amp; @budlight on #SuperBowl Sunday @ 5:45pm @WhiskeyProv to cheer on the @Patriots! 🏈

Score swag and special giveaways right up to Halftime! #Gopats

The Whiskey Republic is located @ 
515 S. Main Street, Providence, RI https://t.co/LICronwNl6",4,2,2018
https://twitter.com/davepeabody/status/960009464513531904,2018-02-04 04:37:47+00:00,960009464513531904,Cheers on New Hat Day Eve from the @budlight party. #GoPats #SuperBowl #Minneapolis https://t.co/hTyGD4Emqp,1,0,2,davepeabody,Dave Peabody,841,2333,Cheers on New Hat Day Eve from the @budlight party. #GoPats #SuperBowl #Minneapolis https://t.co/hTyGD4Emqp,4,2,2018
https://twitter.com/bobafettfanclub/status/959961984589443072,2018-02-04 01:29:07+00:00,959961984589443072,"""Bud"" Fett?  Bud Light's #SuperBowl ad has some Mando/Jango inspiration with their ""Bud Knight"" character, wouldn't you say?  You can watch the ad in advance of the football game here: https://t.co/QUdoBn946P https://t.co/oW4ZTALy0Q",2,5,22,bobafettfanclub,Boba Fett Fan Club 🔜 SWCA,32182,410,"""Bud"" Fett?

Bud Light's #SuperBowl ad has some Mando/Jango inspiration with their ""Bud Knight"" character, wouldn't you say?

You can watch the ad in advance of the football game here: youtube.com/watch?v=Zr4md5… https://t.co/oW4ZTALy0Q",4,2,2018
