url,Datetime,Tweet Id,Text,Retweet Count,Reply Count,Like Count,Username,Display Name,Followers Count,Friends Count,Rendered Content,Day,Month,Year
https://twitter.com/RobertEBlackmon/status/1092543682882850816,2019-02-04 22:01:27+00:00,1092543682882850816,"Me while watching the ""@Doritos’ Flamin’ Hot Nacho” @chancetherapper x @backstreetboys #SuperBowl Commercial. Doritos better drop that Chance the Rapper’s “I Want It That Way” remix.  What was your favorite Super Bowl Commercial?! #NowItsHot #SBLIII #SuperBowlLlll https://t.co/0g2MlU5ZsY",1,0,0,RobertEBlackmon,Robert E. Blackmon,21951,3810,"Me while watching the ""@Doritos’ Flamin’ Hot Nacho” @chancetherapper x @backstreetboys #SuperBowl Commercial. Doritos better drop that Chance the Rapper’s “I Want It That Way” remix.

What was your favorite Super Bowl Commercial?! #NowItsHot #SBLIII #SuperBowlLlll https://t.co/0g2MlU5ZsY",4,2,2019
https://twitter.com/PFN365/status/1092477139939672065,2019-02-04 17:37:02+00:00,1092477139939672065,11. Mint Mobile 10. Expensify 9. Doritos 8. Game of Thrones/Bud Light 7. ---- 6. ---- 5. ---- 4. ---- 3. Avocados from Mexico 2. 1.  @zickster21 ranks the top commercials from the #SuperBowl: https://t.co/aKuHDTPUR4 https://t.co/kkfgEP6veK,2,0,4,PFN365,Pro Football Network,34877,419,"11. Mint Mobile
10. Expensify
9. Doritos
8. Game of Thrones/Bud Light
7. ----
6. ----
5. ----
4. ----
3. Avocados from Mexico
2.
1.

@zickster21 ranks the top commercials from the #SuperBowl: bit.ly/2MQAfjz https://t.co/kkfgEP6veK",4,2,2019
https://twitter.com/moitoi/status/1092442417779953664,2019-02-04 15:19:03+00:00,1092442417779953664,"#Superbowl was decent, but where is that Doritos Chance the Rapper x Backstreet Boys full song tho",2,6,77,moitoi,Megan Everett,105565,1686,"#Superbowl was decent, but where is that Doritos Chance the Rapper x Backstreet Boys full song tho",4,2,2019
https://twitter.com/MichaelACrider/status/1092432339383263238,2019-02-04 14:39:00+00:00,1092432339383263238,"Call or email our outstanding buyer's agent, Chad Andrus for a free consultation 281-939-5019 / Chad@teamcrider.com.   #touchdown #superbowl #realestatetexas #homebuyingandselling #creg #doritos #houstonrealestate #cypressrealestate #nwhoustonrealestate #homesforsale https://t.co/AQTQ3lmLDm",1,0,1,MichaelACrider,Michael Crider,39,339,"Call or email our outstanding buyer's agent, Chad Andrus for a free consultation 281-939-5019 / Chad@teamcrider.com. 

#touchdown #superbowl #realestatetexas #homebuyingandselling #creg #doritos #houstonrealestate #cypressrealestate #nwhoustonrealestate #homesforsale https://t.co/AQTQ3lmLDm",4,2,2019
https://twitter.com/ClayDECA/status/1092431754307223552,2019-02-04 14:36:41+00:00,1092431754307223552,Sr marketing students analyzed &amp; discussed 25 of this year’s #superbowl ads. Here’s their Top Five:  1 - @NFL 100 Years 2 - @Doritos BSB &amp; Chance Collaboration 3 - @amazon Alexa Failed Products 4 - @PepsiCo Is Pepsi okay? 5 - @verizon First Responders  #SBDECA #CHSEaglePride #OH https://t.co/6sK9Kzdtgd,2,0,8,ClayDECA,Clay DECA,333,144,"Sr marketing students analyzed &amp; discussed 25 of this year’s #superbowl ads. Here’s their Top Five:

1 - @NFL 100 Years
2 - @Doritos BSB &amp; Chance Collaboration
3 - @amazon Alexa Failed Products
4 - @PepsiCo Is Pepsi okay?
5 - @verizon First Responders

#SBDECA #CHSEaglePride #OH https://t.co/6sK9Kzdtgd",4,2,2019
https://twitter.com/Heatherm_daily/status/1092398098868064256,2019-02-04 12:22:57+00:00,1092398098868064256,Ok now gimme that Doritos commercial because I need to see @HeatherMorrisTV looking this cool! 😎 #superbowl https://t.co/Ta6OMzYF3o,3,0,26,Heatherm_daily,HeatherMorrisDaily 🦄,553,458,Ok now gimme that Doritos commercial because I need to see @HeatherMorrisTV looking this cool! 😎 #superbowl https://t.co/Ta6OMzYF3o,4,2,2019
https://twitter.com/NYFLBSBGal/status/1092316587833606144,2019-02-04 06:59:03+00:00,1092316587833606144,How was my #SuperBowl Sunday u ask? I was only going 2 👀 it 4 the #BackstreetBoys #Doritos commercial.Ended up 👀ing the whole game &amp; I know nada bout 🏈.My man &amp; his friend played #MagicTheGathering most of the game.Any1 👀 the very humorous irony? @backstreetboys @JoJoWright,2,1,5,NYFLBSBGal,Liz Wade,153,130,How was my #SuperBowl Sunday u ask? I was only going 2 👀 it 4 the #BackstreetBoys #Doritos commercial.Ended up 👀ing the whole game &amp; I know nada bout 🏈.My man &amp; his friend played #MagicTheGathering most of the game.Any1 👀 the very humorous irony? @backstreetboys @JoJoWright,4,2,2019
https://twitter.com/HollywoodLife/status/1092301753813483520,2019-02-04 06:00:06+00:00,1092301753813483520,Chance the Rapper &amp; the Backstreet Boys teamed up for a fiery new Doritos ads during the #SuperBowl. https://t.co/R2JAPYfddu https://t.co/8EWsrq5ULb,3,0,11,HollywoodLife,HollywoodLife,334934,4320,Chance the Rapper &amp; the Backstreet Boys teamed up for a fiery new Doritos ads during the #SuperBowl. hollywood.li/fwVfouB https://t.co/8EWsrq5ULb,4,2,2019
https://twitter.com/MerieGene85/status/1092298252416880640,2019-02-04 05:46:11+00:00,1092298252416880640,@kevinrichardson @SuperBowl @alilandry @Doritos Beautiful my Friend @kevinscottrichardson kiss from Argentina,1,0,2,MerieGene85,MERiE CARTER BSB,513,752,@kevinrichardson @SuperBowl @alilandry @Doritos Beautiful my Friend @kevinscottrichardson kiss from Argentina,4,2,2019
https://twitter.com/kevinrichardson/status/1092298047785132033,2019-02-04 05:45:23+00:00,1092298047785132033,Watching @SuperBowl and hanging with an old friend @alilandry THE original @Doritos star. What are the ‘Chances’... #SuperBowl53 #doritosflaminhot #BSBDNA https://t.co/qn0o2emG4Z,175,49,1563,kevinrichardson,Kevin Richardson,330033,131,Watching @SuperBowl and hanging with an old friend @alilandry THE original @Doritos star. What are the ‘Chances’... #SuperBowl53 #doritosflaminhot #BSBDNA https://t.co/qn0o2emG4Z,4,2,2019
https://twitter.com/OfficialSarahJo/status/1092271249185591299,2019-02-04 03:58:53+00:00,1092271249185591299,The best part of the Superbowl today was the Doritos commercial!!! ❤😁 @backstreetboys @chancetherapper #BackstreetBoys #SuperBowlSunday #doritosflaminhot #NowItsHot,1,0,2,OfficialSarahJo,Sarah Jo ❤️‍🔥卌💋,653,812,The best part of the Superbowl today was the Doritos commercial!!! ❤😁 @backstreetboys @chancetherapper #BackstreetBoys #SuperBowlSunday #doritosflaminhot #NowItsHot,4,2,2019
https://twitter.com/GSP/status/1092264748907810817,2019-02-04 03:33:04+00:00,1092264748907810817,"The #SuperBowl may be over, but we're not done yet. Head on over to @USATODAY and vote for @bublywater, @pepsi and @Doritos. https://t.co/StWTfPq4yK https://t.co/LLri6i09IL",9,1,28,GSP,Goodby Silverstein,27429,920,"The #SuperBowl may be over, but we're not done yet. Head on over to @USATODAY and vote for @bublywater, @pepsi and @Doritos.
bit.ly/2Bi5HTn https://t.co/LLri6i09IL",4,2,2019
https://twitter.com/camilachq/status/1092264373568053248,2019-02-04 03:31:34+00:00,1092264373568053248,"So my super bowl commerical conclusion is that doritos ,Audi and Amazon had the best commercials! #SuperBowl",1,0,1,camilachq,Camila Cabello News,2542,4989,"So my super bowl commerical conclusion is that doritos ,Audi and Amazon had the best commercials! #SuperBowl",4,2,2019
https://twitter.com/lilmommyE/status/1092263482999869440,2019-02-04 03:28:02+00:00,1092263482999869440,"Is it just me, or were the #SuperBowl commercials just as full as the game? A couple good ones, but not much to remember after tonight. Only good ones I liked were the Doritos and the Verizon. And the game, was just so boring. #SuperBowlCommercials #WorstSuperBowl",1,0,0,lilmommyE,Erika the short,111,1028,"Is it just me, or were the #SuperBowl commercials just as full as the game? A couple good ones, but not much to remember after tonight. Only good ones I liked were the Doritos and the Verizon. And the game, was just so boring. #SuperBowlCommercials #WorstSuperBowl",4,2,2019
https://twitter.com/firstwefeast/status/1092262664703746048,2019-02-04 03:24:47+00:00,1092262664703746048,Okay wait.. @backstreetboys AND @chancetherapper on a @Doritos commercial 😦 that’s a game changer #SuperBowl,2,2,49,firstwefeast,First We Feast,304463,1076,Okay wait.. @backstreetboys AND @chancetherapper on a @Doritos commercial 😦 that’s a game changer #SuperBowl,4,2,2019
https://twitter.com/ZaldyTV/status/1092259465229852673,2019-02-04 03:12:04+00:00,1092259465229852673,1. Avengers Trailer 2. NFL 100 commercial 3. Chance the Rapper/BSB Doritos commercial . . . 10. Bud Light GOT commercial . . . 69. Maroon 5 concert . . . 100. KIA commercial . . . 169. The game  The best parts of the night. #SuperBowl,2,0,8,ZaldyTV,Zaldy Doyungan,1638,432,"1. Avengers Trailer
2. NFL 100 commercial
3. Chance the Rapper/BSB Doritos commercial
.
.
.
10. Bud Light GOT commercial
.
.
.
69. Maroon 5 concert
.
.
.
100. KIA commercial
.
.
.
169. The game

The best parts of the night. #SuperBowl",4,2,2019
https://twitter.com/dolocaldigital/status/1092253935862198273,2019-02-04 02:50:06+00:00,1092253935862198273,RT businessinsider: How Doritos went from Disneyland trash to the ultimate #SuperBowl snack https://t.co/YuFVfqCqh7,1,0,0,dolocaldigital,DoLocal - Multi Award Winning Agency,3405,1171,RT businessinsider: How Doritos went from Disneyland trash to the ultimate #SuperBowl snack https://t.co/YuFVfqCqh7,4,2,2019
https://twitter.com/WHOTheBckstreet/status/1092252648433242112,2019-02-04 02:44:59+00:00,1092252648433242112,"""This year, we have a perfect ad. Doritos, promoting its new Flaming Hot Nacho chip, combined Chance the Rapper with the @backstreetboys, and it’s incredible."" #SuperBowl #NowItsHot  https://t.co/iaCrgnD7DN",12,1,39,WHOTheBckstreet,What Happens On The Backstreet,17125,2509,"""This year, we have a perfect ad. Doritos, promoting its new Flaming Hot Nacho chip, combined Chance the Rapper with the @backstreetboys, and it’s incredible."" #SuperBowl #NowItsHot 
sbnation.com/nfl/2019/2/3/1…",4,2,2019
https://twitter.com/thatbixsusiecar/status/1092252276461391874,2019-02-04 02:43:30+00:00,1092252276461391874,The best #SuperBowl commercial year was the “keep your hands off my Doritos and keep your hands off my mama” ad. PERIODT,3,0,13,thatbixsusiecar,AB,220,202,The best #SuperBowl commercial year was the “keep your hands off my Doritos and keep your hands off my mama” ad. PERIODT,4,2,2019
https://twitter.com/ElliottBowen2/status/1092251602839326720,2019-02-04 02:40:49+00:00,1092251602839326720,While everyone else in the world is watching the @SuperBowl I’m at home just listening me some @kaskade REDUX and eating flaming hot @Doritos #TheSimpleLife #NoSportsForMe #Redux #theBEST #SuperBowl2019 #KaskadeBrooklyn @KaskadeKonnect,1,0,0,ElliottBowen2,E B |SanHolo | Kaskade 🕊(80%),1046,4982,While everyone else in the world is watching the @SuperBowl I’m at home just listening me some @kaskade REDUX and eating flaming hot @Doritos #TheSimpleLife #NoSportsForMe #Redux #theBEST #SuperBowl2019 #KaskadeBrooklyn @KaskadeKonnect,4,2,2019
https://twitter.com/Raynedrops999/status/1092250723725783040,2019-02-04 02:37:20+00:00,1092250723725783040,"Lmfao, stalks her so called abuser. Sends him all her best and well wishes when his dad died. Gets warm and fuzzy hearing his music.  Now can't watch super bowl with it triggering her. Melissa your a joke. #SuperBowl #Doritos #ThatsHot",1,3,6,Raynedrops999,SnowyOwl85,917,1638,"Lmfao, stalks her so called abuser. Sends him all her best and well wishes when his dad died. Gets warm and fuzzy hearing his music.  Now can't watch super bowl with it triggering her. Melissa your a joke. #SuperBowl #Doritos #ThatsHot",4,2,2019
https://twitter.com/TheDarkSideBSB/status/1092247855501361153,2019-02-04 02:25:56+00:00,1092247855501361153,"""It’s utterly unclear what any of this has to do with Doritos, but give us a full version of this Chance the Rapper-Backstreet Boys “I Want It That Way” mashup IMMEDIATELY. Also, let them do the halftime show."" #SuperBowl @backstreetboys @chancetherapper   https://t.co/i505OnGQqR",14,2,70,TheDarkSideBSB,The Dark Side,7191,1707,"""It’s utterly unclear what any of this has to do with Doritos, but give us a full version of this Chance the Rapper-Backstreet Boys “I Want It That Way” mashup IMMEDIATELY. Also, let them do the halftime show."" #SuperBowl @backstreetboys @chancetherapper 

bit.ly/2Sv0IsB",4,2,2019
https://twitter.com/chefmarsh_mike/status/1092244843751829504,2019-02-04 02:13:58+00:00,1092244843751829504,doritos &amp; @chestercheetah breaded and fried wings for #superbowl meal first SousVide with @anovaculinary #food #chef #cheflife #football https://t.co/Dq6fEbVV25,2,0,0,chefmarsh_mike,Chef Michael,229,1703,doritos &amp; @chestercheetah breaded and fried wings for #superbowl meal first SousVide with @anovaculinary #food #chef #cheflife #football instagram.com/p/BtcVTtxHFNo/…,4,2,2019
https://twitter.com/joshsternberg/status/1092243060816297985,2019-02-04 02:06:53+00:00,1092243060816297985,"As of 8:30pm ET, per @salesforce here are the top 5 ads by mentions during the #SuperBowl: 1. Bud Light (19,070 mentions)  2. Pepsi (15,876 mentions) 3.  Mercedes Benz (11,887 mentions) 4.  Doritos(9,856 mentions) 5.  Avocados frm Mexico (8,887 mentions)",64,10,113,joshsternberg,Josh Sternberg,20754,1318,"As of 8:30pm ET, per @salesforce here are the top 5 ads by mentions during the #SuperBowl:
1. Bud Light (19,070 mentions) 
2. Pepsi (15,876 mentions)
3.  Mercedes Benz (11,887 mentions)
4.  Doritos(9,856 mentions)
5.  Avocados frm Mexico (8,887 mentions)",4,2,2019
https://twitter.com/Banana_Anne/status/1092242360329797632,2019-02-04 02:04:06+00:00,1092242360329797632,@thebeat925 But let’s face it I was only watching the #superbowl to see the @Doritos commercial with @backstreetboys and @chancetherapper 👌🏼👌🏼 #NowItsHot,1,0,3,Banana_Anne,Anne ✌,547,695,@thebeat925 But let’s face it I was only watching the #superbowl to see the @Doritos commercial with @backstreetboys and @chancetherapper 👌🏼👌🏼 #NowItsHot,4,2,2019
https://twitter.com/LanaHarrisNews/status/1092239557486149632,2019-02-04 01:52:57+00:00,1092239557486149632,Who made those Doritos commercials that one year🗣🗣🗣? Did they take this year off?? Because I am underwhelmed #SBLlll #superbowlcommercial #superbowl,1,2,5,LanaHarrisNews,Lana Harris,2474,855,Who made those Doritos commercials that one year🗣🗣🗣? Did they take this year off?? Because I am underwhelmed #SBLlll #superbowlcommercial #superbowl,4,2,2019
https://twitter.com/Ginaschreck/status/1092238888855191553,2019-02-04 01:50:18+00:00,1092238888855191553,So creepy robots seem to be the #SuperBowlCommercials theme this year. Gone are the Clydesdales and creative Doritos ads! I guess @elonmusk was RIGHT! CREEPY #ROBOTS are taking over the SUPERBOWL!,2,1,4,Ginaschreck,Gina Schreck,76499,56728,So creepy robots seem to be the #SuperBowlCommercials theme this year. Gone are the Clydesdales and creative Doritos ads! I guess @elonmusk was RIGHT! CREEPY #ROBOTS are taking over the SUPERBOWL!,4,2,2019
https://twitter.com/deevee__/status/1092236310033588225,2019-02-04 01:40:03+00:00,1092236310033588225,Doritos commercials during the Super Bowl w @Irvingcomedy #doritos #SuperBowl #Commercial #ad #LOL #funNFL #funny https://t.co/4t45uIiClP,5,1,8,deevee__,DeeVee,664,1754,Doritos commercials during the Super Bowl w @Irvingcomedy #doritos #SuperBowl #Commercial #ad #LOL #funNFL #funny https://t.co/4t45uIiClP,4,2,2019
https://twitter.com/JJDaniel3/status/1092236029787017216,2019-02-04 01:38:56+00:00,1092236029787017216,We haven’t even gotten a Doritos commercial. Is everything ok? #Superbowl⁠ ⁠,1,0,2,JJDaniel3,John Daniel,102,168,We haven’t even gotten a Doritos commercial. Is everything ok? #Superbowl⁠ ⁠,4,2,2019
https://twitter.com/Bigz723/status/1092233851848572929,2019-02-04 01:30:17+00:00,1092233851848572929,All I know is @Budweiser &amp; @Doritos better bring the 🔥 in the second half! These commercials other than the @NFL have been terrible! Let's go! #SBLIII #SuperBowl #SuperBowlAds #Commercials,1,1,0,Bigz723,AJ,199,3134,All I know is @Budweiser &amp; @Doritos better bring the 🔥 in the second half! These commercials other than the @NFL have been terrible! Let's go! #SBLIII #SuperBowl #SuperBowlAds #Commercials,4,2,2019
https://twitter.com/Vixxyn/status/1092233657333383168,2019-02-04 01:29:31+00:00,1092233657333383168,"Man... @Doritos you better be reading social media tonight. If you actually made a remix with @backstreetboys and @chancetherapper and SOLD that instead of chips,  you'd make BANK. Just sayin'.. #SuperBowl #NowItsHot #SBLIII #BackstreetBoys",4,0,13,Vixxyn,Kimberly,191,292,"Man... @Doritos you better be reading social media tonight. If you actually made a remix with @backstreetboys and @chancetherapper and SOLD that instead of chips,  you'd make BANK. Just sayin'.. #SuperBowl #NowItsHot #SBLIII #BackstreetBoys",4,2,2019
https://twitter.com/JessicaHamlinB/status/1092231765752606720,2019-02-04 01:22:00+00:00,1092231765752606720,That Doritos commercial with Backstreet Boys and Chance the Rapper was more entertaining than the #SuperBowl halftime show. The drumline and gospel choir were the real standouts.,1,0,1,JessicaHamlinB,Jessica Hamlin,706,359,That Doritos commercial with Backstreet Boys and Chance the Rapper was more entertaining than the #SuperBowl halftime show. The drumline and gospel choir were the real standouts.,4,2,2019
https://twitter.com/alanajanelle/status/1092231013781127169,2019-02-04 01:19:01+00:00,1092231013781127169,"My top ads of the 1st half (in no particular order): - Bud Lite (burn on Miller/Coors) - Mercedes (attn grabbing, funny) - Pepsi (owning ""is Pepsi OK?"") - Hyundai (use of ""vegan"" and of course Jason Bateman) - Doritos (corny in a good way).  #adbowl #SuperBowl #SuperBowlAds",1,1,4,alanajanelle,Alana J. Mauger,670,1153,"My top ads of the 1st half (in no particular order):
- Bud Lite (burn on Miller/Coors)
- Mercedes (attn grabbing, funny)
- Pepsi (owning ""is Pepsi OK?"")
- Hyundai (use of ""vegan"" and of course Jason Bateman)
- Doritos (corny in a good way). 
#adbowl #SuperBowl #SuperBowlAds",4,2,2019
https://twitter.com/mental_floss/status/1092228981598887937,2019-02-04 01:10:56+00:00,1092228981598887937,"In 1992, 25 million Super Bowl viewers changed the channel at halftime to tune into a Doritos-sponsored live episode of ‘In Living Color.' #SuperBowl https://t.co/hXDRdlLTB8",51,5,144,mental_floss,Mental Floss,772389,13145,"In 1992, 25 million Super Bowl viewers changed the channel at halftime to tune into a Doritos-sponsored live episode of ‘In Living Color.' #SuperBowl https://t.co/hXDRdlLTB8",4,2,2019
https://twitter.com/GSP/status/1092224713697353728,2019-02-04 00:53:58+00:00,1092224713697353728,Thanks @TIME for naming our @pepsi #MoreThanOk and @doritos #NowItsHot some of the best #SuperBowl ads  https://t.co/8RwR2ppyuV https://t.co/7O5d6egivb,2,1,7,GSP,Goodby Silverstein,27429,920,"Thanks @TIME for naming our @pepsi #MoreThanOk and @doritos #NowItsHot some of the best #SuperBowl ads 
bit.ly/2D508rJ https://t.co/7O5d6egivb",4,2,2019
https://twitter.com/RobbieRRay/status/1092223982823243776,2019-02-04 00:51:04+00:00,1092223982823243776,Where are the Doritos commercials? #SuperBowl,3,0,2,RobbieRRay,Robbie Ray,386,471,Where are the Doritos commercials? #SuperBowl,4,2,2019
https://twitter.com/RickyRick_13/status/1092220654127058944,2019-02-04 00:37:51+00:00,1092220654127058944,@Doritos Best commercial of the #SuperBowl,1,1,2,RickyRick_13,RICKY,819,386,@Doritos Best commercial of the #SuperBowl,4,2,2019
https://twitter.com/TriptonicSounds/status/1092220485306380289,2019-02-04 00:37:10+00:00,1092220485306380289,Doritos and Chance the Rapper/Backstreet Boys have the best Superbowl Commercial. NO CAP 😤,6,1,22,TriptonicSounds,Serotonin Plug🔌,10473,2457,Doritos and Chance the Rapper/Backstreet Boys have the best Superbowl Commercial. NO CAP 😤,4,2,2019
https://twitter.com/marceloblacio1/status/1092220019197513735,2019-02-04 00:35:19+00:00,1092220019197513735,"Yo Doritos, we need this chancetherapper x backstreetboys remix on streaming services. #SuperBowl  https://t.co/9Hc4eq0g22",6,0,34,marceloblacio1,Marcelo Blacio,942,534,"Yo Doritos, we need this chancetherapper x backstreetboys remix on streaming services. #SuperBowl 
https://t.co/9Hc4eq0g22",4,2,2019
https://twitter.com/HYPEBEAST/status/1092219927535194112,2019-02-04 00:34:57+00:00,1092219927535194112,"Yo @Doritos, we need this @chancetherapper x @backstreetboys remix on streaming services. #SuperBowl  https://t.co/XI8LTK6lI7",33,6,148,HYPEBEAST,HYPEBEAST,894760,141,"Yo @Doritos, we need this @chancetherapper x @backstreetboys remix on streaming services. #SuperBowl 
https://t.co/XI8LTK6lI7",4,2,2019
https://twitter.com/kentcarmichael/status/1092218630497017856,2019-02-04 00:29:48+00:00,1092218630497017856,"A No-One-Asked Super Bowl Ad Review: 1st Q Winners - Doritos, Pepsi, Hyundai, Expensify and Audi. Also Bud Light has no corn syrup? Who knew? Loser - Weather Tech wasted a whole year's budget on that? #SuperBowl #SBLIII #SuperBowlAds",1,1,4,kentcarmichael,Kent Carmichael,1834,1531,"A No-One-Asked Super Bowl Ad Review: 1st Q Winners - Doritos, Pepsi, Hyundai, Expensify and Audi. Also Bud Light has no corn syrup? Who knew? Loser - Weather Tech wasted a whole year's budget on that? #SuperBowl #SBLIII #SuperBowlAds",4,2,2019
https://twitter.com/BigWag/status/1092218344118407168,2019-02-04 00:28:40+00:00,1092218344118407168,The #BackstreetBoys whored themselves out to #doritos. Good for them. That's where our society is in 2019 #SuperBowl,1,0,1,BigWag,Aaron Krygier,1299,1281,The #BackstreetBoys whored themselves out to #doritos. Good for them. That's where our society is in 2019 #SuperBowl,4,2,2019
https://twitter.com/billboard/status/1092217669670064131,2019-02-04 00:25:59+00:00,1092217669670064131,".@chancetherapper &amp; @backstreetboys remix ""I Want It That Way"" in Doritos #SuperBowl commercial https://t.co/OyN3xAfx8Y https://t.co/WaSB5FotE9",178,12,953,billboard,billboard,13603805,3444,".@chancetherapper &amp; @backstreetboys remix ""I Want It That Way"" in Doritos #SuperBowl commercial blbrd.cm/xqSBA9 https://t.co/WaSB5FotE9",4,2,2019
https://twitter.com/Travellersoul76/status/1092216681970237440,2019-02-04 00:22:04+00:00,1092216681970237440,.@Doritos Ok I'll admit that it had me in tears 😂  Love this video#  Still ❤ @backstreetboys 😉  #SUPERBOWLAD #Superbowl https://t.co/7T1T3Rn0R5,6,0,48,Travellersoul76,Karla 🇸🇻🇨🇦,23988,19539,".@Doritos Ok I'll admit that it had me in tears 😂

Love this video#

Still ❤ @backstreetboys 😉

#SUPERBOWLAD #Superbowl twitter.com/Doritos/status…",4,2,2019
https://twitter.com/iWrite4orU_LRW/status/1092216649405603840,2019-02-04 00:21:56+00:00,1092216649405603840,The @Doritos #SuperBowl commercial with @chancetherapper and @backstreetboys...🔥🔥🔥,3,0,13,iWrite4orU_LRW,Liltera (like Literature) aka Phoni Morrison✍🏾,1504,2975,The @Doritos #SuperBowl commercial with @chancetherapper and @backstreetboys...🔥🔥🔥,4,2,2019
https://twitter.com/trishmieko/status/1092215811232522240,2019-02-04 00:18:36+00:00,1092215811232522240,"For the record, these are hot as fuck. Just like the @backstreetboys. 🔥  There. It had to be said. 😁 @Doritos #NowItsHot #SuperBowl https://t.co/1ai0Mws4pr",2,0,5,trishmieko,Tricia,168,159,"For the record, these are hot as fuck. Just like the @backstreetboys. 🔥

There. It had to be said. 😁 @Doritos #NowItsHot #SuperBowl https://t.co/1ai0Mws4pr",4,2,2019
https://twitter.com/flyONT/status/1092215689148940288,2019-02-04 00:18:07+00:00,1092215689148940288,"ONT's connection to the #SuperBowl!? The @Doritos spot with @chancetherapper &amp; @backstreetboys was filmed here! Besides @ATLairport, #AirportTwitter can you top that?! #ThisIsONT  https://t.co/43gqsgBsZH",6,1,28,flyONT,FlyONT,5998,572,"ONT's connection to the #SuperBowl!? The @Doritos spot with @chancetherapper &amp; @backstreetboys was filmed here! Besides @ATLairport, #AirportTwitter can you top that?! #ThisIsONT

youtu.be/WTMzIZhI7q8",4,2,2019
https://twitter.com/halley_bsb/status/1092213624108732417,2019-02-04 00:09:54+00:00,1092213624108732417,Just so we’re clear everything about this @Doritos @backstreetboys #SuperBowl Commercial is magic &amp; EPIC it’s #1 in my book #NowItsHot 🔥🔥🔥 @WHOTheBckstreet https://t.co/5IURUVjy3z,2,1,13,halley_bsb,Halley K| 🇺🇦💙💛,848,1616,Just so we’re clear everything about this @Doritos @backstreetboys #SuperBowl Commercial is magic &amp; EPIC it’s #1 in my book #NowItsHot 🔥🔥🔥 @WHOTheBckstreet https://t.co/5IURUVjy3z,4,2,2019
https://twitter.com/JumpLine8/status/1092212776427290624,2019-02-04 00:06:32+00:00,1092212776427290624,That #doritos Superbowl commercial took me back to my childhood! #SuperBowlCommercials #superbowlcommercial,1,0,2,JumpLine8,Jump Line,0,35,"That #doritos Superbowl commercial took me back to my childhood!
#SuperBowlCommercials #superbowlcommercial",4,2,2019
https://twitter.com/mrlevine/status/1092212523321806848,2019-02-04 00:05:32+00:00,1092212523321806848,Chance the Rapper tearing up the tarmac in a vintage ‘80s T-Bird Pro Stock for Doritos #SuperBowl spot. https://t.co/razzOT8zWq,4,4,26,mrlevine,Mike Levine,24393,2862,Chance the Rapper tearing up the tarmac in a vintage ‘80s T-Bird Pro Stock for Doritos #SuperBowl spot. https://t.co/razzOT8zWq,4,2,2019
https://twitter.com/andyawards/status/1092212032596774912,2019-02-04 00:03:35+00:00,1092212032596774912,@chancetherapper @backstreetboys @GSP @Doritos OUUUFFF That was hot! #doritosflaminhot #SuperBowl   https://t.co/bSczOHa6wY #ANDYawards,1,0,2,andyawards,andyawards,4384,4658,"@chancetherapper @backstreetboys @GSP @Doritos OUUUFFF That was hot! #doritosflaminhot #SuperBowl 

bit.ly/2G8urBO #ANDYawards",4,2,2019
https://twitter.com/notsam/status/1092211794385489920,2019-02-04 00:02:38+00:00,1092211794385489920,"Marshawn Lynch is a role model.   Gladys Knight is amazing.   Chance and the Backstreet Boys make me want Doritos.   Ok, caught up. #SuperBowl",8,10,86,notsam,Sam Roberts,141284,1838,"Marshawn Lynch is a role model. 

Gladys Knight is amazing. 

Chance and the Backstreet Boys make me want Doritos. 

Ok, caught up. #SuperBowl",4,2,2019
https://twitter.com/kimmykcollins/status/1092211707848601600,2019-02-04 00:02:18+00:00,1092211707848601600,Always love the @Doritos commercials during the #superbowl!! Especially ❤️ this one with @backstreetboys ☺️😁,1,0,1,kimmykcollins,Kim Collins,3151,2010,Always love the @Doritos commercials during the #superbowl!! Especially ❤️ this one with @backstreetboys ☺️😁,4,2,2019
https://twitter.com/GoMartStores/status/1092211381502386178,2019-02-04 00:01:00+00:00,1092211381502386178,"Nice moves Backstreet Boys - hot just like those Doritos! Like, follow, or RT for a chance to win a Doritos-themed prize package from me! #SuperBowl #SBLIII #SBLIII #SB53 #NFL #GoPats #EverythingWeGot #LARams #RamsNation #Patriots #PatsNation #GoForGoMart #BackstreetBoys #Doritos",30,0,74,GoMartStores,GoMart Stores,735,403,"Nice moves Backstreet Boys - hot just like those Doritos! Like, follow, or RT for a chance to win a Doritos-themed prize package from me! #SuperBowl #SBLIII #SBLIII #SB53 #NFL #GoPats #EverythingWeGot #LARams #RamsNation #Patriots #PatsNation #GoForGoMart #BackstreetBoys #Doritos",4,2,2019
https://twitter.com/djSANDRAdee/status/1092211363550703617,2019-02-04 00:00:56+00:00,1092211363550703617,This #SUPERBOWL #Ad wins in my eyes.... backstreetboys doritos #BackstreetBoys #Doritos 😍🏈  #Repost backstreetboys with get_repost ・・・ You are my 🔥 🔥🔥 #NowItsHot #ad https://t.co/2WWHDxAalS,1,0,2,djSANDRAdee,☆ ♪ Sandra ☆ ♪,876,2309,"This #SUPERBOWL #Ad wins in my eyes.... backstreetboys doritos #BackstreetBoys #Doritos 😍🏈

#Repost backstreetboys with get_repost
・・・
You are my 🔥 🔥🔥 #NowItsHot #ad instagram.com/p/BtcGFKhBprg/…",4,2,2019
https://twitter.com/WHOTheBckstreet/status/1092211285067001856,2019-02-04 00:00:37+00:00,1092211285067001856,SAME HERE. CAN WE?  @Doritos @backstreetboys @chancetherapper #SuperBowl https://t.co/L4DZ9upstD,4,0,17,WHOTheBckstreet,What Happens On The Backstreet,17125,2509,"SAME HERE. CAN WE? 
@Doritos @backstreetboys @chancetherapper #SuperBowl twitter.com/clmidkiff/stat…",4,2,2019
https://twitter.com/DoubleShotTeam/status/1092211075028865024,2019-02-03 23:59:47+00:00,1092211075028865024,"Is it just us or do the 90's seem to be a theme for #Superbowl ads so far? Doritos, Olay ... Are there more t come? #3percentsb #adbowl https://t.co/pzd3S0WI31",1,0,4,DoubleShotTeam,DoubleShot Creative,3955,3588,"Is it just us or do the 90's seem to be a theme for #Superbowl ads so far? Doritos, Olay ... Are there more t come? #3percentsb #adbowl https://t.co/pzd3S0WI31",3,2,2019
https://twitter.com/TysonFoods/status/1092210931612991493,2019-02-03 23:59:13+00:00,1092210931612991493,I never wanna hear you say that you don’t want to have the perfect match for your #wings and #beer for the #SuperBowl @backstreetboys @Doritos https://t.co/gbOfNs5tZQ https://t.co/3SCljtaE0T,1,1,3,TysonFoods,Tyson Foods,58609,16711,I never wanna hear you say that you don’t want to have the perfect match for your #wings and #beer for the #SuperBowl @backstreetboys @Doritos tysonfoods.com/the-feed-blog/… https://t.co/3SCljtaE0T,3,2,2019
https://twitter.com/WHOTheBckstreet/status/1092210705955278848,2019-02-03 23:58:19+00:00,1092210705955278848,We agree. Doritos for the win! #SuperBowl https://t.co/jM2C6EgHei,3,0,25,WHOTheBckstreet,What Happens On The Backstreet,17125,2509,We agree. Doritos for the win! #SuperBowl twitter.com/froggyradio/st…,3,2,2019
https://twitter.com/K_r_i_s_7_7_7/status/1092210603266064384,2019-02-03 23:57:54+00:00,1092210603266064384,"I don't know which was better, the Backstreet Boys in the Doritos commercial or that missed field goal by the Patriots #SuperBowl",1,0,0,K_r_i_s_7_7_7,Kris,172,373,"I don't know which was better, the Backstreet Boys in the Doritos commercial or that missed field goal by the Patriots #SuperBowl",3,2,2019
https://twitter.com/BAHjournalist/status/1092210515567435776,2019-02-03 23:57:33+00:00,1092210515567435776,I screamed when @brian_littrell of @backstreetboys appeared in that @Doritos commercial. Brian was my first celeb crush when I was a teen. #SuperBowl https://t.co/8LMd0sLVYz,1,1,6,BAHjournalist,Brian A. Hernandez,25583,2910,I screamed when @brian_littrell of @backstreetboys appeared in that @Doritos commercial. Brian was my first celeb crush when I was a teen. #SuperBowl https://t.co/8LMd0sLVYz,3,2,2019
https://twitter.com/froggyradio/status/1092210481555820544,2019-02-03 23:57:25+00:00,1092210481555820544,I liked the @Doritos commercial with the @backstreetboys and @chancetherapper...but so far the #SuperBowl commercials are kinda ehhh. Agree?,13,48,270,froggyradio,Froggy 🎙,114717,556,I liked the @Doritos commercial with the @backstreetboys and @chancetherapper...but so far the #SuperBowl commercials are kinda ehhh. Agree?,3,2,2019
https://twitter.com/TimCiesco/status/1092210464648511489,2019-02-03 23:57:21+00:00,1092210464648511489,BSB / Chance the Rapper Doritos commercial up for early favorite 🤘🏻🤘🏻🤘🏻 #SuperBowl #SuperBowlCommercials https://t.co/QvKmBcIhoD,4,2,13,TimCiesco,Tim Ciesco,4715,2999,BSB / Chance the Rapper Doritos commercial up for early favorite 🤘🏻🤘🏻🤘🏻 #SuperBowl #SuperBowlCommercials https://t.co/QvKmBcIhoD,3,2,2019
https://twitter.com/TheRealAlexis/status/1092210452938063872,2019-02-03 23:57:18+00:00,1092210452938063872,Ohmygod that @backstreetboys/@chancetherapper @Doritos commercial I’m crying!!!!! #SuperBowl,3,0,13,TheRealAlexis,Alexis,2210,607,Ohmygod that @backstreetboys/@chancetherapper @Doritos commercial I’m crying!!!!! #SuperBowl,3,2,2019
https://twitter.com/PoundSignDead/status/1092210398579879937,2019-02-03 23:57:05+00:00,1092210398579879937,.@Doritos really top 5 in commercials during #SuperBowl #SuperBowlLIII,4,0,18,PoundSignDead,Daddy DELLY,1728,997,.@Doritos really top 5 in commercials during #SuperBowl #SuperBowlLIII,3,2,2019
https://twitter.com/TaylorGleason__/status/1092210364043968512,2019-02-03 23:56:57+00:00,1092210364043968512,Hi friends it’s me again with more thoughts.  1) @Doritos MIGHT be the GOAT of #superbowl commercials... thoughts? 2) @OlaySkin I need you to gimmie that #killerskin 3) adorable dogs in commercials = automatic win,4,2,7,TaylorGleason__,Taylor Gleason,1436,980,"Hi friends it’s me again with more thoughts.

1) @Doritos MIGHT be the GOAT of #superbowl commercials... thoughts?
2) @OlaySkin I need you to gimmie that #killerskin
3) adorable dogs in commercials = automatic win",3,2,2019
https://twitter.com/classzac/status/1092210313590702082,2019-02-03 23:56:45+00:00,1092210313590702082,Top @SuperBowl ad so far goes to @Doritos + @chancetherapper + @backstreetboys...interesting mix but I yike it #superbowlads #superbowl,6,0,31,classzac,classzac,381,186,Top @SuperBowl ad so far goes to @Doritos + @chancetherapper + @backstreetboys...interesting mix but I yike it #superbowlads #superbowl,3,2,2019
https://twitter.com/halimahiman/status/1092210293319614464,2019-02-03 23:56:40+00:00,1092210293319614464,"That @backstreetboys commercial has playing ALL week, literally made me buy Doritos today! 😒😍😂  #SuperBowlLIII #SuperBowlSunday #SuperBowl #SBLIII https://t.co/5Zx8pMkHI4",1,0,4,halimahiman,Halimah Iman,106,169,"That @backstreetboys commercial has playing ALL week, literally made me buy Doritos today! 😒😍😂

#SuperBowlLIII #SuperBowlSunday #SuperBowl #SBLIII https://t.co/5Zx8pMkHI4",3,2,2019
https://twitter.com/RapUp/status/1092210268426256384,2019-02-03 23:56:34+00:00,1092210268426256384,"Watch @ChanceTheRapper remix the @BackstreetBoys' ""I Want It That Way"" in @Doritos' #SuperBowl commercial https://t.co/Skr6Vp2g5y https://t.co/3CL10sysZb",13,1,44,RapUp,Rap-Up,393948,396,"Watch @ChanceTheRapper remix the @BackstreetBoys' ""I Want It That Way"" in @Doritos' #SuperBowl commercial goo.gl/UagMYL https://t.co/3CL10sysZb",3,2,2019
https://twitter.com/WHOTheBckstreet/status/1092210218996547584,2019-02-03 23:56:23+00:00,1092210218996547584,WHO JUST SCREAMED TO EVERYONE IN THE ROOM TO SHUT THEIR MOUTHS BECAUSE THE @backstreetboys @Doritos COMMERCIAL CAME ON?!   #SuperBowl #NowitHot https://t.co/pRjC7nv1SV,8,5,54,WHOTheBckstreet,What Happens On The Backstreet,17125,2509,"WHO JUST SCREAMED TO EVERYONE IN THE ROOM TO SHUT THEIR MOUTHS BECAUSE THE @backstreetboys @Doritos COMMERCIAL CAME ON?!

 #SuperBowl #NowitHot https://t.co/pRjC7nv1SV",3,2,2019
https://twitter.com/ipsosus/status/1092210187199541248,2019-02-03 23:56:15+00:00,1092210187199541248,"Call it home field advantage, but the @chancetherapper spot for Doritos had the highest emotion so far in our Chicago audience, especially when he was on screen. #SUPERBOWLAD #SuperBowl",3,1,7,ipsosus,Ipsos US,12305,842,"Call it home field advantage, but the @chancetherapper spot for Doritos had the highest emotion so far in our Chicago audience, especially when he was on screen. #SUPERBOWLAD #SuperBowl",3,2,2019
https://twitter.com/hotstreakhaley/status/1092210154815348737,2019-02-03 23:56:07+00:00,1092210154815348737,"I feel a little bit like a hypocrite because I hate when people release their spots ahead of time. But that belng said, I really liked the @Doritos spot with @chancetherapper and want them to release a full version of the song. #SuperBowl #TrilixSuperPoll https://t.co/iEWAPi2HNg",1,0,3,hotstreakhaley,haley austin,663,220,"I feel a little bit like a hypocrite because I hate when people release their spots ahead of time. But that belng said, I really liked the @Doritos spot with @chancetherapper and want them to release a full version of the song. #SuperBowl #TrilixSuperPoll twitter.com/hotstreakhaley…",3,2,2019
https://twitter.com/kingshillbilly/status/1092210128730972162,2019-02-03 23:56:01+00:00,1092210128730972162,Dear @Doritos   Nahh... just... nahhh  #SuperBowl #Commercials https://t.co/wXtFKpKXn6,2,0,3,kingshillbilly,Kingshillbilly,48,56,"Dear @Doritos 

Nahh... just... nahhh

#SuperBowl #Commercials https://t.co/wXtFKpKXn6",3,2,2019
https://twitter.com/JustJared/status/1092210071247810560,2019-02-03 23:55:47+00:00,1092210071247810560,Watch @chancetherapper and the @backstreetboys in the new Doritos commercial that aired during the #SuperBowl! https://t.co/0LekBW9jBh,12,1,37,JustJared,JustJared.com,729151,2931,Watch @chancetherapper and the @backstreetboys in the new Doritos commercial that aired during the #SuperBowl! justjared.com/2019/02/03/cha…,3,2,2019
https://twitter.com/HegartyKatie/status/1092210012196401157,2019-02-03 23:55:33+00:00,1092210012196401157,"Free idea: Replace Nick Carter with Chance instead of just adding Chance to the full BSB, so we can all enjoy this Doritos #SuperBowl commercial without celebrating a rapist.   Oh, did you all forget Nick Carter is a rapist? Nick Carter is a rapist, and we should keep saying so.",1,1,0,HegartyKatie,Katie Hegarty,735,564,"Free idea: Replace Nick Carter with Chance instead of just adding Chance to the full BSB, so we can all enjoy this Doritos #SuperBowl commercial without celebrating a rapist. 

Oh, did you all forget Nick Carter is a rapist? Nick Carter is a rapist, and we should keep saying so.",3,2,2019
https://twitter.com/tyrastarr6/status/1092209972233031681,2019-02-03 23:55:24+00:00,1092209972233031681,@CBS #SuperBowl DORITOS KNOW THEY GONNA ALWAYS HAVE THEM A COMMERCIAL ON THE SUPERBOWL 😌😌😌😌😌 LET'S DO THIS TOM BRADY BUNCH  🏈🏈🏈🏈🏈🍷🍷🍷🍷,1,0,1,tyrastarr6,Jacki'Starr Settles,1834,4589,@CBS #SuperBowl DORITOS KNOW THEY GONNA ALWAYS HAVE THEM A COMMERCIAL ON THE SUPERBOWL 😌😌😌😌😌 LET'S DO THIS TOM BRADY BUNCH  🏈🏈🏈🏈🏈🍷🍷🍷🍷,3,2,2019
https://twitter.com/TommyMcFLY/status/1092209969976541185,2019-02-03 23:55:23+00:00,1092209969976541185,I would love to see a @chancetherapper / @backstreetboys concert.  Who’s with me? #SuperBowl @Doritos,3,5,23,TommyMcFLY,Tommy McFLY,39028,23414,I would love to see a @chancetherapper / @backstreetboys concert.  Who’s with me? #SuperBowl @Doritos,3,2,2019
https://twitter.com/hotasicexox/status/1092209951941017601,2019-02-03 23:55:19+00:00,1092209951941017601,2 of my favorite things: BSB &amp; Doritos 💙 #SuperBowl https://t.co/OTGyImloYf,2,1,6,hotasicexox,𝒸𝒶𝓈𝓈𝒾𝑒,496,403,2 of my favorite things: BSB &amp; Doritos 💙 #SuperBowl https://t.co/OTGyImloYf,3,2,2019
https://twitter.com/MatthewStefanTV/status/1092209945422884865,2019-02-03 23:55:17+00:00,1092209945422884865,"Doritos' #SuperBowl commercial stars Backstreet Boys, Chance the Rapper https://t.co/o2hNugBVyr",2,0,5,MatthewStefanTV,Matthew Stefan,14978,4614,"Doritos' #SuperBowl commercial stars Backstreet Boys, Chance the Rapper cartermatt.com/350539/doritos…",3,2,2019
https://twitter.com/katfish/status/1092209936845615104,2019-02-03 23:55:15+00:00,1092209936845615104,"I know it’s early, but can we call the Doritos commercial with @chancetherapper @backstreetboys one of the best 😍 #SuperBowl #nowthatshot",28,9,189,katfish,kat gilbride 😷,7643,1333,"I know it’s early, but can we call the Doritos commercial with @chancetherapper @backstreetboys one of the best 😍 #SuperBowl #nowthatshot",3,2,2019
https://twitter.com/gracesegundo/status/1092209933133594625,2019-02-03 23:55:14+00:00,1092209933133594625,Yessss I want it that waaaay @Doritos !! @chancetherapper @backstreetboys  #fave commercial so far #SuperBowl,1,1,5,gracesegundo,Grace Segundo,1704,1444,Yessss I want it that waaaay @Doritos !! @chancetherapper @backstreetboys  #fave commercial so far #SuperBowl,3,2,2019
https://twitter.com/dan_bernstein/status/1092209895506628609,2019-02-03 23:55:06+00:00,1092209895506628609,"Kid:  Can you buy those hot Doritos for my lunch?  Me:  Sure.  @SQNevents:  ""Well, that ad worked.""  #SuperBowl",5,5,64,dan_bernstein,Dan Bernstein,65993,535,"Kid:  Can you buy those hot Doritos for my lunch?

Me:  Sure.

@SQNevents:  ""Well, that ad worked.""

#SuperBowl",3,2,2019
https://twitter.com/TrevorDame/status/1092209895149953024,2019-02-03 23:55:05+00:00,1092209895149953024,"Chance the Rapper meets the Backstreet Boys meets Doritos is the kind of ""Just spend a lot of money"" Superbowl commercials I am genuinely a fan of.",1,1,3,TrevorDame,Trevor Dame,9072,119,"Chance the Rapper meets the Backstreet Boys meets Doritos is the kind of ""Just spend a lot of money"" Superbowl commercials I am genuinely a fan of.",3,2,2019
https://twitter.com/OThankKevin/status/1092209889894649856,2019-02-03 23:55:04+00:00,1092209889894649856,Stock Up: Doritos Stock Down: Olay #SuperBowl #SuperBowlLlll,1,1,4,OThankKevin,Kevin Hageland,12513,284,"Stock Up: Doritos
Stock Down: Olay
#SuperBowl #SuperBowlLlll",3,2,2019
https://twitter.com/CARandDRIVER/status/1092209879807393792,2019-02-03 23:55:02+00:00,1092209879807393792,Who can name all the cars in @chancetherapper's ad for @Doritos? #superbowl https://t.co/w4oDb8L4yY,5,6,28,CARandDRIVER,Car and Driver,1208336,1010,Who can name all the cars in @chancetherapper's ad for @Doritos? #superbowl https://t.co/w4oDb8L4yY,3,2,2019
https://twitter.com/Tenacious_DJC/status/1092209876619673601,2019-02-03 23:55:01+00:00,1092209876619673601,This is what I heard during that #doritos commercial with Chance the Rapper. #SuperBowl https://t.co/h7ZuoQg3ez,1,0,4,Tenacious_DJC,⚡ Doug ⚡,72,131,This is what I heard during that #doritos commercial with Chance the Rapper. #SuperBowl https://t.co/h7ZuoQg3ez,3,2,2019
https://twitter.com/AmyBChirps/status/1092209875533418496,2019-02-03 23:55:01+00:00,1092209875533418496,"Just saw @backstreetboys doritos commercial, now I can turn the superbowl off now lol 😀",1,0,3,AmyBChirps,Amy,517,511,"Just saw @backstreetboys doritos commercial, now I can turn the superbowl off now lol 😀",3,2,2019
https://twitter.com/maxwellglick/status/1092209862396698624,2019-02-03 23:54:58+00:00,1092209862396698624,It’s 2019 and the @backstreetboys just made me want some @Doritos. Love it. #superbowl https://t.co/dyhCYvmS9Y,1,0,21,maxwellglick,Maxwell Glick,13963,1520,It’s 2019 and the @backstreetboys just made me want some @Doritos. Love it. #superbowl https://t.co/dyhCYvmS9Y,3,2,2019
https://twitter.com/raymourflanigan/status/1092209861071392769,2019-02-03 23:54:57+00:00,1092209861071392769,Delivery on Sunday? I want it that way! @Doritos #SuperBowl,12,3,47,raymourflanigan,Raymour & Flanigan Furniture and Mattresses,13836,330,Delivery on Sunday? I want it that way! @Doritos #SuperBowl,3,2,2019
https://twitter.com/samsheffer/status/1092209843560239104,2019-02-03 23:54:53+00:00,1092209843560239104,Backstreet Boys + Chance!? that Doritos commercial must have cost a lot — pretty fire version of ‘I want it that way’ though #SuperBowl,4,6,81,samsheffer,Sam Sheffer,58111,527,Backstreet Boys + Chance!? that Doritos commercial must have cost a lot — pretty fire version of ‘I want it that way’ though #SuperBowl,3,2,2019
https://twitter.com/JulieWikert/status/1092209829391859712,2019-02-03 23:54:50+00:00,1092209829391859712,I’m 1000% here for @Doritos and @backstreetboys #adbowl #Superbowl #BackstreetBoys,1,1,1,JulieWikert,julie wikert 🇺🇦,1957,3583,I’m 1000% here for @Doritos and @backstreetboys #adbowl #Superbowl #BackstreetBoys,3,2,2019
https://twitter.com/xSimplykeri/status/1092209825193312256,2019-02-03 23:54:49+00:00,1092209825193312256,#doritos has the best commercial hands down #SuperBowl #SuperBowlLIII,1,0,0,xSimplykeri,Keri Thompson,26,67,#doritos has the best commercial hands down #SuperBowl #SuperBowlLIII,3,2,2019
https://twitter.com/TheFeedBlogger/status/1092209822391566336,2019-02-03 23:54:48+00:00,1092209822391566336,"Dear @backstreetboys, you didn't have to do a #doritos commercial during the #SuperBowl to stay relevant. I AM ALWAYS LOYAL #IWANTITTHATWAY",1,0,2,TheFeedBlogger,J,185,318,"Dear @backstreetboys, you didn't have to do a #doritos commercial during the #SuperBowl to stay relevant. I AM ALWAYS LOYAL #IWANTITTHATWAY",3,2,2019
https://twitter.com/Ace_Metrix/status/1092209808143306753,2019-02-03 23:54:45+00:00,1092209808143306753,The new @Doritos #FlaminHot flavor that @chancetherapper &amp; @backstreetboys just sang about was a hit with viewers! 54% reported positive purchase intent after watching the #SuperBowl ad #NowItsHot https://t.co/uvQReegFWW,4,0,11,Ace_Metrix,Ace Metrix | an iSpot company,1324,1316,The new @Doritos #FlaminHot flavor that @chancetherapper &amp; @backstreetboys just sang about was a hit with viewers! 54% reported positive purchase intent after watching the #SuperBowl ad #NowItsHot https://t.co/uvQReegFWW,3,2,2019
https://twitter.com/ckgthedon/status/1092209804825616384,2019-02-03 23:54:44+00:00,1092209804825616384,"While you're watching the #SuperBowl , make sure you cop some #Merchandise #Merch from @ckgthedon #indieartist #Indie @ascap plus #Losangeles #Music #award winning #Artist #Writer #Producer from #Chicago  https://t.co/kZtzeAcXag  #Bandzoogle @bandzoogle #Rams #Patriots #Doritos",2,0,3,ckgthedon,CKGTHEDON,4559,3997,"While you're watching the #SuperBowl , make sure you cop some #Merchandise #Merch from @ckgthedon #indieartist #Indie
@ascap plus #Losangeles #Music #award winning #Artist #Writer #Producer from #Chicago 
ckgonline.net/c-k-g-merchand… 
#Bandzoogle @bandzoogle #Rams #Patriots #Doritos",3,2,2019
https://twitter.com/CoachSaxton/status/1092209798752362498,2019-02-03 23:54:42+00:00,1092209798752362498,Chance the Rapper and the Backstreet Boys in the Doritos commercial. I dig it! #SuperBowl,2,0,5,CoachSaxton,Dallas Saxton,1193,411,Chance the Rapper and the Backstreet Boys in the Doritos commercial. I dig it! #SuperBowl,3,2,2019
https://twitter.com/BrettRasdall/status/1092209789210427393,2019-02-03 23:54:40+00:00,1092209789210427393,Best set of commercials so far. Buffy's commercial was good. Chance/BSB/Doritos was good. #SuperBowl,1,0,2,BrettRasdall,Brett Rasdall,466,2497,Best set of commercials so far. Buffy's commercial was good. Chance/BSB/Doritos was good. #SuperBowl,3,2,2019
https://twitter.com/Lindsay_Stein/status/1092209789050982400,2019-02-03 23:54:40+00:00,1092209789050982400,Backstreet Boys in a @Doritos commercial - I’m in! ❤️ #superbowl @CampaignLiveUS,1,0,7,Lindsay_Stein,Lindsay Stein,6907,3759,Backstreet Boys in a @Doritos commercial - I’m in! ❤️ #superbowl @CampaignLiveUS,3,2,2019
https://twitter.com/BethHoller/status/1092209774253481984,2019-02-03 23:54:37+00:00,1092209774253481984,Doritos really did the most bringing Chance the Rapper and the Backstreet Boys together. I smiled throughout that commercial. #SuperBowl⁠ ⁠,2,1,4,BethHoller,Beth,2512,2401,Doritos really did the most bringing Chance the Rapper and the Backstreet Boys together. I smiled throughout that commercial. #SuperBowl⁠ ⁠,3,2,2019
https://twitter.com/DudeKnowsSports/status/1092209753760124928,2019-02-03 23:54:32+00:00,1092209753760124928,The #BackStreetBoys are part of a Doritos commercial. No commercial is topping that! #SuperBowl,1,0,0,DudeKnowsSports,Miguel Rodriguez,123,465,The #BackStreetBoys are part of a Doritos commercial. No commercial is topping that! #SuperBowl,3,2,2019
https://twitter.com/doubleshowpod/status/1092209724911693824,2019-02-03 23:54:25+00:00,1092209724911693824,Backstreet's BACK...with a very strange Flamin Hot Doritos commercial??? #SuperBowl https://t.co/tBJmaUuPIq,6,0,34,doubleshowpod,The Show Show,18,9,Backstreet's BACK...with a very strange Flamin Hot Doritos commercial??? #SuperBowl https://t.co/tBJmaUuPIq,3,2,2019
https://twitter.com/PhotoAmy33/status/1092209698827264000,2019-02-03 23:54:19+00:00,1092209698827264000,"God I still really love the Backstreet Boys, don't @ me  #SuperBowl  @Doritos  @backstreetboys",3,1,16,PhotoAmy33,Amy Kaplan,9674,4959,"God I still really love the Backstreet Boys, don't @ me

#SuperBowl 
@Doritos 
@backstreetboys",3,2,2019
https://twitter.com/fivefeetunder2/status/1092209679265079297,2019-02-03 23:54:14+00:00,1092209679265079297,#doritos winner.#SuperBowl,1,0,1,fivefeetunder2,fivefeetunder,21,79,#doritos winner.#SuperBowl,3,2,2019
https://twitter.com/RamseyCohen/status/1092209671925059584,2019-02-03 23:54:12+00:00,1092209671925059584,This @chancetherapper Backstreet Boys Doritos spot is AWESOME! #SuperBowl,1,0,0,RamseyCohen,Ramsey Cohen,738,600,This @chancetherapper Backstreet Boys Doritos spot is AWESOME! #SuperBowl,3,2,2019
https://twitter.com/smFISHMAN/status/1092209669462999040,2019-02-03 23:54:12+00:00,1092209669462999040,Doritos had me at Backstreet Boys. #SuperBowl,6,1,19,smFISHMAN,Scott Fishman,23959,986,Doritos had me at Backstreet Boys. #SuperBowl,3,2,2019
https://twitter.com/theGrio/status/1092209664631205888,2019-02-03 23:54:10+00:00,1092209664631205888,Chaaaaaaaance! @chancetherapper and.....the Backstreet Boys together?! Who would’ve ever thought? Very interesting to see they’ve remained relevant this long @Doritos. #SuperBowl #SBLIII,1,0,5,theGrio,theGrio.com,136961,3234,Chaaaaaaaance! @chancetherapper and.....the Backstreet Boys together?! Who would’ve ever thought? Very interesting to see they’ve remained relevant this long @Doritos. #SuperBowl #SBLIII,3,2,2019
https://twitter.com/cheapcaribbean/status/1092209648986394625,2019-02-03 23:54:07+00:00,1092209648986394625,"Flamin Hot Nacho… @doritos, Yup. We want it that way. #BSB #SuperBowl https://t.co/b5Lw6XxXja",6,1,12,cheapcaribbean,CheapCaribbean,126044,230,"Flamin Hot Nacho… @doritos, Yup. We want it that way. #BSB #SuperBowl https://t.co/b5Lw6XxXja",3,2,2019
https://twitter.com/C_Lynn_osen/status/1092209626991546370,2019-02-03 23:54:02+00:00,1092209626991546370,I love the @OlaySkin and @Doritos commericals #SuperBowl,1,0,1,C_Lynn_osen,Miss Courtney.,1708,4712,I love the @OlaySkin and @Doritos commericals #SuperBowl,3,2,2019
https://twitter.com/ApexMarketing/status/1092209608238817286,2019-02-03 23:53:57+00:00,1092209608238817286,Top Hat! @chancetherapper branded #3 @NewEraCap received over $2.6MM of equivalent brand value during the Flamin' Hot #NowItsHot @Doritos @SuperBowl Commercial although less then the $5MM+ he achieved during the 2017 #Grammys - the #3 Hat is currently SOLD OUT on his website https://t.co/FWaAtpjAko,6,1,13,ApexMarketing,Apex Marketing Group,16958,1033,Top Hat! @chancetherapper branded #3 @NewEraCap received over $2.6MM of equivalent brand value during the Flamin' Hot #NowItsHot @Doritos @SuperBowl Commercial although less then the $5MM+ he achieved during the 2017 #Grammys - the #3 Hat is currently SOLD OUT on his website https://t.co/FWaAtpjAko,3,2,2019
https://twitter.com/RyryJones/status/1092209607727087616,2019-02-03 23:53:57+00:00,1092209607727087616,Okay I think Doritos is going to win the night #SuperBowl,1,0,1,RyryJones,Ry Jones,1694,1647,Okay I think Doritos is going to win the night #SuperBowl,3,2,2019
https://twitter.com/King_UNCAGEDD/status/1092209576416563202,2019-02-03 23:53:49+00:00,1092209576416563202,"Doritos, yea, I'll give it a pass #SuperBowl",1,0,2,King_UNCAGEDD,jmoy,159,173,"Doritos, yea, I'll give it a pass #SuperBowl",3,2,2019
https://twitter.com/DJ_Ajaxx/status/1092209546049646592,2019-02-03 23:53:42+00:00,1092209546049646592,This Backstreet Boys + Chance + Doritos commercial ain’t it chief.  #SuperBowl,1,0,0,DJ_Ajaxx,J. Strand,2106,2775,"This Backstreet Boys + Chance + Doritos commercial ain’t it chief. 
#SuperBowl",3,2,2019
https://twitter.com/adage/status/1092209545399754758,2019-02-03 23:53:42+00:00,1092209545399754758,And now I’m going to spend the rest of the night singing #IWantItThatWay #notmadaboutit @doritos #SuperBowl,14,3,66,adage,Ad Age,1001959,73298,And now I’m going to spend the rest of the night singing #IWantItThatWay #notmadaboutit @doritos #SuperBowl,3,2,2019
https://twitter.com/brookeRborden/status/1092209522574323713,2019-02-03 23:53:37+00:00,1092209522574323713,#superbowl #GaylordSportsPR Chance the Rapper stars (with band) in Doritos commercial about new flavor!! Love Chance &amp; the Back Street Boys!,1,0,3,brookeRborden,Brooke Borden,430,672,#superbowl #GaylordSportsPR Chance the Rapper stars (with band) in Doritos commercial about new flavor!! Love Chance &amp; the Back Street Boys!,3,2,2019
https://twitter.com/WHOTheBckstreet/status/1092208667393429505,2019-02-03 23:50:13+00:00,1092208667393429505,"""You know why we're gonna win?! Doritos!"" - @howied  If you haven't seen Howie checking in LIVE from the #SuperBowl on Instagram, do it. 😂",3,0,23,WHOTheBckstreet,What Happens On The Backstreet,17125,2509,"""You know why we're gonna win?! Doritos!"" - @howied

If you haven't seen Howie checking in LIVE from the #SuperBowl on Instagram, do it. 😂",3,2,2019
https://twitter.com/martyswant/status/1092207821125570565,2019-02-03 23:46:51+00:00,1092207821125570565,"According to Salesforce's analysis of pre-game social media as of 4:47pm EST, here were the most popular trends associated with ads and the #SuperBowl.  The top three: 1. Pepsi (11,296 mentions) 2. Doritos (10,876 mentions) 3, Avocados from Mexico (9,987 mentions) https://t.co/QNuUZLKAIU",1,0,3,martyswant,Marty Swant,15099,13751,"According to Salesforce's analysis of pre-game social media as of 4:47pm EST, here were the most popular trends associated with ads and the #SuperBowl.

The top three:
1. Pepsi (11,296 mentions)
2. Doritos (10,876 mentions)
3, Avocados from Mexico (9,987 mentions) https://t.co/QNuUZLKAIU",3,2,2019
https://twitter.com/budweiserusa/status/1092207426936467456,2019-02-03 23:45:17+00:00,1092207426936467456,@pepsi @getup7up @SuperBowl @Ford @Doritos You sure about that? https://t.co/UcQfJuNq2P,1,1,9,budweiserusa,Budweiser.beer.eth,242632,187,@pepsi @getup7up @SuperBowl @Ford @Doritos You sure about that? https://t.co/UcQfJuNq2P,3,2,2019
https://twitter.com/Rockyonwheels/status/1092207364227452935,2019-02-03 23:45:02+00:00,1092207364227452935,I’m looking forward to the Super Bowl commercials !!!! #superbowlcommercials2019  #SuperBowl  #pepsi #amazon  #budweiser #burgerking #colgate #devour #doritos #hyundai #kia #michelobultra #microsoft #olay  #mrpeanut #pringles #stellaartois #toyota #verizon #cardib #patriots #rams https://t.co/F3wxvNrOI0,4,2,42,Rockyonwheels,Rocky on Wheels,5454,115,"I’m looking forward to the Super Bowl commercials !!!! #superbowlcommercials2019 
#SuperBowl  #pepsi #amazon  #budweiser #burgerking #colgate #devour #doritos #hyundai #kia #michelobultra #microsoft #olay  #mrpeanut #pringles #stellaartois #toyota #verizon #cardib #patriots #rams https://t.co/F3wxvNrOI0",3,2,2019
https://twitter.com/pepsi/status/1092207076019965953,2019-02-03 23:43:53+00:00,1092207076019965953,@getup7up @SuperBowl @Ford @budweiserusa @Doritos We have the answer. #PepsiMoreThanOK https://t.co/bbQQC9uHOb,1,2,6,pepsi,Pepsi,3093123,38040,@getup7up @SuperBowl @Ford @budweiserusa @Doritos We have the answer. #PepsiMoreThanOK https://t.co/bbQQC9uHOb,3,2,2019
https://twitter.com/WHOTheBckstreet/status/1092205212335554566,2019-02-03 23:36:29+00:00,1092205212335554566,".@backstreetboys fans watching the #SuperBowl, waiting for the @Doritos commercial, ready for our friends to text us about it... 😌   #backstreetboys #NowItsHot #OurBoyBandIsHotterThanYours #ClassicButHotter #PutSomeFireOnIt https://t.co/Hl44VdoJmu",18,8,82,WHOTheBckstreet,What Happens On The Backstreet,17125,2509,".@backstreetboys fans watching the #SuperBowl, waiting for the @Doritos commercial, ready for our friends to text us about it... 😌 

#backstreetboys #NowItsHot #OurBoyBandIsHotterThanYours #ClassicButHotter #PutSomeFireOnIt https://t.co/Hl44VdoJmu",3,2,2019
https://twitter.com/BusinessInsider/status/1092197036949008385,2019-02-03 23:04:00+00:00,1092197036949008385,How Doritos went from Disneyland trash to the ultimate #SuperBowl snack https://t.co/KFGZPmSD48,27,0,63,BusinessInsider,Business Insider,3690573,413,How Doritos went from Disneyland trash to the ultimate #SuperBowl snack https://t.co/KFGZPmSD48,3,2,2019
https://twitter.com/OnTheRealSports/status/1092190411341230081,2019-02-03 22:37:40+00:00,1092190411341230081,"From E-Trade's talking babies to Doritos' ultrasound disaster, these 10 commercials can join Tom Brady as being regarded as ""Super Bowl G.O.A.T.S.""  #SuperBowlLIII #SuperBowl #SuperBowl2019  https://t.co/g7p8XGiQJm",1,0,1,OnTheRealSports,On the Real Sports,3,134,"From E-Trade's talking babies to Doritos' ultrasound disaster, these 10 commercials can join Tom Brady as being regarded as ""Super Bowl G.O.A.T.S.""

#SuperBowlLIII #SuperBowl #SuperBowl2019

dannyvietti.wixsite.com/dannyvietti/on…",3,2,2019
https://twitter.com/dabalanov/status/1092185722147270656,2019-02-03 22:19:02+00:00,1092185722147270656,I can’t believe I have to watch the #SuperBowl tonight while staring at my phone and devouring doritos instead of watching murder documentaries while staring at my phone and devouring doritos,1,0,10,dabalanov,sweet dee,85,86,I can’t believe I have to watch the #SuperBowl tonight while staring at my phone and devouring doritos instead of watching murder documentaries while staring at my phone and devouring doritos,3,2,2019
https://twitter.com/RachelsNews/status/1092175671877484544,2019-02-03 21:39:06+00:00,1092175671877484544,"9 Reasons Why You Should Never Eat Doritos, Like, Ever #superbowl https://t.co/BxDlMUkwtw",10,2,11,RachelsNews,Rachel Parent,44798,29088,"9 Reasons Why You Should Never Eat Doritos, Like, Ever #superbowl shefinds.com/collections/ne…",3,2,2019
https://twitter.com/MikeRylander/status/1092167815010775040,2019-02-03 21:07:53+00:00,1092167815010775040,"So I *almost* booked at least one #SuperBowl #Commercial this year.  In honor of this near miss, please enjoy the #Doritos Super Bowl commercial I was in 8 years ago.  #tbt #SuperBowlCommercials https://t.co/Bq8jkOSWEY",2,0,8,MikeRylander,Mike Rylander,3493,2016,"So I *almost* booked at least one #SuperBowl #Commercial this year.

In honor of this near miss, please enjoy the #Doritos Super Bowl commercial I was in 8 years ago.

#tbt #SuperBowlCommercials https://t.co/Bq8jkOSWEY",3,2,2019
https://twitter.com/PhtevenDaDinosr/status/1092161253991239681,2019-02-03 20:41:48+00:00,1092161253991239681,The @SuperBowl is a made up holiday. It was created by corporations to sell doritos and pizza. #StayWoke,1,2,3,PhtevenDaDinosr,Step Hen Her Check,123,239,The @SuperBowl is a made up holiday. It was created by corporations to sell doritos and pizza. #StayWoke,3,2,2019
https://twitter.com/partnardy/status/1092140990754885636,2019-02-03 19:21:17+00:00,1092140990754885636,great news everybody! #Doritos is showing my #Ad sometime during the third quarter of today's #SuperBowl - here's an EXCLUSIVE sneak preview! https://t.co/CQDzI6In0O,1,0,2,partnardy,john r. buckle,358,1286,great news everybody! #Doritos is showing my #Ad sometime during the third quarter of today's #SuperBowl - here's an EXCLUSIVE sneak preview! youtu.be/UtHdKam3yRQ,3,2,2019
https://twitter.com/OpieRadio/status/1092137482114744320,2019-02-03 19:07:21+00:00,1092137482114744320,. @MIKEBOCCHETTI rejected #SuperBowl commercial.  Your loss @Doritos  Mikey will be on the #OpieRadio podcast tomorrow. https://t.co/OE4wuPqKcD https://t.co/U84xsRJ4v8,6,4,49,OpieRadio,Opie Radio podcast,204794,2366,". @MIKEBOCCHETTI rejected #SuperBowl commercial.  Your loss @Doritos 
Mikey will be on the #OpieRadio podcast tomorrow.
westwoodonepodcasts.com/pods/opie-radi… https://t.co/U84xsRJ4v8",3,2,2019
https://twitter.com/WIRoBooks/status/1092135399852572673,2019-02-03 18:59:04+00:00,1092135399852572673,You'll find us and our books by the Doritos... #SuperBowl https://t.co/m92u4K8qDe,2,0,3,WIRoBooks,Washington Independent Review of Books,4392,1511,You'll find us and our books by the Doritos... #SuperBowl https://t.co/m92u4K8qDe,3,2,2019
https://twitter.com/aaronkaiser/status/1092130861690941440,2019-02-03 18:41:02+00:00,1092130861690941440,"It’s #SuperBowl Sunday. 10 years ago, I produced this top 5 finalist commercial for @Doritos that didn’t win, but aired nationally. Man, time flies. Someone pass me a bag of cool ranch. https://t.co/fPg6hCqU5e",1,0,1,aaronkaiser,Aaron Matthew Kaiser,1596,1062,"It’s #SuperBowl Sunday. 10 years ago, I produced this top 5 finalist commercial for @Doritos that didn’t win, but aired nationally. Man, time flies. Someone pass me a bag of cool ranch. youtu.be/7MqirvI3m8w",3,2,2019
https://twitter.com/GreggWGME/status/1092120259467853824,2019-02-03 17:58:55+00:00,1092120259467853824,Yeah but can he predict the next Doritos ad before it happens?  😂 #SuperBowl https://t.co/SR5RSBVNTU,4,0,4,GreggWGME,Gregg Lagerquist,4157,2214,"Yeah but can he predict the next Doritos ad before it happens?

😂 #SuperBowl twitter.com/SportsCenter/s…",3,2,2019
https://twitter.com/Dr3nee1982/status/1092110274746707968,2019-02-03 17:19:14+00:00,1092110274746707968,@DavidPingalore @SuperBowl I hope you didn’t get in trouble! And now I want Doritos.,1,0,2,Dr3nee1982,D Nice,241,506,@DavidPingalore @SuperBowl I hope you didn’t get in trouble! And now I want Doritos.,3,2,2019
https://twitter.com/Mix1041/status/1092110215384911872,2019-02-03 17:19:00+00:00,1092110215384911872,Now it's hot! 🔥  Watch @chancetherapper make it hot with the @backstreetboys for @Doritos #SuperBowl ad 👇 https://t.co/DzhsRi8cEZ,9,0,99,Mix1041,Mix 104.1,13908,3398,"Now it's hot! 🔥

Watch @chancetherapper make it hot with the @backstreetboys for @Doritos #SuperBowl ad 👇
mix1041.radio.com/blogs/michael-…",3,2,2019
https://twitter.com/_Nick_Nation_/status/1092107421575774211,2019-02-03 17:07:54+00:00,1092107421575774211,The #Patriots and #Rams? We'll be watching the #SuperBowl for one ad particularly 😉  #SuperBowlSunday... Now It's Hot.  #BSBDNA #Doritos #BackstreetBoys #NowItsHot #nickcarter #ChanceTheRapper https://t.co/AcEqMH2Wu9,6,1,53,_Nick_Nation_,Nick Nation,10781,1431,"The #Patriots and #Rams? We'll be watching the #SuperBowl for one ad particularly 😉

#SuperBowlSunday... Now It's Hot.

#BSBDNA #Doritos #BackstreetBoys #NowItsHot #nickcarter #ChanceTheRapper https://t.co/AcEqMH2Wu9",3,2,2019
https://twitter.com/WHOTheBckstreet/status/1092106766521905152,2019-02-03 17:05:18+00:00,1092106766521905152,#SuperBowlSunday   🔥 NOW. IT'S. HOT. 🔥  Thanks to the @backstreetboys + @chancetherapper collab for @Doritos! We can't wait to catch the ad spot during the game 🏈 #SuperBowl https://t.co/Me1Bx2FKgo,25,1,176,WHOTheBckstreet,What Happens On The Backstreet,17125,2509,"#SuperBowlSunday 

🔥 NOW. IT'S. HOT. 🔥

Thanks to the @backstreetboys + @chancetherapper collab for @Doritos! We can't wait to catch the ad spot during the game 🏈 #SuperBowl https://t.co/Me1Bx2FKgo",3,2,2019
https://twitter.com/chelles_world/status/1092103423728730114,2019-02-03 16:52:01+00:00,1092103423728730114,The ONLY thing I an excited about @backstreetboys @Doritos #NowThatsHot #SuperBowl #SBLIII #AD #Doritos https://t.co/9JyziqBXAL,1,0,5,chelles_world,Chelle M Rappleyea,1660,4907,The ONLY thing I an excited about @backstreetboys @Doritos #NowThatsHot #SuperBowl #SBLIII #AD #Doritos https://t.co/9JyziqBXAL,3,2,2019
https://twitter.com/dcc_nyc/status/1092093601155289090,2019-02-03 16:12:59+00:00,1092093601155289090,It’s Super Bowl Sunday! Rams vs Patriots but what we really want to know is if you’re rooting for @Doritos or @mmschocolate  #commercials #SuperBowl #rams #patriots https://t.co/kPmViLrnLW,1,1,2,dcc_nyc,dcc nyc,293,548,It’s Super Bowl Sunday! Rams vs Patriots but what we really want to know is if you’re rooting for @Doritos or @mmschocolate  #commercials #SuperBowl #rams #patriots https://t.co/kPmViLrnLW,3,2,2019
https://twitter.com/NarcRuffalo/status/1092090865131098112,2019-02-03 16:02:06+00:00,1092090865131098112,"#SuperBowl ad predictions:  - Some horses will pull beer, even though it's 2019  - A company is going to make the lowest effort political statement and people will lose their shit.  - A baby will have to diffuse the Israel/Palestine conflict with Doritos.",1,0,2,NarcRuffalo,Dad?,151,324,"#SuperBowl ad predictions:

- Some horses will pull beer, even though it's 2019

- A company is going to make the lowest effort political statement and people will lose their shit.

- A baby will have to diffuse the Israel/Palestine conflict with Doritos.",3,2,2019
https://twitter.com/starcrescendo/status/1092081436704862213,2019-02-03 15:24:39+00:00,1092081436704862213,I hope everyone is ready for the #SuperBowl. @POPPKELL will be enjoying her #SuperBowlSunday with a big ol' bag of Doritos and all her favorite friends from under the sea. Drink Responsibly and Enjoy! https://t.co/0wQBcTBiDn,1,1,12,starcrescendo,Christopher Martone: Dying of COVID,151,362,I hope everyone is ready for the #SuperBowl. @POPPKELL will be enjoying her #SuperBowlSunday with a big ol' bag of Doritos and all her favorite friends from under the sea. Drink Responsibly and Enjoy! https://t.co/0wQBcTBiDn,3,2,2019
https://twitter.com/20twentyfilms/status/1092046561541017600,2019-02-03 13:06:04+00:00,1092046561541017600,Still my favourite Super Bowl advert of recent years!🏈 https://t.co/3yEmFsOK14 #doritos #SuperBowlAds #videos #engaging #SuperBowl #SuperBowl53,1,0,2,20twentyfilms,twenty twenty films,3464,4848,Still my favourite Super Bowl advert of recent years!🏈 youtu.be/DoM6IhfY8No #doritos #SuperBowlAds #videos #engaging #SuperBowl #SuperBowl53,3,2,2019
https://twitter.com/Curt_Hills/status/1092034469626818560,2019-02-03 12:18:01+00:00,1092034469626818560,"ONE NIGHT a year tweeting about what you’re experiencing in the moment makes sense to maybe half of your followers.  #SuperBowl   So fire up: Bad call Wow, just wow Craving Doritos now Never thought I’d see that Got Gronked  Even St. Louis liked that play Maroon Five gets 3.5",2,0,3,Curt_Hills,Curt Hills,267,240,"ONE NIGHT a year tweeting about what you’re experiencing in the moment makes sense to maybe half of your followers. 
#SuperBowl 

So fire up:
Bad call
Wow, just wow
Craving Doritos now
Never thought I’d see that
Got Gronked 
Even St. Louis liked that play
Maroon Five gets 3.5",3,2,2019
https://twitter.com/brian_littrell/status/1091930688851304448,2019-02-03 05:25:37+00:00,1091930688851304448,Busted.... #backstreetboys #doritos #doritosflaminhot #superbowl https://t.co/WtYxzRRtiE,136,55,1125,brian_littrell,Brian Littrell,448618,98,Busted.... #backstreetboys #doritos #doritosflaminhot #superbowl instagram.com/p/BtaGKz4FUhz/…,3,2,2019
