url,Datetime,Tweet Id,Text,Retweet Count,Reply Count,Like Count,Username,Display Name,Followers Count,Friends Count,Rendered Content,Day,Month,Year
https://twitter.com/NewzProducer/status/1092522960504741889,2019-02-04 20:39:06+00:00,1092522960504741889,"Amazon's #SuperBowl ad shows off all the Alexa products that haven't worked out, and annoy #HanSolo. Wonder what would have happened if they had an alexa collar for jackie the famous mgm lion? https://t.co/Ra8WTA0FNo  @FamilyPrideBook https://t.co/YXIQSKtZr8",6,0,3,NewzProducer,Derik Lattig,1030,1935,"Amazon's #SuperBowl ad shows off all the Alexa products that haven't worked out, and annoy #HanSolo. Wonder what would have happened if they had an alexa collar for jackie the famous mgm lion? cnet.co/2Tm7v4Z  @FamilyPrideBook https://t.co/YXIQSKtZr8",4,2,2019
https://twitter.com/Deggans/status/1092492865412964352,2019-02-04 18:39:31+00:00,1092492865412964352,"If u missed: My take for @NPR on the #SuperBowl commercials, which were mostly too safe, too unfunny and too awkward (except for Harrison Ford yelling at his dog for Amazon Alexa). Enjoy! https://t.co/OvStR5148y",2,0,9,Deggans,Eric Deggans at NPR,40475,6796,"If u missed: My take for @NPR on the #SuperBowl commercials, which were mostly too safe, too unfunny and too awkward (except for Harrison Ford yelling at his dog for Amazon Alexa). Enjoy! npr.org/2019/02/04/690…",4,2,2019
https://twitter.com/tooso_ai/status/1092473866528739328,2019-02-04 17:24:01+00:00,1092473866528739328,"Amazon has been adding Alexa tech to many things, but in this new #SuperBowl ad we see that some products don't make the cut. To learn more about Alexa fails and interesting #NLP stories, check out our latest piece in @TDataScience https://t.co/pDqQT4cUuu https://t.co/mHbYmzX7m4",1,0,4,tooso_ai,Tooso,445,855,"Amazon has been adding Alexa tech to many things, but in this new #SuperBowl ad we see that some products don't make the cut. To learn more about Alexa fails and interesting #NLP stories, check out our latest piece in @TDataScience buff.ly/2UErGv4 buff.ly/2WuKdf8",4,2,2019
https://twitter.com/GlenGilmore/status/1092458308370341888,2019-02-04 16:22:12+00:00,1092458308370341888,"Feared or Celebrated, Amazon #Alexa Is Star 🌟 of #SuperBowl Ads  https://t.co/hQA1rcUXCF #VoiceFirst #superbowl #tech #smarthomes #MWC19   https://t.co/keNKpMSb7I",2,1,4,GlenGilmore,Glen Gilmore | 🌻🥽Metaverse 🕳🐇,289000,40004,"Feared or Celebrated, Amazon #Alexa Is Star 🌟 of #SuperBowl Ads

bloomberg.com/news/articles/… #VoiceFirst #superbowl #tech #smarthomes #MWC19   https://t.co/keNKpMSb7I",4,2,2019
https://twitter.com/AmazonOmy/status/1092450593338093568,2019-02-04 15:51:32+00:00,1092450593338093568,Amazon pokes fun at itself in #Alexa enabled #SuperBowl ads: https://t.co/CJ5viOQH8r,2,0,0,AmazonOmy,∆M∆Z0N0M¥,7309,6837,Amazon pokes fun at itself in #Alexa enabled #SuperBowl ads: tvguide.com/news/harrison-…,4,2,2019
https://twitter.com/PopSci/status/1092446803369316353,2019-02-04 15:36:29+00:00,1092446803369316353,Why didn't the Alexa in your house wake during Amazon's #SuperBowl ad? https://t.co/g6Y4jZPXHW https://t.co/d1z646OORa,5,2,8,PopSci,Popular Science,1463881,1449,Why didn't the Alexa in your house wake during Amazon's #SuperBowl ad? pops.ci/alexaprint https://t.co/d1z646OORa,4,2,2019
https://twitter.com/voicetocommand/status/1092438654696472578,2019-02-04 15:04:06+00:00,1092438654696472578,"Here’s why Amazon’s Super Bowl ad won’t trigger Alexa, the company adds a fingerprint of the audio, which is stored on-device. #VoiceFirst #Amazon #SuperBowl #Alexa https://t.co/3eubyZj7D8",1,0,0,voicetocommand,voicetocommand,429,128,"Here’s why Amazon’s Super Bowl ad won’t trigger Alexa, the company adds a fingerprint of the audio, which is stored on-device. #VoiceFirst #Amazon #SuperBowl #Alexa techcrunch.com/2019/01/31/her…",4,2,2019
https://twitter.com/TommySledge/status/1092432003520229377,2019-02-04 14:37:40+00:00,1092432003520229377,THE BEST AND WORSE #SuperBowl COMMERCIALS per #AdMeter  BEST 1. NFL 2. Amazon Alexa 3. Microsoft 4. Hyundai 5. Verizon     WORST: 1. Burger King 2. Wix 3. TurboTax 4. Turkish Airlines 5. Persil ProClean,9,14,56,TommySledge,T̷R̷O̷Y̷ ̷H̷U̷G̷H̷E̷S̷,27966,491,"THE BEST AND WORSE #SuperBowl COMMERCIALS per #AdMeter

BEST
1. NFL
2. Amazon Alexa
3. Microsoft
4. Hyundai
5. Verizon
   
WORST:
1. Burger King
2. Wix
3. TurboTax
4. Turkish Airlines
5. Persil ProClean",4,2,2019
https://twitter.com/ClayDECA/status/1092431754307223552,2019-02-04 14:36:41+00:00,1092431754307223552,Sr marketing students analyzed &amp; discussed 25 of this year’s #superbowl ads. Here’s their Top Five:  1 - @NFL 100 Years 2 - @Doritos BSB &amp; Chance Collaboration 3 - @amazon Alexa Failed Products 4 - @PepsiCo Is Pepsi okay? 5 - @verizon First Responders  #SBDECA #CHSEaglePride #OH https://t.co/6sK9Kzdtgd,2,0,8,ClayDECA,Clay DECA,333,144,"Sr marketing students analyzed &amp; discussed 25 of this year’s #superbowl ads. Here’s their Top Five:

1 - @NFL 100 Years
2 - @Doritos BSB &amp; Chance Collaboration
3 - @amazon Alexa Failed Products
4 - @PepsiCo Is Pepsi okay?
5 - @verizon First Responders

#SBDECA #CHSEaglePride #OH https://t.co/6sK9Kzdtgd",4,2,2019
https://twitter.com/CBSMornings/status/1092417246721273856,2019-02-04 13:39:02+00:00,1092417246721273856,"This year, tens of thousands of people rated their favorite #SuperBowl commercials on @USAToday's Ad Meter.  Top-rated commercials: 3⃣ We All Win: @Microsoft 2⃣ Not Everything Makes the Cut: @Amazon Alexa 1⃣ The 100-Year Game: @NFL   @charissejones explains: https://t.co/w7v3y4R3is",6,5,17,CBSMornings,CBS Mornings,485369,2109,"This year, tens of thousands of people rated their favorite #SuperBowl commercials on @USAToday's Ad Meter.

Top-rated commercials:
3⃣ We All Win: @Microsoft
2⃣ Not Everything Makes the Cut: @Amazon Alexa
1⃣ The 100-Year Game: @NFL 

@charissejones explains: https://t.co/w7v3y4R3is",4,2,2019
https://twitter.com/BrandiKHOU/status/1092390040540463105,2019-02-04 11:50:55+00:00,1092390040540463105,"In the No. 5 spot on our #commercialcountdown, @Amazon's ""Not Everything Makes the Cut"": https://t.co/9PGesZWHSM #SBLIII #SuperBowlAds #SuperBowl #Amazon #Alexa",1,1,1,BrandiKHOU,BrandiKHOU,14473,1757,"In the No. 5 spot on our #commercialcountdown, @Amazon's ""Not Everything Makes the Cut"":
bit.ly/2SrNSev
#SBLIII #SuperBowlAds #SuperBowl #Amazon #Alexa",4,2,2019
https://twitter.com/ComicBook/status/1092331425095917568,2019-02-04 07:58:00+00:00,1092331425095917568,Harrison Ford appears in Amazon Alexa #SuperBowl commercial.  https://t.co/CpDjXrQrFy https://t.co/Kln52kpsD8,3,0,11,ComicBook,ComicBook.com,322484,626,"Harrison Ford appears in Amazon Alexa #SuperBowl commercial. 
comicbook.com/starwars/2019/… https://t.co/Kln52kpsD8",4,2,2019
https://twitter.com/USATODAY/status/1092272284553756673,2019-02-04 04:03:00+00:00,1092272284553756673,"Amazon is adding it's Alexa technology to a lot of things, but in it's new #SuperBowl ad we see that some products don't make the cut. Vote for your favorite commercial before 1 a.m. ET at https://t.co/awqkk8aidZ #AdMeter https://t.co/CunWcywFg8",24,5,75,USATODAY,USA TODAY,4731813,914,"Amazon is adding it's Alexa technology to a lot of things, but in it's new #SuperBowl ad we see that some products don't make the cut. Vote for your favorite commercial before 1 a.m. ET at admeter.usatoday.com #AdMeter https://t.co/CunWcywFg8",4,2,2019
https://twitter.com/NYDailyNews/status/1092271753122992130,2019-02-04 04:00:54+00:00,1092271753122992130,"Alexa gets funny in star-studded Amazon Super Bowl commercial  Forest Whitaker, Harrison Ford, 'Broad City' stars Ilana Glazer and Abbi Jacobson and NASA twins Scott and Mark Kelly in one of the funnier Super Bowl ads.   #SuperBowl  https://t.co/1V34CnvefE",4,1,9,NYDailyNews,New York Daily News,817401,782,"Alexa gets funny in star-studded Amazon Super Bowl commercial

Forest Whitaker, Harrison Ford, 'Broad City' stars Ilana Glazer and Abbi Jacobson and NASA twins Scott and Mark Kelly in one of the funnier Super Bowl ads.   #SuperBowl

nydailynews.com/entertainment/…",4,2,2019
https://twitter.com/idnac4u/status/1092265831189360640,2019-02-04 03:37:22+00:00,1092265831189360640,My favorite commercial was the Amazon Alexa one with the dog ordering his own food. ❤️❤️Harrison Ford!   #SuperBowlAds  #SuperBowl,1,1,9,idnac4u,Shopgirl 🇺🇸🗣☮️,5775,4438,"My favorite commercial was the Amazon Alexa one with the dog ordering his own food. ❤️❤️Harrison Ford! 

#SuperBowlAds 
#SuperBowl",4,2,2019
https://twitter.com/JacuzziOfficial/status/1092264073192849408,2019-02-04 03:30:22+00:00,1092264073192849408,Hey @amazonecho and @amazon the @jacuzziofficial hot tub actually works with Alexa #Superbowl #superbowlad #smarttub,5,3,12,JacuzziOfficial,JacuzziOfficial,2053,39,Hey @amazonecho and @amazon the @jacuzziofficial hot tub actually works with Alexa #Superbowl #superbowlad #smarttub,4,2,2019
https://twitter.com/BridgetteWest/status/1092260569015566342,2019-02-04 03:16:27+00:00,1092260569015566342,My favorite commercial was the @amazon Alexa 😂😂😂💖💖 THAT WAS SO CUTE!!! #SuperBowl #SuperBowlAds https://t.co/JPATLfLMpq,29,21,220,BridgetteWest,Bridgette West,211538,454,My favorite commercial was the @amazon Alexa 😂😂😂💖💖 THAT WAS SO CUTE!!! #SuperBowl #SuperBowlAds youtu.be/8y-1h_C8ad8,4,2,2019
https://twitter.com/krisses0407/status/1092259815999578112,2019-02-04 03:13:27+00:00,1092259815999578112,I have to say best #SuperBowl commercial is the @amazon Alexa dog collar 😂🐶🐕 #,1,2,4,krisses0407,Kristina,96,729,I have to say best #SuperBowl commercial is the @amazon Alexa dog collar 😂🐶🐕 #,4,2,2019
https://twitter.com/ispottv/status/1092253634778226688,2019-02-04 02:48:54+00:00,1092253634778226688,"Not everything makes the cut-- @amazon showcases how many Alexa-enabled ideas just didn't work out. (feat. Harrison Ford, Forest Whitaker and @broadcity's @ilazer @abbijacobson) Watch the #SuperBowl again now on #iSpotTV: https://t.co/u6EmvT5xjq",2,0,3,ispottv,iSpot.tv,4176,2878,"Not everything makes the cut-- @amazon showcases how many Alexa-enabled ideas just didn't work out. (feat. Harrison Ford, Forest Whitaker and @broadcity's @ilazer @abbijacobson)
Watch the #SuperBowl again now on #iSpotTV:
ispot.tv/ad/IS6g/amazon…",4,2,2019
https://twitter.com/BamaStephen/status/1092252412017033217,2019-02-04 02:44:02+00:00,1092252412017033217,@Texas4Rubio #Amazon ad was one of the best of the night!   #Alexa #AdMeter #SuperBowl,1,0,3,BamaStephen,Stephen Simpson 🇺🇦 ProperGander 🌻,8944,8196,"@Texas4Rubio #Amazon ad was one of the best of the night! 

#Alexa #AdMeter #SuperBowl",4,2,2019
https://twitter.com/kungfuchenny/status/1092251937985183745,2019-02-04 02:42:09+00:00,1092251937985183745,"""Hey Alexa, turn America on and off again"" - #Amazon Superbowl Ad https://t.co/zqjqW532hw",1,0,0,kungfuchenny,chenthony duantano,56,120,"""Hey Alexa, turn America on and off again"" - #Amazon Superbowl Ad https://t.co/zqjqW532hw",4,2,2019
https://twitter.com/RobByers1/status/1092251589627314176,2019-02-04 02:40:46+00:00,1092251589627314176,You guys! That was @CriminalShow’s   @PhoebeVJudge in that hilarious @amazon #alexa ad! Watch it again here: https://t.co/2s82CeljFI and subscribe https://t.co/3YundCXgZN #SuperBowl #Podcast,6,1,39,RobByers1,Rob Byers,4236,2972,You guys! That was @CriminalShow’s   @PhoebeVJudge in that hilarious @amazon #alexa ad! Watch it again here: youtu.be/8y-1h_C8ad8 and subscribe thisiscriminal.org #SuperBowl #Podcast,4,2,2019
https://twitter.com/HillsboroughFL/status/1092251527891308544,2019-02-04 02:40:31+00:00,1092251527891308544,"While your @amazon Alexa-enables device may not buy endless dog food, turn your hot tub into the Bellagio, or play your podcast while you brush... It can keep you updated on all things Hillsborough County! 🤣  Just add Hillsborough County news to your flash briefing! #SuperBowl https://t.co/kWwyIz9asj",1,1,8,HillsboroughFL,#BoltsBorough ⚡️,86888,874,"While your @amazon Alexa-enables device may not buy endless dog food, turn your hot tub into the Bellagio, or play your podcast while you brush...
It can keep you updated on all things Hillsborough County! 🤣

Just add Hillsborough County news to your flash briefing! #SuperBowl https://t.co/kWwyIz9asj",4,2,2019
https://twitter.com/KellyABlanton/status/1092251269513859074,2019-02-04 02:39:30+00:00,1092251269513859074,Amazon Alexa ad with Harrison Ford and his dog...and the crazy hot tub was great! #SuperBowlAds #SuperBowl @blantonious,1,0,4,KellyABlanton,Kelly Blanton,2139,3225,Amazon Alexa ad with Harrison Ford and his dog...and the crazy hot tub was great! #SuperBowlAds #SuperBowl @blantonious,4,2,2019
https://twitter.com/davemerrill89/status/1092251025157763072,2019-02-04 02:38:32+00:00,1092251025157763072,"Ok @Amazon, you just entered the top 5. Updated #SuperBowl commercial rankings: 1. @budlight Corn Starch 2. @amazon Alexa dog collar/hot tub 3. @mmschocolate Candy Bar 4. @WeatherTech  pet care 5. @verizon first responders",1,2,4,davemerrill89,David Merrill,449,710,"Ok @Amazon, you just entered the top 5. Updated #SuperBowl commercial rankings:
1. @budlight Corn Starch
2. @amazon Alexa dog collar/hot tub
3. @mmschocolate Candy Bar
4. @WeatherTech  pet care
5. @verizon first responders",4,2,2019
https://twitter.com/NewAgeMarketer/status/1092250871335976960,2019-02-04 02:37:55+00:00,1092250871335976960,"Best #Superbowl commercial goes to #Amazon hands down. Showing off the new Alexa microwave, and making fun of all their R&amp;D failures. It was on point! Oh, and multiple famous people appear including Harrison Ford. https://t.co/5LZ0TUb8l0",1,1,2,NewAgeMarketer,"Steven Pope, MBA",506,359,"Best #Superbowl commercial goes to #Amazon hands down. Showing off the new Alexa microwave, and making fun of all their R&amp;D failures. It was on point! Oh, and multiple famous people appear including Harrison Ford. lnkd.in/epcnwz9",4,2,2019
https://twitter.com/ClioAwards/status/1092250825051783168,2019-02-04 02:37:44+00:00,1092250825051783168,"#Alexa is everywhere, but not everything makes the cut in @amazon's #SuperBowl spot from @LuckyGenerals and D1. #SuperClio https://t.co/kIAls4j0DL",1,0,7,ClioAwards,Clio Awards,43605,11500,"#Alexa is everywhere, but not everything makes the cut in @amazon's #SuperBowl spot from @LuckyGenerals and D1. #SuperClio youtube.com/watch?v=8y-1h_…",4,2,2019
https://twitter.com/rexthetvterrier/status/1092250818403815430,2019-02-04 02:37:42+00:00,1092250818403815430,Finally!  A touch down.  But the Amazon commercial was better.  I want one of those Alexa collars #SuperBowl https://t.co/LWxPbhfXVk,6,7,111,rexthetvterrier,Rex the TV Terrier ™,31311,897,Finally!  A touch down.  But the Amazon commercial was better.  I want one of those Alexa collars #SuperBowl https://t.co/LWxPbhfXVk,4,2,2019
https://twitter.com/GSDAdvisory/status/1092250629152669697,2019-02-04 02:36:57+00:00,1092250629152669697,The @amazon #Alexa ad has excellent celeb cameos yet emphasizes everything we are scared of from the blue circle.   #SuperBowl #SuperBowlLIII #SuperBowlAds #SuperBowlCommercials,2,0,1,GSDAdvisory,GSDAdvisory,179,451,The @amazon #Alexa ad has excellent celeb cameos yet emphasizes everything we are scared of from the blue circle.   #SuperBowl #SuperBowlLIII #SuperBowlAds #SuperBowlCommercials,4,2,2019
https://twitter.com/SmartHomeLaura/status/1092250592293064704,2019-02-04 02:36:48+00:00,1092250592293064704,"I liked that @amazon #Alexa #SuperBowl ad, @tkpleslie @RMD_Designs, but nothing has topped #beetloaf yet.",1,1,1,SmartHomeLaura,Laura Van Zeyl,1916,2135,"I liked that @amazon #Alexa #SuperBowl ad, @tkpleslie @RMD_Designs, but nothing has topped #beetloaf yet.",4,2,2019
https://twitter.com/BethHoller/status/1092250482695983109,2019-02-04 02:36:22+00:00,1092250482695983109,Amazon/Amazon Alexa commercial was easily more exciting than this game. They really made the most of their Super Bowl slot. #SuperBowl,1,0,3,BethHoller,Beth,2512,2401,"Amazon/Amazon Alexa commercial was easily more exciting than this game. They really made the most of their Super Bowl slot.
#SuperBowl",4,2,2019
https://twitter.com/MusebyClio/status/1092250463641264128,2019-02-04 02:36:18+00:00,1092250463641264128,"Fun @amazon spot with Alexa embedded in everything (even if it wasn't quite as good as last year's ad). Thankfully, the big tech companies never actually get anything wrong in real life, though, right? #SuperClio #SuperBowl https://t.co/c4P7XDXahS",5,0,14,MusebyClio,Muse by Clio,7442,1019,"Fun @amazon spot with Alexa embedded in everything (even if it wasn't quite as good as last year's ad). Thankfully, the big tech companies never actually get anything wrong in real life, though, right? #SuperClio #SuperBowl https://t.co/c4P7XDXahS",4,2,2019
https://twitter.com/CBSMornings/status/1092250446935322624,2019-02-04 02:36:14+00:00,1092250446935322624,Did that Amazon Alexa #SuperBowl ad inspire you to buy the device or just highlight your fears about smart devices? - @jpoggi,2,12,30,CBSMornings,CBS Mornings,485369,2109,Did that Amazon Alexa #SuperBowl ad inspire you to buy the device or just highlight your fears about smart devices? - @jpoggi,4,2,2019
https://twitter.com/sabelharris/status/1092250405952720897,2019-02-04 02:36:04+00:00,1092250405952720897,I’m here for that @amazon Alexa commercial because I’m certain my dog would act the exact same way. #SuperBowl,1,0,0,sabelharris,Sabel Harris 🇺🇦,5626,2034,I’m here for that @amazon Alexa commercial because I’m certain my dog would act the exact same way. #SuperBowl,4,2,2019
https://twitter.com/redditCBB/status/1092250397140504576,2019-02-04 02:36:02+00:00,1092250397140504576,"Hey @Alexa, order more points for this #SuperBowl @amazon",13,0,64,redditCBB,/r/CollegeBasketball,28758,730,"Hey @Alexa, order more points for this #SuperBowl @amazon",4,2,2019
https://twitter.com/RickGualtieri/status/1092250263463837701,2019-02-04 02:35:30+00:00,1092250263463837701,"Alexa, tell Amazon that ad was funny  #SuperBowl",2,1,13,RickGualtieri,Rick Gualtieri,10184,7079,"Alexa, tell Amazon that ad was funny  #SuperBowl",4,2,2019
https://twitter.com/JeremyR1992/status/1092250180433444865,2019-02-04 02:35:10+00:00,1092250180433444865,"Alexa, why is #Scamazon a bad deal for NYC?  1) Amazon is anti-union: this is Union city.  2) Amazon works with ICE: Queens' immigrants are nearly half our population.   3) There were no talks of community investment: until we pushed back. —courtesy of @PrimedOutNYC   #SuperBowl",7,0,12,JeremyR1992,Jeremy Rosenberg,3065,1932,"Alexa, why is #Scamazon a bad deal for NYC?

1) Amazon is anti-union: this is Union city. 
2) Amazon works with ICE: Queens' immigrants are nearly half our population.  
3) There were no talks of community investment: until we pushed back.
—courtesy of @PrimedOutNYC 

#SuperBowl",4,2,2019
https://twitter.com/adage/status/1092250148355358721,2019-02-04 02:35:03+00:00,1092250148355358721,"Amazon’s Alexa #SuperBowl ad is supposed to be promoting the device, but really it seems to just emphasize the fears people already have about Alexa and its capabilities.",119,15,683,adage,Ad Age,1001959,73298,"Amazon’s Alexa #SuperBowl ad is supposed to be promoting the device, but really it seems to just emphasize the fears people already have about Alexa and its capabilities.",4,2,2019
https://twitter.com/ComicBook/status/1092235777264812033,2019-02-04 01:37:56+00:00,1092235777264812033,Harrison Ford appears in Amazon Alexa #SuperBowl commercial.  https://t.co/CpDjXrQrFy https://t.co/WY9U4atvUw,8,0,23,ComicBook,ComicBook.com,322484,626,"Harrison Ford appears in Amazon Alexa #SuperBowl commercial. 
comicbook.com/starwars/2019/… https://t.co/WY9U4atvUw",4,2,2019
https://twitter.com/promentheus1/status/1092214040711983105,2019-02-04 00:11:34+00:00,1092214040711983105,"@ABC10 #SuperBowl BEST ❤️commercial Amazon “Alexa Fails”... I’m Voting Twice .. Is That Ok ??  🤗🤗🤗 I’ll probably vote ten more times during the Game ... Harrison Fords Dog 🐶‼️‼️ Dog Collar Alexa 🤗‼️‼️Ordering Gravy, Ordering Sausage",1,0,3,promentheus1,Jeannette Letherby,558,3,"@ABC10 #SuperBowl BEST ❤️commercial Amazon “Alexa Fails”... I’m Voting Twice .. Is That Ok ??  🤗🤗🤗 I’ll probably vote ten more times during the Game ... Harrison Fords Dog 🐶‼️‼️ Dog Collar Alexa 🤗‼️‼️Ordering Gravy, Ordering Sausage",4,2,2019
https://twitter.com/Reviewtz/status/1092204272245194752,2019-02-03 23:32:45+00:00,1092204272245194752,"It seems artificial intelligence will be the new celebrity with SimpliSafe, Michelob Ultra, TurboTax, Pringles, Sprint and of course Amazon’s Alexa, all including or mentioning robots or smart devices in #SuperBowl ads",1,0,0,Reviewtz,Review,222,139,"It seems artificial intelligence will be the new celebrity with SimpliSafe, Michelob Ultra, TurboTax, Pringles, Sprint and of course Amazon’s Alexa, all including or mentioning robots or smart devices in #SuperBowl ads",3,2,2019
https://twitter.com/CBSMornings/status/1092204142427283456,2019-02-03 23:32:14+00:00,1092204142427283456,"AI will be all over tonight's #SuperBowl ads with SimpliSafe, Michelob Ultra, TurboTax, Pringles, Sprint and of course Amazon’s Alexa, all including or mentioning robots or smart devices in their commercials. - @jpoggi",2,1,4,CBSMornings,CBS Mornings,485369,2109,"AI will be all over tonight's #SuperBowl ads with SimpliSafe, Michelob Ultra, TurboTax, Pringles, Sprint and of course Amazon’s Alexa, all including or mentioning robots or smart devices in their commercials. - @jpoggi",3,2,2019
https://twitter.com/adage/status/1092203694832136197,2019-02-03 23:30:27+00:00,1092203694832136197,"It seems artificial intelligence will be the new celebrity with SimpliSafe, Michelob Ultra, TurboTax, Pringles, Sprint and of course Amazon’s Alexa, all including or mentioning robots or smart devices in #SuperBowl ads",20,0,23,adage,Ad Age,1001959,73298,"It seems artificial intelligence will be the new celebrity with SimpliSafe, Michelob Ultra, TurboTax, Pringles, Sprint and of course Amazon’s Alexa, all including or mentioning robots or smart devices in #SuperBowl ads",3,2,2019
https://twitter.com/adtothebone/status/1092171961411780610,2019-02-03 21:24:21+00:00,1092171961411780610,"In the middle of Amazon’s Super Bowl spot, the special Bezos whistle that caused all Alexa devices around the world to explode will be talked about for years. #superbowl #sbads #sbliii #sbadpredictions",2,0,1,adtothebone,Clayton Hove,5586,5678,"In the middle of Amazon’s Super Bowl spot, the special Bezos whistle that caused all Alexa devices around the world to explode will be talked about for years. #superbowl #sbads #sbliii #sbadpredictions",3,2,2019
https://twitter.com/Campaignmag/status/1092101669310078976,2019-02-03 16:45:02+00:00,1092101669310078976,Celebs foiled by spoof Alexa gadgets in @amazon's #SuperBowl blockbuster by @LuckyGenerals: https://t.co/8SFf3qCjuh https://t.co/zQdMfoaoIe,1,0,3,Campaignmag,Campaign,221563,4130,Celebs foiled by spoof Alexa gadgets in @amazon's #SuperBowl blockbuster by @LuckyGenerals: buff.ly/2S1ALRH https://t.co/zQdMfoaoIe,3,2,2019
https://twitter.com/markbealpr/status/1092087016425177090,2019-02-03 15:46:49+00:00,1092087016425177090,"Once again, @USATODAY invites #SuperBowl viewers to vote in their annual #AdMeter and view all the #commercials that have been released prior to the big game. Will #Amazon #Alexa defend its 2018 Super Bowl #advertising victory?  https://t.co/SgWJacB37f",1,0,0,markbealpr,Mark Beal,1735,2736,"Once again, @USATODAY invites #SuperBowl viewers to vote in their annual #AdMeter and view all the #commercials that have been released prior to the big game. Will #Amazon #Alexa defend its 2018 Super Bowl #advertising victory? 
usatoday.com/story/sports/A…",3,2,2019
https://twitter.com/voiceoftinychef/status/1092082790290595841,2019-02-03 15:30:01+00:00,1092082790290595841,It's #SuperBowlSunday! Don't miss a minute of the action. Just open #KloveChef and get all your snacks ready for #GameTime! #klovechef #cookwithklovechef #voicefirst #futureofcooking #cooking #baking #alexa #googlehome #amazonalexa #ai #food #future #superbowl #football https://t.co/LmjgwMl41x,1,0,2,voiceoftinychef,tinychef,230,229,"It's #SuperBowlSunday! Don't miss a minute of the action. Just open #KloveChef and get all your snacks ready for #GameTime!
#klovechef #cookwithklovechef #voicefirst #futureofcooking #cooking #baking #alexa #googlehome #amazonalexa #ai #food #future #superbowl #football https://t.co/LmjgwMl41x",3,2,2019
https://twitter.com/cardenosa/status/1092016795794452482,2019-02-03 11:07:47+00:00,1092016795794452482,Amazon ad laughing at alexa... In the #SuperBowl one of my favourites. #Ads https://t.co/Q8hz8BIgGP,2,0,9,cardenosa,Miguel Rodríguez Cardeñosa,609,911,Amazon ad laughing at alexa... In the #SuperBowl one of my favourites. #Ads https://t.co/Q8hz8BIgGP,3,2,2019
