url,Datetime,Tweet Id,Text,Retweet Count,Reply Count,Like Count,Username,Display Name,Followers Count,Friends Count,Rendered Content,Day,Month,Year
https://twitter.com/glennrstevens/status/1092551883791699970,2019-02-04 22:34:02+00:00,1092551883791699970,"Best thing about the @SuperBowl ? Connecting with ""Be so good they can't ignore you"" @_Antoinetteeeee.  RETWEET so we can get this difference maker some more followers to spread her story &amp; inspiration.  #detroitraised #toyota #superbowl https://t.co/tQpXAHHsoL",5,0,9,glennrstevens,Glenn Stevens,2723,3475,"Best thing about the @SuperBowl ?
Connecting with ""Be so good they can't ignore you"" @_Antoinetteeeee.

RETWEET so we can get this difference maker some more followers to spread her story &amp; inspiration.

#detroitraised #toyota #superbowl https://t.co/tQpXAHHsoL",4,2,2019
https://twitter.com/hollyo75/status/1092471924020645889,2019-02-04 17:16:18+00:00,1092471924020645889,@Toyota Learning about Toni Harris was the best part of this year's Superbowl; what an inspiration! ❤️,1,1,21,hollyo75,Holly,336,1139,@Toyota Learning about Toni Harris was the best part of this year's Superbowl; what an inspiration! ❤️,4,2,2019
https://twitter.com/LAeducationnews/status/1092451741096763397,2019-02-04 15:56:06+00:00,1092451741096763397,"Our own @laccd student, @_Antoinetteeeee in Toyota Superbowl adv. Awesome role model:""I have never been a fan of assumptions""  and ""be so good, that they cannot ignore you"" speaks to all women who seek to breakdown barriers and become trailblazers. https://t.co/ua7Lt67Aet",2,0,8,LAeducationnews,Fatema Baldiwala,3238,303,"Our own @laccd student, @_Antoinetteeeee in Toyota Superbowl adv. Awesome role model:""I have never been a fan of assumptions""  and ""be so good, that they cannot ignore you"" speaks to all women who seek to breakdown barriers and become trailblazers. espn.com/espnw/culture/…",4,2,2019
https://twitter.com/dicksalas1775/status/1092444220730687488,2019-02-04 15:26:13+00:00,1092444220730687488,Honestly Toyota gotta say.... bravo!!! @_Antoinetteeeee I'm gonna destroy my workout with a big help from you!!! #beastmode #SuperBowl #ToniHarris next stop #NFL https://t.co/2pZBD3RWXL,1,0,1,dicksalas1775,Dick Salas,33,234,Honestly Toyota gotta say.... bravo!!! @_Antoinetteeeee I'm gonna destroy my workout with a big help from you!!! #beastmode #SuperBowl #ToniHarris next stop #NFL twitter.com/Toyota/status/…,4,2,2019
https://twitter.com/afdhelaziz/status/1092439885850411009,2019-02-04 15:08:59+00:00,1092439885850411009,"Last nights Superbowl revealed a variety of ads that featured purpose-driven themes - here are a few standouts from @Microsoft , @Budweiser , @CocaColaCo , @Toyota , and @bumble #thepowerofpurpose #goodisthenewcool #conspiracyoflove  https://t.co/QdlIQYu39X",1,1,1,afdhelaziz,Afdhel Aziz (he/him),3485,2001,"Last nights Superbowl revealed a variety of ads that featured purpose-driven themes - here are a few standouts from @Microsoft , @Budweiser , @CocaColaCo , @Toyota , and @bumble #thepowerofpurpose #goodisthenewcool #conspiracyoflove

forbes.com/sites/afdhelaz…",4,2,2019
https://twitter.com/marviljr/status/1092352670818394112,2019-02-04 09:22:26+00:00,1092352670818394112,#Toyota #SuperBowl commercial featuring the determination of #EastLACollege player Toni Harris is a big hit. Her goal is to become the #NFL's first-ever female player. #ELAC #Elac_football #laccd #scfafootball #CCCAASports #_Antoinetteeeee https://t.co/PvvIaidr4q https://t.co/WwAgj1sW3Y,3,0,9,marviljr,Mario Villegas,311,847,"#Toyota #SuperBowl commercial featuring the determination of #EastLACollege player Toni Harris is a big hit. Her goal is to become the #NFL's first-ever female player. #ELAC #Elac_football #laccd #scfafootball #CCCAASports #_Antoinetteeeee
youtu.be/H-LRLub6m5A https://t.co/WwAgj1sW3Y",4,2,2019
https://twitter.com/tunedautomotive/status/1092347054800683008,2019-02-04 09:00:07+00:00,1092347054800683008,"Nailing the corners, hitting the apex and screaming through the curves - this is what the new GR Supra does best! Speaking of all of that, Toyota USA has dropped their Superbowl TVC with the Supra doing just... https://t.co/mk9XnfGnEe",1,0,0,tunedautomotive,Tuned Automotive,1576,1430,"Nailing the corners, hitting the apex and screaming through the curves - this is what the new GR Supra does best! Speaking of all of that, Toyota USA has dropped their Superbowl TVC with the Supra doing just... facebook.com/TunedAutomotiv…",4,2,2019
https://twitter.com/ComicBookNOW/status/1092323369217798144,2019-02-04 07:26:00+00:00,1092323369217798144,Want to see what it's like to drive around in a giant pinball machine? Check out the Toyota Supra #SuperBowl ad! https://t.co/XJIvMYO9qS https://t.co/SRz4bnT3mh,1,0,8,ComicBookNOW,ComicBook NOW!,244342,9551,Want to see what it's like to drive around in a giant pinball machine? Check out the Toyota Supra #SuperBowl ad! comicbook.com/gaming/2019/02… https://t.co/SRz4bnT3mh,4,2,2019
https://twitter.com/vampiregoddess8/status/1092319773420072960,2019-02-04 07:11:42+00:00,1092319773420072960,"@popcultureview fave #SuperBowl #commercials:  -Toyota, Wizard (new Supra) -Hulu, Handmaid's Tale S3 preview -Microsoft, We All Win -Marvel Studios, Captain Marvel -Google, 100 Billion Words (saw Walmart &amp;Pet Comfort b4)  least faves:  -Burger King, Eat Like Andy  -Mint Mobile, Chunky Style Milk",1,1,2,vampiregoddess8,A,1470,2747,"@popcultureview fave #SuperBowl #commercials: 
-Toyota, Wizard (new Supra)
-Hulu, Handmaid's Tale S3 preview
-Microsoft, We All Win
-Marvel Studios, Captain Marvel
-Google, 100 Billion Words
(saw Walmart &amp;Pet Comfort b4)

least faves: 
-Burger King, Eat Like Andy 
-Mint Mobile, Chunky Style Milk",4,2,2019
https://twitter.com/pinballpress/status/1092316500919111680,2019-02-04 06:58:42+00:00,1092316500919111680,Toyota's 2019 Super Bowl ad turns the new Supra into a pinball wiz https://t.co/74lAWQOWlE #Supra #SuperBowl #pinball https://t.co/QVrCsOENp0,3,0,2,pinballpress,Pinball Press,1784,122,"Toyota's 2019 Super Bowl ad turns the new Supra into a pinball wiz youtu.be/u1LSwcwnpo4
#Supra #SuperBowl #pinball https://t.co/QVrCsOENp0",4,2,2019
https://twitter.com/WFAfootball/status/1092275307179057153,2019-02-04 04:15:01+00:00,1092275307179057153,When millions of people learn that women play football. #YouSeeUsNow #ToniHarris   #Superbowl #toyota #biggeststage https://t.co/xwKtKlFMBU https://t.co/3DhDE8C6Mo,26,0,69,WFAfootball,Women's Pro Football,4559,404,"When millions of people learn that women play football. #YouSeeUsNow #ToniHarris 
 #Superbowl #toyota #biggeststage buff.ly/2UFq1Wi https://t.co/3DhDE8C6Mo",4,2,2019
https://twitter.com/edmunds/status/1092273459755810816,2019-02-04 04:07:40+00:00,1092273459755810816,"Automotive #SuperBowl wrap-up: The Toyota #Supra saw by far the single biggest lift for a MODEL (13,304%+++), while Audi's e-tron spot delivered the best overall BRAND lift (116%+). #BrandBowl",3,1,6,edmunds,Edmunds,109019,6440,"Automotive #SuperBowl wrap-up: The Toyota #Supra saw by far the single biggest lift for a MODEL (13,304%+++), while Audi's e-tron spot delivered the best overall BRAND lift (116%+). #BrandBowl",4,2,2019
https://twitter.com/news6wkmg/status/1092267752633630720,2019-02-04 03:45:00+00:00,1092267752633630720,"Football player Toni Harris, who is about to become one of the first women in history to play college football, is the subject of the latest Toyota ad to air during the Super Bowl. #superbowl #superbowlads https://t.co/LJmQuwUemG",1,1,2,news6wkmg,News 6 WKMG,145059,1540,"Football player Toni Harris, who is about to become one of the first women in history to play college football, is the subject of the latest Toyota ad to air during the Super Bowl. #superbowl #superbowlads clickorlando.com/inside-edition…",4,2,2019
https://twitter.com/sarbear54/status/1092262971387138048,2019-02-04 03:26:00+00:00,1092262971387138048,"The best parts of the #SuperBowl were the #MCU trailers, #NFL100 , Toyota commercial w/ @_Antoinetteeeee , &amp; the Amazon commercial w/ #HarrisonFord   #AvengersEndgame #HigherFurtherFaster #CaptainMarvel",1,0,1,sarbear54,Sarah Flores,210,2643,"The best parts of the #SuperBowl were the #MCU trailers, #NFL100 , Toyota commercial w/ @_Antoinetteeeee , &amp; the Amazon commercial w/ #HarrisonFord 

#AvengersEndgame #HigherFurtherFaster #CaptainMarvel",4,2,2019
https://twitter.com/theGrio/status/1092253500405399560,2019-02-04 02:48:22+00:00,1092253500405399560,"There’s been some #BlackGirlMagic #GirlPower too. So far, we’re counting @Toyota (@_Antoinetteeeee), @bumble (@serenawilliams) and @MichelobULTRA (@zoekravitz). #SuperBowl #SBLIII https://t.co/eR0EN12tLu",3,1,3,theGrio,theGrio.com,137025,3233,"There’s been some #BlackGirlMagic #GirlPower too. So far, we’re counting @Toyota (@_Antoinetteeeee), @bumble (@serenawilliams) and @MichelobULTRA (@zoekravitz). #SuperBowl #SBLIII twitter.com/shaquaylamims/…",4,2,2019
https://twitter.com/ComicBookNOW/status/1092242843647696896,2019-02-04 02:06:01+00:00,1092242843647696896,The new Toyota Supra #SuperBowl ad makes us wonder what it's like to drive inside a giant pinball machine. And it rocks. https://t.co/XJIvMYO9qS https://t.co/8bnFWwBGIO,7,0,29,ComicBookNOW,ComicBook NOW!,244342,9551,The new Toyota Supra #SuperBowl ad makes us wonder what it's like to drive inside a giant pinball machine. And it rocks. comicbook.com/gaming/2019/02… https://t.co/8bnFWwBGIO,4,2,2019
https://twitter.com/MarkClarkster/status/1092242614974324737,2019-02-04 02:05:06+00:00,1092242614974324737,@TerriClarkMusic @SuperBowl Loved the @NFL 💯 &amp; The @_Antoinetteeeee  @Toyota commercial,1,1,3,MarkClarkster,Mark Clark,2537,4615,@TerriClarkMusic @SuperBowl Loved the @NFL 💯 &amp; The @_Antoinetteeeee  @Toyota commercial,4,2,2019
https://twitter.com/JustDerty/status/1092239618538393600,2019-02-04 01:53:12+00:00,1092239618538393600,@_Antoinetteeeee I think I'm gonna make @_Antoinetteeeee my #WomanCrushWednesday for this week after seeing her @Toyota #SuperBowl commercial. lol 😉🏈,1,0,3,JustDerty,Just Derty,604,4582,@_Antoinetteeeee I think I'm gonna make @_Antoinetteeeee my #WomanCrushWednesday for this week after seeing her @Toyota #SuperBowl commercial. lol 😉🏈,4,2,2019
https://twitter.com/Spaceport_NM/status/1092237839566131200,2019-02-04 01:46:08+00:00,1092237839566131200,"@Toyota Supra @SuperBowl commercial filmed at @Spaceport_NM, seen by millions. https://t.co/NxYSSvhWZp",1,0,4,Spaceport_NM,Spaceport America,25954,51,"@Toyota Supra @SuperBowl commercial filmed at @Spaceport_NM, seen by millions. youtu.be/u1LSwcwnpo4",4,2,2019
https://twitter.com/NeilOKeefe/status/1092234637668175873,2019-02-04 01:33:25+00:00,1092234637668175873,What’s your favorite #SBLIII commercial(s) so far?  Me? #NFL100 and @Toyota #Supra   #SuperBowl 🔥   https://t.co/TNgnQD5GdZ,4,3,7,NeilOKeefe,Neil 🇺🇸 O'Keefe,1888,1769,"What’s your favorite #SBLIII commercial(s) so far?

Me?
#NFL100 and @Toyota #Supra 

#SuperBowl 🔥

 twitter.com/Toyota/status/…",4,2,2019
https://twitter.com/karensusan1/status/1092233865090007040,2019-02-04 01:30:20+00:00,1092233865090007040,"Well done, @Toyota. Winning the #AdBowl and #SuperBowl so far. 🏆 https://t.co/yPA3P8aqgN",1,1,1,karensusan1,Karen Stuerenberg,1532,1339,"Well done, @Toyota. Winning the #AdBowl and #SuperBowl so far. 🏆 twitter.com/Motor1com/stat…",4,2,2019
https://twitter.com/TheRealSibsy/status/1092233528752857088,2019-02-04 01:29:00+00:00,1092233528752857088,The return of the Toyota Supra is the only #Superbowl ad I care about.,4,7,33,TheRealSibsy,Sabrina Alberghetti,19284,1176,The return of the Toyota Supra is the only #Superbowl ad I care about.,4,2,2019
https://twitter.com/IAmLoredo/status/1092233463330148352,2019-02-04 01:28:45+00:00,1092233463330148352,The best part about #SuperBowl was @Toyota and Toni Harris commercial! Her story is amazing and it demonstrates the power of young women! #empoweringwomen #ToniHarris #commercialoftheyear #SBLIII,2,0,9,IAmLoredo,Loredo,146,402,The best part about #SuperBowl was @Toyota and Toni Harris commercial! Her story is amazing and it demonstrates the power of young women! #empoweringwomen #ToniHarris #commercialoftheyear #SBLIII,4,2,2019
https://twitter.com/edmunds/status/1092233240117534720,2019-02-04 01:27:51+00:00,1092233240117534720,"Tracking #SuperBowl automotive ad spots and their impact. Real-time BRAND lift goes to Toyota in the second quarter (606%+), while Real-time MODEL lift goes to the A-Class (12,622%+++). #BrandBowl",3,3,8,edmunds,Edmunds,109019,6440,"Tracking #SuperBowl automotive ad spots and their impact. Real-time BRAND lift goes to Toyota in the second quarter (606%+), while Real-time MODEL lift goes to the A-Class (12,622%+++). #BrandBowl",4,2,2019
https://twitter.com/NLigh10d/status/1092232809400467456,2019-02-04 01:26:09+00:00,1092232809400467456,YES #ToniHarris! Great @Toyota #SuperBowl commercial!,2,1,3,NLigh10d,Ms. C.,75,436,"YES #ToniHarris!
Great @Toyota #SuperBowl commercial!",4,2,2019
https://twitter.com/BaronVonClutch/status/1092232559071715328,2019-02-04 01:25:09+00:00,1092232559071715328,OK That @Toyota Supra #SuperBowl Commercial is pretty cool. @Toyota_Hybrid @ToyotaPR @DannyFChen https://t.co/j1abHoFP1f,1,1,8,BaronVonClutch,Peter Leung,8253,746,OK That @Toyota Supra #SuperBowl Commercial is pretty cool. @Toyota_Hybrid @ToyotaPR @DannyFChen https://t.co/j1abHoFP1f,4,2,2019
https://twitter.com/_CruzVictor/status/1092232529258532864,2019-02-04 01:25:02+00:00,1092232529258532864,Hey! So @Toyota showed us the #ToyotaSupra and it will be available soon and not 2025 like @Audi ? #SBLIII #SuperBowl #NFL #Football #Toyota,1,0,2,_CruzVictor,Victor Cruz,733,670,Hey! So @Toyota showed us the #ToyotaSupra and it will be available soon and not 2025 like @Audi ? #SBLIII #SuperBowl #NFL #Football #Toyota,4,2,2019
https://twitter.com/ClioAwards/status/1092232516629598208,2019-02-04 01:24:59+00:00,1092232516629598208,.@Toyota's second #SuperBowl spot of the night brings back the #Supra. #SuperClio https://t.co/zpyVcgskpG,1,1,3,ClioAwards,Clio Awards,43612,11500,.@Toyota's second #SuperBowl spot of the night brings back the #Supra. #SuperClio youtube.com/watch?v=u1LSwc…,4,2,2019
https://twitter.com/Mandy42613569/status/1092232450393153536,2019-02-04 01:24:43+00:00,1092232450393153536,Toyota commercial music better than the halftime show @toyota @TheWho  #SuperBowl,2,0,4,Mandy42613569,Mandy,10,127,Toyota commercial music better than the halftime show @toyota @TheWho  #SuperBowl,4,2,2019
https://twitter.com/JustJared/status/1092232434182250498,2019-02-04 01:24:39+00:00,1092232434182250498,Trailblazing female football star Toni Harris stars in @Toyota's #SuperBowl commercial! https://t.co/sHfxgZtIQc,7,0,21,JustJared,JustJared.com,729225,2930,Trailblazing female football star Toni Harris stars in @Toyota's #SuperBowl commercial! justjared.com/2019/02/03/fem…,4,2,2019
https://twitter.com/NufAguirre/status/1092232392280928256,2019-02-04 01:24:29+00:00,1092232392280928256,The @Toyota #Supra commercial was better than the #HalftimeShow #SuperBowl,1,1,2,NufAguirre,Arnulfo Aguirre,88,572,The @Toyota #Supra commercial was better than the #HalftimeShow #SuperBowl,4,2,2019
https://twitter.com/bdckool/status/1092232350522658816,2019-02-04 01:24:19+00:00,1092232350522658816,Best thing about the #Superbowl halftime show was the @Toyota #Supra commercial!! 👍😎🏈🏈,2,2,19,bdckool,Chris Twomey,13568,8935,Best thing about the #Superbowl halftime show was the @Toyota #Supra commercial!! 👍😎🏈🏈,4,2,2019
https://twitter.com/OnTheGoOc/status/1092232306075480064,2019-02-04 01:24:09+00:00,1092232306075480064,Yes! @maroon5 amazing!! #SuperBowl #HalftimeShow #SuperBowlSunday and hello @Toyota #supra !!! #itsback @SeHablaToyota @ToyotaSoCal,2,0,4,OnTheGoOc,Penny G,3417,2929,Yes! @maroon5 amazing!! #SuperBowl #HalftimeShow #SuperBowlSunday and hello @Toyota #supra !!! #itsback @SeHablaToyota @ToyotaSoCal,4,2,2019
https://twitter.com/CARandDRIVER/status/1092232294314721281,2019-02-04 01:24:06+00:00,1092232294314721281,Would Tommy the pinball wizard drive a @Toyota Supra? #SuperBowl https://t.co/RKvSPx2Te9,12,14,84,CARandDRIVER,Car and Driver,1209113,1010,Would Tommy the pinball wizard drive a @Toyota Supra? #SuperBowl https://t.co/RKvSPx2Te9,4,2,2019
https://twitter.com/edmunds/status/1092232287314415617,2019-02-04 01:24:04+00:00,1092232287314415617,We absolutely love that the @Toyota #Supra is a rear-wheel-drive car with an inline six that's quicker than a Cayman for less money. What we don't is that it's handicapped with an auto transmission. #SuperBowl https://t.co/B15zeqwyLQ,4,6,33,edmunds,Edmunds,109019,6440,We absolutely love that the @Toyota #Supra is a rear-wheel-drive car with an inline six that's quicker than a Cayman for less money. What we don't is that it's handicapped with an auto transmission. #SuperBowl https://t.co/B15zeqwyLQ,4,2,2019
https://twitter.com/Automotive_News/status/1092232257832665088,2019-02-04 01:23:57+00:00,1092232257832665088,.@Toyota just unleashed the #Supra. How was the ad? #SuperBowl https://t.co/GlsRuaY82w,5,8,41,Automotive_News,Automotive News,228040,2569,.@Toyota just unleashed the #Supra. How was the ad? #SuperBowl https://t.co/GlsRuaY82w,4,2,2019
https://twitter.com/MrTommyCampbell/status/1092232172163878912,2019-02-04 01:23:37+00:00,1092232172163878912,Toyota advertising a gas guzzler “sports car” that’s gonna be slower than an entry-level EV. 🤷‍♂️🤦🏼‍♂️ #SuperBowlAds #SuperBowl,1,3,7,MrTommyCampbell,Tommy Campbell,54095,6411,Toyota advertising a gas guzzler “sports car” that’s gonna be slower than an entry-level EV. 🤷‍♂️🤦🏼‍♂️ #SuperBowlAds #SuperBowl,4,2,2019
https://twitter.com/dangreene/status/1092232106543992832,2019-02-04 01:23:21+00:00,1092232106543992832,Best part of the @SuperBowl so far.....  The @Toyota Supra's back.  But we already knew that.,1,2,2,dangreene,Dan Greene 🇺🇸,4011,1397,"Best part of the @SuperBowl so far.....

The @Toyota Supra's back.

But we already knew that.",4,2,2019
https://twitter.com/JohnDigles/status/1092227302409285632,2019-02-04 01:04:16+00:00,1092227302409285632,"Women are at the forefront of several commercials in the #SuperBowl this year. Bumble and Toyota Rav4 spots were all about female empowerment. During the first ad break of the Big Game, women led every single spot. #BrandBowl53 https://t.co/7FV1Gt9SPH",1,0,1,JohnDigles,John Digles,11441,9396,"Women are at the forefront of several commercials in the #SuperBowl this year. Bumble and Toyota Rav4 spots were all about female empowerment. During the first ad break of the Big Game, women led every single spot. #BrandBowl53 twitter.com/Adweek/status/…",4,2,2019
https://twitter.com/HolyGirl22/status/1092227279432892418,2019-02-04 01:04:10+00:00,1092227279432892418,@Toyota I watch the SuperBowl mainly for the commercials. I had never heard of @_Antoinetteeeee! Thanks for introducing her to us! I’m an educator; I look for young people doing great things so I can share that with my Ss! My young ladies need to see people who look like them succeeding!,1,1,4,HolyGirl22,Sharon Clark,1763,2172,@Toyota I watch the SuperBowl mainly for the commercials. I had never heard of @_Antoinetteeeee! Thanks for introducing her to us! I’m an educator; I look for young people doing great things so I can share that with my Ss! My young ladies need to see people who look like them succeeding!,4,2,2019
https://twitter.com/laroncarter/status/1092226884526592001,2019-02-04 01:02:36+00:00,1092226884526592001,I see you Toni Harris @_Antoinetteeeee making history with your @Toyota #SuperBowl⁠ ⁠ commercial @NFL: https://t.co/TRCJWf0GT0 https://t.co/fHUG2oXS1t,2,1,7,laroncarter,LaRon,2945,2220,I see you Toni Harris @_Antoinetteeeee making history with your @Toyota #SuperBowl⁠ ⁠ commercial @NFL: cbsn.ws/2RVind7 https://t.co/fHUG2oXS1t,4,2,2019
https://twitter.com/RepresentPledge/status/1092226268290904064,2019-02-04 01:00:09+00:00,1092226268290904064,ICYMI: Toni Harris for @Toyota is #MediaWeLike! 👏 #SuperBowl https://t.co/LFw15Vcdx6,16,2,53,RepresentPledge,The Rep Project,88609,2684,ICYMI: Toni Harris for @Toyota is #MediaWeLike! 👏 #SuperBowl https://t.co/LFw15Vcdx6,4,2,2019
https://twitter.com/TuckSargent/status/1092225781902790656,2019-02-04 00:58:13+00:00,1092225781902790656,ICYMI: A Macon native and Central High grad helped create Toyota’s #RAV4 #SuperBowl commercial https://t.co/wJOxSVVt3I via @41nbc,4,0,3,TuckSargent,Tucker Sargent,1877,977,ICYMI: A Macon native and Central High grad helped create Toyota’s #RAV4 #SuperBowl commercial 41nbc.com/2019/02/01/mac… via @41nbc,4,2,2019
https://twitter.com/marviljr/status/1092225634586157056,2019-02-04 00:57:38+00:00,1092225634586157056,"""A Star Is Born"" Congratulations to #EastLACollege female football player Toni Harris on appearing in #Toyota #SuperBowl commercial.  #ELAC #Elac_football #laccd #scfafootball #CCCAASports #eastlass #freepsports #_Antoinetteeeee https://t.co/1C0MtD0BDT",12,0,36,marviljr,Mario Villegas,311,847,"""A Star Is Born""
Congratulations to #EastLACollege female football player Toni Harris on appearing in #Toyota #SuperBowl commercial. 
#ELAC #Elac_football #laccd #scfafootball #CCCAASports #eastlass #freepsports #_Antoinetteeeee https://t.co/1C0MtD0BDT",4,2,2019
https://twitter.com/CBSMornings/status/1092225430072016896,2019-02-04 00:56:49+00:00,1092225430072016896,"Tonight's @Toyota #SuperBowl commercial features Toni Harris, one of the first few women to ever play college football. She's hoping to become the first ever female player in the NFL https://t.co/4H1rLX7LQ9 https://t.co/Y4ny8rmuBK",146,30,566,CBSMornings,CBS Mornings,485497,2109,"Tonight's @Toyota #SuperBowl commercial features Toni Harris, one of the first few women to ever play college football. She's hoping to become the first ever female player in the NFL cbsn.ws/2RVind7 https://t.co/Y4ny8rmuBK",4,2,2019
https://twitter.com/_lorenaxox/status/1092225152501329920,2019-02-04 00:55:43+00:00,1092225152501329920,@_Antoinetteeeee amazing job on the Toyota #Superbowl commercial! Can’t wait to see you play for the NFL!! 💪🏼🏈,1,0,2,_lorenaxox,lorde,500,316,@_Antoinetteeeee amazing job on the Toyota #Superbowl commercial! Can’t wait to see you play for the NFL!! 💪🏼🏈,4,2,2019
https://twitter.com/HolyGirl22/status/1092224462970413056,2019-02-04 00:52:59+00:00,1092224462970413056,"@_Antoinetteeeee I just saw your @Toyota commercial during @SuperBowl! Tonight’s commercials are not so great, but you’re rockin’ it! Keep up the good work. Be careful and stay safe! I’m rooting for you!",1,1,2,HolyGirl22,Sharon Clark,1763,2172,"@_Antoinetteeeee I just saw your @Toyota commercial during @SuperBowl! Tonight’s commercials are not so great, but you’re rockin’ it! Keep up the good work. Be careful and stay safe! I’m rooting for you!",4,2,2019
https://twitter.com/IAmLoredo/status/1092223891337031681,2019-02-04 00:50:42+00:00,1092223891337031681,"Personal thoughts for today’s #Superbowl! The most talked about football player in LA this #SuperBowl⁠ ⁠ may not play for the Rams or the Patriots! @Toyota ad features Toni Harris, a female 🏈 player free safety at East Los Angeles College, who dreams of playing in the NFL.",1,1,9,IAmLoredo,Loredo,146,402,"Personal thoughts for today’s #Superbowl! The most talked about football player in LA this #SuperBowl⁠ ⁠ may not play for the Rams or the Patriots! @Toyota ad features Toni Harris, a female 🏈 player free safety at East Los Angeles College, who dreams of playing in the NFL.",4,2,2019
https://twitter.com/danielledshortt/status/1092223090803834881,2019-02-04 00:47:32+00:00,1092223090803834881,Loved the message behind the #Toyota RAV4 hybrid commercial! Using #toniharris with a great message was good. “THEY” always say but don’t make assumptions. #SuperBowlSunday #superbowlcommercial #superbowl,1,1,10,danielledshortt,Danielle,129,261,Loved the message behind the #Toyota RAV4 hybrid commercial! Using #toniharris with a great message was good. “THEY” always say but don’t make assumptions. #SuperBowlSunday #superbowlcommercial #superbowl,4,2,2019
https://twitter.com/CasNegley/status/1092222975921844225,2019-02-04 00:47:04+00:00,1092222975921844225,Curious about that Toyota ad? We have answers: #SuperBowl #SBLIII https://t.co/byYMGswoZg,5,1,4,CasNegley,Cassandra Negley,1661,2128,Curious about that Toyota ad? We have answers: #SuperBowl #SBLIII sports.yahoo.com/toni-harris-wo…,4,2,2019
https://twitter.com/glennrstevens/status/1092222679564906497,2019-02-04 00:45:53+00:00,1092222679564906497,You go @_Antoinetteeeee.  Well done @Toyota. Well done. #detroitraised #SuperBowl⁠ ⁠,1,1,3,glennrstevens,Glenn Stevens,2723,3475,"You go @_Antoinetteeeee.

Well done @Toyota. Well done.
#detroitraised #SuperBowl⁠ ⁠",4,2,2019
https://twitter.com/UMPG/status/1092222454787907584,2019-02-04 00:45:00+00:00,1092222454787907584,📺 @Toyota’s new #RAV4 Hybrid #SuperBowl commercial features the song “Stronger” written by UMPG’s Jeff Pardo + the 1st female 🏈 player @_antoinetteeeee. #UMPGSync #SBLIII  Watch here &gt;&gt;&gt; https://t.co/ojZFgn9qUW https://t.co/Wp3GsJCRN5,3,0,6,UMPG,Universal Music Publishing Group,21477,1660,"📺 @Toyota’s new #RAV4 Hybrid #SuperBowl commercial features the song “Stronger” written by UMPG’s Jeff Pardo + the 1st female 🏈 player @_antoinetteeeee. #UMPGSync #SBLIII

Watch here &gt;&gt;&gt;
smarturl.it/0ii4rp https://t.co/Wp3GsJCRN5",4,2,2019
https://twitter.com/Hoops_DaJour/status/1092222370339848192,2019-02-04 00:44:40+00:00,1092222370339848192,"“They said she was too small, they said she was too slow, too weak. They said she’d never get to the next level, never inspire a new generation, never get a football scholarship.”...shoutout @Toyota #ToniHarris #SuperBowl",2,1,2,Hoops_DaJour,Hoops DaJour,52,332,"“They said she was too small, they said she was too slow, too weak. They said she’d never get to the next level, never inspire a new generation, never get a football scholarship.”...shoutout @Toyota #ToniHarris #SuperBowl",4,2,2019
https://twitter.com/cindypinkceo/status/1092222185811390465,2019-02-04 00:43:56+00:00,1092222185811390465,“I’ve never been a big fan of assumptions.” - loved the Toni Harris @Toyota commercial. #SuperBowl,2,0,16,cindypinkceo,Cindy Eckert,25336,1490,“I’ve never been a big fan of assumptions.” - loved the Toni Harris @Toyota commercial. #SuperBowl,4,2,2019
https://twitter.com/LIz_steinworth/status/1092221816133861382,2019-02-04 00:42:28+00:00,1092221816133861382,I was enjoying the #budknight adds but seeing #Toyota show off #ToniHarris is amazing! #strongwomen #SuperBowl,1,0,5,LIz_steinworth,LIz Steinworth,475,82,I was enjoying the #budknight adds but seeing #Toyota show off #ToniHarris is amazing! #strongwomen #SuperBowl,4,2,2019
https://twitter.com/OSU_BigSister/status/1092221796684828672,2019-02-04 00:42:23+00:00,1092221796684828672,Loved the @Toyota #SuperBowl commercial celebrating the success of a young woman athlete! #ToniHarris #SuperBowlAd,1,0,3,OSU_BigSister,Renee,138,285,Loved the @Toyota #SuperBowl commercial celebrating the success of a young woman athlete! #ToniHarris #SuperBowlAd,4,2,2019
https://twitter.com/tracydaniel1/status/1092221754821541888,2019-02-04 00:42:13+00:00,1092221754821541888,"""I've never been a big fan of assumptions."" I ❤️ #ToniHarris in the @Toyota #RAV4 #SuperBowl ad. More representation of #strongwomen who are paving the way, please! #wsucom5140 #SuperBowlLIII https://t.co/SP33EQaB6L",2,1,12,tracydaniel1,tracy daniel,19,148,"""I've never been a big fan of assumptions."" I ❤️ #ToniHarris in the @Toyota #RAV4 #SuperBowl ad. More representation of #strongwomen who are paving the way, please! #wsucom5140 #SuperBowlLIII https://t.co/SP33EQaB6L",4,2,2019
https://twitter.com/lennysundahl/status/1092221727093018624,2019-02-04 00:42:06+00:00,1092221727093018624,Every time they mention Toyota we keep going TOYOGAAA @KimmySchmidt @ArtsyMomWV #SuperBowl,2,1,2,lennysundahl,Lenny,1222,3098,Every time they mention Toyota we keep going TOYOGAAA @KimmySchmidt @ArtsyMomWV #SuperBowl,4,2,2019
https://twitter.com/adsoftheworld/status/1092221653067677696,2019-02-04 00:41:49+00:00,1092221653067677696,Get to know more about the latest @Toyota #SuperBowl spot by @Burrell_Comm: Toni https://t.co/3vwsYAyP4M https://t.co/2gal9oDWCB,1,0,7,adsoftheworld,Ads of the World™,205168,62952,Get to know more about the latest @Toyota #SuperBowl spot by @Burrell_Comm: Toni j.mp/2Gmh8wA https://t.co/2gal9oDWCB,4,2,2019
https://twitter.com/mizhollywd/status/1092221601943355392,2019-02-04 00:41:37+00:00,1092221601943355392,Did you see the amazing A. Harris in the #superbowl commercial?! Remember her name!   #toniharris #toyota #superbowl #superbowlcommercials #hollywood #hollywoodlife #hollywooddreams #celebrities #celebrity #football #nfl https://t.co/WjdWfkVYR2,1,0,3,mizhollywd,Miz Hollywood,939,1524,"Did you see the amazing A. Harris in the #superbowl commercial?! Remember her name! 

#toniharris #toyota #superbowl #superbowlcommercials #hollywood #hollywoodlife #hollywooddreams #celebrities #celebrity #football #nfl facebook.com/mizhollywd/vid…",4,2,2019
https://twitter.com/ItsBiancaGordon/status/1092221570146336768,2019-02-04 00:41:29+00:00,1092221570146336768,Toyota highlights female college football player in RAV4 ad  #Superbowl #SuperBowlAds  https://t.co/9nkaPlPbWU via @Automotive_News,1,0,2,ItsBiancaGordon,Bianca Gordon,492,788,Toyota highlights female college football player in RAV4 ad  #Superbowl #SuperBowlAds  autonews.com/marketing/toyo… via @Automotive_News,4,2,2019
https://twitter.com/sunsouders/status/1092221524193378305,2019-02-04 00:41:18+00:00,1092221524193378305,Toni Harris commercial is awesome!  #SuperBowl rav4 Hybrid #Toyota #girlsrule,1,0,3,sunsouders,#KindnessMatters,1396,2364,Toni Harris commercial is awesome!  #SuperBowl rav4 Hybrid #Toyota #girlsrule,4,2,2019
https://twitter.com/ANNIEPIE19/status/1092221519072235525,2019-02-04 00:41:17+00:00,1092221519072235525,@Toyota commercial with @_Antoinetteeeee = #winner. So inspiring. #SuperBowl #BestAdvertisingCampaign,1,1,4,ANNIEPIE19,Holed Up and Happy,139,1080,@Toyota commercial with @_Antoinetteeeee = #winner. So inspiring. #SuperBowl #BestAdvertisingCampaign,4,2,2019
https://twitter.com/SusieD_NYC/status/1092221502064332801,2019-02-04 00:41:13+00:00,1092221502064332801,Another winner of an ad for me: @Toyota and @_Antoinetteeeee . #NeverBelieveinAssumptions #GirlPower #SBLIII #AdBowl #Superbowl #Ads #SuperbowlCommercials @NFL @CBSSports,1,1,2,SusieD_NYC,Susie D.,1607,4244,Another winner of an ad for me: @Toyota and @_Antoinetteeeee . #NeverBelieveinAssumptions #GirlPower #SBLIII #AdBowl #Superbowl #Ads #SuperbowlCommercials @NFL @CBSSports,4,2,2019
https://twitter.com/RepresentPledge/status/1092221450860163073,2019-02-04 00:41:01+00:00,1092221450860163073,"@Toyota! Now this is #MediaWeLike! Way to go sharing the incredible journey of Toni Harris, who's hoping to be the first female @NFL player. ""I've never been a big fan of assumptions"" And neither have we! #SuperBowl",4,1,13,RepresentPledge,The Rep Project,88609,2684,"@Toyota! Now this is #MediaWeLike! Way to go sharing the incredible journey of Toni Harris, who's hoping to be the first female @NFL player. ""I've never been a big fan of assumptions"" And neither have we! #SuperBowl",4,2,2019
https://twitter.com/GSDAdvisory/status/1092221422691381249,2019-02-04 00:40:54+00:00,1092221422691381249,"Nothing new about the @Toyota ad yet it worked - featured a female, told me about the SUV in a direct way - was engaged.   #SuperBowlSunday #SuperBowlAds #SuperBowlCommercials #SuperBowl",1,0,1,GSDAdvisory,GSDAdvisory,178,450,"Nothing new about the @Toyota ad yet it worked - featured a female, told me about the SUV in a direct way - was engaged.   #SuperBowlSunday #SuperBowlAds #SuperBowlCommercials #SuperBowl",4,2,2019
https://twitter.com/BradyMalloryTV/status/1092221302184775680,2019-02-04 00:40:25+00:00,1092221302184775680,The #ToniHarris #toyota ad may be my favorite so far. #KELOSports #SuperBowl https://t.co/riSh67wl2I,2,0,12,BradyMalloryTV,Brady Mallory,3385,484,The #ToniHarris #toyota ad may be my favorite so far. #KELOSports #SuperBowl https://t.co/riSh67wl2I,4,2,2019
https://twitter.com/ToledoTroopers/status/1092221288951808003,2019-02-04 00:40:22+00:00,1092221288951808003,So exciting! Thank you @Toyota for helping to change perceptions 🏈. #SuperBowl⁠ ⁠ https://t.co/VD6SVX0Qut,2,1,6,ToledoTroopers,🏈 Toledo Troopers,512,348,So exciting! Thank you @Toyota for helping to change perceptions 🏈. #SuperBowl⁠ ⁠ https://t.co/VD6SVX0Qut,4,2,2019
https://twitter.com/GoodHumorGrl/status/1092221278533095424,2019-02-04 00:40:19+00:00,1092221278533095424,That @Toyota commercial with Toni Harris!  #Toyota #SuperBowl https://t.co/Jhf9jwTnUv,1,1,4,GoodHumorGrl,Lisa Steinberg 𓄿,3353,4355,"That @Toyota commercial with Toni Harris! 
#Toyota #SuperBowl https://t.co/Jhf9jwTnUv",4,2,2019
https://twitter.com/theGrio/status/1092221217489203200,2019-02-04 00:40:05+00:00,1092221217489203200,".@toyota is hip on this @_Antoinetteeeee #BlackGirlMagic. She’s dope, y’all. https://t.co/b1URr0ehBw #SuperBowl #SBLIII",8,1,8,theGrio,theGrio.com,137025,3233,".@toyota is hip on this @_Antoinetteeeee #BlackGirlMagic. She’s dope, y’all. thegrio.com/2019/02/01/bla… #SuperBowl #SBLIII",4,2,2019
https://twitter.com/TWISTtweets/status/1092221162308931584,2019-02-04 00:39:52+00:00,1092221162308931584,"Can we please have a documentary about Antoinette ""Toni"" Harris? Well done, @Toyota! #3percentSB #BrandBowl #AdBowl #SuperBowl",5,1,10,TWISTtweets,TWIST Creative,1525,856,"Can we please have a documentary about Antoinette ""Toni"" Harris? Well done, @Toyota! #3percentSB #BrandBowl #AdBowl #SuperBowl",4,2,2019
https://twitter.com/SheLikesToShop/status/1092221119569031171,2019-02-04 00:39:42+00:00,1092221119569031171,"""This is the most unique story I have ever heard in sports,"" said Joe Pytka, who has directed dozens of spots including Toyota's #superbowl ad tonight  https://t.co/Iac8uJJrRv",1,0,3,SheLikesToShop,Adrianne Pasquarelli,3628,433,"""This is the most unique story I have ever heard in sports,"" said Joe Pytka, who has directed dozens of spots including Toyota's #superbowl ad tonight  adage.com/article/specia…",4,2,2019
https://twitter.com/edmunds/status/1092221062467604480,2019-02-04 00:39:28+00:00,1092221062467604480,"Somewhere behind the force of nature that is @_antoinetteeeee was a @Toyota RAV4. Last December we took one through every state so we know it and its seats rather intimately after 7,000 miles of constant driving. #SuperBowl https://t.co/U8yzZdjxjA https://t.co/gLJyKxb4u9",6,2,23,edmunds,Edmunds,109019,6440,"Somewhere behind the force of nature that is @_antoinetteeeee was a @Toyota RAV4. Last December we took one through every state so we know it and its seats rather intimately after 7,000 miles of constant driving. #SuperBowl edmu.in/RAV48States https://t.co/gLJyKxb4u9",4,2,2019
https://twitter.com/CARandDRIVER/status/1092221053504491524,2019-02-04 00:39:26+00:00,1092221053504491524,"Ok @Toyota, be honest, is that really what the RAV4 hybrid's engine note sounds like? #SuperBowl https://t.co/FLApGZmyjI",4,4,35,CARandDRIVER,Car and Driver,1209113,1010,"Ok @Toyota, be honest, is that really what the RAV4 hybrid's engine note sounds like? #SuperBowl https://t.co/FLApGZmyjI",4,2,2019
https://twitter.com/CNETCars/status/1092220936990924801,2019-02-04 00:38:58+00:00,1092220936990924801,"Toyota made the RAV4 Hybrid exciting and edgy, which is no easy task https://t.co/tMtRoaGuQl #superbowl",1,0,6,CNETCars,CNET Cars,39628,525,"Toyota made the RAV4 Hybrid exciting and edgy, which is no easy task
roadshow.co/veOXEb #superbowl",4,2,2019
https://twitter.com/adage/status/1092220891356950533,2019-02-04 00:38:47+00:00,1092220891356950533,"Toyota had originally bought just one spot in the game, but it will air another ad during halftime and also is the sponsor of the halftime report #SuperBowl",10,0,34,adage,Ad Age,1002030,73295,"Toyota had originally bought just one spot in the game, but it will air another ad during halftime and also is the sponsor of the halftime report #SuperBowl",4,2,2019
https://twitter.com/adage/status/1092220785257861121,2019-02-04 00:38:22+00:00,1092220785257861121,Toyota’s ad is directed by Joe Pyta who has directed more than 80 #SuperBowl commercials.,7,3,24,adage,Ad Age,1002030,73295,Toyota’s ad is directed by Joe Pyta who has directed more than 80 #SuperBowl commercials.,4,2,2019
https://twitter.com/CBSMornings/status/1092220690554671104,2019-02-04 00:37:59+00:00,1092220690554671104,"Toyota’s ad stars Toni Harris, the first female football player who does not play a specialist position like kicker to be offered football college scholarships. - @jpoggi #SuperBowl",15,4,53,CBSMornings,CBS Mornings,485497,2109,"Toyota’s ad stars Toni Harris, the first female football player who does not play a specialist position like kicker to be offered football college scholarships. - @jpoggi #SuperBowl",4,2,2019
https://twitter.com/RulingSports/status/1092220610321670144,2019-02-04 00:37:40+00:00,1092220610321670144,"Prediction: The most talked about football player in LA this #SuperBowl may not play for the Rams. Toyota’s Super Bowl ad features Toni Harris, a sophomore free safety at East Los Angeles College, who dreams of playing in the NFL.",3,3,14,RulingSports,Alicia Jessop,21449,696,"Prediction: The most talked about football player in LA this #SuperBowl may not play for the Rams. Toyota’s Super Bowl ad features Toni Harris, a sophomore free safety at East Los Angeles College, who dreams of playing in the NFL.",4,2,2019
https://twitter.com/adage/status/1092220599005519873,2019-02-04 00:37:37+00:00,1092220599005519873,"Toyota’s ad stars Toni Harris, the first female football player who does not play a specialist position like kicker to be offered football college scholarships. #SuperBowl",38,1,135,adage,Ad Age,1002030,73295,"Toyota’s ad stars Toni Harris, the first female football player who does not play a specialist position like kicker to be offered football college scholarships. #SuperBowl",4,2,2019
https://twitter.com/marviljr/status/1092214178851389440,2019-02-04 00:12:07+00:00,1092214178851389440,Inspiring story of #EastLACollege female football player Toni Harris catches Toyota's eye for #SuperBowl commercial. #ELAC #laccd #scfafootball #CCCAASports #eastlass #freepsports https://t.co/cdZ5ygW7Da,1,0,2,marviljr,Mario Villegas,311,847,Inspiring story of #EastLACollege female football player Toni Harris catches Toyota's eye for #SuperBowl commercial. #ELAC #laccd #scfafootball #CCCAASports #eastlass #freepsports twitter.com/CBSLA/status/1…,4,2,2019
https://twitter.com/Rockyonwheels/status/1092207364227452935,2019-02-03 23:45:02+00:00,1092207364227452935,I’m looking forward to the Super Bowl commercials !!!! #superbowlcommercials2019  #SuperBowl  #pepsi #amazon  #budweiser #burgerking #colgate #devour #doritos #hyundai #kia #michelobultra #microsoft #olay  #mrpeanut #pringles #stellaartois #toyota #verizon #cardib #patriots #rams https://t.co/F3wxvNrOI0,4,2,42,Rockyonwheels,Rocky on Wheels,5447,115,"I’m looking forward to the Super Bowl commercials !!!! #superbowlcommercials2019 
#SuperBowl  #pepsi #amazon  #budweiser #burgerking #colgate #devour #doritos #hyundai #kia #michelobultra #microsoft #olay  #mrpeanut #pringles #stellaartois #toyota #verizon #cardib #patriots #rams https://t.co/F3wxvNrOI0",3,2,2019
https://twitter.com/CBSLA/status/1092168995237752834,2019-02-03 21:12:34+00:00,1092168995237752834,WATCH: Toni Harris is an @EastLACollege football player who wants to become the @NFL's first female player. Here's why @Toyota is featuring her in a #SuperBowl ad tonight: https://t.co/0w3hNxdCCg @_Antoinetteeeee https://t.co/vWxkUxp7uz,37,2,71,CBSLA,CBS Los Angeles,288143,2270,WATCH: Toni Harris is an @EastLACollege football player who wants to become the @NFL's first female player. Here's why @Toyota is featuring her in a #SuperBowl ad tonight: cbsn.ws/2RVind7 @_Antoinetteeeee https://t.co/vWxkUxp7uz,3,2,2019
https://twitter.com/CNET/status/1092152011787829248,2019-02-03 20:05:05+00:00,1092152011787829248,Toyota will turn the Supra into a pinball wizard during the #SuperBowl https://t.co/0ND8wO9OUM https://t.co/drdWht7XmW,7,4,19,CNET,CNET,1751556,444,Toyota will turn the Supra into a pinball wizard during the #SuperBowl cnet.co/2UJ5q3p https://t.co/drdWht7XmW,3,2,2019
https://twitter.com/eqo37/status/1092121410791714823,2019-02-03 18:03:29+00:00,1092121410791714823,"Toni Harris, a 22yo soph free safety at E. Los Angeles College, will be on our TV screens in a Toyota commercial during the #SuperBowl. She is the 1st female football player to be awarded a full scholarship as a non-specialist position on defense. 💪 https://t.co/DuFlOpQ8CF",3,0,5,eqo37,EQO37,246,714,"Toni Harris, a 22yo soph free safety at E. Los Angeles College, will be on our TV screens in a Toyota commercial during the #SuperBowl. She is the 1st female football player to be awarded a full scholarship as a non-specialist position on defense. 💪
on.mktw.net/2MNWXcb",3,2,2019
https://twitter.com/MattJaffeMusic/status/1092105298016227328,2019-02-03 16:59:28+00:00,1092105298016227328,"Happy Super Bowl Sunday y’all.  I’m not a football fan, but I did appear in a Super Bowl ad for Toyota back in 2012.  Here’s a photo from the shoot.  On the call sheet, I appeared as “guitar kid.” #toyota #superbowl #guitarkid https://t.co/tdruxikmOL",62,19,596,MattJaffeMusic,Matt Jaffe,132239,33804,"Happy Super Bowl Sunday y’all.  I’m not a football fan, but I did appear in a Super Bowl ad for Toyota back in 2012.  Here’s a photo from the shoot.  On the call sheet, I appeared as “guitar kid.” #toyota #superbowl #guitarkid https://t.co/tdruxikmOL",3,2,2019
https://twitter.com/accesssportsmed/status/1092099648016269318,2019-02-03 16:37:00+00:00,1092099648016269318,Female #football player dreams of making the #NFL and gets to star in @SuperBowl #commercial for @Toyota scheduled to air after the 2nd quarter &gt;&gt; https://t.co/RSkO15bZ2N #womeninsports #femalefootballplayer #superbowlsunday #bigdreams #dontstopbelieving #toniharris #gopats,1,0,4,accesssportsmed,AccessSportsMedicine,921,1081,Female #football player dreams of making the #NFL and gets to star in @SuperBowl #commercial for @Toyota scheduled to air after the 2nd quarter &gt;&gt; bit.ly/2TgRDk5 #womeninsports #femalefootballplayer #superbowlsunday #bigdreams #dontstopbelieving #toniharris #gopats,3,2,2019
https://twitter.com/jenbdasilva/status/1092047581507653633,2019-02-03 13:10:07+00:00,1092047581507653633,Love that @toyota #superbowl spot features @_Antoinetteeeee who aspires to be a female @NFL player. Love the reminder that assumptions aren't good for anyone.  https://t.co/ACK20IhjlC,4,0,5,jenbdasilva,jendasilva,1326,2795,Love that @toyota #superbowl spot features @_Antoinetteeeee who aspires to be a female @NFL player. Love the reminder that assumptions aren't good for anyone.  youtube.com/watch?v=G1Rvmq…,3,2,2019
