url,Datetime,Tweet Id,Text,Retweet Count,Reply Count,Like Count,Username,Display Name,Followers Count,Friends Count,Rendered Content,Day,Month,Year
https://twitter.com/EDF_Renewables/status/1092543427684823040,2019-02-04 22:00:26+00:00,1092543427684823040,Did you catch @Budweiser's ad during yesterday's #SuperBowl? Their beer is now brewed with 100% #windpower! ICYMI: https://t.co/BwoKVu1I5O,1,0,5,EDF_Renewables,EDF Renewables,12453,1919,Did you catch @Budweiser's ad during yesterday's #SuperBowl? Their beer is now brewed with 100% #windpower! ICYMI: bit.ly/2DQ4NPS,4,2,2019
https://twitter.com/clearenergy/status/1092543321619214336,2019-02-04 22:00:01+00:00,1092543321619214336,"Despite what #Budweiser would like for you to believe, #windpower is expensive, inefficient, and bad for the environment. Click here to see CEA’s take on Budweiser’s virtue signaling #SuperBowl ad https://t.co/m8ebHj62ZB https://t.co/NhXe84PfDr",10,1,8,clearenergy,Clear Energy Alliance,1398,657,"Despite what #Budweiser would like for you to believe, #windpower is expensive, inefficient, and bad for the environment. Click here to see CEA’s take on Budweiser’s virtue signaling #SuperBowl ad youtube.com/watch?v=Xjub6B… https://t.co/NhXe84PfDr",4,2,2019
https://twitter.com/EnvDefenseFund/status/1092506580409638912,2019-02-04 19:34:01+00:00,1092506580409638912,This #SuperBowl ad shows Budweiser's beer is made with the planet in mind. https://t.co/MU4MOyqk2h,2,0,12,EnvDefenseFund,EDF,211133,4096,This #SuperBowl ad shows Budweiser's beer is made with the planet in mind. edf.org/9u7,4,2,2019
https://twitter.com/jakirk10043/status/1092501898509340672,2019-02-04 19:15:24+00:00,1092501898509340672,@ChartiBe @Nice_White_Lady Umm lmao she did a whole ass NFL superbowl concert sponsored by Budweiser... tickets were over $200 and she ain't do it for free.... your fave is just as problematic as everybody else. https://t.co/mmnca4yOf4,2,1,4,jakirk10043,I ain't got a clue what to put here...,118,706,"@ChartiBe @Nice_White_Lady Umm lmao she did a whole ass NFL superbowl concert sponsored by Budweiser... tickets were over $200 and she ain't do it for free.... your fave is just as problematic as everybody else.
people.com/music/super-bo…",4,2,2019
https://twitter.com/EcoWatch/status/1092493274194030593,2019-02-04 18:41:08+00:00,1092493274194030593,"Budweiser's parent company is continuing to associate with groups with anti-climate agendas and ties to dark money, despite several ads aired during the Super Bowl touting an eco image. https://t.co/fAQqeTp0oy #SuperBowl",21,5,29,EcoWatch,EcoWatch,232220,8274,"Budweiser's parent company is continuing to associate with groups with anti-climate agendas and ties to dark money, despite several ads aired during the Super Bowl touting an eco image. ecowatch.com/budweiser-adve… #SuperBowl",4,2,2019
https://twitter.com/latimesent/status/1092493020602208261,2019-02-04 18:40:08+00:00,1092493020602208261,Did you know the Budweiser #Superbowl commercial was shot just an hour outside of L.A.? And you've definitely seen it before. https://t.co/QxueHIM9dM,1,1,2,latimesent,LAT Entertainment,168304,1467,Did you know the Budweiser #Superbowl commercial was shot just an hour outside of L.A.? And you've definitely seen it before. lat.ms/2HSLDN9,4,2,2019
https://twitter.com/YeshSays/status/1092486192422113280,2019-02-04 18:13:00+00:00,1092486192422113280,@Budweiser's #SuperBowl ad shows its beer is made with the planet in mind. A proud moment for corporate climate leadership by @abinbev. Here I share more ways the company is taking action: https://t.co/RK6c8GppV4 #EDFCC #SBLIII @EDFbiz,1,0,0,YeshSays,Yesh Pavlik Slenk,876,1014,@Budweiser's #SuperBowl ad shows its beer is made with the planet in mind. A proud moment for corporate climate leadership by @abinbev. Here I share more ways the company is taking action: edf.org/98t #EDFCC #SBLIII @EDFbiz,4,2,2019
https://twitter.com/EnvDefenseFund/status/1092475877525516299,2019-02-04 17:32:01+00:00,1092475877525516299,"ICYMI: Wind turbines made an appearance alongside Budweiser’s iconic Clydesdales in its #SuperBowl ad this year, showcasing the company’s commitment to clean energy. https://t.co/TGQC2k3VCL",10,3,31,EnvDefenseFund,EDF,211133,4096,"ICYMI: Wind turbines made an appearance alongside Budweiser’s iconic Clydesdales in its #SuperBowl ad this year, showcasing the company’s commitment to clean energy. edf.org/9uh",4,2,2019
https://twitter.com/tejonranch/status/1092465151175909376,2019-02-04 16:49:23+00:00,1092465151175909376,Did you watch yesterday's #SuperBowl &amp; the commercials? We're glad to say yet another stellar commercial was shot here at Tejon Ranch. Kudos to #Budweiser for the inspiring ad. https://t.co/4bsgGUUxjw,2,1,10,tejonranch,Tejon Ranch,2554,632,Did you watch yesterday's #SuperBowl &amp; the commercials? We're glad to say yet another stellar commercial was shot here at Tejon Ranch. Kudos to #Budweiser for the inspiring ad. latimes.com/business/holly…,4,2,2019
https://twitter.com/CountyofKern/status/1092461814334468096,2019-02-04 16:36:08+00:00,1092461814334468096,Did you catch this #SuperBowl Commercial?!?! This was filmed right here in #KernCounty at @tejonranch. 😊#BudweiserClydesdales #Commercials #Budweiser https://t.co/VMvFi25gjy,2,0,12,CountyofKern,County of Kern,3718,504,Did you catch this #SuperBowl Commercial?!?! This was filmed right here in #KernCounty at @tejonranch. 😊#BudweiserClydesdales #Commercials #Budweiser twitter.com/tejonranch/sta…,4,2,2019
https://twitter.com/clearenergy/status/1092460639283494914,2019-02-04 16:31:27+00:00,1092460639283494914,"Anheuser-Busch wants everyone to know just how “green” they are using #windpower (unless you read the fine print) https://t.co/oCHFm2avkg After seeing #Budweiser’s virtue signaling #SuperBowl ad, we decided to make one of our own @MikeBastasch https://t.co/m8ebHj62ZB",6,0,7,clearenergy,Clear Energy Alliance,1398,657,"Anheuser-Busch wants everyone to know just how “green” they are using #windpower (unless you read the fine print) dailycaller.com/2019/02/04/bud… After seeing #Budweiser’s virtue signaling #SuperBowl ad, we decided to make one of our own @MikeBastasch youtube.com/watch?v=Xjub6B…",4,2,2019
https://twitter.com/MarshaCollier/status/1092460032791318528,2019-02-04 16:29:03+00:00,1092460032791318528,"These Were the Most Popular #SuperBowl #Brands on Social Media  👉 Budweiser led the way, according to a Salesforce analysis  #marketing #advertising https://t.co/PwpOwhzueZ https://t.co/wMX5n3iDbQ",4,0,6,MarshaCollier,Marsha Collier,235243,72192,"These Were the Most Popular #SuperBowl #Brands on Social Media

👉 Budweiser led the way, according to a Salesforce analysis

#marketing #advertising
bit.ly/2UB51jh https://t.co/wMX5n3iDbQ",4,2,2019
https://twitter.com/AllanMargolin/status/1092444243426242560,2019-02-04 15:26:18+00:00,1092444243426242560,"You wouldn't know it from their #SuperBowl ad, but Budweiser’s parent company is REALLY two-faced on #climatechange https://t.co/pWE14Vao77 via @newrepublic  @greentim @seth_leitman @GrassrootsSpeak @dtdchange @REVOLUTIONSOLAR @StudyAbroadAlum @psychdr100 @ShelbyKStewart https://t.co/8dttM0rnge",3,0,4,AllanMargolin,Allan Margolin,35234,15651,"You wouldn't know it from their #SuperBowl ad, but Budweiser’s parent company is REALLY two-faced on #climatechange buff.ly/2RA3VlY via @newrepublic

@greentim @seth_leitman @GrassrootsSpeak @dtdchange @REVOLUTIONSOLAR @StudyAbroadAlum @psychdr100 @ShelbyKStewart https://t.co/8dttM0rnge",4,2,2019
https://twitter.com/njbpuprez/status/1092443669960015872,2019-02-04 15:24:02+00:00,1092443669960015872,"While everyone was enjoying the #SuperBowl last night, I wanted to make sure you caught Budweiser's “Wind Never Felt Better” commercial, which highlights the brand’s commitment to using wind energy to power its breweries.  https://t.co/YCeQNDDp1I",2,1,2,njbpuprez,NJBPU President Joseph L. Fiordaliso,935,409,"While everyone was enjoying the #SuperBowl last night, I wanted to make sure you caught Budweiser's “Wind Never Felt Better” commercial, which highlights the brand’s commitment to using wind energy to power its breweries. 
youtube.com/watch?v=B6VciS…",4,2,2019
https://twitter.com/afdhelaziz/status/1092439885850411009,2019-02-04 15:08:59+00:00,1092439885850411009,"Last nights Superbowl revealed a variety of ads that featured purpose-driven themes - here are a few standouts from @Microsoft , @Budweiser , @CocaColaCo , @Toyota , and @bumble #thepowerofpurpose #goodisthenewcool #conspiracyoflove  https://t.co/QdlIQYu39X",1,1,1,afdhelaziz,Afdhel Aziz (he/him),3485,2001,"Last nights Superbowl revealed a variety of ads that featured purpose-driven themes - here are a few standouts from @Microsoft , @Budweiser , @CocaColaCo , @Toyota , and @bumble #thepowerofpurpose #goodisthenewcool #conspiracyoflove

forbes.com/sites/afdhelaz…",4,2,2019
https://twitter.com/3BLMedia/status/1092436002977701888,2019-02-04 14:53:34+00:00,1092436002977701888,"Clydesdales, Dalmatians, beer, and wind turbines: a perfect combo. @Budweiser's #SuperBowl ad shows its commitment to renewable energy. See how @abinbev is working w/ farmers to improve the sustainability of its global #supplychain: https://t.co/M2MN4FXcq0 #EDFCC via @EDFbiz https://t.co/LuyDZ2whms",1,0,1,3BLMedia,3BL Media,22254,4539,"Clydesdales, Dalmatians, beer, and wind turbines: a perfect combo. @Budweiser's #SuperBowl ad shows its commitment to renewable energy. See how @abinbev is working w/ farmers to improve the sustainability of its global #supplychain: edf.org/98v #EDFCC via @EDFbiz https://t.co/LuyDZ2whms",4,2,2019
https://twitter.com/xgeeks/status/1092415037782835201,2019-02-04 13:30:15+00:00,1092415037782835201,#Budweiser scores a touchdown with it's #GameOfThrones parody! https://t.co/CuQmerSvVR #superbowl #forthethrone https://t.co/Dbd4KPzm3b,1,0,0,xgeeks,X-Geeks,1609,968,#Budweiser scores a touchdown with it's #GameOfThrones parody! xgeeks.co.uk/2019/02/04/sup… #superbowl #forthethrone https://t.co/Dbd4KPzm3b,4,2,2019
https://twitter.com/AngelaBrauerTV/status/1092367384491503616,2019-02-04 10:20:54+00:00,1092367384491503616,"#ADBOWL says @amazon's ""Not Everything Makes the Cut"" was the TOP COMMERCIAL for the year! Hyundai's ""The Elevator"" got spot #2, @Budweiser's ""Wind Never Felt Better"" took third.  Which #Superbowl #commercials did you love? Hate?   @CBS4Indy #4yourmorning  https://t.co/9pHY64Eq4Y",1,0,3,AngelaBrauerTV,Angela Brauer,3815,1920,"#ADBOWL says @amazon's ""Not Everything Makes the Cut"" was the TOP COMMERCIAL for the year! Hyundai's ""The Elevator"" got spot #2, @Budweiser's ""Wind Never Felt Better"" took third.

Which #Superbowl #commercials did you love? Hate? 

@CBS4Indy #4yourmorning 
cbs4indy.com/2019/01/30/201…",4,2,2019
https://twitter.com/HbdNrx/status/1092313867466620928,2019-02-04 06:48:14+00:00,1092313867466620928,Superbowl highlight: Budweiser frogs return to lecture White America on microagressions,2,1,8,HbdNrx,"Dr. hbd nrx 🐸, MBA, MS, PhD, Esq.",5799,427,Superbowl highlight: Budweiser frogs return to lecture White America on microagressions,4,2,2019
https://twitter.com/ETCanada/status/1092281609150230529,2019-02-04 04:40:03+00:00,1092281609150230529,.@Budweiser turns wind power for their @SuperBowl spot https://t.co/Q17tKdvaMo,1,0,7,ETCanada,ET Canada,387789,12458,".@Budweiser turns wind power for their @SuperBowl spot
etcnda.com/8HndcA",4,2,2019
https://twitter.com/LOYALFAN1/status/1092266593768300544,2019-02-04 03:40:23+00:00,1092266593768300544,"Budweiser ""Lost Dog"" Superbowl 2015 Commercial THE FEELS https://t.co/gW3Q09iwY3 via @YouTube",1,0,1,LOYALFAN1,DONNA CARRIERE,20867,22794,"Budweiser ""Lost Dog"" Superbowl 2015 Commercial THE FEELS youtu.be/VWeKtqWc2EA via @YouTube",4,2,2019
https://twitter.com/EDFbiz/status/1092263978380738563,2019-02-04 03:30:00+00:00,1092263978380738563,"Clydesdales, Dalmatians, beer, and wind turbines: a perfect combo. @Budweiser's #SuperBowl ad shows its commitment to renewable energy. See how parent company @abinbev is working w/ farmers to improve the sustainability of its global #supplychain: https://t.co/u8lpPqrMUF #EDFCC",10,0,11,EDFbiz,EDF+Business,11899,5088,"Clydesdales, Dalmatians, beer, and wind turbines: a perfect combo. @Budweiser's #SuperBowl ad shows its commitment to renewable energy. See how parent company @abinbev is working w/ farmers to improve the sustainability of its global #supplychain: edf.org/98v #EDFCC",4,2,2019
https://twitter.com/twistedironfarm/status/1092262212104683520,2019-02-04 03:22:59+00:00,1092262212104683520,So I missed the Superbowl while I was shoveling canola.   Apparently something happened with corn and Budweiser??,1,1,29,twistedironfarm,Sean 🚒Cap'n Danger,4986,1265,"So I missed the Superbowl while I was shoveling canola. 

Apparently something happened with corn and Budweiser??",4,2,2019
https://twitter.com/BeyondFPS/status/1092262053266501632,2019-02-04 03:22:21+00:00,1092262053266501632,So just Incase you didn’t know. That was the lowest scoring SuperBowl game in the History of the SuperBowl...and the most exciting commercial was probably that ASMR Budweiser one...yeah it was that boring🤦‍♂️,1,0,4,BeyondFPS,Ali Mirzaei,1543,231,So just Incase you didn’t know. That was the lowest scoring SuperBowl game in the History of the SuperBowl...and the most exciting commercial was probably that ASMR Budweiser one...yeah it was that boring🤦‍♂️,4,2,2019
https://twitter.com/mindys4Biden/status/1092261457398517760,2019-02-04 03:19:59+00:00,1092261457398517760,"#SuperBowl Okay, hands down the best ad of the night was the WaPo ad with the journalists. I also loved the Bud Light/GoT ad, the Alexa ad with the dog, Budweiser with the wind brewing, and the ad with all of the NFL players. Those 5 were waaaaay better than the game.",4,2,22,mindys4Biden,Mindy Fischer Writer,9459,8813,"#SuperBowl Okay, hands down the best ad of the night was the WaPo ad with the journalists. I also loved the Bud Light/GoT ad, the Alexa ad with the dog, Budweiser with the wind brewing, and the ad with all of the NFL players. Those 5 were waaaaay better than the game.",4,2,2019
https://twitter.com/JaniceKapner/status/1092256996026310656,2019-02-04 03:02:15+00:00,1092256996026310656,"I may not drink @Budweiser but I appreciate their commercials! Dogs and Clydesdales, not to mention a great message about being brewed by wind power. #SuperBowl #BrandBowl",1,5,24,JaniceKapner,Janice V. Kapner,15236,528,"I may not drink @Budweiser but I appreciate their commercials! Dogs and Clydesdales, not to mention a great message about being brewed by wind power. #SuperBowl #BrandBowl",4,2,2019
https://twitter.com/billchott/status/1092255941821485056,2019-02-04 02:58:04+00:00,1092255941821485056,Fan: “Bob Dylan sold out when we went electric.” Budweiser: “Hold my beer.”  #SuperBowlhalftime #SuperBowl #budweiser #bobdylan #SuperBowlCommercials2019 https://t.co/4pxD2S5K4M,3,0,4,billchott,Bill Chott,3348,1072,"Fan: “Bob Dylan sold out when we went electric.” Budweiser: “Hold my beer.”

#SuperBowlhalftime #SuperBowl #budweiser #bobdylan #SuperBowlCommercials2019 https://t.co/4pxD2S5K4M",4,2,2019
https://twitter.com/APowerAlliance/status/1092255676112482307,2019-02-04 02:57:00+00:00,1092255676112482307,"#SuperBowl’s #football, but it’s also about great #commercials for many. We’re proud of #renewables from the #EnergyHeartland and proud of corporate leaders like @AnheuserBusch @Budweiser growing with us. Cleaner, cheaper “Wind Never Felt Better.” Cheers! https://t.co/SWeREIUHr0",1,0,2,APowerAlliance,Advanced Power Alliance ⚡️,3257,2096,"#SuperBowl’s #football, but it’s also about great #commercials for many. We’re proud of #renewables from the #EnergyHeartland and proud of corporate leaders like @AnheuserBusch @Budweiser growing with us. Cleaner, cheaper “Wind Never Felt Better.” Cheers! buff.ly/2R9HEuR",4,2,2019
https://twitter.com/chilifarming/status/1092255472726372352,2019-02-04 02:56:12+00:00,1092255472726372352,So I watched the Budweiser Superbowl advert. Lovely landscape cinematography ruined by windmills. Not much more to say.,8,1,11,chilifarming,Pat McCarthy,653,1043,So I watched the Budweiser Superbowl advert. Lovely landscape cinematography ruined by windmills. Not much more to say.,4,2,2019
https://twitter.com/sarahlynn1998/status/1092255338349367297,2019-02-04 02:55:40+00:00,1092255338349367297,"Loving @budweiserusa @SuperBowl commercial about new wind power at the brewery, not a lot of room in StL for a wind farm. Great job guys👏🏼🍺🏈💨 #SuperBowlLIII #Budweiser #AnheuserBusch https://t.co/ymViYZVYK4",1,0,1,sarahlynn1998,Sarah Fletcher,34,72,"Loving @budweiserusa @SuperBowl commercial about new wind power at the brewery, not a lot of room in StL for a wind farm. Great job guys👏🏼🍺🏈💨 #SuperBowlLIII #Budweiser #AnheuserBusch https://t.co/ymViYZVYK4",4,2,2019
https://twitter.com/D4DDYL0NGLEG5/status/1092255291918467072,2019-02-04 02:55:29+00:00,1092255291918467072,My notes from the super bowl: • Adam Levine- hot but cringey • they did NOT play Sweet Victory • Budweiser is now brewed with windpower • most super bowls are one score games (idk what that means) • 1st touchdown of superbowl 53 • prediction? Amazon will cause power outage,2,1,42,D4DDYL0NGLEG5,sydni,3207,1268,"My notes from the super bowl:
• Adam Levine- hot but cringey
• they did NOT play Sweet Victory
• Budweiser is now brewed with windpower
• most super bowls are one score games (idk what that means)
• 1st touchdown of superbowl 53
• prediction? Amazon will cause power outage",4,2,2019
https://twitter.com/madalycat123/status/1092254110022279168,2019-02-04 02:50:47+00:00,1092254110022279168,"Welp...is that game over?  Tony Romo for MVP.  NFL 100 Commercial best of night, Game of Thrones/Budweiser second best.   #CowboysNation will see you in Miami 2020!  #GoCowboys #SuperBowl",1,0,0,madalycat123,ai·lur·o·phile,97,357,"Welp...is that game over?  Tony Romo for MVP.  NFL 100 Commercial best of night, Game of Thrones/Budweiser second best.   #CowboysNation will see you in Miami 2020!  #GoCowboys #SuperBowl",4,2,2019
https://twitter.com/VABVOX/status/1092253521603411969,2019-02-04 02:48:27+00:00,1092253521603411969,Wind power beer: @Budweiser  Organic beer:  @MichelobULTRA   Both owned by the same (not American) company: @abinbev  #SBLIII  #SuperBowl,6,4,22,VABVOX,Victoria Brownworth,124543,4865,"Wind power beer: @Budweiser 
Organic beer:  @MichelobULTRA 

Both owned by the same (not American) company: @abinbev 
#SBLIII 
#SuperBowl",4,2,2019
https://twitter.com/StandUp4RPlanet/status/1092253114487500803,2019-02-04 02:46:50+00:00,1092253114487500803,@theRE100 @Budweiser @abinbev @ClimateGroup @CDP 🙌🏿🙌🏽🙌🙌🏾🙌🏼 #Sustainability 💚♻️ THANK YOU for collective efforts to help create a more #sustainable #environment and stand up for what’s right —Helping our planet! #ThinkGreen  #StandUp4RPlanet #SuperBowl ❤️🌎 🏈,1,0,2,StandUp4RPlanet,StandUp4OurPlanet™️,112,374,@theRE100 @Budweiser @abinbev @ClimateGroup @CDP 🙌🏿🙌🏽🙌🙌🏾🙌🏼 #Sustainability 💚♻️ THANK YOU for collective efforts to help create a more #sustainable #environment and stand up for what’s right —Helping our planet! #ThinkGreen  #StandUp4RPlanet #SuperBowl ❤️🌎 🏈,4,2,2019
https://twitter.com/Derricktodd/status/1092252830470193159,2019-02-04 02:45:42+00:00,1092252830470193159,"Hey #Budweiser if you could find a way to brew your beer, powered by unicorn farts. I still wouldn't drink it. #SuperBowl",1,1,6,Derricktodd,Derrick Todd,16410,6794,"Hey #Budweiser if you could find a way to brew your beer, powered by unicorn farts. I still wouldn't drink it. #SuperBowl",4,2,2019
https://twitter.com/OThankKevin/status/1092252537548402690,2019-02-04 02:44:32+00:00,1092252537548402690,I really wanna meet the people who are only now gonna buy #Budweiser cause of WIND POWER! #SuperBowl,1,4,12,OThankKevin,Kevin Hageland,12513,284,"I really wanna meet the people who are only now gonna buy #Budweiser cause of WIND POWER!
#SuperBowl",4,2,2019
https://twitter.com/AustinKellerman/status/1092252438881538050,2019-02-04 02:44:09+00:00,1092252438881538050,Bud Light has no corn syrup. 🌽   Budweiser is brewed with wind power. 💨   What a time to be alive.  #SuperBowl,2,3,5,AustinKellerman,Austin Kellerman,34260,992,"Bud Light has no corn syrup. 🌽 

Budweiser is brewed with wind power. 💨 

What a time to be alive.

#SuperBowl",4,2,2019
https://twitter.com/StandUp4RPlanet/status/1092252403838144512,2019-02-04 02:44:00+00:00,1092252403838144512,@theRE100 @Budweiser @abinbev @ClimateGroup @CDP 🙌🏿🙌🏽🙌🙌🏾🙌🏼 #Sustainability 💚♻️ THANK YOU @Budweiser #WindPower and @theRE100 @CDP @abinbev @ClimateGroup - thank you for collective efforts to help create a more #sustainable #environment and help our planet! #ThinkGreen  #StandUp4RPlanet #SuperBowl ❤️🌎 🏈,2,0,2,StandUp4RPlanet,StandUp4OurPlanet™️,112,374,@theRE100 @Budweiser @abinbev @ClimateGroup @CDP 🙌🏿🙌🏽🙌🙌🏾🙌🏼 #Sustainability 💚♻️ THANK YOU @Budweiser #WindPower and @theRE100 @CDP @abinbev @ClimateGroup - thank you for collective efforts to help create a more #sustainable #environment and help our planet! #ThinkGreen  #StandUp4RPlanet #SuperBowl ❤️🌎 🏈,4,2,2019
https://twitter.com/kellydrivesfast/status/1092252372850622470,2019-02-04 02:43:53+00:00,1092252372850622470,@HARDER should do a #SuperBowl commercial &amp; shut up all the beer commercials Well except Budweiser because Clydesdales are awesome..,1,1,1,kellydrivesfast,Lady Kelly Helle,807,1333,"@HARDER should do a #SuperBowl commercial &amp; shut up all the beer commercials
Well except Budweiser because Clydesdales are awesome..",4,2,2019
https://twitter.com/algrippone/status/1092252368056606720,2019-02-04 02:43:52+00:00,1092252368056606720,Every year at the #superbowl  Budweiser: LOOK MILLENIALS PLEASE LIKE US WITH OUR TRENDINESS,1,0,6,algrippone,Mike Grippo,18654,516,"Every year at the #superbowl

Budweiser: LOOK MILLENIALS PLEASE LIKE US WITH OUR TRENDINESS",4,2,2019
https://twitter.com/KoalaLafong/status/1092252041974562817,2019-02-04 02:42:34+00:00,1092252041974562817,What do Dylan and Budweiser have in common? They both haven’t produced anything the public likes in 40 years. #SuperbOwl,2,1,9,KoalaLafong,Koala LaFong,30,86,What do Dylan and Budweiser have in common? They both haven’t produced anything the public likes in 40 years. #SuperbOwl,4,2,2019
https://twitter.com/YrachetaJM/status/1092251404188565504,2019-02-04 02:40:02+00:00,1092251404188565504,"The National Corn Growers Association is angry at Budweiser for their Superbowl commercial. But then again, Corn is a Mexican product and we hate mexicans. Stop eating chocolate too, that would make me happy.",1,0,1,YrachetaJM,"Joseph Sïraata Yracheta, MS Pharmaceutics 🧠🫀🌎🦾",1853,1577,"The National Corn Growers Association is angry at Budweiser for their Superbowl commercial. But then again, Corn is a Mexican product and we hate mexicans. Stop eating chocolate too, that would make me happy.",4,2,2019
https://twitter.com/Gingergrrl/status/1092250679056519168,2019-02-04 02:37:09+00:00,1092250679056519168,I didn’t know @MittRomney bought a horse-drawn wagon... #SuperBowl #Budweiser https://t.co/IJItJWGjGX,2,1,7,Gingergrrl,Sam Purcell,510,3645,I didn’t know @MittRomney bought a horse-drawn wagon... #SuperBowl #Budweiser https://t.co/IJItJWGjGX,4,2,2019
https://twitter.com/LorraineAli/status/1092250483228459008,2019-02-04 02:36:22+00:00,1092250483228459008,"The 60s on sale at the #SuperBowl.  Burger King advises us to #EatLikeAndy, as in Warhol, while Dylan shills for Budweiser -- the answer's in the wind, my friend-- and ""Pinball Wizard"" sells cars. Beatles must feel left out.",1,4,16,LorraineAli,Lorraine Ali,8093,2696,"The 60s on sale at the #SuperBowl.  Burger King advises us to #EatLikeAndy, as in Warhol, while Dylan shills for Budweiser -- the answer's in the wind, my friend-- and ""Pinball Wizard"" sells cars. Beatles must feel left out.",4,2,2019
https://twitter.com/AjayRGohil/status/1092250290412232704,2019-02-04 02:35:36+00:00,1092250290412232704,"Took till the 4th Quarter but Andy Warhol Burger King and Budweiser ""Blowin' In The Wind"" - Best Super Bowl ads  #SuperBowl  #SuperBowlLIII  #SuperBowlCommercials #SuperBowlAds #BestAds #BestSuperBowlAds #AndyWarhol #EatLikeAndy #BurgerKing #Budweiser  #BlowinInTheWind #BobDylan",2,0,3,AjayRGohil,Ajay Gohil,438,5001,"Took till the 4th Quarter but Andy Warhol Burger King and Budweiser ""Blowin' In The Wind"" - Best Super Bowl ads

#SuperBowl 
#SuperBowlLIII 
#SuperBowlCommercials
#SuperBowlAds
#BestAds
#BestSuperBowlAds
#AndyWarhol
#EatLikeAndy
#BurgerKing
#Budweiser 
#BlowinInTheWind
#BobDylan",4,2,2019
https://twitter.com/adsoftheworld/status/1092250036493340672,2019-02-04 02:34:36+00:00,1092250036493340672,Watch the @Budweiser ad from David Miami: Wind Never Felt Better https://t.co/Qyx28Wlmvt #SuperBowl #ThisBudsForYou https://t.co/Y8Aptz9Fj4,1,0,12,adsoftheworld,Ads of the World™,205139,62958,Watch the @Budweiser ad from David Miami: Wind Never Felt Better j.mp/2D3TIZO #SuperBowl #ThisBudsForYou https://t.co/Y8Aptz9Fj4,4,2,2019
https://twitter.com/InvenergyLLC/status/1092249804669927428,2019-02-04 02:33:41+00:00,1092249804669927428,Liked @Budweiser’s Blowin’ in the Wind ad? Want to work in wind energy? Check out Invenergy. #SBLIII #SuperBowl #Dylan https://t.co/Z1TrKiIOXG https://t.co/lou3ptlX4P,10,0,24,InvenergyLLC,Invenergy,4624,986,Liked @Budweiser’s Blowin’ in the Wind ad? Want to work in wind energy? Check out Invenergy. #SBLIII #SuperBowl #Dylan invenergyllc.com/who-we-are/car… https://t.co/lou3ptlX4P,4,2,2019
https://twitter.com/DanProft/status/1092249762533986305,2019-02-04 02:33:31+00:00,1092249762533986305,Funniest #Superbowl ad: @Budweiser brewed with wind power. Shooting to be @AOC's beer of choice.,1,3,11,DanProft,Dan Proft,20570,448,Funniest #Superbowl ad: @Budweiser brewed with wind power. Shooting to be @AOC's beer of choice.,4,2,2019
https://twitter.com/BastardSon__/status/1092249718971863042,2019-02-04 02:33:20+00:00,1092249718971863042,Budweiser just promoted wind power in a commercial which means we can expect pictures from Trump supporters trying to flush their beer bottles down the toilet  #SuperBowl,14,4,102,BastardSon__,Jesus Woke as Fuck Leftist Christ 🇺🇦,6947,765,"Budweiser just promoted wind power in a commercial which means we can expect pictures from Trump supporters trying to flush their beer bottles down the toilet

#SuperBowl",4,2,2019
https://twitter.com/lindaboff/status/1092249659064664065,2019-02-04 02:33:06+00:00,1092249659064664065,Great to see @generalelectric wind technology in @budweiser SuperBowl ad.  #ThisBudsForYou https://t.co/FSwGWZr3NU,4,1,23,lindaboff,Linda Boff,17283,1135,Great to see @generalelectric wind technology in @budweiser SuperBowl ad.  #ThisBudsForYou twitter.com/generalelectri…,4,2,2019
https://twitter.com/F_BombMom/status/1092249541326315520,2019-02-04 02:32:38+00:00,1092249541326315520,The only good part about this #superbowl so far #Budweiser https://t.co/bwTHbGNTeW,3,0,17,F_BombMom,Jacki Daytona,31,494,The only good part about this #superbowl so far #Budweiser https://t.co/bwTHbGNTeW,4,2,2019
https://twitter.com/MusebyClio/status/1092249413358108672,2019-02-04 02:32:07+00:00,1092249413358108672,Nice to see the @budweiser Clydesdales back in the game after a year away. Everything they're in feels iconic. #SuperClio #SuperBowl https://t.co/B6vyuVjPiX,3,0,9,MusebyClio,Muse by Clio,7442,1019,Nice to see the @budweiser Clydesdales back in the game after a year away. Everything they're in feels iconic. #SuperClio #SuperBowl https://t.co/B6vyuVjPiX,4,2,2019
https://twitter.com/nickgillespie/status/1092249404147421186,2019-02-04 02:32:05+00:00,1092249404147421186,"Between Warhol's old Burger King bit and the use of a Dylan protest song to sell Budweiser, #SuperbOwl is more proof that the Baby Boomers are a generational fatberg clogging the cultural sewers of America.",185,66,952,nickgillespie,Nick Gillespie,109648,3867,"Between Warhol's old Burger King bit and the use of a Dylan protest song to sell Budweiser, #SuperbOwl is more proof that the Baby Boomers are a generational fatberg clogging the cultural sewers of America.",4,2,2019
https://twitter.com/Spokes_Murphy/status/1092249182847582209,2019-02-04 02:31:12+00:00,1092249182847582209,"So, we have Budweiser being brewed via wind power and Bud Light without corn syrup.   Beer commercials are dead. #SuperBowl",1,2,12,Spokes_Murphy,Brian Murphy,2342,1482,"So, we have Budweiser being brewed via wind power and Bud Light without corn syrup. 

Beer commercials are dead. #SuperBowl",4,2,2019
https://twitter.com/brielee/status/1092249105064067072,2019-02-04 02:30:54+00:00,1092249105064067072,"No corn syrup AND powered by wind power?! Take that, hipster craft beer. #SuperBowl #Budweiser",2,1,9,brielee,Brie Berman,326,489,"No corn syrup AND powered by wind power?! Take that, hipster craft beer. #SuperBowl #Budweiser",4,2,2019
https://twitter.com/TommyMcFLY/status/1092249049678471173,2019-02-04 02:30:41+00:00,1092249049678471173,the @Budweiser Clydesdales are also not made with Corn Syrup! 🍺 #SuperBowl https://t.co/PltpaZvi9Z,2,3,16,TommyMcFLY,Tommy McFLY,39028,23414,the @Budweiser Clydesdales are also not made with Corn Syrup! 🍺 #SuperBowl https://t.co/PltpaZvi9Z,4,2,2019
https://twitter.com/SteveDeaceShow/status/1092248989079097344,2019-02-04 02:30:26+00:00,1092248989079097344,"Budweiser’s two #SuperBowl ads were for organic beer and wind power. What’s next, goes well with avocado toast? Who the hell do they think their customer base is?",33,19,241,SteveDeaceShow,Steve Deace,152937,339,"Budweiser’s two #SuperBowl ads were for organic beer and wind power. What’s next, goes well with avocado toast? Who the hell do they think their customer base is?",4,2,2019
https://twitter.com/smoothdude/status/1092248978622767106,2019-02-04 02:30:24+00:00,1092248978622767106,"Could someone remind me what year it is, Andy Warhol is eating Burger King and Bob Dylan is singing a song about Budweiser. #superbowl",1,0,5,smoothdude,Daniel Krieger,4077,667,"Could someone remind me what year it is, Andy Warhol is eating Burger King and Bob Dylan is singing a song about Budweiser. #superbowl",4,2,2019
https://twitter.com/TaotaoTasi/status/1092248889929928704,2019-02-04 02:30:03+00:00,1092248889929928704,Budweiser is fueled by wind power like I'm fueled by lettuce  #SuperBowl,1,0,10,TaotaoTasi,Chamorro 🇲🇵 Dude 🏝 in DC 🦀🐠🦈🐋🦑,4312,1361,"Budweiser is fueled by wind power like I'm fueled by lettuce 
#SuperBowl",4,2,2019
https://twitter.com/martyswant/status/1092248885383319558,2019-02-04 02:30:01+00:00,1092248885383319558,"Between Andy Warhol starring in the Burger King ad and Bob Dylan's song in the Budweiser spot right after it, the '60s are back! #SuperBowl",10,4,74,martyswant,Marty Swant,15099,13751,"Between Andy Warhol starring in the Burger King ad and Bob Dylan's song in the Budweiser spot right after it, the '60s are back! #SuperBowl",4,2,2019
https://twitter.com/Fenway_Nation/status/1092248838256001024,2019-02-04 02:29:50+00:00,1092248838256001024,"Get outta here with that hippie bullshit, Budweiser   #SBLIII #SuperbOwl #Patriots #Rams #NEvsLAR",1,0,1,Fenway_Nation,☘️☘️ Американский Xулиган ☘️☘️,1659,1957,"Get outta here with that hippie bullshit, Budweiser 

#SBLIII #SuperbOwl #Patriots #Rams #NEvsLAR",4,2,2019
https://twitter.com/Charlestonion/status/1092248828332462080,2019-02-04 02:29:48+00:00,1092248828332462080,"Super Bowl fact, the team that has the ball after they show the Budweiser Clydesdales and always scores during that series. #SuperBowl #SBLIII",1,1,4,Charlestonion,Charlestonion,12933,4249,"Super Bowl fact, the team that has the ball after they show the Budweiser Clydesdales and always scores during that series. #SuperBowl #SBLIII",4,2,2019
https://twitter.com/fairleym1999/status/1092248783553990657,2019-02-04 02:29:37+00:00,1092248783553990657,"In the span of 60 seconds we went from Andy Wharhol shilling for Burger King, to Bob Dylan shilling for Budweiser. Truly the Apocalypse is upon us. #SuperBowl #SuperBowlAds",1,0,2,fairleym1999,Matthew Fairley,100,355,"In the span of 60 seconds we went from Andy Wharhol shilling for Burger King, to Bob Dylan shilling for Budweiser. Truly the Apocalypse is upon us. #SuperBowl #SuperBowlAds",4,2,2019
https://twitter.com/SportsRV/status/1092248769385693184,2019-02-04 02:29:34+00:00,1092248769385693184,"When I think Budweiser, I think folk protest songs  #SuperBowl",1,2,6,SportsRV,Ross Villarreal,10743,512,"When I think Budweiser, I think folk protest songs

#SuperBowl",4,2,2019
https://twitter.com/tommyxtopher/status/1092248749127155713,2019-02-04 02:29:29+00:00,1092248749127155713,Cue outrage at Budweiser for warring on coal and trying to ban cannonballs. #SuperBowl,2,1,6,tommyxtopher,Tommy moderna-vaX-Topher,31981,2227,Cue outrage at Budweiser for warring on coal and trying to ban cannonballs. #SuperBowl,4,2,2019
https://twitter.com/ParadeMagazine/status/1092248716520632321,2019-02-04 02:29:21+00:00,1092248716520632321,The Budweiser Clydesdales' 21 Best #SuperBowl Commercials https://t.co/3jZa0OWVZF https://t.co/4zeC4Wz2mK,3,2,7,ParadeMagazine,Parade Magazine,25859,1623,The Budweiser Clydesdales' 21 Best #SuperBowl Commercials bit.ly/2D1SLkw https://t.co/4zeC4Wz2mK,4,2,2019
https://twitter.com/JustJared/status/1092248670416695296,2019-02-04 02:29:10+00:00,1092248670416695296,Watch the Budweiser commercial that just aired during the #SuperBowl https://t.co/guJ9oRuFzw,8,4,33,JustJared,JustJared.com,729151,2931,Watch the Budweiser commercial that just aired during the #SuperBowl justjared.com/2019/02/03/bud…,4,2,2019
https://twitter.com/joshdbrett/status/1092248650112217091,2019-02-04 02:29:05+00:00,1092248650112217091,"Damn, even the annual Budweiser Clydesdales #SuperBowl ad was boring.",1,0,1,joshdbrett,Joshua Brett,827,1174,"Damn, even the annual Budweiser Clydesdales #SuperBowl ad was boring.",4,2,2019
https://twitter.com/SierraClub/status/1092248649806024704,2019-02-04 02:29:05+00:00,1092248649806024704,"The renewable energy behind @AnheuserBusch #SuperBowl ad is Thunder Ranch wind farm, a 300 MW project in Oklahoma. Through its investment in Thunder Ranch wind farm, @AnheuserBusch is generating enough renewable energy to power every Budweiser brewery in the U.S. #BeyondCoal https://t.co/mkw0Nd0QNW",259,17,637,SierraClub,Sierra Club,384420,5503,"The renewable energy behind @AnheuserBusch #SuperBowl ad is Thunder Ranch wind farm, a 300 MW project in Oklahoma. Through its investment in Thunder Ranch wind farm, @AnheuserBusch is generating enough renewable energy to power every Budweiser brewery in the U.S. #BeyondCoal https://t.co/mkw0Nd0QNW",4,2,2019
https://twitter.com/ShroomMeister/status/1092248621339283458,2019-02-04 02:28:58+00:00,1092248621339283458,"And what goes with Burger King? Budweiser beer. Now brewed with wind power, apparently.  That sounds POLITICAL to me. #SuperBowl",1,1,0,ShroomMeister,Healer Shroom @ Video Killed the Casual Fan Star,2661,1235,"And what goes with Burger King?
Budweiser beer. Now brewed with wind power, apparently.

That sounds POLITICAL to me. #SuperBowl",4,2,2019
https://twitter.com/TrooperBenKHP/status/1092248552460484608,2019-02-04 02:28:42+00:00,1092248552460484608,Find yourself a #DesignatedDriver as cool as the @Budweiser dog....  #RideSafe #SuperBowl https://t.co/QOBuOR33UG,12,4,145,TrooperBenKHP,Trooper Ben,84352,80280,"Find yourself a #DesignatedDriver as cool as the @Budweiser dog....

#RideSafe
#SuperBowl https://t.co/QOBuOR33UG",4,2,2019
https://twitter.com/KEBrightbill/status/1092247982894911489,2019-02-04 02:26:26+00:00,1092247982894911489,Budweiser trying to convince us that putting rice in their beer is actually a good thing is proof we're living in a simulation. #superbowl #SuperBowlAds #BrandBowl,2,2,8,KEBrightbill,Kathryn #GoBolts⛈️ Brightbill,11311,3140,Budweiser trying to convince us that putting rice in their beer is actually a good thing is proof we're living in a simulation. #superbowl #SuperBowlAds #BrandBowl,4,2,2019
https://twitter.com/OhMaffew/status/1092245526832205825,2019-02-04 02:16:41+00:00,1092245526832205825,"Between Coke vs Pepsi, Budweiser vs everyone, &amp; Zaxbys vs Chick-fil-A...these commercials are like 90s East Coast vs West Coast rap beefs. #SuperBowl",1,0,9,OhMaffew,MATTMAN 🕶,9537,424,"Between Coke vs Pepsi, Budweiser vs everyone, &amp; Zaxbys vs Chick-fil-A...these commercials are like 90s East Coast vs West Coast rap beefs. #SuperBowl",4,2,2019
https://twitter.com/Rykoshet/status/1092243060187193344,2019-02-04 02:06:53+00:00,1092243060187193344,Budweiser during the #SuperBowl  https://t.co/2xxowBGOer,5,0,7,Rykoshet,Paul LaCen,607,369,"Budweiser during the #SuperBowl

youtube.com/watch?v=BK5ScQ…",4,2,2019
https://twitter.com/ParadeMagazine/status/1092242588575371267,2019-02-04 02:05:00+00:00,1092242588575371267,The Budweiser Clydesdales' 21 Best #SuperBowl Commercials https://t.co/3jZa0OWVZF https://t.co/1Dgr6l0bjC,1,1,4,ParadeMagazine,Parade Magazine,25859,1623,The Budweiser Clydesdales' 21 Best #SuperBowl Commercials bit.ly/2D1SLkw https://t.co/1Dgr6l0bjC,4,2,2019
https://twitter.com/C_Smart_Climate/status/1092240437035847680,2019-02-04 01:56:27+00:00,1092240437035847680,#Budweiser is demonstrating to millions of consumers its commitment to brewing every beer with 100% #renewable energy from wind power.  The company’s ‘Wind Never Felt Better’ commercial is being showcased during #SuperBowl LIII.  #ClimateChangeIsReal  https://t.co/GKD7yWMpu9,1,0,3,C_Smart_Climate,C-Smart Solutions,3103,4934,"#Budweiser is demonstrating to millions of consumers its commitment to brewing every beer with 100% #renewable energy from wind power.

The company’s ‘Wind Never Felt Better’ commercial is being showcased during #SuperBowl LIII.

#ClimateChangeIsReal

theclimategroup.org/news/budweiser…",4,2,2019
https://twitter.com/Arletha/status/1092234285795459072,2019-02-04 01:32:01+00:00,1092234285795459072,Did I miss #Budweiser #Clydesdales commercial? *sigh* #SuperBowl    #HalftimeShow,1,0,0,Arletha,Arletha,256,270,"Did I miss #Budweiser #Clydesdales commercial? *sigh*
#SuperBowl    #HalftimeShow",4,2,2019
https://twitter.com/Bigz723/status/1092233851848572929,2019-02-04 01:30:17+00:00,1092233851848572929,All I know is @Budweiser &amp; @Doritos better bring the 🔥 in the second half! These commercials other than the @NFL have been terrible! Let's go! #SBLIII #SuperBowl #SuperBowlAds #Commercials,1,1,0,Bigz723,AJ,199,3134,All I know is @Budweiser &amp; @Doritos better bring the 🔥 in the second half! These commercials other than the @NFL have been terrible! Let's go! #SBLIII #SuperBowl #SuperBowlAds #Commercials,4,2,2019
https://twitter.com/80sThen80sNow/status/1092228262774956033,2019-02-04 01:08:05+00:00,1092228262774956033,BUD BOWL #1 (1989)  It was 30 Years ago that Budweiser and Bud Light battled it out on the gridiron.  Budweiser would go on to Win the game 27-24 and go 6-2 between 1989 and 1997.  #BudBowl #Budweiser #BudLight #Beer #NFL #SuperBowl #Sports #Patriots #Rams #1980s #80s https://t.co/G2bcar1tfb,23,5,106,80sThen80sNow,80sThen80sNow,129967,115384,"BUD BOWL #1 (1989)

It was 30 Years ago that Budweiser and Bud Light battled it out on the gridiron.  Budweiser would go on to Win the game 27-24 and go 6-2 between 1989 and 1997.

#BudBowl #Budweiser #BudLight #Beer #NFL #SuperBowl #Sports #Patriots #Rams #1980s #80s https://t.co/G2bcar1tfb",4,2,2019
https://twitter.com/fearnot/status/1092227718555549700,2019-02-04 01:05:55+00:00,1092227718555549700,"I won't be buying Budweiser or Pepsi, but damn, 90 seconds skull shaver - Almost wish i didn't have a big fluffy head of hair  #SuperBowl #SuperBowlAds",2,0,3,fearnot,𝙈𝙮𝙨𝙩𝙚𝙧𝙞𝙤𝙨𝙤𝙥𝙝𝙮,2866,3848,"I won't be buying Budweiser or Pepsi, but damn, 90 seconds skull shaver - Almost wish i didn't have a big fluffy head of hair

#SuperBowl #SuperBowlAds",4,2,2019
https://twitter.com/KellyCBS4/status/1092224726716596225,2019-02-04 00:54:02+00:00,1092224726716596225,I think the @Budweiser frogs needs to make a comeback! #SuperBowl https://t.co/dAyQ1Ot9K7,1,0,3,KellyCBS4,Kelly Werthmann 🌻,8144,1586,I think the @Budweiser frogs needs to make a comeback! #SuperBowl twitter.com/SteveStaeger/s…,4,2,2019
https://twitter.com/clather16/status/1092224200738308098,2019-02-04 00:51:56+00:00,1092224200738308098,Interesting that both Budweiser and Stella Artois have used horses in their commercials #SuperBowl https://t.co/kIzbjiHEX5,3,3,16,clather16,Chris Lather,242,557,Interesting that both Budweiser and Stella Artois have used horses in their commercials #SuperBowl https://t.co/kIzbjiHEX5,4,2,2019
https://twitter.com/MirrorTV/status/1092220035341471744,2019-02-04 00:35:23+00:00,1092220035341471744,#GameofThrones #SuperBowl 2019 trailer is hilarious Budweiser crossover https://t.co/RIapt2q8MM https://t.co/EYKYmQ9emI,3,0,19,MirrorTV,Mirror TV,47832,523,"#GameofThrones #SuperBowl 2019 trailer is hilarious Budweiser crossover
mirror.co.uk/tv/tv-news/gam… https://t.co/EYKYmQ9emI",4,2,2019
https://twitter.com/houndsofhope/status/1092218115935485952,2019-02-04 00:27:45+00:00,1092218115935485952,#Dalmatian trains the #Clydesdale - still one of our favorite all-time #SuperBowl ads https://t.co/gZfM8jgLA3 #SuperBowlLlll #Budweiser #dogs,1,0,0,houndsofhope,Hounds of Hope,3103,2261,#Dalmatian trains the #Clydesdale - still one of our favorite all-time #SuperBowl ads youtube.com/watch?v=3r6r-3… #SuperBowlLlll #Budweiser #dogs,4,2,2019
https://twitter.com/DMC_Ryan/status/1092217840332025856,2019-02-04 00:26:40+00:00,1092217840332025856,"Kudos to Budweiser for pulling off that excellent Bud Light/Game of Thrones crossover ad. I wonder how many phone calls that took, and how high up the ladder at HBO it had to go to get approved. #SuperBowl",14,12,263,DMC_Ryan,Ryan McCaffrey,146125,566,"Kudos to Budweiser for pulling off that excellent Bud Light/Game of Thrones crossover ad. I wonder how many phone calls that took, and how high up the ladder at HBO it had to go to get approved. #SuperBowl",4,2,2019
https://twitter.com/TheJoelTruth/status/1092217764054528001,2019-02-04 00:26:22+00:00,1092217764054528001,"No one wants to score in this #SuperBowl, but #Budweiser is way out in front in the battle of the commercials. Surprising #GameOfThrones twist in the last one. Meanwhile, why is #Rams defense treating #Edelman like he has cooties, staying miles away in coverage? #SuperBowlSunday",1,0,0,TheJoelTruth,Joel Schwartzberg,3312,4800,"No one wants to score in this #SuperBowl, but #Budweiser is way out in front in the battle of the commercials. Surprising #GameOfThrones twist in the last one. Meanwhile, why is #Rams defense treating #Edelman like he has cooties, staying miles away in coverage?
#SuperBowlSunday",4,2,2019
https://twitter.com/TheGentYYC/status/1092217496885575680,2019-02-04 00:25:18+00:00,1092217496885575680,"I buy *delicious* local Alberta beer but hats off to Budweiser &amp; genuine corporate leadership. Highlighting this during #SuperBowl  is your latest indicator: the SHIFT to clean energy, circular economy &amp; sustainable society is now as MAINSTREAM as it gets https://t.co/U4WCLPhomU",9,1,16,TheGentYYC,#SHIFT,9254,9625,"I buy *delicious* local Alberta beer but hats off to Budweiser &amp; genuine corporate leadership. Highlighting this during #SuperBowl  is your latest indicator: the SHIFT to clean energy, circular economy &amp; sustainable society is now as MAINSTREAM as it gets cleantechnica.com/2019/02/03/in-…",4,2,2019
https://twitter.com/Kontravercy/status/1092217113555685377,2019-02-04 00:23:46+00:00,1092217113555685377,That #GameOfThrones Budweiser commercial is my favorite #SuperBowl,1,1,1,Kontravercy,A Whole Ass Whore,242,157,That #GameOfThrones Budweiser commercial is my favorite #SuperBowl,4,2,2019
https://twitter.com/MaxBretosSports/status/1092216560062652416,2019-02-04 00:21:34+00:00,1092216560062652416,HBO and Budweiser splitting the Bill for their #SuperBowl commercial. Smart.... save some coin. #GameofThrones,5,2,71,MaxBretosSports,Maximiliano Bretos,40805,2083,HBO and Budweiser splitting the Bill for their #SuperBowl commercial. Smart.... save some coin. #GameofThrones,4,2,2019
https://twitter.com/davidtussey/status/1092216445671481344,2019-02-04 00:21:07+00:00,1092216445671481344,FINALLY...a great commercial. GoT. Love it. Thanks to Budweiser for playing along. Winter is here. #SuperBowlAds #SuperBowl #SuperbowlLVIII,1,0,2,davidtussey,David Tussey,226,693,FINALLY...a great commercial. GoT. Love it. Thanks to Budweiser for playing along. Winter is here. #SuperBowlAds #SuperBowl #SuperbowlLVIII,4,2,2019
https://twitter.com/SeatownCory/status/1092216405301161984,2019-02-04 00:20:58+00:00,1092216405301161984,These commercials suck. Where's the Budweiser clydesdales? #SuperBowl,2,0,2,SeatownCory,SeaTowN,2262,2807,These commercials suck. Where's the Budweiser clydesdales? #SuperBowl,4,2,2019
https://twitter.com/johnvmoore/status/1092216300380872705,2019-02-04 00:20:33+00:00,1092216300380872705,Did Budweiser or HBO pay for that commercial? #Superbowl,1,0,3,johnvmoore,THEE Hercules Mulligan,5049,3903,Did Budweiser or HBO pay for that commercial? #Superbowl,4,2,2019
https://twitter.com/cmclymer/status/1092216205442772992,2019-02-04 00:20:10+00:00,1092216205442772992,"I'm just gonna be honest here: the ""Game of Thrones"" and Budweiser crossover was pointless and badly written. There are so many funny things they could have done with that.  #SuperBowl",19,66,441,cmclymer,Charlotte Clymer 🏳️‍⚧️🇺🇦,383730,6109,"I'm just gonna be honest here: the ""Game of Thrones"" and Budweiser crossover was pointless and badly written. There are so many funny things they could have done with that.

#SuperBowl",4,2,2019
https://twitter.com/Mr_McFly/status/1092215921819582464,2019-02-04 00:19:02+00:00,1092215921819582464,"Ok, so who's running the ""Budweiser as a Corporation Spent Howm Much on #SuperBowl Advertising?"" meter this year?  #3percentSB",1,0,3,Mr_McFly,Gary J. Nix: strategist | #TeamElmo | brand champ,7658,6626,"Ok, so who's running the ""Budweiser as a Corporation Spent Howm Much on #SuperBowl Advertising?"" meter this year?

#3percentSB",4,2,2019
https://twitter.com/Monhill22091/status/1092214864687386625,2019-02-04 00:14:50+00:00,1092214864687386625,Hey @budweiserusa @Budweiser I’m waiting for your #superbowl commercial!!!😁,1,1,3,Monhill22091,Monica Hill,1066,5000,Hey @budweiserusa @Budweiser I’m waiting for your #superbowl commercial!!!😁,4,2,2019
https://twitter.com/EyreBud/status/1092213217756094464,2019-02-04 00:08:18+00:00,1092213217756094464,"For once in my life could there be a Bud heavy commercial? Christ. Have some balls, Budweiser. #SuperBowl",2,1,20,EyreBud,Brendan Eyre,3759,652,"For once in my life could there be a Bud heavy commercial? Christ. Have some balls, Budweiser.
#SuperBowl",4,2,2019
https://twitter.com/TracySchlater/status/1092211567633027072,2019-02-04 00:01:44+00:00,1092211567633027072,Budweiser: the old adage of advertising was that the 1st place brand never mentions the 2nd by name. They named the 2nd and the 3rd. Interested to see how it plays. #SuperBowl,1,0,0,TracySchlater,Tracy,801,1526,Budweiser: the old adage of advertising was that the 1st place brand never mentions the 2nd by name. They named the 2nd and the 3rd. Interested to see how it plays. #SuperBowl,4,2,2019
https://twitter.com/Nick_Hausman/status/1092210963275792385,2019-02-03 23:59:20+00:00,1092210963275792385,"That Budweiser commercial where they made fun of Coors and Miller for brewing with corn syrup was very funny. To be clear, all three are not good beers. Buds got that commercial game on lock though. #DillyDilly #SuperBowl https://t.co/5JvngqNaNN",1,2,5,Nick_Hausman,Nick Hausman,6726,402,"That Budweiser commercial where they made fun of Coors and Miller for brewing with corn syrup was very funny. To be clear, all three are not good beers. Buds got that commercial game on lock though. #DillyDilly #SuperBowl https://t.co/5JvngqNaNN",3,2,2019
https://twitter.com/Rockyonwheels/status/1092207364227452935,2019-02-03 23:45:02+00:00,1092207364227452935,I’m looking forward to the Super Bowl commercials !!!! #superbowlcommercials2019  #SuperBowl  #pepsi #amazon  #budweiser #burgerking #colgate #devour #doritos #hyundai #kia #michelobultra #microsoft #olay  #mrpeanut #pringles #stellaartois #toyota #verizon #cardib #patriots #rams https://t.co/F3wxvNrOI0,4,2,42,Rockyonwheels,Rocky on Wheels,5455,115,"I’m looking forward to the Super Bowl commercials !!!! #superbowlcommercials2019 
#SuperBowl  #pepsi #amazon  #budweiser #burgerking #colgate #devour #doritos #hyundai #kia #michelobultra #microsoft #olay  #mrpeanut #pringles #stellaartois #toyota #verizon #cardib #patriots #rams https://t.co/F3wxvNrOI0",3,2,2019
https://twitter.com/annagrottola_/status/1092202612978536448,2019-02-03 23:26:09+00:00,1092202612978536448,i rate how good the superbowl is based off of how emotional the budweiser commercial makes me,2,1,9,annagrottola_,anna🪐,239,166,i rate how good the superbowl is based off of how emotional the budweiser commercial makes me,3,2,2019
https://twitter.com/bluemassgroup/status/1092200319935807490,2019-02-03 23:17:03+00:00,1092200319935807490,@ClimateGroup @MarcRPacheco @Budweiser @abinbev @SuperBowl Stop supporting ALEC tho https://t.co/1m6dGhrb1O,1,0,1,bluemassgroup,Blue Mass. Group,9221,1400,"@ClimateGroup @MarcRPacheco @Budweiser @abinbev @SuperBowl Stop supporting ALEC tho
newrepublic.com/article/153016…",3,2,2019
https://twitter.com/Goblinshark7/status/1092197680829423619,2019-02-03 23:06:33+00:00,1092197680829423619,Fast doodle of the Budweiser buds🍻 #budweiser #SuperBowl https://t.co/6GPUochu43,2,0,5,Goblinshark7,Goblin_Shark🦇🦈 COMMISSIONS OPEN,124,284,"Fast doodle of the Budweiser buds🍻
#budweiser
#SuperBowl https://t.co/6GPUochu43",3,2,2019
https://twitter.com/storyboardsinc/status/1092193537335058434,2019-02-03 22:50:05+00:00,1092193537335058434,We LOVE the latest @budweiserusa spot by our friends at @DavidTheAgency promoting #RenewableEnergy!!! #WindPower #superbowl #ad #budweiser https://t.co/dGTBkyjDCv,1,0,1,storyboardsinc,Storyboards Inc,881,2113,We LOVE the latest @budweiserusa spot by our friends at @DavidTheAgency promoting #RenewableEnergy!!! #WindPower #superbowl #ad #budweiser twitter.com/Adweek/status/…,3,2,2019
https://twitter.com/ClimateGroup/status/1092188732487217152,2019-02-03 22:31:00+00:00,1092188732487217152,.@Budweiser and @Abinbev are bringing 100% renewable electricity to the @SuperBowl and Atlanta City – great leadership on clean energy #SBLIII #Under2Coalition https://t.co/38AzHWwxEU,6,1,9,ClimateGroup,Climate Group,157747,4129,.@Budweiser and @Abinbev are bringing 100% renewable electricity to the @SuperBowl and Atlanta City – great leadership on clean energy #SBLIII #Under2Coalition bit.ly/budsuperbowl,3,2,2019
https://twitter.com/greennomad61/status/1092188259248164870,2019-02-03 22:29:07+00:00,1092188259248164870,"@ProfStrachan @Budweiser .@budweiserusa might be pro #RenewableEnergy BUT few people know they are also pro #AnimalAbuse #Budweiser proudly supports the horrific #animal RODEOS, bull- riding, calf-roping, horseracing, etc, etc. They are a company that hides A LOT.  #AnimalRights  #SuperBowl",2,0,2,greennomad61,Krasnov,14281,8364,"@ProfStrachan @Budweiser .@budweiserusa might be pro #RenewableEnergy BUT few people know they are also pro #AnimalAbuse
#Budweiser proudly supports the horrific #animal RODEOS, bull- riding, calf-roping, horseracing, etc, etc.
They are a company that hides A LOT.

#AnimalRights 
#SuperBowl",3,2,2019
https://twitter.com/StreamLeague/status/1092181499204562950,2019-02-03 22:02:15+00:00,1092181499204562950,Preparing for the #superbowl with a clean-up and a @Budweiser!  @NFL @cbstv   #jointheleague #streamleague #streamteam #streamleaguebrand #brandgoals #outdoor #clean https://t.co/8uxtEnliWN,1,0,2,StreamLeague,Stream League,183,857,"Preparing for the #superbowl with a clean-up and a @Budweiser!

@NFL @cbstv 

#jointheleague #streamleague #streamteam #streamleaguebrand #brandgoals #outdoor #clean https://t.co/8uxtEnliWN",3,2,2019
https://twitter.com/CNNOpinion/status/1092178283976843264,2019-02-03 21:49:29+00:00,1092178283976843264,".@karaalaimo writes that the #SuperBowl ads that will resonate ""are ones for brands like Budweiser and Bumble that do not just peddle products, but also sent powerful messages... which are top of mind for many Americans."" https://t.co/pZfvJ3zT0g",3,1,3,CNNOpinion,CNN Opinion,102949,435,".@karaalaimo writes that the #SuperBowl ads that will resonate ""are ones for brands like Budweiser and Bumble that do not just peddle products, but also sent powerful messages... which are top of mind for many Americans.""
cnn.com/2019/02/03/opi…",3,2,2019
https://twitter.com/nbcbayarea/status/1092173413987373058,2019-02-03 21:30:08+00:00,1092173413987373058,"Huge brands like Budweiser and Pepsi once again are spending millions of dollars on commercials during #SuperBowl LIII. In fact, they'll be paying a record amount for a 30-second spot: https://t.co/5Y8OBK33I7",1,0,3,nbcbayarea,NBC Bay Area,365646,1526,"Huge brands like Budweiser and Pepsi once again are spending millions of dollars on commercials during #SuperBowl LIII. In fact, they'll be paying a record amount for a 30-second spot: nbcbay.com/JreAtEI",3,2,2019
https://twitter.com/ProfStrachan/status/1092164463741100033,2019-02-03 20:54:34+00:00,1092164463741100033,"“#Wind never felt better""  “Now brewed with #WindPower for a better tomorrow”   Budweiser @Budweiser Pro-#RenewableEnergy #SuperBowl Advertisement  #ClimateChange  #ClimateChangeIsReal  #EnergyTransition  #SustainableEnergy  #Renewables https://t.co/4O3kfClPu0",31,3,44,ProfStrachan,Professor Peter Strachan,18207,421,"“#Wind never felt better""

“Now brewed with #WindPower for a better tomorrow” 

Budweiser @Budweiser Pro-#RenewableEnergy #SuperBowl Advertisement

#ClimateChange 
#ClimateChangeIsReal 
#EnergyTransition 
#SustainableEnergy 
#Renewables twitter.com/mzjacobson/sta…",3,2,2019
https://twitter.com/USCleanPower/status/1092133200170807296,2019-02-03 18:50:20+00:00,1092133200170807296,This Tweet from @USCleanPower has been withheld in response to a report from the copyright holder. Learn more.,69,9,179,USCleanPower,American Clean Power (ACP),80687,11346,This Tweet from @USCleanPower has been withheld in response to a report from the copyright holder. Learn more.,3,2,2019
https://twitter.com/wsbtv/status/1092133115873640448,2019-02-03 18:50:00+00:00,1092133115873640448,Lost Dog Wazzzzuuuup The Budweiser Frogs  These are the top 10 Budweiser #SuperBowl commercials of all-time: https://t.co/45UggyiJs8 https://t.co/kV6u76aDjk,1,0,0,wsbtv,WSB-TV,1200886,2250,"Lost Dog
Wazzzzuuuup
The Budweiser Frogs

These are the top 10 Budweiser #SuperBowl commercials of all-time: 2wsb.tv/2R8INTw https://t.co/kV6u76aDjk",3,2,2019
https://twitter.com/AltUS_ARC/status/1092120882745466880,2019-02-03 18:01:23+00:00,1092120882745466880,@FriendsOScience @Budweiser @SuperBowl @POTUS @FriendsofCoalKY Yes that’s exactly what we want,3,0,7,AltUS_ARC,AltUSARC,54993,1548,@FriendsOScience @Budweiser @SuperBowl @POTUS @FriendsofCoalKY Yes that’s exactly what we want,3,2,2019
https://twitter.com/ssgovforum/status/1092120572258066432,2019-02-03 18:00:09+00:00,1092120572258066432,#Budweiser #Clydesdales Are Back for a #RenewableEnergy Message With a #BobDylan Soundtrack -#SBLIII #SuperBowl #SuperBowlLIII #beer #renewables #renewable #energyefficiency #energyefficiency #energy #commercial #SuperBowlCommercials... https://t.co/CAdCdh8DvE,1,0,2,ssgovforum,SSF,4280,4968,#Budweiser #Clydesdales Are Back for a #RenewableEnergy Message With a #BobDylan Soundtrack -#SBLIII #SuperBowl #SuperBowlLIII #beer #renewables #renewable #energyefficiency #energyefficiency #energy #commercial #SuperBowlCommercials... adweek.it/2FSVBLU,3,2,2019
https://twitter.com/Ogilvy/status/1092120532848267264,2019-02-03 18:00:00+00:00,1092120532848267264,This Tweet from @Ogilvy has been withheld in response to a report from the copyright holder. Learn more.,36,5,205,Ogilvy,Ogilvy,315801,12191,This Tweet from @Ogilvy has been withheld in response to a report from the copyright holder. Learn more.,3,2,2019
https://twitter.com/scheg_lori/status/1092119349484236804,2019-02-03 17:55:18+00:00,1092119349484236804,"Love this. Budweiser commercials are always my favorites during the #SuperBowl...thanks for the ""sneak peek""😎🐎❤. https://t.co/2T6f2rRUEM",4,2,44,scheg_lori,Lori Marie ♥♡❤TWH'S❤♡♥,155,171,"Love this. Budweiser commercials are always my favorites during the #SuperBowl...thanks for the ""sneak peek""😎🐎❤. twitter.com/budweiserusa/s…",3,2,2019
https://twitter.com/FriendsOScience/status/1092119292982714369,2019-02-03 17:55:04+00:00,1092119292982714369,.@Budweiser @SuperBowl @POTUS @FriendsofCoalKY Budweiser is promoting your tax dollars blowing in the wind ppl.  Is that what you want? https://t.co/SrGayBw4KY #ChooseReliablesNotRenewables #coal #naturalgas #nuclear #hydro https://t.co/oZDZepfKgp,6,3,12,FriendsOScience,Friends of Science,40827,16606,.@Budweiser @SuperBowl @POTUS @FriendsofCoalKY Budweiser is promoting your tax dollars blowing in the wind ppl.  Is that what you want? youtu.be/l7ZUiz-vQgA #ChooseReliablesNotRenewables #coal #naturalgas #nuclear #hydro twitter.com/Captbobdad/sta…,3,2,2019
https://twitter.com/AfterFinishLine/status/1092114777067872259,2019-02-03 17:37:08+00:00,1092114777067872259,"Having been to six Super Bowl's, we are watching the game at home this year. Looking forward to seeing a horse of a different breed in the commercials, the #Budweiser Clydesdales. Who's your pick to win #SuperBowl ? The @Patriots or the @RamsNFL? https://t.co/IsAbIRGjrO",2,4,22,AfterFinishLine,AftertheFinishLine,4301,329,"Having been to six Super Bowl's, we are watching the game at home this year. Looking forward to seeing a horse of a different breed in the commercials, the #Budweiser Clydesdales. Who's your pick to win #SuperBowl ? The @Patriots or the @RamsNFL? https://t.co/IsAbIRGjrO",3,2,2019
https://twitter.com/racusick/status/1092086614178873345,2019-02-03 15:45:13+00:00,1092086614178873345,Already my favorite commercial! A beautiful message for a noble cause. #clydesdales #horses #clydesdale #budweiser #superbowl #superbowlcommercial #video #horse #SuperBowl2019 #GameDay #SuperBowlLIII #GoPats #GoRams #SBLIII #Touchdown https://t.co/N2SQxkz5Xd via @MadlyOdd,1,0,2,racusick,Rebecca Cusick,1147,894,Already my favorite commercial! A beautiful message for a noble cause. #clydesdales #horses #clydesdale #budweiser #superbowl #superbowlcommercial #video #horse #SuperBowl2019 #GameDay #SuperBowlLIII #GoPats #GoRams #SBLIII #Touchdown madlyodd.com/?p=89647 via @MadlyOdd,3,2,2019
https://twitter.com/brianmoore666/status/1092076722525229058,2019-02-03 15:05:55+00:00,1092076722525229058,"I thought about getting some Budweiser in for the Superbowl tonight. Then I thought - nah it's shit, so I didn't bother.",120,141,2545,brianmoore666,Brian Moore,268999,967,"I thought about getting some Budweiser in for the Superbowl tonight. Then I thought - nah it's shit, so I didn't bother.",3,2,2019
https://twitter.com/WestPalmPD/status/1092074572705341440,2019-02-03 14:57:22+00:00,1092074572705341440,"https://t.co/x8myVBDyFH No excuse to drive drunk, especially when you have a free ride for you and your car #Superbowl  #savealife #ArriveAlive #Budweiser #towtogo #AAA https://t.co/UR3SXFYglw",4,0,4,WestPalmPD,West Palm Beach Police Department,16866,858,"autoclubsouth.aaa.com/safety/tow_to_… No excuse to drive drunk, especially when you have a free ride for you and your car #Superbowl  #savealife #ArriveAlive #Budweiser #towtogo #AAA https://t.co/UR3SXFYglw",3,2,2019
https://twitter.com/80sSportsNStuff/status/1092068502637371392,2019-02-03 14:33:15+00:00,1092068502637371392,I sense the Patriots will beat the Rams on a last second Hail Mary to Irving Fryar allowing Tony Eason to win Budweiser MVP of the game... #SuperBowl https://t.co/31dZXviGzR,5,3,44,80sSportsNStuff,80s Sports N Stuff,72892,88,"I sense the Patriots will beat the Rams on a last second Hail Mary to Irving Fryar allowing Tony Eason to win Budweiser MVP of the game...
#SuperBowl https://t.co/31dZXviGzR",3,2,2019
https://twitter.com/WilfsPub/status/1092067777450528768,2019-02-03 14:30:22+00:00,1092067777450528768,Superbowl Sunday! Half Priced Skillets until 4:00pm. Half Priced Desserts starting at 4:00pm. Caesar Special $5! BOGO 50% Apps starting at 6:00pm. Budweiser prizes given away at the end of the game! Pints $6.50/ Pitchers $17.50!!  #somanydeals #budweiser https://t.co/6kMiNVfB7V,1,0,1,WilfsPub,Wilf’s Restaurant & Bar,4672,260,Superbowl Sunday! Half Priced Skillets until 4:00pm. Half Priced Desserts starting at 4:00pm. Caesar Special $5! BOGO 50% Apps starting at 6:00pm. Budweiser prizes given away at the end of the game! Pints $6.50/ Pitchers $17.50!!  #somanydeals #budweiser ow.ly/51mm30ny64D,3,2,2019
https://twitter.com/90sManiax/status/1092057702564413440,2019-02-03 13:50:20+00:00,1092057702564413440,Budweiser Frogs Super Bowl Ad (1995)   #Nostalgia #90s #SuperBowl  🐸 https://t.co/bn2pHolQC1,48,3,157,90sManiax,90sManiax,55866,752,"Budweiser Frogs Super Bowl Ad (1995) 

#Nostalgia #90s #SuperBowl  🐸 https://t.co/bn2pHolQC1",3,2,2019
https://twitter.com/IbeerNetwork/status/1091944331894837248,2019-02-03 06:19:50+00:00,1091944331894837248,"And now, they’re making right on that goal: Budweiser recently revealed that they’re brewed with 100 percent wind energy.  https://t.co/bh86jhAFy1 #sustainable #beer #WindEnergy #bud #superbowl https://t.co/ipyIz8CeQ7",2,1,6,IbeerNetwork,Ibeer Network,1499,4056,"And now, they’re making right on that goal: Budweiser recently revealed that they’re brewed with 100 percent wind energy. 
greenmatters.com/renewables/201…
#sustainable #beer #WindEnergy #bud #superbowl https://t.co/ipyIz8CeQ7",3,2,2019
https://twitter.com/SeeSuiteUGA/status/1091883644917039104,2019-02-03 02:18:41+00:00,1091883644917039104,The Battle of Beer Brothers has yet to breach the broader conversation despite @Budweiser ‘s early broadside https://t.co/tS1AayFY5h @UGAGrady @AdPR_UGA #alliteration #superbowl,1,0,4,SeeSuiteUGA,SEE Suite at UGA,451,69,The Battle of Beer Brothers has yet to breach the broader conversation despite @Budweiser ‘s early broadside seesuite.uga.edu/2019/02/03/sup… @UGAGrady @AdPR_UGA #alliteration #superbowl,3,2,2019
