url,Datetime,Tweet Id,Text,Retweet Count,Reply Count,Like Count,Username,Display Name,Followers Count,Friends Count,Rendered Content,Day,Month,Year
https://twitter.com/ipsosus/status/1224474422851010563,2020-02-03 23:27:06+00:00,1224474422851010563,Which #ads had the strongest emotional impact on the audience during the @SuperBowl? @Doritos @Google &amp; @MichelobULTRA were the big winners in Ipsos’ annual ranking of #SuperBowl commercials. See the full rankings here: https://t.co/nXlZKH8NX0 #superbowl2020 #football #mrx,1,0,2,ipsosus,Ipsos US,12305,842,Which #ads had the strongest emotional impact on the audience during the @SuperBowl? @Doritos @Google &amp; @MichelobULTRA were the big winners in Ipsos’ annual ranking of #SuperBowl commercials. See the full rankings here: ipsos.com/en-us/news-pol… #superbowl2020 #football #mrx,3,2,2020
https://twitter.com/KITV4/status/1224460053966618634,2020-02-03 22:30:00+00:00,1224460053966618634,"Boston accents got poked. “Groundhog Day” got – surprise – resurrected, complete with Bill Murray. Google pulled out tears, and Cheetos and Doritos danced. What was your favorite Superbowl commercial? https://t.co/ycC8UGcRTf",1,0,0,KITV4,KITV4,52154,14582,"Boston accents got poked. “Groundhog Day” got – surprise – resurrected, complete with Bill Murray. Google pulled out tears, and Cheetos and Doritos danced.
What was your favorite Superbowl commercial? kitv.com/story/41646433…",3,2,2020
https://twitter.com/CDTrish/status/1224458002117226497,2020-02-03 22:21:51+00:00,1224458002117226497,Best Superbowl commercial? My vote is Cool Ranch Doritos,1,3,4,CDTrish,2BusyBeingFabulous🌈🌈🌈,1637,4993,Best Superbowl commercial? My vote is Cool Ranch Doritos,3,2,2020
https://twitter.com/tizgreen/status/1224450377459748869,2020-02-03 21:51:33+00:00,1224450377459748869,Cool analysis done by @Sprinklr on the brands that had the most compelling social activation campaigns on Twitter during the #Superbowl last night. Congrats to @Pepsi @Doritos and @Google on winning @twitter’s #BestOfTweets #BrandBowl54   https://t.co/XINYhfhVYG,1,2,8,tizgreen,Tiziana LaFata Green,1111,1099,Cool analysis done by @Sprinklr on the brands that had the most compelling social activation campaigns on Twitter during the #Superbowl last night. Congrats to @Pepsi @Doritos and @Google on winning @twitter’s #BestOfTweets #BrandBowl54   marketing.twitter.com/na/en/insights…,3,2,2020
https://twitter.com/nerdsandbeyond/status/1224414858084519937,2020-02-03 19:30:25+00:00,1224414858084519937,The Best Commercials from the 2020 Super Bowl #SuperBowl #Commercials @chrisevans @tombrady @google @johnkrasinski @LilNasX @doritos @jeep https://t.co/5cG01QMlr0 https://t.co/c0GFmJeYHE,6,0,18,nerdsandbeyond,Nerds & Beyond,35258,917,The Best Commercials from the 2020 Super Bowl #SuperBowl #Commercials @chrisevans @tombrady @google @johnkrasinski @LilNasX @doritos @jeep nerdsandbeyond.com/2020/02/03/the… https://t.co/c0GFmJeYHE,3,2,2020
https://twitter.com/C_Whitt15/status/1224411487038406656,2020-02-03 19:17:01+00:00,1224411487038406656,"It’s 2012. Your 1st - 6th period teachers are all making you watch Superbowl commercials for daily credit. Your favorite is the Doritos commercial. Of course it is, write a summary explaining why. Life is good",2,3,52,C_Whitt15,cwhitt,533,338,"It’s 2012. Your 1st - 6th period teachers are all making you watch Superbowl commercials for daily credit. Your favorite is the Doritos commercial. Of course it is, write a summary explaining why. Life is good",3,2,2020
https://twitter.com/Lionel_Trains/status/1224400695345979399,2020-02-03 18:34:08+00:00,1224400695345979399,"Hey @Doritos, can you guess which Super Bowl commercial was our favorite? ;) @LilNasX @billyraycyrus #OldRailroad #OldTownRoad #Parody #Doritos #SuperBowl  https://t.co/7Spoc4Ldz6",3,0,13,Lionel_Trains,Lionel Trains,6052,143,"Hey @Doritos, can you guess which Super Bowl commercial was our favorite? ;) @LilNasX @billyraycyrus #OldRailroad #OldTownRoad #Parody #Doritos #SuperBowl 
youtu.be/pTWC68R883w",3,2,2020
https://twitter.com/BillboardPride/status/1224399653157761024,2020-02-03 18:30:00+00:00,1224399653157761024,"During the #SuperBowl, @LilNasX proved his superior dance skills with his #Doritos ad. Check it out, along with some of our other favorite ads, here: https://t.co/vS5iISiBHm",1,0,2,BillboardPride,billboard pride,41718,492,"During the #SuperBowl, @LilNasX proved his superior dance skills with his #Doritos ad. Check it out, along with some of our other favorite ads, here: billboard.com/articles/news/…",3,2,2020
https://twitter.com/adage/status/1224377444070805504,2020-02-03 17:01:45+00:00,1224377444070805504,Sam Elliott on the making of Doritos' #SuperBowl commercial https://t.co/ljtAUgzkbp https://t.co/VD9drikL9O,1,0,5,adage,Ad Age,1001959,73298,Sam Elliott on the making of Doritos' #SuperBowl commercial ow.ly/KB7350ybA58 https://t.co/VD9drikL9O,3,2,2020
https://twitter.com/FAIRWAYiQ/status/1224369204431917061,2020-02-03 16:29:00+00:00,1224369204431917061,"Okay - let's hear it. Favorite SuperBowl Ad last night?  Comment for other favorites like:  Pringles: “Rick and Morty” Doritos: “The Cool Ranch” Mountain Dew: w/ Bryan Cranston Rocket Mortgage by Quicken Loans: Jason Momoa Amazon -- ""Before Alexa"" w/ Ellen",1,1,2,FAIRWAYiQ,FAIRWAYiQ,1396,2813,"Okay - let's hear it. Favorite SuperBowl Ad last night?

Comment for other favorites like:

Pringles: “Rick and Morty”
Doritos: “The Cool Ranch”
Mountain Dew: w/ Bryan Cranston
Rocket Mortgage by Quicken Loans: Jason Momoa
Amazon -- ""Before Alexa"" w/ Ellen",3,2,2020
https://twitter.com/NicoFOXIL/status/1224361336328609797,2020-02-03 15:57:44+00:00,1224361336328609797,5 best #SuperBowl commercials last night  Doritos: Lil Nas X/Sam Elliot dance off Jeep: Bill Murray/Groundhog Day Cheetos: MC Hammer/Can’t Touch This Mountain Dew: Bryan Cranston/The Shining T-Mobile: Anthony Anderson and Mama,1,0,3,NicoFOXIL,Nico Haeflinger,2609,1497,"5 best #SuperBowl commercials last night

Doritos: Lil Nas X/Sam Elliot dance off
Jeep: Bill Murray/Groundhog Day
Cheetos: MC Hammer/Can’t Touch This
Mountain Dew: Bryan Cranston/The Shining
T-Mobile: Anthony Anderson and Mama",3,2,2020
https://twitter.com/kentjlewis/status/1224355593881899013,2020-02-03 15:34:55+00:00,1224355593881899013,"My #superbowlad Winners: The @Jeep #GroundhogDay, #Jasonmomoa @RocketMortgage and @Amazon #Alexa. Nod to @ChesterCheetah @Doritos and @Kia  Here's a collection of the #Superbowl ads: https://t.co/fs4bmTUr4x",1,0,2,kentjlewis,Kent Lewis 🔥,6342,1976,"My #superbowlad Winners: The @Jeep #GroundhogDay, #Jasonmomoa @RocketMortgage and @Amazon #Alexa. Nod to @ChesterCheetah @Doritos and @Kia 
Here's a collection of the #Superbowl ads:
ow.ly/Zuz750yc1M1",3,2,2020
https://twitter.com/TommySledge/status/1224326577128923136,2020-02-03 13:39:37+00:00,1224326577128923136,"TODAY’s Ad Meter #SuperBowl commercials winner has been announced ... and of course it was Bill Murray 👍🏽👍🏽👏🏽👏🏽:  1) Jeep’s “Groundhog’s Day” 2) Hyundai's ""Smaht Pahk"" 3) Google's ""Loretta” 4) Doritos' ""The Cool Ranch"" 5) Rocket Mortgage's ""Comfortable”  https://t.co/35BtVmV1KQ",8,1,30,TommySledge,T̷R̷O̷Y̷ ̷H̷U̷G̷H̷E̷S̷,27966,491,"TODAY’s Ad Meter #SuperBowl commercials winner has been announced ... and of course it was Bill Murray 👍🏽👍🏽👏🏽👏🏽:

1) Jeep’s “Groundhog’s Day”
2) Hyundai's ""Smaht Pahk""
3) Google's ""Loretta”
4) Doritos' ""The Cool Ranch""
5) Rocket Mortgage's ""Comfortable”

twitter.com/Jeep/status/12…",3,2,2020
https://twitter.com/kfreberg/status/1224316606010052608,2020-02-03 13:00:00+00:00,1224316606010052608,"Lots of takeaways from social media from #SuperBowl, and analysis on brands campaigns such as @Jeep, @MrPeanut, @sprint, @sabra, @hulu, @Doritos, and more.  2020 Super Bowl Social Media Campaign Analysis https://t.co/PofpfSzLnB   #BrandBowl #PlannerBowl https://t.co/UAA3hPbZBv",1,0,3,kfreberg,Karen Freberg • #SMprof • Author • Consultant,9670,3089,"Lots of takeaways from social media from #SuperBowl, and analysis on brands campaigns such as @Jeep, @MrPeanut, @sprint, @sabra, @hulu, @Doritos, and more.

2020 Super Bowl Social Media Campaign Analysis ow.ly/H71u30qexqt 

#BrandBowl #PlannerBowl https://t.co/UAA3hPbZBv",3,2,2020
https://twitter.com/Sheugs/status/1224284563423268864,2020-02-03 10:52:40+00:00,1224284563423268864,Hey #WritersGuildAwards  @SamHeughan deserves an Award for #BestPerformanceByAnAwardsShowPresenter  😂 AMAZING JOB #SamHeughan 🎉🎉🎉 More entertaining than a #Doritos #SuperBowl Commercial  😜😘😘 Hoping that Loren Michaels   might call to discuss hosting #SNL @Outlander_STARZ https://t.co/DRHrnudIvM,12,5,235,Sheugs,Sheugs,15441,4007,"Hey #WritersGuildAwards 
@SamHeughan deserves an Award for #BestPerformanceByAnAwardsShowPresenter 
😂
AMAZING JOB #SamHeughan
🎉🎉🎉
More entertaining than a #Doritos #SuperBowl Commercial 
😜😘😘
Hoping that Loren Michaels   might call to discuss hosting #SNL
@Outlander_STARZ twitter.com/leavesandlatte…",3,2,2020
https://twitter.com/adsoftheworld/status/1224258513934811136,2020-02-03 09:09:10+00:00,1224258513934811136,"Watch that cool moustache move in the Doritos spot: ""The Cool Ranch"" featuring Lil Nas X and Sam Elliott https://t.co/wVa640PGve #SuperBowl @Doritos @GSP https://t.co/FTvimLrG3h",12,0,31,adsoftheworld,Ads of the World™,205139,62958,"Watch that cool moustache move in the Doritos spot: ""The Cool Ranch"" featuring Lil Nas X and Sam Elliott adsoftheworld.com/media/film/dor… #SuperBowl @Doritos @GSP https://t.co/FTvimLrG3h",3,2,2020
https://twitter.com/MarshaCollier/status/1224253581554900992,2020-02-03 08:49:34+00:00,1224253581554900992,"@HollyChessman @UBtalkin @Canuck289 @lorisica @OhMyJet @TweepCrew @McDonalds @Lizzie_McD @bc_news_addict @JackWagner54 @jandis_price @ShiCooks @hulu @JerryRice @Hyundai @Pringles @SuperBowl @GenesisUSA @johnlegend @chrissyteigen @MrPeanut @garyvee @VaynerMedia @hint @shakira @Doritos I'm with Bill, the Doritos made me laugh!",1,0,6,MarshaCollier,Marsha Collier,235243,72192,"@HollyChessman @UBtalkin @Canuck289 @lorisica @OhMyJet @TweepCrew @McDonalds @Lizzie_McD @bc_news_addict @JackWagner54 @jandis_price @ShiCooks @hulu @JerryRice @Hyundai @Pringles @SuperBowl @GenesisUSA @johnlegend @chrissyteigen @MrPeanut @garyvee @VaynerMedia @hint @shakira @Doritos I'm with Bill, the Doritos made me laugh!",3,2,2020
https://twitter.com/vulture/status/1224247095856594944,2020-02-03 08:23:47+00:00,1224247095856594944,"From a Doritos dance battle starring Lil Nas X to a Maisie Williams musical number, these are the best 2020 #SuperBowl ads so far https://t.co/kl7JSGLCYg",2,0,9,vulture,Vulture,514877,998,"From a Doritos dance battle starring Lil Nas X to a Maisie Williams musical number, these are the best 2020 #SuperBowl ads so far vult.re/2uQuaPl",3,2,2020
https://twitter.com/TwitterMktg/status/1224241403045326850,2020-02-03 08:01:10+00:00,1224241403045326850,@Sprinklr @pepsi @Google @Doritos @TUMSOfficial @NFL @OlaySkin @Hyundai The @pantone #BigGameColorCommentary campaign wins our “Connect” award for effectively punting color swatches into popular #SuperBowl football conversation. https://t.co/f6y9UHpvgl,11,2,31,TwitterMktg,Twitter Marketing,1033786,843,@Sprinklr @pepsi @Google @Doritos @TUMSOfficial @NFL @OlaySkin @Hyundai The @pantone #BigGameColorCommentary campaign wins our “Connect” award for effectively punting color swatches into popular #SuperBowl football conversation. twitter.com/pantone/status…,3,2,2020
https://twitter.com/billboard/status/1224203426340462592,2020-02-03 05:30:16+00:00,1224203426340462592,"From @lilnasx's Doritos dance-off to @postmalone's ""brainy"" Bud ad and more, here are the best commercials from the 2020 #SuperBowl  https://t.co/t2vDpLuhUl",28,12,309,billboard,billboard,13603805,3444,"From @lilnasx's Doritos dance-off to @postmalone's ""brainy"" Bud ad and more, here are the best commercials from the 2020 #SuperBowl  trib.al/65H36HP",3,2,2020
https://twitter.com/MSUComArtSci/status/1224194741744689152,2020-02-03 04:55:45+00:00,1224194741744689152,"Our winners for the best rated ads in the #SuperBowl are: 1. Doritos  2. Google 3. Rocket Mortgage 4. Jeep 5. T-Mobile  @michiganstateu AD+PR profs said it was a great game, with even better commercials!  #SuperBowl2020 #MSUperbowl #SuperBowlAd  More: https://t.co/obmENlP4HQ",2,2,13,MSUComArtSci,MSU ComArtSci,6872,1475,"Our winners for the best rated ads in the #SuperBowl are:
1. Doritos 
2. Google
3. Rocket Mortgage
4. Jeep
5. T-Mobile

@michiganstateu AD+PR profs said it was a great game, with even better commercials! 
#SuperBowl2020 #MSUperbowl #SuperBowlAd

More: cas.msu.edu",3,2,2020
https://twitter.com/jasonjwilde/status/1224178146620137473,2020-02-03 03:49:48+00:00,1224178146620137473,"So, what was the best #SuperBowl ad? @Jeep? @Google? @WeatherTech?  @Hyundai? @Doritos? #Adbowl  https://t.co/Zzg6Lc9ZSk",8,23,68,jasonjwilde,Jason Wilde,83174,1898,"So, what was the best #SuperBowl ad? @Jeep? @Google? @WeatherTech?  @Hyundai? @Doritos? #Adbowl 
twitter.com/Jeep/status/12…",3,2,2020
https://twitter.com/BrandiKHOU/status/1224176854153809920,2020-02-03 03:44:40+00:00,1224176854153809920,"OK, game’s over. Best commercials? My votes go to 1) Doritos 2) Google 3) Rocket Mortgage.   What were your faves? https://t.co/b9OZkBvOFg #KHOU11 #HTownRush #SuperBowl #SuperBowlAds",4,34,29,BrandiKHOU,BrandiKHOU,14473,1757,"OK, game’s over. Best commercials? My votes go to 1) Doritos 2) Google 3) Rocket Mortgage. 

What were your faves?
usatoday.com/videos/sports/…
#KHOU11 #HTownRush #SuperBowl #SuperBowlAds",3,2,2020
https://twitter.com/GSDAdvisory/status/1224171278220873728,2020-02-03 03:22:31+00:00,1224171278220873728,"#Doritos, #Google and #Facebook ad runner-ups on the night for me.  #Jeep is the champion.  #SuperBowl #SuperBowlAds #Commercials #SuperBowlCommercials #advertising #Marketing",2,0,3,GSDAdvisory,GSDAdvisory,179,451,"#Doritos, #Google and #Facebook ad runner-ups on the night for me.  #Jeep is the champion.  #SuperBowl #SuperBowlAds #Commercials #SuperBowlCommercials #advertising #Marketing",3,2,2020
https://twitter.com/ktkinsss/status/1224170510495506437,2020-02-03 03:19:28+00:00,1224170510495506437,My favorite commercials from tonight:  @Pringles @MortyBot1  @Google  @PostMalone @budlight  @Doritos  @TheEllenShow @amazon #Alexa  #SuperBowl #SuperBowlLIV #SuperBowl2020,1,0,2,ktkinsss,✨ 𝓚𝓪𝓽𝓲𝓮 ✨,396,1153,"My favorite commercials from tonight:

@Pringles @MortyBot1

@Google

@PostMalone @budlight

@Doritos

@TheEllenShow @amazon #Alexa

#SuperBowl #SuperBowlLIV #SuperBowl2020",3,2,2020
https://twitter.com/tishcyrus/status/1224169047815786496,2020-02-03 03:13:39+00:00,1224169047815786496,I Ain’t Dancin’ 🤠 @billyraycyrus doritos #OTR #superbowl https://t.co/ddXnrzwlsK,5,2,61,tishcyrus,Tish Cyrus,416777,618,I Ain’t Dancin’ 🤠 @billyraycyrus doritos #OTR #superbowl instagram.com/p/B8FtfgNl_Sk/…,3,2,2020
https://twitter.com/jamesclarkeCA/status/1224164706006503428,2020-02-03 02:56:24+00:00,1224164706006503428,And another one! So proud of this team 👏 @RachelFerdinan6 @msolisfrito #LeslieV &amp; Team @gsp @OMD_USA @Doritos @Fritolay #SuperBowlLIV #SuperBowl #SBLIV #Miami #CoolRanchDance 🔥🔥 https://t.co/Lsgn5ZGpo5,1,0,9,jamesclarkeCA,James Clarke,2919,2127,And another one! So proud of this team 👏 @RachelFerdinan6 @msolisfrito #LeslieV &amp; Team @gsp @OMD_USA @Doritos @Fritolay #SuperBowlLIV #SuperBowl #SBLIV #Miami #CoolRanchDance 🔥🔥 https://t.co/Lsgn5ZGpo5,3,2,2020
https://twitter.com/Power106LA/status/1224163045393367041,2020-02-03 02:49:48+00:00,1224163045393367041,#PressPlay: OKKK #LilNasX we see  you doing it big with the #SuperBowl @doritos commercial! 🔥🙌🏽📺 | 🎥: @LilNasX  https://t.co/adHRc3U9qb,1,1,9,Power106LA,Power 106,331395,1598,"#PressPlay: OKKK #LilNasX we see  you doing it big with the #SuperBowl @doritos commercial! 🔥🙌🏽📺 | 🎥: @LilNasX 
https://t.co/adHRc3U9qb",3,2,2020
https://twitter.com/gouldingsmv/status/1224160352327258112,2020-02-03 02:39:06+00:00,1224160352327258112,https://t.co/C9icA6wFZK #SuperBowl #doritos having fun in the wild west.  Monument Valley famous background.,1,0,4,gouldingsmv,Goulding's Lodge - Monument Valley,462,496,"youtu.be/6xVnq31Vk8Y
#SuperBowl #doritos having fun in the wild west.  Monument Valley famous background.",3,2,2020
https://twitter.com/NetflixLifee/status/1224158688782376960,2020-02-03 02:32:29+00:00,1224158688782376960,Watch @theranchnetflix star Sam Elliott in the new Doritos #SuperBowl ad!   #CoolRanchDance   https://t.co/Aib0JI39fG,1,0,17,NetflixLifee,Netflix Life,101687,1595,"Watch @theranchnetflix star Sam Elliott in the new Doritos #SuperBowl ad! 

#CoolRanchDance 

netflixlife.com/2020/02/02/the…",3,2,2020
https://twitter.com/bikeking_19/status/1224158510155325440,2020-02-03 02:31:47+00:00,1224158510155325440,Dogs and doritos are the only good superbowl commercials.,1,0,2,bikeking_19,Andrew Pieper,509,503,Dogs and doritos are the only good superbowl commercials.,3,2,2020
https://twitter.com/SabineResists/status/1224155767948726272,2020-02-03 02:20:53+00:00,1224155767948726272,Gotta say @Doritos with @LilNasX and #samelliott #CoolRanchDance my favorite commercial for #SuperBowl   #SuperBowl2020 #SuperBowlCommercials https://t.co/tOtYB0frzz,5,0,12,SabineResists,Sabine🇺🇦,28203,26982,"Gotta say @Doritos with @LilNasX and #samelliott #CoolRanchDance my favorite commercial for #SuperBowl 

#SuperBowl2020
#SuperBowlCommercials https://t.co/tOtYB0frzz",3,2,2020
https://twitter.com/GeoffTBlosat/status/1224155679449108480,2020-02-03 02:20:32+00:00,1224155679449108480,"Via @Zoomph, during the 3rd quarter of #SuperBowl, the conversation around #BabyNut &amp; @MrPeanut led brand conversation. @Doritos &amp; #CoolRanchDance had the most talked about commercial unique to the quarter. @CashApp &amp; #CashAppHalftime had the biggest digital activation. #smsports https://t.co/0AlPbOg2pB",2,1,12,GeoffTBlosat,Geoffrey Blosat,4281,3328,"Via @Zoomph, during the 3rd quarter of #SuperBowl, the conversation around #BabyNut &amp; @MrPeanut led brand conversation. @Doritos &amp; #CoolRanchDance had the most talked about commercial unique to the quarter. @CashApp &amp; #CashAppHalftime had the biggest digital activation. #smsports https://t.co/0AlPbOg2pB",3,2,2020
https://twitter.com/NeonMidori/status/1224155325248331778,2020-02-03 02:19:07+00:00,1224155325248331778,"@CultureCrave OMG!@!!  This.  Is.  Amazing.   I laughed the happy laugh, I smiled, my heart smiled. This was so sweet, fun, amazing and I LOVED every second of it ALL!! #LoveIt #Doritos #DoritosAd #SuperBowl #SuperBowl2020",1,0,7,NeonMidori,NeonMidori,552,1352,"@CultureCrave OMG!@!!  This.  Is.  Amazing.   I laughed the happy laugh, I smiled, my heart smiled. This was so sweet, fun, amazing and I LOVED every second of it ALL!! #LoveIt #Doritos #DoritosAd #SuperBowl #SuperBowl2020",3,2,2020
https://twitter.com/iSassafras/status/1224155072650776582,2020-02-03 02:18:07+00:00,1224155072650776582,🐎 The only thing that tops Sam Elliot ♥️ in a commercial is a dancing horse! #Doritos  #SuperBowl #SuperBowlLIV #BestSuperBowlCommercial  https://t.co/95cKCQTrYU,1,1,4,iSassafras,Ϯஐ รครรคfгครร Ϯஐ,2367,1760,🐎 The only thing that tops Sam Elliot ♥️ in a commercial is a dancing horse! #Doritos  #SuperBowl #SuperBowlLIV #BestSuperBowlCommercial  https://t.co/95cKCQTrYU,3,2,2020
https://twitter.com/cbetancourtPR/status/1224154985417596932,2020-02-03 02:17:46+00:00,1224154985417596932,Best social cross-brand response! @AvosFromMexico @Doritos #adbowl #sb54 #SuperBowl #superbowlads https://t.co/I3Tc0H9tfn,2,0,2,cbetancourtPR,Christian Betancourt,4434,2679,Best social cross-brand response! @AvosFromMexico @Doritos #adbowl #sb54 #SuperBowl #superbowlads twitter.com/AvosFromMexico…,3,2,2020
https://twitter.com/goshdarnit_ed/status/1224154271786119178,2020-02-03 02:14:56+00:00,1224154271786119178,Sam Elliott wins. I will never not think about this. #SuperBowl #doritos https://t.co/mviQv9e8qU,1,0,1,goshdarnit_ed,Izzie || bisexuals are valid,548,263,"Sam Elliott wins. I will never not think about this.
#SuperBowl #doritos twitter.com/GeekVibesNatio…",3,2,2020
https://twitter.com/UBtalkin/status/1224153101550194688,2020-02-03 02:10:17+00:00,1224153101550194688,This Tweet from @UBtalkin has been withheld in response to a report from the copyright holder. Learn more.,3,2,5,UBtalkin,Uncle Bill 🌎,7159,6072,This Tweet from @UBtalkin has been withheld in response to a report from the copyright holder. Learn more.,3,2,2020
https://twitter.com/debbiescott24/status/1224151987807227905,2020-02-03 02:05:52+00:00,1224151987807227905,Can I just watch #SamElloitt dance some more #SuperBowlAd #SuperBowl @Doritos,1,0,2,debbiescott24,Debbie De La Rosa,1699,2746,Can I just watch #SamElloitt dance some more #SuperBowlAd #SuperBowl @Doritos,3,2,2020
https://twitter.com/hand_of_god77/status/1224151890788782086,2020-02-03 02:05:29+00:00,1224151890788782086,I say it now Sam Elliott wins the super bowl with this @LilNasX @billyraycyrus @billboard #SuperBowl  @Doritos https://t.co/ZajlYcoFIn,1,0,4,hand_of_god77,Perry Mark Anglin,419,409,I say it now Sam Elliott wins the super bowl with this @LilNasX @billyraycyrus @billboard #SuperBowl  @Doritos https://t.co/ZajlYcoFIn,3,2,2020
https://twitter.com/m2angels2/status/1224151843363704832,2020-02-03 02:05:17+00:00,1224151843363704832,This Tweet from @m2angels2 has been withheld in response to a report from the copyright holder. Learn more.,3,0,16,m2angels2,Marian,38,644,This Tweet from @m2angels2 has been withheld in response to a report from the copyright holder. Learn more.,3,2,2020
https://twitter.com/KidsWildRide/status/1224151704519749633,2020-02-03 02:04:44+00:00,1224151704519749633,Doritos TRICK SHOTS Super Bowl 54 Parody. #doritos @doritos #superbowl https://t.co/auYnxYCdjz via @YouTube,2,0,4,KidsWildRide,KWR,610,643,Doritos TRICK SHOTS Super Bowl 54 Parody. #doritos @doritos #superbowl youtu.be/UWlwfDjtIZY via @YouTube,3,2,2020
https://twitter.com/sblaskovich/status/1224151556737654784,2020-02-03 02:04:09+00:00,1224151556737654784,Back to the food n bev commercials after bedtime stories with a 3-year-old:  🍺 Loved @postmalone in the @budlight #SuperBowl commercial.  👏  Claps for Sam Elliott’s dancing mustache in the #OldTownRoad @Doritos commercial.,1,0,5,sblaskovich,Sarah Blaskovich,15917,3049,"Back to the food n bev commercials after bedtime stories with a 3-year-old:

🍺 Loved @postmalone in the @budlight #SuperBowl commercial.

👏  Claps for Sam Elliott’s dancing mustache in the #OldTownRoad @Doritos commercial.",3,2,2020
https://twitter.com/ispottv/status/1224151537695391745,2020-02-03 02:04:04+00:00,1224151537695391745,"During the 3rd quarter of the #SuperBowl, @Doritos featured @LilNasX  facing off Sam Elliott in a dancing duel. And the song-- you guessed it. #OldTownRoad, with @billyraycyrus making a cameo at the end. Watch it again in the #iSpotSuperBowl Ad Center: https://t.co/kEhdS5MjFC https://t.co/jDxMn1v2Os",1,0,1,ispottv,iSpot.tv,4176,2878,"During the 3rd quarter of the #SuperBowl, @Doritos featured @LilNasX  facing off Sam Elliott in a dancing duel. And the song-- you guessed it. #OldTownRoad, with @billyraycyrus making a cameo at the end.
Watch it again in the #iSpotSuperBowl Ad Center:
ispot.tv/ad/ZEj8/dorito… https://t.co/jDxMn1v2Os",3,2,2020
https://twitter.com/doubleabattry/status/1224151513788047360,2020-02-03 02:03:59+00:00,1224151513788047360,@LilNasX @Doritos Can u really imagine going from sleeping on the floor of ur sis's house to being advertised at the superbowl in a matter of a couple years?  YOU CANT (well at least I cant lol) Good motivation tho 👌,3,1,145,doubleabattry,YUNG DURACLL,2511,993,@LilNasX @Doritos Can u really imagine going from sleeping on the floor of ur sis's house to being advertised at the superbowl in a matter of a couple years?  YOU CANT (well at least I cant lol) Good motivation tho 👌,3,2,2020
https://twitter.com/LisaOFScotts/status/1224151480925425665,2020-02-03 02:03:51+00:00,1224151480925425665,♥️This♥️  AND #Doritos   #SuperBowl #Commercials https://t.co/UMhw5shdol,1,0,5,LisaOFScotts,Lisa🇺🇸👸🏻🐶🐅💙,383,175,"♥️This♥️

AND #Doritos 

#SuperBowl #Commercials twitter.com/ComicBook/stat…",3,2,2020
https://twitter.com/katethemuse/status/1224151411031756801,2020-02-03 02:03:34+00:00,1224151411031756801,"Hot take: the @LilNasX and Sam Elliot dance off was the collab I didn't know I needed. Respect, @Doritos. Way to speak to the kids. #SuperBowl",1,0,3,katethemuse,✨Kate✨,706,1247,"Hot take: the @LilNasX and Sam Elliot dance off was the collab I didn't know I needed. Respect, @Doritos. Way to speak to the kids. #SuperBowl",3,2,2020
https://twitter.com/barbrajean3215/status/1224151319931424775,2020-02-03 02:03:12+00:00,1224151319931424775,LOVED the Sam Elliot and @LilNasX  @Doritos commercial. THE BEST @SuperBowl  commercial EVER!!!,1,0,2,barbrajean3215,Barbara,21,59,LOVED the Sam Elliot and @LilNasX  @Doritos commercial. THE BEST @SuperBowl  commercial EVER!!!,3,2,2020
https://twitter.com/RanchoCenturion/status/1224151288327204864,2020-02-03 02:03:05+00:00,1224151288327204864,Hey @Doritos how’s we do? #CoolRanchDance @LilNasX @dodo #fieldgoal #niners #horse #horses #funnyanimals #cuteanimals #funny #superbowl #SuperBowlCommercials #SuperBowlLIV #SuperBowl2020 #superbowlcommercial #niners @MIASBLIV #ranchocenturion @49ers @NinersNation @TheEllenShow https://t.co/Pv8yLb7RYa,1,1,7,RanchoCenturion,Rancho Centurion,341,842,Hey @Doritos how’s we do? #CoolRanchDance @LilNasX @dodo #fieldgoal #niners #horse #horses #funnyanimals #cuteanimals #funny #superbowl #SuperBowlCommercials #SuperBowlLIV #SuperBowl2020 #superbowlcommercial #niners @MIASBLIV #ranchocenturion @49ers @NinersNation @TheEllenShow https://t.co/Pv8yLb7RYa,3,2,2020
https://twitter.com/CWJohnsonJr1/status/1224150331648626691,2020-02-03 01:59:17+00:00,1224150331648626691,The MVP of #SuperBowl54 is Sam Elliot's mustach. #doritos #SuperBowl #SuperBowlCommercials #SuperBowlCommercial,1,0,3,CWJohnsonJr1,"C W. Johnson, Jr.",267,565,The MVP of #SuperBowl54 is Sam Elliot's mustach. #doritos #SuperBowl #SuperBowlCommercials #SuperBowlCommercial,3,2,2020
https://twitter.com/theUSC/status/1224149936155111424,2020-02-03 01:57:43+00:00,1224149936155111424,"""Dance off, bro. You and me!""   -Lil Nas X and Sam Elliott for Doritos at the #SuperBowl   https://t.co/4LEG0PxZo4",6,0,33,theUSC,Kirk Hollingsworth,8311,7801,"""Dance off, bro. You and me!"" 

-Lil Nas X and Sam Elliott for Doritos at the #SuperBowl 

twitter.com/Doritos/status…",3,2,2020
https://twitter.com/PaulaFeese/status/1224149749235843074,2020-02-03 01:56:58+00:00,1224149749235843074,#SuperBowLIV  SuperBowl commercials 1 Jeep 2 Amazon 3 Doritos  Honorable mention for Inspirational #KIA   https://t.co/zLROj0sH4X,1,0,2,PaulaFeese,Paula Feese 🐾💅🏼👠🧶☕️,2256,740,"#SuperBowLIV

SuperBowl commercials 1 Jeep 2 Amazon 3 Doritos  Honorable mention for Inspirational #KIA

 https://t.co/zLROj0sH4X",3,2,2020
https://twitter.com/StevenASnow/status/1224149594789089280,2020-02-03 01:56:21+00:00,1224149594789089280,The Doritos commercial was BS. No way Sam Elliot could’ve lost with mustache moves like that. It was more impressive then the halftime show  #doritos #CoolRanchDance #SuperBowl,1,0,2,StevenASnow,Steven Anthony,158,861,The Doritos commercial was BS. No way Sam Elliot could’ve lost with mustache moves like that. It was more impressive then the halftime show  #doritos #CoolRanchDance #SuperBowl,3,2,2020
https://twitter.com/Deggans/status/1224149515072163840,2020-02-03 01:56:02+00:00,1224149515072163840,"I know he probably had a stunt guy, but I really want to believe Sam Elliott did all that dancing himself for that Doritos ad with Lil Nas X. #superbowl https://t.co/V8IPJWASIu",3,4,78,Deggans,Eric Deggans at NPR,40475,6796,"I know he probably had a stunt guy, but I really want to believe Sam Elliott did all that dancing himself for that Doritos ad with Lil Nas X. #superbowl https://t.co/V8IPJWASIu",3,2,2020
https://twitter.com/tyldil204/status/1224149412684947456,2020-02-03 01:55:38+00:00,1224149412684947456,Mood: Sam Elliot’s mustache dancing to Old Town Road #SuperBowl  #Doritos https://t.co/dTxTGhzsOC,24,1,98,tyldil204,Tyler Dilbeck,322,192,Mood: Sam Elliot’s mustache dancing to Old Town Road #SuperBowl  #Doritos twitter.com/Doritos/status…,3,2,2020
https://twitter.com/neenjames/status/1224149143515467776,2020-02-03 01:54:34+00:00,1224149143515467776,This had me giggling so hard - that moustache! https://t.co/xx2SeCLcfO #SuperBowl @Doritos @Tombstone_Coors,2,0,2,neenjames,Neen James,28295,11298,This had me giggling so hard - that moustache! youtube.com/watch?v=9OpuHa… #SuperBowl @Doritos @Tombstone_Coors,3,2,2020
https://twitter.com/OHGP_/status/1224149036787294208,2020-02-03 01:54:08+00:00,1224149036787294208,@PastorTroyDSGB’ underaged son: Fuck Doritos   Pastor Troy: that’s right son.   🙄#SuperBowl #LilNasX #PastorTroy,1,0,1,OHGP_,OhHoneyGirlPlease,50,92,"@PastorTroyDSGB’ underaged son: Fuck Doritos 

Pastor Troy: that’s right son. 

🙄#SuperBowl #LilNasX #PastorTroy",3,2,2020
https://twitter.com/LynnCatWalters/status/1224148889403559937,2020-02-03 01:53:33+00:00,1224148889403559937,@RottenTomatoes @Doritos  Tasty! #SamElliott #SuperBowlAd #SuperBowl https://t.co/nsyR1WMGUy,1,1,0,LynnCatWalters,Lynn Cathryn Walters,18457,20345,"@RottenTomatoes @Doritos 
Tasty!
#SamElliott
#SuperBowlAd
#SuperBowl https://t.co/nsyR1WMGUy",3,2,2020
https://twitter.com/CultureCrave/status/1224148436624166912,2020-02-03 01:51:45+00:00,1224148436624166912,Sam Elliot and Lil Nas X having a cowboy dance off for Doritos is the best #SuperBowl commercial yet  https://t.co/JPL1R1iLG1,693,35,3047,CultureCrave,Culture Crave 🍿,456685,112,Sam Elliot and Lil Nas X having a cowboy dance off for Doritos is the best #SuperBowl commercial yet  twitter.com/Doritos/status…,3,2,2020
https://twitter.com/cathyolig/status/1224148119400730624,2020-02-03 01:50:29+00:00,1224148119400730624,#Google made me cry and Doritos made me laugh. Always love horses in ads #adbowl #SuperBowl #brandbowl https://t.co/w6vMfPzXBG,17,2,142,cathyolig,Cathy Olig,704,1133,#Google made me cry and Doritos made me laugh. Always love horses in ads #adbowl #SuperBowl #brandbowl twitter.com/Doritos/status…,3,2,2020
https://twitter.com/NCTexRealEstate/status/1224148110164873216,2020-02-03 01:50:27+00:00,1224148110164873216,#SamElliot mustache wins best Super Bowl commercial moment so far #Doritos #SuperBowl #SuperBowlAd #SuperBowLIV https://t.co/MO4Z2YJUOL,2,0,1,NCTexRealEstate,Nicole Comer Real Estate,475,262,#SamElliot mustache wins best Super Bowl commercial moment so far #Doritos #SuperBowl #SuperBowlAd #SuperBowLIV https://t.co/MO4Z2YJUOL,3,2,2020
https://twitter.com/hooperstarium/status/1224148100006076417,2020-02-03 01:50:25+00:00,1224148100006076417,Now @LilNasX is the real 'Urban Cowboy' eat your heart out Travolta @Doritos #SuperBowl https://t.co/tVUX3rvbJO,2,0,13,hooperstarium,hoopstah,47,48,Now @LilNasX is the real 'Urban Cowboy' eat your heart out Travolta @Doritos #SuperBowl https://t.co/tVUX3rvbJO,3,2,2020
https://twitter.com/mssrfcali/status/1224148085527285760,2020-02-03 01:50:21+00:00,1224148085527285760,"I’m calling it, the @Doritos commercial is the best! LOL! Love @LilNasX  #SamElliott dance off. Sam’s horse says no way! Haha! 🏈🎶🐴🦓 #SuperBowl #SuperBowlLIV #SuperBowlCommercial",1,0,7,mssrfcali,Stephanie,8673,272,"I’m calling it, the @Doritos commercial is the best! LOL! Love @LilNasX  #SamElliott dance off. Sam’s horse says no way! Haha! 🏈🎶🐴🦓 #SuperBowl #SuperBowlLIV #SuperBowlCommercial",3,2,2020
https://twitter.com/nikitamarceau/status/1224148026211565569,2020-02-03 01:50:07+00:00,1224148026211565569,Sam Elliot is still the coolest cowboy EVER🤠 #SuperBowl #doritos https://t.co/7ICHS1e8ej,3,2,17,nikitamarceau,Nikita♏Marceau,1267,636,Sam Elliot is still the coolest cowboy EVER🤠 #SuperBowl #doritos https://t.co/7ICHS1e8ej,3,2,2020
https://twitter.com/db/status/1224148013330915331,2020-02-03 01:50:04+00:00,1224148013330915331,Lil Nas X is having the best year ever! Come on Doritos commercial. 💸 #Superbowl https://t.co/GlcWRqQ9Tn,1,0,5,db,Däm,9794,132,Lil Nas X is having the best year ever! Come on Doritos commercial. 💸 #Superbowl https://t.co/GlcWRqQ9Tn,3,2,2020
https://twitter.com/CaroleLowe/status/1224147902181720064,2020-02-03 01:49:38+00:00,1224147902181720064,Lil Nas X and Sam Elliott I the Doritos commercial for the win! #SuperBowl,1,6,12,CaroleLowe,Carole Lowe,1858,1096,"Lil Nas X and Sam Elliott I the Doritos commercial for the win!
#SuperBowl",3,2,2020
https://twitter.com/RanchoCenturion/status/1224147895143657473,2020-02-03 01:49:36+00:00,1224147895143657473,Hey @LilNasX how’d we do? #coolranchdance @Doritos #horses #dancinghorses #whogotnext #horse #funnyanimals #cuteanimals #dance #LilNasX #SuperBowlCommercial #superbowlcommercials2020 @TheEllenShow @MIASBLIV @dodo #ranchocenturion #dancechallenge #superbowl #funny #cool #nicehorse https://t.co/IZZ4yQs22t,1,1,7,RanchoCenturion,Rancho Centurion,341,842,Hey @LilNasX how’d we do? #coolranchdance @Doritos #horses #dancinghorses #whogotnext #horse #funnyanimals #cuteanimals #dance #LilNasX #SuperBowlCommercial #superbowlcommercials2020 @TheEllenShow @MIASBLIV @dodo #ranchocenturion #dancechallenge #superbowl #funny #cool #nicehorse https://t.co/IZZ4yQs22t,3,2,2020
https://twitter.com/glenncowham/status/1224147871525634053,2020-02-03 01:49:30+00:00,1224147871525634053,The Doritos commercial with Sam Elliot is the leader so far...    That was funny.  But the Cheetos commercial with Hammer is a close Second...  #SuperBowl,1,0,1,glenncowham,"Glenn Cowham, IV",86,386,The Doritos commercial with Sam Elliot is the leader so far...    That was funny.  But the Cheetos commercial with Hammer is a close Second...  #SuperBowl,3,2,2020
https://twitter.com/ComicBook/status/1224147859106336768,2020-02-03 01:49:27+00:00,1224147859106336768,"""Dance off, bro. You and me!""   -Lil Nas X and Sam Elliott for Doritos at the #SuperBowl   https://t.co/ufc5CRE2Rm",180,10,677,ComicBook,ComicBook.com,322483,626,"""Dance off, bro. You and me!"" 

-Lil Nas X and Sam Elliott for Doritos at the #SuperBowl 

twitter.com/Doritos/status…",3,2,2020
https://twitter.com/LMontefusco/status/1224147836775936001,2020-02-03 01:49:22+00:00,1224147836775936001,Most delicious thing about that #SuperBowl @Doritos commercial...#samelliott Yum!,1,0,4,LMontefusco,Linda Montefusco,333,264,Most delicious thing about that #SuperBowl @Doritos commercial...#samelliott Yum!,3,2,2020
https://twitter.com/TBecStrength/status/1224147826721951745,2020-02-03 01:49:20+00:00,1224147826721951745,"Doritos Superbowl commercial with @LilNasX, Sam Elliott and @billyraycyrus was best one in years. Lol",3,0,13,TBecStrength,Torre Becton,5628,870,"Doritos Superbowl commercial with @LilNasX, Sam Elliott and @billyraycyrus was best one in years. Lol",3,2,2020
https://twitter.com/georgeinboise/status/1224147803233865728,2020-02-03 01:49:14+00:00,1224147803233865728,Sam Elliott’s mustache made that commercial awesome! #SuperBowl #doritos,1,0,1,georgeinboise,George Seybold,3956,3886,Sam Elliott’s mustache made that commercial awesome! #SuperBowl #doritos,3,2,2020
https://twitter.com/KelloggSchool/status/1224147779964096512,2020-02-03 01:49:08+00:00,1224147779964096512,One of the biggest laughs in the room tonight came from the @Doritos #CoolRanchDance spot. Clearly grabbed the attention of our #SuperBowl Ad Review panel.    What did you think? #KelloggBowl,1,4,20,KelloggSchool,Kellogg School,223583,2160,"One of the biggest laughs in the room tonight came from the @Doritos #CoolRanchDance spot. Clearly grabbed the attention of our #SuperBowl Ad Review panel.  

What did you think? #KelloggBowl",3,2,2020
https://twitter.com/chicagoannie26/status/1224147688163246084,2020-02-03 01:48:47+00:00,1224147688163246084,#Doritos #coolranchdance - LOVED IT! #sb54 #SuperBowlAd  #SuperBowl,1,0,2,chicagoannie26,chicagoannie,431,283,#Doritos #coolranchdance - LOVED IT! #sb54 #SuperBowlAd  #SuperBowl,3,2,2020
https://twitter.com/FlipFlopsChels/status/1224147657880416257,2020-02-03 01:48:39+00:00,1224147657880416257,Doritos and Old Town new favorite. 😂 #SuperBowl https://t.co/nVWN59NXwu,2,0,4,FlipFlopsChels,Chelsea,732,1006,Doritos and Old Town new favorite. 😂 #SuperBowl https://t.co/nVWN59NXwu,3,2,2020
https://twitter.com/_TaylorNTurner/status/1224147630038622208,2020-02-03 01:48:33+00:00,1224147630038622208,"Lil Nas X, Sam Elliott &amp; Doritos won the #SuperBowl #SuperBowlAd https://t.co/M1icKsTyPF",2,0,5,_TaylorNTurner,Taylor Turner,2694,1862,"Lil Nas X, Sam Elliott &amp; Doritos won the #SuperBowl #SuperBowlAd twitter.com/Phil_Lewis_/st…",3,2,2020
https://twitter.com/stevemcmahon13/status/1224147625903054848,2020-02-03 01:48:32+00:00,1224147625903054848,Me watching Sam Elliott do a Doritos Super Bowl ad with Billy Ray Cyrus. #Doritos #SamElliott #SuperBowl #SuperBowlAd https://t.co/Muqjnb6iU3,2,0,3,stevemcmahon13,Steve McMahon,1349,633,Me watching Sam Elliott do a Doritos Super Bowl ad with Billy Ray Cyrus. #Doritos #SamElliott #SuperBowl #SuperBowlAd https://t.co/Muqjnb6iU3,3,2,2020
https://twitter.com/GreenEyedLilo/status/1224147625622081536,2020-02-03 01:48:32+00:00,1224147625622081536,The Lil' Nas X/Sam Elliott Doritos commercial gave me a chuckle. #AdBowl #SuperBowl,1,0,3,GreenEyedLilo,Jayelle #IStandWithBubba 🇺🇸🏳️‍🌈💖💜💙,5308,5659,The Lil' Nas X/Sam Elliott Doritos commercial gave me a chuckle. #AdBowl #SuperBowl,3,2,2020
https://twitter.com/GeekVibesNation/status/1224147581523124224,2020-02-03 01:48:21+00:00,1224147581523124224,Check out the extended @Doritos #SuperBowl commercial featuring @LilNasX and Sam Elliot  https://t.co/oC81Jqozw5,87,5,213,GeekVibesNation,Geek Vibes Nation,57492,9286,Check out the extended @Doritos #SuperBowl commercial featuring @LilNasX and Sam Elliot  twitter.com/Doritos/status…,3,2,2020
https://twitter.com/ReecieColbert/status/1224147475537317889,2020-02-03 01:47:56+00:00,1224147475537317889,This @LilNasX Doritos #SuperBowl commercial is another huge hit with the Black great auntie &amp; uncle crowd here 💃🏾💃🏾💃🏾 https://t.co/tX9AaRQtYJ,27,26,286,ReecieColbert,Reecie @BlackWomenViews,99450,9812,This @LilNasX Doritos #SuperBowl commercial is another huge hit with the Black great auntie &amp; uncle crowd here 💃🏾💃🏾💃🏾 twitter.com/LilNasX/status…,3,2,2020
https://twitter.com/PLMSalon/status/1224147460966297600,2020-02-03 01:47:52+00:00,1224147460966297600,Loved @LilNasX and Sam Elliot in @Doritos commercial during #SuperBowlAd  ~ #SuperBowl @LatinoNGayUSA  @Roldanjjr,1,0,1,PLMSalon,PRIME LATINO MEDIA,433,364,Loved @LilNasX and Sam Elliot in @Doritos commercial during #SuperBowlAd  ~ #SuperBowl @LatinoNGayUSA  @Roldanjjr,3,2,2020
https://twitter.com/yagot2believe/status/1224147458667810816,2020-02-03 01:47:52+00:00,1224147458667810816,Did you enjoy this year's @Doritos and #Cheetos #SuperBowl ads by @GSP ? Watch this @Adweek vid to find out how they were made 👇 https://t.co/OSmxajoAC6,3,0,8,yagot2believe,Breana (Bray-Ahh-Na),553,750,"Did you enjoy this year's @Doritos and #Cheetos #SuperBowl ads by @GSP ? Watch this @Adweek vid to find out how they were made 👇
youtu.be/_m8ZWFKGIJc",3,2,2020
https://twitter.com/actuallylab/status/1224147416229785601,2020-02-03 01:47:42+00:00,1224147416229785601,#SamElliott and #LilNasX Doritos commercial was Every. Darn. Thing. #SuperBowl,1,0,12,actuallylab,Lynzy 🌷🍀🌷,1360,394,#SamElliott and #LilNasX Doritos commercial was Every. Darn. Thing. #SuperBowl,3,2,2020
https://twitter.com/kfreberg/status/1224147392754262016,2020-02-03 01:47:36+00:00,1224147392754262016,"@doritos has always had great commercials for the #SuperBowl, but this one:  -Provides a creative collaboration -Integrates dance and music into the commercial and CTA -Integrates product w/ concept of cool being key to brand and community.  #BrandBowl #Freberg20 https://t.co/gETGoJH4SX",1,0,7,kfreberg,Karen Freberg • #SMprof • Author • Consultant,9670,3089,"@doritos has always had great commercials for the #SuperBowl, but this one:

-Provides a creative collaboration
-Integrates dance and music into the commercial and CTA
-Integrates product w/ concept of cool being key to brand and community.

#BrandBowl #Freberg20 twitter.com/Doritos/status…",3,2,2020
https://twitter.com/DAVIDCARROLL3/status/1224147385925894144,2020-02-03 01:47:35+00:00,1224147385925894144,"Well, it's over. @LilNasX &amp; #SamElliott just won #SuperBowl #doritos",1,3,37,DAVIDCARROLL3,David Carroll,17022,1533,"Well, it's over. @LilNasX &amp; #SamElliott just won #SuperBowl #doritos",3,2,2020
https://twitter.com/LegalSojourner/status/1224147385640800256,2020-02-03 01:47:34+00:00,1224147385640800256,"Ok, that @LilNasX @Doritos commercial is one of my favorites! Get it! #SuperBowl #SuperBowlAd #SuperBowlLIV #IGotTheHorsesInTheBack",1,0,1,LegalSojourner,BETTY BOOPING ON CHRIS ROCK'S HEAD,2586,4932,"Ok, that @LilNasX @Doritos commercial is one of my favorites! Get it! #SuperBowl #SuperBowlAd #SuperBowlLIV #IGotTheHorsesInTheBack",3,2,2020
https://twitter.com/RoseusAmor/status/1224147383367471109,2020-02-03 01:47:34+00:00,1224147383367471109,That doritos commercial was 🔥 #SuperBowlCommercial #superbowlcommercials2020 #SuperBowl https://t.co/LoOMkdGfV2,2,0,9,RoseusAmor,Hadassah,142,55,That doritos commercial was 🔥 #SuperBowlCommercial #superbowlcommercials2020 #SuperBowl https://t.co/LoOMkdGfV2,3,2,2020
https://twitter.com/Kevkellam/status/1224147370818134017,2020-02-03 01:47:31+00:00,1224147370818134017,Cowboy horses watching that Doritos dance off old west video ad #SuperBowl #SuperBowlAd https://t.co/6WjZheTtGm,1,0,3,Kevkellam,Kevin 'Heff' Kellam,2999,1669,"Cowboy horses watching that Doritos dance off old west video ad
#SuperBowl #SuperBowlAd https://t.co/6WjZheTtGm",3,2,2020
https://twitter.com/KrystensKitchen/status/1224147369370865665,2020-02-03 01:47:31+00:00,1224147369370865665,Ahhhh @LilNasX &amp; #samelliott @Doritos #coolranchdance was great! Especially the mustache! Hah   #SuperBowl  #superbowl2020 #SF #sf49ers #SuperBowlCommercial https://t.co/WHZOsb79Us,2,0,11,KrystensKitchen,Krysten’s Kitchen #EXPOWEST,3404,4070,"Ahhhh @LilNasX &amp; #samelliott @Doritos #coolranchdance was great! Especially the mustache! Hah 

#SuperBowl  #superbowl2020 #SF #sf49ers #SuperBowlCommercial https://t.co/WHZOsb79Us",3,2,2020
https://twitter.com/jocelynmccabe/status/1224147360348917760,2020-02-03 01:47:28+00:00,1224147360348917760,"OK, @Doritos, way to bring the cross-generational funny! #coolranch #adbowl #brandbowl #SuperBowl #thehorsesaidneigh",1,0,8,jocelynmccabe,"Jocelyn McCabe, APR",1131,2425,"OK, @Doritos, way to bring the cross-generational funny! #coolranch #adbowl #brandbowl #SuperBowl #thehorsesaidneigh",3,2,2020
https://twitter.com/KaylinTrychon/status/1224147345006305283,2020-02-03 01:47:25+00:00,1224147345006305283,Wowowowow the cool ranch @Doritos commercial 🔥🔥🔥🔥#CoolRanchDance #SuperBowl https://t.co/epQGabi5v5,1,0,8,KaylinTrychon,Kaylin Trychon,2230,1633,Wowowowow the cool ranch @Doritos commercial 🔥🔥🔥🔥#CoolRanchDance #SuperBowl https://t.co/epQGabi5v5,3,2,2020
https://twitter.com/MrUntactical/status/1224147334927454208,2020-02-03 01:47:22+00:00,1224147334927454208,#CoolRanch @Doritos gets a win with #SamElliott's caterpillar mustache and some guy in black younger people may know. @SuperBowl #Commercials,1,0,1,MrUntactical,Mr. Untactical,468,808,#CoolRanch @Doritos gets a win with #SamElliott's caterpillar mustache and some guy in black younger people may know. @SuperBowl #Commercials,3,2,2020
https://twitter.com/MalikaGhosh/status/1224147334034001928,2020-02-03 01:47:22+00:00,1224147334034001928,❤️ #CoolRanchDance #SuperBowl so far my fav @Doritos @LilNasX https://t.co/rArzyH4pCt,2,0,5,MalikaGhosh,Malika Garrett,12187,843,❤️ #CoolRanchDance #SuperBowl so far my fav @Doritos @LilNasX twitter.com/LilNasX/status…,3,2,2020
https://twitter.com/ANeverlandDream/status/1224147286613221376,2020-02-03 01:47:11+00:00,1224147286613221376,I loved that @LilNasX #doritos commercial 😭🤣 #SuperBowl,2,1,2,ANeverlandDream,𝒮𝒽𝒶𝓎 𝓈𝑜 𝒟𝒜𝒩𝒢𝐸𝑅𝒪𝒰𝒮,6225,3593,I loved that @LilNasX #doritos commercial 😭🤣 #SuperBowl,3,2,2020
https://twitter.com/TyszkaTech/status/1224147274407784448,2020-02-03 01:47:08+00:00,1224147274407784448,I swear to god...  Doritos makes the best Superbowl commercials  #SuperBowl #CoolRanchDance #SuperBowlAd https://t.co/TsbFX0CXX1,3,1,35,TyszkaTech,Ian Tyszka,50,497,"I swear to god...

Doritos makes the best Superbowl commercials

#SuperBowl #CoolRanchDance #SuperBowlAd https://t.co/TsbFX0CXX1",3,2,2020
https://twitter.com/smarsh91/status/1224147262042824706,2020-02-03 01:47:05+00:00,1224147262042824706,Doritos cool ranch #SuperBowl ad with Lil Nas and “Old Town Road” was good. @Doritos always brings it for the Super Bowl!,1,0,5,smarsh91,Steven Marsh,290,445,Doritos cool ranch #SuperBowl ad with Lil Nas and “Old Town Road” was good. @Doritos always brings it for the Super Bowl!,3,2,2020
https://twitter.com/Det_Blondi/status/1224147247652376577,2020-02-03 01:47:02+00:00,1224147247652376577,@Doritos for the win! #SuperBowl #CoolRanchDance https://t.co/luo51ZfRU3,1,0,1,Det_Blondi,⭐DetroitBlondi⭐,742,1995,@Doritos for the win! #SuperBowl #CoolRanchDance twitter.com/Doritos/status…,3,2,2020
https://twitter.com/RrustyBell/status/1224147218107707392,2020-02-03 01:46:55+00:00,1224147218107707392,Superbowl Doritos commercial - like that one. Sam FTW.,1,0,2,RrustyBell,Rusty Bell,74,101,Superbowl Doritos commercial - like that one. Sam FTW.,3,2,2020
https://twitter.com/JoeLeydon/status/1224147218011185152,2020-02-03 01:46:54+00:00,1224147218011185152,Greatest. Super. Bowl. Commercial. Ever. @LilNasX #SamElliott @billyraycyrus @Doritos #SuperBowlAd #SuperBowl,1,0,1,JoeLeydon,Joe Leydon,4813,2703,Greatest. Super. Bowl. Commercial. Ever. @LilNasX #SamElliott @billyraycyrus @Doritos #SuperBowlAd #SuperBowl,3,2,2020
https://twitter.com/latinostrategy/status/1224147214504587265,2020-02-03 01:46:54+00:00,1224147214504587265,Yea!!!! @Doritos just took the lead....#NFL100 #SuperBowl #Commercials,2,0,4,latinostrategy,Luis Alvarado,4745,2814,Yea!!!! @Doritos just took the lead....#NFL100 #SuperBowl #Commercials,3,2,2020
https://twitter.com/Platinum_Crush/status/1224147214429233153,2020-02-03 01:46:54+00:00,1224147214429233153,"Finally, #Doritos, coolest commercial of the #SuperBowl 😍",1,0,3,Platinum_Crush,Platinum Crush,387,634,"Finally, #Doritos, coolest commercial of the #SuperBowl 😍",3,2,2020
https://twitter.com/MeganAnnRebekah/status/1224147211317018628,2020-02-03 01:46:53+00:00,1224147211317018628,@LilNasX @Doritos commercial #SuperBowl #SuperBowlAd The horse was like nah man!! https://t.co/jWnYYSDona,1,0,2,MeganAnnRebekah,🇨🇻✨MeganAnnRebekah✨🇨🇻,729,1573,@LilNasX @Doritos commercial #SuperBowl #SuperBowlAd The horse was like nah man!! https://t.co/jWnYYSDona,3,2,2020
https://twitter.com/AndreaNordgren/status/1224147205184880641,2020-02-03 01:46:51+00:00,1224147205184880641,I am here for @LilNasX @Doritos and Sam Elliot #CoolRanch. Nicely done.  #adworkers #brandbowl #3PercentSB #SuperBowl #SuperBowlLIV #SuperBowl2020,1,0,7,AndreaNordgren,Andrea Nordgren,2159,2696,"I am here for @LilNasX @Doritos and Sam Elliot #CoolRanch. Nicely done.

#adworkers #brandbowl #3PercentSB #SuperBowl #SuperBowlLIV #SuperBowl2020",3,2,2020
https://twitter.com/mindy_welch/status/1224147198885158913,2020-02-03 01:46:50+00:00,1224147198885158913,#CoolRanch - Doritos. You did good. A fan favorite so far! #SuperBowl,2,0,6,mindy_welch,Mindy Welch,507,443,#CoolRanch - Doritos. You did good. A fan favorite so far! #SuperBowl,3,2,2020
https://twitter.com/DylanFMackinnon/status/1224147190597156865,2020-02-03 01:46:48+00:00,1224147190597156865,Doritos always delivers a great Superbowl Ad. Sam Elliot having a dance off with Lil Nas is just more proof of that.,1,1,2,DylanFMackinnon,Dylan MacKinnon,612,1092,Doritos always delivers a great Superbowl Ad. Sam Elliot having a dance off with Lil Nas is just more proof of that.,3,2,2020
https://twitter.com/JosieCrawford/status/1224147185585049601,2020-02-03 01:46:47+00:00,1224147185585049601,BAAAHAHAHA! Good one @Doritos #OldTownRoad #SuperBowl,1,0,2,JosieCrawford,Josie Crawford,845,1930,BAAAHAHAHA! Good one @Doritos #OldTownRoad #SuperBowl,3,2,2020
https://twitter.com/TheGildedJester/status/1224147180992090112,2020-02-03 01:46:46+00:00,1224147180992090112,Doritos wins  #SuperBowl  #GoNiners  #ChiefsKingdom  @Doritos https://t.co/CjsaLdkhlL,1,5,22,TheGildedJester,The Gilded Jester,3857,210,"Doritos wins

#SuperBowl 
#GoNiners 
#ChiefsKingdom 
@Doritos https://t.co/CjsaLdkhlL",3,2,2020
https://twitter.com/Bill_Shea19/status/1224147177863249920,2020-02-03 01:46:45+00:00,1224147177863249920,"Not been wowed by #SuperBowl commercials, but I did chuckle at the Doritos spot with Sam Elliott and his mustache doing an Old West dance-off with Little Nas X.",1,1,22,Bill_Shea19,Bill Shea,9910,2384,"Not been wowed by #SuperBowl commercials, but I did chuckle at the Doritos spot with Sam Elliott and his mustache doing an Old West dance-off with Little Nas X.",3,2,2020
https://twitter.com/Ad2DC/status/1224147164659580929,2020-02-03 01:46:42+00:00,1224147164659580929,I mustache WHAT is going on right now @LilNasX @Doritos #SuperBowl #SuperBowlAd,1,0,5,Ad2DC,Ad 2 DC,2414,1014,I mustache WHAT is going on right now @LilNasX @Doritos #SuperBowl #SuperBowlAd,3,2,2020
https://twitter.com/jjauthor/status/1224147149786505216,2020-02-03 01:46:38+00:00,1224147149786505216,Ok @Doritos just stepped up to first. #SuperBowl #SuperBowlAds https://t.co/sspkaBNlz8,1,1,9,jjauthor,Janie Johnson - America is Exceptional,194676,66725,Ok @Doritos just stepped up to first. #SuperBowl #SuperBowlAds twitter.com/jjauthor/statu…,3,2,2020
https://twitter.com/sxeishorty/status/1224147149774082050,2020-02-03 01:46:38+00:00,1224147149774082050,#Doritos Old Town Road best as so far  #SuperBowl  #SuperBowl2020,1,0,0,sxeishorty,kharla,522,703,#Doritos Old Town Road best as so far  #SuperBowl  #SuperBowl2020,3,2,2020
https://twitter.com/moviefreakgirl/status/1224147149748785152,2020-02-03 01:46:38+00:00,1224147149748785152,This @Doritos commercial wins! #thatmustachegotmoves #SuperBowl,1,0,0,moviefreakgirl,The MANDYlorian,405,461,This @Doritos commercial wins! #thatmustachegotmoves #SuperBowl,3,2,2020
https://twitter.com/_LXE7/status/1224147148142514177,2020-02-03 01:46:38+00:00,1224147148142514177,@doritos  HAVE THE BEST COMMERCIALS EVERY YEAR #SuperBowl @LilNasX YOU KILLED IT 🔥!!!,3,0,3,_LXE7,LXE7,1122,331,@doritos  HAVE THE BEST COMMERCIALS EVERY YEAR #SuperBowl @LilNasX YOU KILLED IT 🔥!!!,3,2,2020
https://twitter.com/tariq_ahmad/status/1224147117171789834,2020-02-03 01:46:30+00:00,1224147117171789834,Lil Nas X/Doritos commercial was awesome. #SuperBowl,1,1,6,tariq_ahmad,Tariq Ahmad,8797,4902,Lil Nas X/Doritos commercial was awesome. #SuperBowl,3,2,2020
https://twitter.com/LaWandaYPeters/status/1224147111756861441,2020-02-03 01:46:29+00:00,1224147111756861441,Best commercial everrrrrrrr #Doritos #SuperBowLIV  #SuperBowl #LilNasX,1,0,1,LaWandaYPeters,LaWanda Y Peters (Apostle),4334,2208,Best commercial everrrrrrrr #Doritos #SuperBowLIV  #SuperBowl #LilNasX,3,2,2020
https://twitter.com/shesomajor/status/1224147100453232643,2020-02-03 01:46:26+00:00,1224147100453232643,Lil Nas X and that @Doritos won. Best commercial! #SuperBowl,1,1,1,shesomajor,Sherice,1991,1186,Lil Nas X and that @Doritos won. Best commercial! #SuperBowl,3,2,2020
https://twitter.com/brandonwrites/status/1224147096778964992,2020-02-03 01:46:26+00:00,1224147096778964992,The collaboration I never knew I needed in my life. That @LilNasX and Sam Elliott ad for Doritos was great! #superbowl,1,0,1,brandonwrites,Brandon Schuster,1638,1624,The collaboration I never knew I needed in my life. That @LilNasX and Sam Elliott ad for Doritos was great! #superbowl,3,2,2020
https://twitter.com/brittalex9/status/1224147087836745728,2020-02-03 01:46:23+00:00,1224147087836745728,Doritos comercial is my fav hands down #doritos #SuperBowl #SuperBowlAd,1,0,2,brittalex9,britt,313,574,Doritos comercial is my fav hands down #doritos #SuperBowl #SuperBowlAd,3,2,2020
https://twitter.com/lorisica/status/1224147080983216130,2020-02-03 01:46:22+00:00,1224147080983216130,@Canuck289 @UBtalkin @OhMyJet @TweepCrew @HollyChessman @McDonalds @Lizzie_McD @bc_news_addict @JackWagner54 @jandis_price @MarshaCollier @ShiCooks @hulu @JerryRice @Hyundai @Pringles @SuperBowl @GenesisUSA @johnlegend @chrissyteigen @MrPeanut @garyvee @VaynerMedia @hint @shakira Anybody catch the #doritos nod to the Grammys,1,2,2,lorisica,lori sica,6816,7498,@Canuck289 @UBtalkin @OhMyJet @TweepCrew @HollyChessman @McDonalds @Lizzie_McD @bc_news_addict @JackWagner54 @jandis_price @MarshaCollier @ShiCooks @hulu @JerryRice @Hyundai @Pringles @SuperBowl @GenesisUSA @johnlegend @chrissyteigen @MrPeanut @garyvee @VaynerMedia @hint @shakira Anybody catch the #doritos nod to the Grammys,3,2,2020
https://twitter.com/JacquiInWI/status/1224147077904699392,2020-02-03 01:46:21+00:00,1224147077904699392,Sam Elliot #SuperBowl     Doritos ad.. the BEST!!,1,0,1,JacquiInWI,☮︎🌻💙💛Jacqui 💙💛🌻☮︎,5823,5890,Sam Elliot #SuperBowl     Doritos ad.. the BEST!!,3,2,2020
https://twitter.com/dhaimes/status/1224147065967525888,2020-02-03 01:46:18+00:00,1224147065967525888,Doritos Cool Ranch ad is looking one of the better ones in a pretty pooor field. #SuperBowl,1,1,1,dhaimes,David Haimes,2360,1349,"Doritos Cool Ranch ad is looking one of the better ones in a pretty pooor field.
#SuperBowl",3,2,2020
https://twitter.com/MatthewStefanTV/status/1224147062578528256,2020-02-03 01:46:17+00:00,1224147062578528256,"#SuperBowl commercials: Lil Nas X, Sam Elliott team up for Doritos ad https://t.co/rKHBPk330k",6,3,39,MatthewStefanTV,Matthew Stefan,14978,4614,"#SuperBowl commercials: Lil Nas X, Sam Elliott team up for Doritos ad cartermatt.com/393031/super-b…",3,2,2020
https://twitter.com/MattSoleyn/status/1224147055326769152,2020-02-03 01:46:16+00:00,1224147055326769152,Great ad here with Lil Nas X! #SuperBowl #SBLIV #tv #Doritos #CoolRanchDance,1,0,1,MattSoleyn,Matt Soleyn,2550,4423,Great ad here with Lil Nas X! #SuperBowl #SBLIV #tv #Doritos #CoolRanchDance,3,2,2020
https://twitter.com/KathrynHalberg/status/1224147052059295745,2020-02-03 01:46:15+00:00,1224147052059295745,Old Town Road. Hell to the yes. 😂 What I've come to expect from Doritos.  They did not disappoint. #brandbowl #SuperBowl,1,0,0,KathrynHalberg,Author Kathryn Halberg,1650,694,"Old Town Road. Hell to the yes. 😂
What I've come to expect from Doritos. 
They did not disappoint. #brandbowl #SuperBowl",3,2,2020
https://twitter.com/ShadowKazie/status/1224147041254825984,2020-02-03 01:46:12+00:00,1224147041254825984,That Lil Nas X Doritos commercial is in the Top 5. #SuperBowl,1,0,6,ShadowKazie,Kazie 🤙🏾,704,1000,That Lil Nas X Doritos commercial is in the Top 5. #SuperBowl,3,2,2020
https://twitter.com/Just_smith693/status/1224147039547727872,2020-02-03 01:46:12+00:00,1224147039547727872,Doritos. Amazing again. I love it #freberg20 #SuperBowl,1,0,3,Just_smith693,Justin Smith,97,570,Doritos. Amazing again. I love it #freberg20 #SuperBowl,3,2,2020
https://twitter.com/TrivWorks/status/1224147037647667202,2020-02-03 01:46:11+00:00,1224147037647667202,That Doritos Old Town Road commercial... #SuperBowl https://t.co/oSmhWCu2lO,1,0,4,TrivWorks,TrivWorks,19186,9593,That Doritos Old Town Road commercial... #SuperBowl https://t.co/oSmhWCu2lO,3,2,2020
https://twitter.com/Meghan2150/status/1224147036691402752,2020-02-03 01:46:11+00:00,1224147036691402752,Doritos commercial so far is the best 🤣 #CoolRanchDance #SuperBowl,1,0,2,Meghan2150,Meghan Lynn,252,584,Doritos commercial so far is the best 🤣 #CoolRanchDance #SuperBowl,3,2,2020
https://twitter.com/turbotax/status/1224147035776929793,2020-02-03 01:46:11+00:00,1224147035776929793,.@Doritos We got next. What do you think of our #W2Step? #CoolRanchDance   #AllPeopleAreTaxPeople #SuperBowl https://t.co/MT8wdnccm0,3,1,20,turbotax,Intuit TurboTax,63204,927,".@Doritos We got next. What do you think of our #W2Step? #CoolRanchDance 

#AllPeopleAreTaxPeople #SuperBowl https://t.co/MT8wdnccm0",3,2,2020
https://twitter.com/JacketsLindsey/status/1224147034388815872,2020-02-03 01:46:11+00:00,1224147034388815872,Doritos always comes through with great Super Bowl commercials #SuperBowl,3,2,32,JacketsLindsey,Lindsey - #80 🇱🇻,5414,824,Doritos always comes through with great Super Bowl commercials #SuperBowl,3,2,2020
https://twitter.com/TSUtorres8/status/1224147031259852800,2020-02-03 01:46:10+00:00,1224147031259852800,The Old Town Road Doritos commercial was hilarious too! #SuperBowl #SuperBowLIV #SuperBowlCommercial,1,0,4,TSUtorres8,Sam Torres🤘,1198,658,The Old Town Road Doritos commercial was hilarious too! #SuperBowl #SuperBowLIV #SuperBowlCommercial,3,2,2020
https://twitter.com/Captaintakeyoh0/status/1224147022619561985,2020-02-03 01:46:08+00:00,1224147022619561985,"Right when yall thought they was done wit Old Town Road, Doritos pull up wit it on the superbowl https://t.co/fc794Bt3bl",1,0,1,Captaintakeyoh0,Lightskin Keith David,27,89,"Right when yall thought they was done wit Old Town Road, Doritos pull up wit it on the superbowl https://t.co/fc794Bt3bl",3,2,2020
https://twitter.com/shannon_chyanne/status/1224147019629060096,2020-02-03 01:46:07+00:00,1224147019629060096,I WILL ALWAYS LOVE THE DORITOS SUPERBOWL COMMERCIALS ! They never disappoint,1,0,1,shannon_chyanne,shannon™,409,661,I WILL ALWAYS LOVE THE DORITOS SUPERBOWL COMMERCIALS ! They never disappoint,3,2,2020
https://twitter.com/beckey_fick/status/1224147016986583046,2020-02-03 01:46:07+00:00,1224147016986583046,That @Doritos commercial just won the Superbowl,3,1,23,beckey_fick,Beckey Pearl,221,468,That @Doritos commercial just won the Superbowl,3,2,2020
https://twitter.com/Balldinho/status/1224147016009289729,2020-02-03 01:46:06+00:00,1224147016009289729,Doritos May have taken the lead for best #SuperBowl commercial,1,0,1,Balldinho,B͎ä͎l͎l͎d͎i͎ñ͎h͎ö͎ ™ ,1425,532,Doritos May have taken the lead for best #SuperBowl commercial,3,2,2020
https://twitter.com/YuGiOhFan2019/status/1224147015397007361,2020-02-03 01:46:06+00:00,1224147015397007361,".@Doritos nailed it with ""Old Town Road."" #SuperBowl",1,0,4,YuGiOhFan2019,"Brandon Taylor 🎵I'm a cat, I go meow meow meow🎵",129,2100,".@Doritos nailed it with ""Old Town Road."" #SuperBowl",3,2,2020
https://twitter.com/janewells/status/1224147014063132672,2020-02-03 01:46:06+00:00,1224147014063132672,Ok Sam Elliott takes the lead so far. The dancing mustache made my night. #Doritos #SuperBowl,3,15,106,janewells,janewells,115370,1452,Ok Sam Elliott takes the lead so far. The dancing mustache made my night. #Doritos #SuperBowl,3,2,2020
https://twitter.com/djenders/status/1224147013882859520,2020-02-03 01:46:06+00:00,1224147013882859520,"OMG, I am loving that @LilNasX is in the #Superbowl with @Doritos. I'm still not sick of #OldTownRoad.   #ADPR4300 #Adworkers #Brandbowl",1,2,2,djenders,Dennis Jenders,2562,607,"OMG, I am loving that @LilNasX is in the #Superbowl with @Doritos. I'm still not sick of #OldTownRoad. 

#ADPR4300 #Adworkers #Brandbowl",3,2,2020
https://twitter.com/mikedeeeznutz/status/1224146981636968449,2020-02-03 01:45:58+00:00,1224146981636968449,#doritos and #LittleCaesarsDelivers both with great commercials #SuperBowl #SuperBowlAd,1,0,1,mikedeeeznutz,💥Mike'Tavius💥,500,3339,#doritos and #LittleCaesarsDelivers both with great commercials #SuperBowl #SuperBowlAd,3,2,2020
https://twitter.com/Seanlofficial/status/1224146980227756034,2020-02-03 01:45:58+00:00,1224146980227756034,Doritos got that Old Town Road money 💰🔥👏🏼 #SuperBowl,4,1,8,Seanlofficial,SΞAN,12373,4548,Doritos got that Old Town Road money 💰🔥👏🏼 #SuperBowl,3,2,2020
https://twitter.com/StrngsdeReeside/status/1224146968496214016,2020-02-03 01:45:55+00:00,1224146968496214016,Been waiting for the #Doritos commercial and it didn’t disappoint #SuperBowl,1,0,3,StrngsdeReeside,Will Reeside,176,286,Been waiting for the #Doritos commercial and it didn’t disappoint #SuperBowl,3,2,2020
https://twitter.com/onemillioncubs/status/1224146950368497664,2020-02-03 01:45:51+00:00,1224146950368497664,Wow! Doritos #CoolRanchDance is up there. That was a really good commercial break. #SuperBowl,1,2,14,onemillioncubs,onemillioncubs,12741,6717,Wow! Doritos #CoolRanchDance is up there. That was a really good commercial break. #SuperBowl,3,2,2020
https://twitter.com/beardedbudda/status/1224146949567213568,2020-02-03 01:45:50+00:00,1224146949567213568,@PeetsJason nice superbowl commercial man always new you loved Doritos,1,1,1,beardedbudda,Chef Buddha,200,916,@PeetsJason nice superbowl commercial man always new you loved Doritos,3,2,2020
https://twitter.com/adage/status/1224146946992082945,2020-02-03 01:45:50+00:00,1224146946992082945,Sam Elliott talks to Ad Age about the making of the Doritos #SuperBowl commercial and working with Lil Nas X. https://t.co/dZu92ndz7x,27,4,118,adage,Ad Age,1001959,73298,Sam Elliott talks to Ad Age about the making of the Doritos #SuperBowl commercial and working with Lil Nas X. adage.com/article/specia…,3,2,2020
https://twitter.com/SarahJPrimo/status/1224146937785483265,2020-02-03 01:45:48+00:00,1224146937785483265,Doritos does it again!  #SuperBowl,1,0,1,SarahJPrimo,Sarah Primo,173,451,Doritos does it again!  #SuperBowl,3,2,2020
https://twitter.com/WayneHawg/status/1224146927798890496,2020-02-03 01:45:45+00:00,1224146927798890496,Doritos just won the #SuperBowl,1,0,10,WayneHawg,BlackSheep,2190,1939,Doritos just won the #SuperBowl,3,2,2020
https://twitter.com/Getthebagcoach/status/1224146904537358336,2020-02-03 01:45:40+00:00,1224146904537358336,Doritos always always have the best Superbowl Commercial,4,1,1,Getthebagcoach,Maybe: Jacoby,6483,3408,Doritos always always have the best Superbowl Commercial,3,2,2020
https://twitter.com/Adweek/status/1224146900988854272,2020-02-03 01:45:39+00:00,1224146900988854272,"For his first on-camera commercial in over 40 years, Sam Elliott is starring alongside Lil Nas X in Doritos’ 60-second #SuperBowl 54 spot. https://t.co/EokX4WdWAI",96,17,460,Adweek,Adweek,688971,26488,"For his first on-camera commercial in over 40 years, Sam Elliott is starring alongside Lil Nas X in Doritos’ 60-second #SuperBowl 54 spot. adweek.com/agencies/sam-e…",3,2,2020
https://twitter.com/yeaitseggtime/status/1224146889743962117,2020-02-03 01:45:36+00:00,1224146889743962117,seeing lil nas x dance battle an old dude in a Doritos commercial has definitely been the highlight of the superbowl thus far,2,1,16,yeaitseggtime,c,1,32,seeing lil nas x dance battle an old dude in a Doritos commercial has definitely been the highlight of the superbowl thus far,3,2,2020
https://twitter.com/Marquayna98/status/1224146886505959429,2020-02-03 01:45:35+00:00,1224146886505959429,This Doritos commercial 😂😍 #SuperBowl,1,0,1,Marquayna98,Marquayna🖤✨,8729,4983,This Doritos commercial 😂😍 #SuperBowl,3,2,2020
https://twitter.com/Itsfrostrated/status/1224146881481146369,2020-02-03 01:45:34+00:00,1224146881481146369,Lil Nas X with the Doritos and SuperBowl BAGGGGGGGGGGGGGGGGGGGGG,1,0,1,Itsfrostrated,Tyler the FRObae 💫,1752,1358,Lil Nas X with the Doritos and SuperBowl BAGGGGGGGGGGGGGGGGGGGGG,3,2,2020
https://twitter.com/Nelstar15/status/1224146879480356865,2020-02-03 01:45:34+00:00,1224146879480356865,Doritos got Sam Elliot to dance.   They win. #SuperBowl,3,5,55,Nelstar15,Nelstar15,11505,1070,"Doritos got Sam Elliot to dance. 

They win. #SuperBowl",3,2,2020
https://twitter.com/adland/status/1224146872970801152,2020-02-03 01:45:32+00:00,1224146872970801152,https://t.co/xKJxHrGor5 Doritos Cool Ranch - Lil Nas X and Sam Elliott (2020) :60 (USA) #superbowl ad,14,1,45,adland,adland ®,86202,14755,"adland.tv/adnews/doritos… Doritos Cool Ranch - Lil Nas X and Sam Elliott (2020) :60 (USA)
#superbowl ad",3,2,2020
https://twitter.com/LisaMarieTea/status/1224146828536377346,2020-02-03 01:45:22+00:00,1224146828536377346,Lil Nas and Sam Elliot for doritos and I am deeeeaaaddd. #SuperBowl,1,0,8,LisaMarieTea,Lisa Marie,835,691,Lil Nas and Sam Elliot for doritos and I am deeeeaaaddd. #SuperBowl,3,2,2020
https://twitter.com/TelehellPodcast/status/1224146828314251264,2020-02-03 01:45:22+00:00,1224146828314251264,I hope Sam Elliot has a Good Medicare plan  #superbowl #Doritos,1,0,0,TelehellPodcast,💉💉💉Telehell (CHARITY SHOW: NOW!),335,485,"I hope Sam Elliot has a Good Medicare plan

#superbowl
#Doritos",3,2,2020
https://twitter.com/Jessica63750178/status/1224146804352176129,2020-02-03 01:45:16+00:00,1224146804352176129,Love @Doritos commerical   #msuno #SuperBowl  #SuperBowlAd,1,0,2,Jessica63750178,Jessica-Salinas,1,1,"Love @Doritos commerical 

#msuno
#SuperBowl 
#SuperBowlAd",3,2,2020
https://twitter.com/ShroomMeister/status/1224146692515209221,2020-02-03 01:44:49+00:00,1224146692515209221,Is this Sam Elliott in this Doritos commercial? #SuperBowl,1,1,1,ShroomMeister,Healer Shroom @ Video Killed the Casual Fan Star,2661,1235,Is this Sam Elliott in this Doritos commercial? #SuperBowl,3,2,2020
https://twitter.com/IAmYourValPal/status/1224142314517475334,2020-02-03 01:27:25+00:00,1224142314517475334,Where are all the Doritos commercials?? 👿 #SuperBowl,1,0,4,IAmYourValPal,Valerie Mizansky,378,197,Where are all the Doritos commercials?? 👿 #SuperBowl,3,2,2020
https://twitter.com/mental_floss/status/1224140396948852737,2020-02-03 01:19:48+00:00,1224140396948852737,"In 1992, 25 million #SuperBowl viewers changed the channel at halftime to tune into a Doritos-sponsored live episode of ‘In Living Color.' #SuperBowl https://t.co/XcmiNgh0pw",18,2,73,mental_floss,Mental Floss,772389,13145,"In 1992, 25 million #SuperBowl viewers changed the channel at halftime to tune into a Doritos-sponsored live episode of ‘In Living Color.' #SuperBowl https://t.co/XcmiNgh0pw",3,2,2020
https://twitter.com/RanchoCenturion/status/1224132310666108928,2020-02-03 00:47:40+00:00,1224132310666108928,Our #touchdown dance makes us feel like @JLo 😎 Touchdown @49ers! #SuperBowl #SuperBowlLIV @LilNasX @Doritos @NinersNation #NFLTwitter #49ersNation #funnyanimals #49ers #cuteanimals #horses #horse @NFL @MIASBLIV @SuperBowl @TheEllenShow #coolranchdance #doritos #touchdowndance https://t.co/KfeLKvurYY,1,0,4,RanchoCenturion,Rancho Centurion,341,842,"Our #touchdown dance makes us feel like @JLo 😎 Touchdown @49ers!
#SuperBowl #SuperBowlLIV @LilNasX @Doritos @NinersNation #NFLTwitter #49ersNation #funnyanimals #49ers #cuteanimals #horses #horse @NFL @MIASBLIV @SuperBowl @TheEllenShow #coolranchdance #doritos #touchdowndance https://t.co/KfeLKvurYY",3,2,2020
https://twitter.com/a_peele24/status/1224127111931318272,2020-02-03 00:27:01+00:00,1224127111931318272,The MC Hammer/@Doritos commercial was pretty funny. 😂 #SuperBowl,1,0,2,a_peele24,Adam Peele,485,607,The MC Hammer/@Doritos commercial was pretty funny. 😂 #SuperBowl,3,2,2020
https://twitter.com/WHOTheBckstreet/status/1224125634550603777,2020-02-03 00:21:09+00:00,1224125634550603777,"No one:  Us, telling everyone at our #SuperBowl party about last year's Doritos commercial: https://t.co/s8u74bEXkp",17,1,144,WHOTheBckstreet,What Happens On The Backstreet,17125,2509,"No one:

Us, telling everyone at our #SuperBowl party about last year's Doritos commercial: https://t.co/s8u74bEXkp",3,2,2020
https://twitter.com/FurtiveLIVE/status/1224120482590593024,2020-02-03 00:00:40+00:00,1224120482590593024,"You will never see me get political ever but some of these ads during the #SuperBowl are all about their agenda, and I say this going BOTH ways on the political spectrum. We need the Doritos ads and Bud Light ads.",1,2,5,FurtiveLIVE,Jack Andereck,821,627,"You will never see me get political ever but some of these ads during the #SuperBowl are all about their agenda, and I say this going BOTH ways on the political spectrum. We need the Doritos ads and Bud Light ads.",3,2,2020
https://twitter.com/MoninaW/status/1224119441333608451,2020-02-02 23:56:32+00:00,1224119441333608451,Nothing like a political ad to bring down the mood of a party. I'm just here for the Doritos. #SuperBowl,1,1,14,MoninaW,Monina Wagner,6160,3148,Nothing like a political ad to bring down the mood of a party. I'm just here for the Doritos. #SuperBowl,2,2,2020
https://twitter.com/adage/status/1224113430732443650,2020-02-02 23:32:39+00:00,1224113430732443650,"#SuperBowl advertisers are also working to be more representative to the LGBTQ community. There are 7 LGBTQ-inclusive Super Bowl ads that we know of, including Lil Nas X in Doritos, Ellen DeGeneres in Amazon and Jonathan Van Ness in Pop-Tarts.",21,0,49,adage,Ad Age,1001959,73298,"#SuperBowl advertisers are also working to be more representative to the LGBTQ community. There are 7 LGBTQ-inclusive Super Bowl ads that we know of, including Lil Nas X in Doritos, Ellen DeGeneres in Amazon and Jonathan Van Ness in Pop-Tarts.",2,2,2020
https://twitter.com/backstreetboys/status/1224112331065454592,2020-02-02 23:28:17+00:00,1224112331065454592,Throwback to last year’s #SuperBowl  commercial we did with @chancetherapper @Doritos 😂 Super Bowl Sunday let’s go! 🏈❤️ https://t.co/IXjNyR50Rt,512,57,2864,backstreetboys,Backstreet Boys,1045660,61457,Throwback to last year’s #SuperBowl  commercial we did with @chancetherapper @Doritos 😂 Super Bowl Sunday let’s go! 🏈❤️ https://t.co/IXjNyR50Rt,2,2,2020
https://twitter.com/DFSArmy/status/1224104861547012098,2020-02-02 22:58:36+00:00,1224104861547012098,"So, which food commercial airs first? #SuperBowl   Doritos Cheetos Snickers Avacados🥑",1,0,0,DFSArmy,DFS Army,14037,3940,"So, which food commercial airs first? #SuperBowl 

Doritos
Cheetos
Snickers
Avacados🥑",2,2,2020
https://twitter.com/partnardy/status/1224104303322894337,2020-02-02 22:56:23+00:00,1224104303322894337,here's a sneak peek at the new ad #doritos is running in the #SuperBowl - Wow! https://t.co/tkPc4LpfKv,1,0,6,partnardy,john r. buckle,358,1286,here's a sneak peek at the new ad #doritos is running in the #SuperBowl - Wow! https://t.co/tkPc4LpfKv,2,2,2020
https://twitter.com/JulianGumbo/status/1224103525581328385,2020-02-02 22:53:17+00:00,1224103525581328385,Check out their campaign with @Doritos by searching #CoolRanchDance on TikTok. Awesome way to get people to participate by jumping the dancing skill hurdle and making innovation fun. Awesome way to integrate an experience with a #SuperBowl ad. https://t.co/OdwfyaY1yP,1,0,2,JulianGumbo,Julian Gamboa,10905,2070,Check out their campaign with @Doritos by searching #CoolRanchDance on TikTok. Awesome way to get people to participate by jumping the dancing skill hurdle and making innovation fun. Awesome way to integrate an experience with a #SuperBowl ad. https://t.co/OdwfyaY1yP,2,2,2020
https://twitter.com/charlieandbodie/status/1224102648355414018,2020-02-02 22:49:48+00:00,1224102648355414018,When you hear the bag of @Doritos open! #SuperBowl #doritos https://t.co/kmmylD0CFM,1,1,16,charlieandbodie,"Charlie, Bodie, and Riggs",1091,25,When you hear the bag of @Doritos open! #SuperBowl #doritos https://t.co/kmmylD0CFM,2,2,2020
https://twitter.com/FiveMonkeysBBQ/status/1224094690133204993,2020-02-02 22:18:11+00:00,1224094690133204993,"Happy #superbowl! We made a few things (more posts to follow). One of them was this! #5M🐵 taco nachos: Taco flavored @doritos, queso, sharp cheddar, olives, #OG5M chicken thighs, #5M🐵 lime crema, ranch, #5M🐵 hearty chili, cilantro https://t.co/uRODpos9eU",4,3,18,FiveMonkeysBBQ,FiveMonkeysBBQSauce,557,550,"Happy #superbowl! We made a few things (more posts to follow). One of them was this! #5M🐵 taco nachos: Taco flavored @doritos, queso, sharp cheddar, olives, #OG5M chicken thighs, #5M🐵 lime crema, ranch, #5M🐵 hearty chili, cilantro https://t.co/uRODpos9eU",2,2,2020
https://twitter.com/tooooooorg/status/1224087878977720320,2020-02-02 21:51:07+00:00,1224087878977720320,superbowl is the 1 day all year your grossest food fantasies are legitimized. melt a block of velveeta and eat it w cool ranch doritos? yes. eat 26-bean chili w a side of chili no-bean dip? sure. put white castles into a blender w sour cream and call it a dip? the world is yours,1,1,7,tooooooorg,tory,519,492,superbowl is the 1 day all year your grossest food fantasies are legitimized. melt a block of velveeta and eat it w cool ranch doritos? yes. eat 26-bean chili w a side of chili no-bean dip? sure. put white castles into a blender w sour cream and call it a dip? the world is yours,2,2,2020
https://twitter.com/MitchRabalais/status/1224085941410770950,2020-02-02 21:43:25+00:00,1224085941410770950,"After their surprising losses in 1994, ex-Gov. Ann Richards of Texas and ex-Gov. Mario Cuomo of New York teamed up for a funny @Doritos #SuperBowl commercial that included plenty of tongue-in-cheek references to “accepting change.” https://t.co/vZGqIFvZFM",7,1,20,MitchRabalais,Mitch Rabalais,2147,2834,"After their surprising losses in 1994, ex-Gov. Ann Richards of Texas and ex-Gov. Mario Cuomo of New York teamed up for a funny @Doritos #SuperBowl commercial that included plenty of tongue-in-cheek references to “accepting change.” youtu.be/DUefOWvuFBU",2,2,2020
https://twitter.com/adage/status/1224083834406342661,2020-02-02 21:35:03+00:00,1224083834406342661,Jeff Goodby does the 'Cool Ranch Dance' to help promote Doritos' #SuperBowl push https://t.co/Rnu7CEKkGL https://t.co/dY6f1aiPGB,2,0,2,adage,Ad Age,1001959,73298,Jeff Goodby does the 'Cool Ranch Dance' to help promote Doritos' #SuperBowl push ow.ly/kAyY50ybjXr https://t.co/dY6f1aiPGB,2,2,2020
https://twitter.com/extratv/status/1224082563699920896,2020-02-02 21:30:00+00:00,1224082563699920896,.@LilNasX dishes on his #SuperBowl commercial with @Doritos.   #SuperBowlLIV @TheRachLindsay https://t.co/wvHcmNkhH2,2,0,9,extratv,ExtraTV,310311,28089,".@LilNasX dishes on his #SuperBowl commercial with @Doritos. 

#SuperBowlLIV @TheRachLindsay https://t.co/wvHcmNkhH2",2,2,2020
https://twitter.com/RachelsNews/status/1224079816762232832,2020-02-02 21:19:05+00:00,1224079816762232832,A Cheesy Love Story - The Ad Doritos Don't Want You to See @SuperBowl #SuperBowlLIV #SuperBowl  #superbowlfood #superbowlsnacks #SuperBowlSunday #SuperBowlCommercials  https://t.co/y4HxTnkJpc via @YouTube,1,0,8,RachelsNews,Rachel Parent,44798,29088,"A Cheesy Love Story - The Ad Doritos Don't Want You to See @SuperBowl #SuperBowlLIV #SuperBowl 
#superbowlfood #superbowlsnacks #SuperBowlSunday #SuperBowlCommercials 
youtu.be/VPlxNhEc2lA via @YouTube",2,2,2020
https://twitter.com/RachelsNews/status/1224079182755500039,2020-02-02 21:16:34+00:00,1224079182755500039,@NonGMOToronto @globalnewsto @SuperBowl @safefoodmatt @GMOFreeUSA @GMWatch @yesmaam74 @CFSTrueFood @OrganicConsumer @GMOFreeCanada @USRightToKnow @BernieSanders A Cheesy Love Story - The Ad Doritos Don't Want You to See https://t.co/y4HxTnkJpc via @YouTube,1,0,5,RachelsNews,Rachel Parent,44798,29088,@NonGMOToronto @globalnewsto @SuperBowl @safefoodmatt @GMOFreeUSA @GMWatch @yesmaam74 @CFSTrueFood @OrganicConsumer @GMOFreeCanada @USRightToKnow @BernieSanders A Cheesy Love Story - The Ad Doritos Don't Want You to See youtu.be/VPlxNhEc2lA via @YouTube,2,2,2020
https://twitter.com/larrypancake/status/1224072431582744577,2020-02-02 20:49:44+00:00,1224072431582744577,@billyraycyrus @Doritos @SuperBowl Btw thanks @Doritos for adding more “juice” to the chips,1,0,3,larrypancake,Larry Pancake,6088,1979,@billyraycyrus @Doritos @SuperBowl Btw thanks @Doritos for adding more “juice” to the chips,2,2,2020
https://twitter.com/BRCLorraineUK/status/1224071186851803136,2020-02-02 20:44:47+00:00,1224071186851803136,@billyraycyrus @Doritos @SuperBowl Very tasty BR and I don't mean the Doritos! 😉🤠💙,1,0,4,BRCLorraineUK,Lorraine Milner 💖,512,1085,@billyraycyrus @Doritos @SuperBowl Very tasty BR and I don't mean the Doritos! 😉🤠💙,2,2,2020
https://twitter.com/larrypancake/status/1224071052122259457,2020-02-02 20:44:15+00:00,1224071052122259457,@billyraycyrus @Doritos @SuperBowl Already started 😒 https://t.co/H9uV0vRt5e,1,2,4,larrypancake,Larry Pancake,6088,1979,@billyraycyrus @Doritos @SuperBowl Already started 😒 https://t.co/H9uV0vRt5e,2,2,2020
https://twitter.com/GSP/status/1224064949950922755,2020-02-02 20:20:00+00:00,1224064949950922755,"With four #SuperBowl ads coming your way from @GSP for  @pepsi #cheetos @doritos &amp; @SodaStreamUSA, you can’t miss us &amp; #youcanttouchthis! https://t.co/hZ6Or7Gx1g",1,1,12,GSP,Goodby Silverstein,27429,920,"With four #SuperBowl ads coming your way from @GSP for  @pepsi #cheetos @doritos &amp; @SodaStreamUSA, you can’t miss us &amp; #youcanttouchthis! https://t.co/hZ6Or7Gx1g",2,2,2020
https://twitter.com/melisalw/status/1224058052770443265,2020-02-02 19:52:36+00:00,1224058052770443265,I know you’re all packing up your beer and Doritos to take to the #SuperBowl party but please take a minute and read this column about the @nbcthegoodplace finale by American Treasure @oureric: https://t.co/7R6rnQSTkU *chef’s kiss*,3,0,18,melisalw,Melisa Wells (she/her),5954,1380,I know you’re all packing up your beer and Doritos to take to the #SuperBowl party but please take a minute and read this column about the @nbcthegoodplace finale by American Treasure @oureric: elle.com/culture/movies… *chef’s kiss*,2,2,2020
https://twitter.com/mamas4kamala/status/1224024038260998144,2020-02-02 17:37:26+00:00,1224024038260998144,Doritos for your #SuperBowl party #ForThePeople https://t.co/q0xYspul4P https://t.co/C0GQbBZbjI,1,0,6,mamas4kamala,Mamas4Kamala 💛,5156,562,Doritos for your #SuperBowl party #ForThePeople twitter.com/DouglasEmhoff/… https://t.co/C0GQbBZbjI,2,2,2020
https://twitter.com/ChaaarlesWeber/status/1224016792659599370,2020-02-02 17:08:39+00:00,1224016792659599370,Things I'm looking forward to most during the Super Bowl:  1. Teaser for THE ETERNALS 2. New trailer for TENET 3. Teaser for WEST SIDE STORY 4. TOP GUN MAVERICK 5. The @Doritos ads 6. New trailer for BLACK WIDOW 7. the Game 8. JLO &amp; SHAKIRA #Pepsihalftime #Superbowl #Groundhogday,1,0,1,ChaaarlesWeber,Tony Snark,228,356,"Things I'm looking forward to most during the Super Bowl:

1. Teaser for THE ETERNALS
2. New trailer for TENET
3. Teaser for WEST SIDE STORY
4. TOP GUN MAVERICK
5. The @Doritos ads
6. New trailer for BLACK WIDOW
7. the Game
8. JLO &amp; SHAKIRA #Pepsihalftime
#Superbowl #Groundhogday",2,2,2020
https://twitter.com/Universe_Divide/status/1223999394862813184,2020-02-02 15:59:31+00:00,1223999394862813184,"Not gonna lie, if I don’t see some FIRE commercials tonight, imma be pretty disappointed. @Doritos always delivers, the rest of y’all best up your game. #SuperBowl #SuperBowl2020 https://t.co/SCvQiZdVRw",1,1,5,Universe_Divide,Universe_Divide,3893,142,"Not gonna lie, if I don’t see some FIRE commercials tonight, imma be pretty disappointed. @Doritos always delivers, the rest of y’all best up your game. #SuperBowl #SuperBowl2020 https://t.co/SCvQiZdVRw",2,2,2020
https://twitter.com/AlexHTheMAX/status/1223977663917891585,2020-02-02 14:33:10+00:00,1223977663917891585,Superbowl 54.. Salted peanuts or Doritos. And all before Kick Off.. https://t.co/oFeY9h0XKl,1,0,0,AlexHTheMAX,Alex Horsburgh,961,3084,Superbowl 54.. Salted peanuts or Doritos. And all before Kick Off.. https://t.co/oFeY9h0XKl,2,2,2020
https://twitter.com/Shoq/status/1223969828970663936,2020-02-02 14:02:02+00:00,1223969828970663936,"Another #SuperBowl sunday where we pretend that life is all about funny commercials, cheap beer, and whatever Doritos.  Face it, America, you’ve had it pretty good, and you took it all for granted. And now, you are royally (literally) screwed.",1,1,3,Shoq,𝑺𝒉𝒐𝒒,24802,3448,"Another #SuperBowl sunday where we pretend that life is all about funny commercials, cheap beer, and whatever Doritos.

Face it, America, you’ve had it pretty good, and you took it all for granted. And now, you are royally (literally) screwed.",2,2,2020
https://twitter.com/Church_POP/status/1223924019159846912,2020-02-02 11:00:00+00:00,1223924019159846912,Super Bowl Doritos Ad Upsets Pro-Choicers for “Humanizing Fetuses” https://t.co/eZeEUSo9Vv #SuperBowl #ProLife,6,0,12,Church_POP,ChurchPOP,24247,17387,Super Bowl Doritos Ad Upsets Pro-Choicers for “Humanizing Fetuses” churchpop.com/2016/02/08/sup… #SuperBowl #ProLife,2,2,2020
https://twitter.com/DRETTI_DGM/status/1223785047720853504,2020-02-02 01:47:46+00:00,1223785047720853504,#AncientAliens queso and Doritos still don't give a fuck #SaturdayMotivation #SaturdayNight still don't know who to go for in the #Superbowl,1,0,0,DRETTI_DGM,Dread Gang Dretti,2448,734,#AncientAliens queso and Doritos still don't give a fuck #SaturdayMotivation #SaturdayNight still don't know who to go for in the #Superbowl,2,2,2020
https://twitter.com/ValhallaELounge/status/1223775247050117122,2020-02-02 01:08:50+00:00,1223775247050117122,Tomorrow ONLY $25 gets you and your crew: Large pizza 🍕  Order of wings 🍗  Doritos Mozz sticks 😋   PLUS $15 buckets of Tall Boys or White Claw 🍻   Come watch the big game and support your Niners!  #football #drinks #food #wings #austin #SuperBowl #SuperBowl2020 #atx #west6th https://t.co/PzbwdQ135P,3,1,7,ValhallaELounge,Valhalla Esports Lounge,1336,928,"Tomorrow ONLY $25 gets you and your crew:
Large pizza 🍕 
Order of wings 🍗 
Doritos Mozz sticks 😋 

PLUS $15 buckets of Tall Boys or White Claw 🍻 

Come watch the big game and support your Niners!

#football #drinks #food #wings #austin #SuperBowl #SuperBowl2020 #atx #west6th https://t.co/PzbwdQ135P",2,2,2020
