url,Datetime,Tweet Id,Text,Retweet Count,Reply Count,Like Count,Username,Display Name,Followers Count,Friends Count,Rendered Content,Day,Month,Year
https://twitter.com/Amanda_Russo12/status/1224297913964224512,2020-02-03 11:45:43+00:00,1224297913964224512,And here's a look at that @CocaCola energy drink #SuperBowl commercial with #MartinScorsese and @JonahHill! @NFL #SuperBowlAd https://t.co/0kWTwS0M3U,1,0,6,Amanda_Russo12,Amanda Russo,1729,1487,"And here's a look at that @CocaCola energy drink #SuperBowl commercial with #MartinScorsese and @JonahHill!
@NFL #SuperBowlAd https://t.co/0kWTwS0M3U",3,2,2020
https://twitter.com/Amanda_Russo12/status/1224295316150681601,2020-02-03 11:35:24+00:00,1224295316150681601,If you need more caffeine to get you through the day @CocaCola is there to help. Coke rolled out a new line of energy drinks. Twoof them made with real coffee. The drinks hit grocery store shelves already--  But advertisements for the drink officially launched during #SuperBowl https://t.co/EV67Y65qA8,2,3,4,Amanda_Russo12,Amanda Russo,1729,1487,"If you need more caffeine to get you through the day @CocaCola is there to help.
Coke rolled out a new line of energy drinks.
Twoof them made with real coffee.
The drinks hit grocery store shelves already-- 
But advertisements for the drink officially launched during #SuperBowl https://t.co/EV67Y65qA8",3,2,2020
https://twitter.com/PatTheNESpunk/status/1224180672194998273,2020-02-03 03:59:51+00:00,1224180672194998273,Scorcese hustling and earning #SuperBowl Coca-Cola cash to preserve 90-year-old silent films. https://t.co/0wCvdTuCkS,1,0,13,PatTheNESpunk,Pat Contri,45607,100,Scorcese hustling and earning #SuperBowl Coca-Cola cash to preserve 90-year-old silent films. youtube.com/watch?v=-gAZRN…,3,2,2020
https://twitter.com/tiffkhsu/status/1224160562000596992,2020-02-03 02:39:56+00:00,1224160562000596992,"Big-name directors in play: Kathryn Bigelow for @budweiserusa, Bryan Buckley (a 65-time #SuperBowl director) for @SodaStreamUSA and @Hyundai and Peter Berg for @verizon and @Microsoft.   Plus Martin Scorsese starring in a @CocaCola ad that is 1/210 the length of “The Irishman.”",1,0,5,tiffkhsu,Tiffany Hsu,9362,1054,"Big-name directors in play: Kathryn Bigelow for @budweiserusa, Bryan Buckley (a 65-time #SuperBowl director) for @SodaStreamUSA and @Hyundai and Peter Berg for @verizon and @Microsoft. 

Plus Martin Scorsese starring in a @CocaCola ad that is 1/210 the length of “The Irishman.”",3,2,2020
https://twitter.com/A_P_S_11/status/1224146027139170304,2020-02-03 01:42:11+00:00,1224146027139170304,So @pepsi just paid $5.6M to advertise @CocaCola in a #SuperBowl  commercial .... https://t.co/7I8lFd82Jr,1,0,4,A_P_S_11,A_P_S,339,297,So @pepsi just paid $5.6M to advertise @CocaCola in a #SuperBowl  commercial .... https://t.co/7I8lFd82Jr,3,2,2020
https://twitter.com/HarperJimmy1/status/1224145640785170433,2020-02-03 01:40:38+00:00,1224145640785170433,"I’m going to throw my opinion in on the #SuperBowl #HalftimeShow ...ready, here it comes: one of the WORST SPONSORS EVER!!!! #ilovecocacola #cokeisbetter @CocaCola @CocaColaCo @DietCoke #cokeforlife #wontevensaythatothername #fullycommittedtocoke",1,2,4,HarperJimmy1,Jimmy Harper,3583,4014,"I’m going to throw my opinion in on the #SuperBowl #HalftimeShow ...ready, here it comes: one of the WORST SPONSORS EVER!!!! #ilovecocacola #cokeisbetter @CocaCola @CocaColaCo @DietCoke #cokeforlife #wontevensaythatothername #fullycommittedtocoke",3,2,2020
https://twitter.com/cityadcat/status/1224145443510112256,2020-02-03 01:39:51+00:00,1224145443510112256,"Oh snap. @pepsi coming out hard. And with Missy. Your move, @CocaCola #Superbowl #superbowlads #sbads #brandbowl https://t.co/dvqUaYTCTK",1,1,4,cityadcat,Alyssa,498,830,"Oh snap. @pepsi coming out hard. And with Missy. Your move, @CocaCola #Superbowl #superbowlads #sbads #brandbowl https://t.co/dvqUaYTCTK",3,2,2020
https://twitter.com/Change_Agent_JL/status/1224141935641874432,2020-02-03 01:25:55+00:00,1224141935641874432,Hey @pepsi just wanted to tell you the obvious. @CocaCola tastes better. That #halftime show was a joke. #lipsync is so 1999. #bringsexyback @SuperBowl @NFL https://t.co/fIXdAJlccX,1,1,5,Change_Agent_JL,Hospitalitier_JasonMLynch,1562,2010,Hey @pepsi just wanted to tell you the obvious. @CocaCola tastes better. That #halftime show was a joke. #lipsync is so 1999. #bringsexyback @SuperBowl @NFL https://t.co/fIXdAJlccX,3,2,2020
https://twitter.com/Pundamentalism/status/1224139954726547456,2020-02-03 01:18:03+00:00,1224139954726547456,Imagine how good the Coca-Cola half-time show must be. #SuperBowl,11,0,32,Pundamentalism,Pundamentalism,107428,1018,Imagine how good the Coca-Cola half-time show must be. #SuperBowl,3,2,2020
https://twitter.com/drinkfolio/status/1224138293282918402,2020-02-03 01:11:27+00:00,1224138293282918402,Turns out @CocaCola #ZeroSugar #soda gives you the needed #energy to #ShowUp Put an end to ghosting. #NoGhost  #SuperBowl @NFL @SuperBowl @JonahHill Bring back #BLAK https://t.co/tlZo4NFT3J,1,0,2,drinkfolio,drinkfolio,3102,2775,Turns out @CocaCola #ZeroSugar #soda gives you the needed #energy to #ShowUp Put an end to ghosting. #NoGhost  #SuperBowl @NFL @SuperBowl @JonahHill Bring back #BLAK https://t.co/tlZo4NFT3J,3,2,2020
https://twitter.com/bigballabrand24/status/1224134225445691392,2020-02-03 00:55:17+00:00,1224134225445691392,YBN Cordae our here repping on a Coca-Cola commercial @YbnCordae #SuperBowl,1,0,2,bigballabrand24,Bala Mah’moud,1204,5004,YBN Cordae our here repping on a Coca-Cola commercial @YbnCordae #SuperBowl,3,2,2020
https://twitter.com/GeekVibesNation/status/1224133629212753921,2020-02-03 00:52:55+00:00,1224133629212753921,Jonah shows up to the party in the official #CokeEnergy #SuperBowl commercial via @CocaCola https://t.co/ORCztMFrV8,9,0,31,GeekVibesNation,Geek Vibes Nation,57492,9286,Jonah shows up to the party in the official #CokeEnergy #SuperBowl commercial via @CocaCola https://t.co/ORCztMFrV8,3,2,2020
https://twitter.com/Ad2DC/status/1224133209262370817,2020-02-03 00:51:15+00:00,1224133209262370817,"Dang. We all know those three dots too well. The familiar symbolism and typing noises allow us to connect with the ad and think, oh yeah, Jonah Hill and Martin Scorsese are just like us! @CocaCola #SuperBowl #SuperBowlads",1,0,3,Ad2DC,Ad 2 DC,2414,1014,"Dang. We all know those three dots too well. The familiar symbolism and typing noises allow us to connect with the ad and think, oh yeah, Jonah Hill and Martin Scorsese are just like us! @CocaCola #SuperBowl #SuperBowlads",3,2,2020
https://twitter.com/TheTrueHman/status/1224132836585721857,2020-02-03 00:49:46+00:00,1224132836585721857,So I guess Coca Cola Energy Drink commercials ARE cinema? #SuperBowl,1,0,3,TheTrueHman,H-Man aka The Moon Squire,1270,1415,So I guess Coca Cola Energy Drink commercials ARE cinema? #SuperBowl,3,2,2020
https://twitter.com/keatingthomas/status/1224132829040168960,2020-02-03 00:49:44+00:00,1224132829040168960,Wasn’t the real Coca-Cola Energy when it contained cocaine? #SuperBowl,5,2,53,keatingthomas,Keating Thomas,19630,331,Wasn’t the real Coca-Cola Energy when it contained cocaine? #SuperBowl,3,2,2020
https://twitter.com/radioshaq3000/status/1224132718189072384,2020-02-03 00:49:17+00:00,1224132718189072384,film twitter i know you’re not watching the superbowl but martin scorsese and jonah hill just shared a tender embrace amidst a coca cola commercial,1,0,11,radioshaq3000,julia,1138,402,film twitter i know you’re not watching the superbowl but martin scorsese and jonah hill just shared a tender embrace amidst a coca cola commercial,3,2,2020
https://twitter.com/johnsap25/status/1224132701420244992,2020-02-03 00:49:13+00:00,1224132701420244992,Still The Best #SuperBowl Commercial Ever. #SuperBowlLIV #KCvsSF #49ers #ChiefsKindgom Coca-Cola Classic ad: 'Mean' Joe Greene [Full Version] (1979) - YouTube https://t.co/YdgYxpOJGG,1,1,1,johnsap25,John Sapochetti,2462,6564,"Still The Best #SuperBowl Commercial Ever.
#SuperBowlLIV #KCvsSF #49ers #ChiefsKindgom
Coca-Cola Classic ad: 'Mean' Joe Greene [Full Version] (1979) - YouTube m.youtube.com/watch?v=xffOCZ…",3,2,2020
https://twitter.com/kirakosarin/status/1224132681677426688,2020-02-03 00:49:09+00:00,1224132681677426688,That Coca Cola Energy commercial was the best advertising I’ve ever seen #SuperBowl,22,9,200,kirakosarin,Kira Kosarin,315646,2126,That Coca Cola Energy commercial was the best advertising I’ve ever seen #SuperBowl,3,2,2020
https://twitter.com/BigRadMachine/status/1224132669698641921,2020-02-03 00:49:06+00:00,1224132669698641921,I’d honestly buy a Coca Cola Energy if it gave me to power to flake on Martin Scorsese. #SuperBowl,5,0,16,BigRadMachine,Blake Hammond — St Louis 5/20-21,8077,1540,I’d honestly buy a Coca Cola Energy if it gave me to power to flake on Martin Scorsese. #SuperBowl,3,2,2020
https://twitter.com/Bojangles/status/1224132471014465540,2020-02-03 00:48:19+00:00,1224132471014465540,"Relatable, Jonah. Try waking up at 4:30 every morning to make biscuits. @cocacola #SuperBowl",8,3,44,Bojangles,Bojangles,84553,6478,"Relatable, Jonah. Try waking up at 4:30 every morning to make biscuits. @cocacola #SuperBowl",3,2,2020
https://twitter.com/neontaster/status/1224132454203764741,2020-02-03 00:48:15+00:00,1224132454203764741,Martin Scorsese took a break from trashing commercialization to do a Superbowl Coca Cola ad.,121,18,993,neontaster,Noam Blum,146695,966,Martin Scorsese took a break from trashing commercialization to do a Superbowl Coca Cola ad.,3,2,2020
https://twitter.com/Adweek/status/1224132274859528193,2020-02-03 00:47:32+00:00,1224132274859528193,The ad for Coca-Cola Energy stars actor Jonah Hill and Oscar-winning director Martin Scorsese. https://t.co/Lw7obiEeR7 #SuperBowl,2,1,20,Adweek,Adweek,688972,26488,The ad for Coca-Cola Energy stars actor Jonah Hill and Oscar-winning director Martin Scorsese. nytv.to/xZOvx #SuperBowl,3,2,2020
https://twitter.com/adland/status/1224132251799019520,2020-02-03 00:47:26+00:00,1224132251799019520,https://t.co/IMF5F4hBW9 Coca Cola Energy - Show Up / Martin Scorsese and Jonah Hill(2020) :60 (USA) #superbowl ad,1,0,2,adland,adland ®,86202,14755,adland.tv/adnews/coca-co… Coca Cola Energy - Show Up / Martin Scorsese and Jonah Hill(2020) :60 (USA) #superbowl ad,3,2,2020
https://twitter.com/221blonde/status/1224053046155472897,2020-02-02 19:32:42+00:00,1224053046155472897,YAY!! Coke’s #SuperBowl ad has a dancing #Sherlock!  Look closely: Coca-Cola: 'Energy' https://t.co/MccU1wHRld,3,0,13,221blonde,Sonia Fetherston,2147,1264,"YAY!! Coke’s #SuperBowl ad has a dancing #Sherlock! 
Look closely: Coca-Cola: 'Energy' a.msn.com/09/en-us/BBZwL…",2,2,2020
