url,Datetime,Tweet Id,Text,Retweet Count,Reply Count,Like Count,Username,Display Name,Followers Count,Friends Count,Rendered Content,Day,Month,Year
https://twitter.com/RM_Tide/status/1358918070723629059,2021-02-08 23:18:10+00:00,1358918070723629059,How did our Superbowl predictions stack up against the actual event?  https://t.co/AdsAEBzCSU,3,0,5,RM_Tide,The Tide,898,345,"How did our Superbowl predictions stack up against the actual event?

thermtide.com/13391/popular/…",8,2,2021
https://twitter.com/ispottv/status/1358912573240926214,2021-02-08 22:56:19+00:00,1358912573240926214,"While @Buccaneers won the big game, these #SuperBowl ads won the attention of viewers. Based on highest digital activity, us + @adage crowned @MountainDew @amazon @Jeep @Cadillac @StateFarm @Doritos @UberEats @ChesterCheetah @tide @Verizon as our top 10.   https://t.co/1p8dKowpqw",2,1,3,ispottv,iSpot.tv,4176,2878,"While @Buccaneers won the big game, these #SuperBowl ads won the attention of viewers. Based on highest digital activity, us + @adage crowned @MountainDew @amazon @Jeep @Cadillac @StateFarm @Doritos @UberEats @ChesterCheetah @tide @Verizon as our top 10. 

bit.ly/3a195Ur",8,2,2021
https://twitter.com/bualumni/status/1358844074506268673,2021-02-08 18:24:08+00:00,1358844074506268673,We loved catching @BUArts alumnus @IJasonAlexander in last night's Tide commercial. Any other Terriers behind this year's #SuperBowl commercials? Let us know!  https://t.co/EcI52JsUXl,1,0,7,bualumni,Boston University Alumni Association,16857,4150,"We loved catching @BUArts alumnus @IJasonAlexander in last night's Tide commercial. Any other Terriers behind this year's #SuperBowl commercials? Let us know!

youtube.com/watch?v=YvjuL6…",8,2,2021
https://twitter.com/tide/status/1358839561707614209,2021-02-08 18:06:12+00:00,1358839561707614209,Super Bowl Monday. #TideHoodie gets it. #SBLV #SuperBowl And you can get #TideHoodie. https://t.co/FPrbapRH5L https://t.co/zuTVGA3dke,8,17,20,tide,Tide,187777,2135,"Super Bowl Monday. #TideHoodie gets it. #SBLV #SuperBowl
And you can get #TideHoodie. charityhoodie.tide.com https://t.co/zuTVGA3dke",8,2,2021
https://twitter.com/Jessicaaabella/status/1358816215700017160,2021-02-08 16:33:26+00:00,1358816215700017160,Posting this guy again cause it was not a good idea to post it during the Superbowl 🤣  “Reflective Tide”  17” x 20” wooden canvas with acrylic and gold leaf   Now available! https://t.co/c1OT2tkbm4,18,0,71,Jessicaaabella,Abella Art & Design,15928,1262,"Posting this guy again cause it was not a good idea to post it during the Superbowl 🤣

“Reflective Tide”

17” x 20” wooden canvas with acrylic and gold leaf 

Now available! https://t.co/c1OT2tkbm4",8,2,2021
https://twitter.com/impalergeneral/status/1358811724200116231,2021-02-08 16:15:35+00:00,1358811724200116231,"Seems the #SuperBowl ad for @tide was well-received. If you think it was because of the #JasonAlexander hoodie, you can get in a drawing for one of them for a modest donation. Shipping's even free. Go to https://t.co/cfCbCzWyCz",1,0,2,impalergeneral,David Mello,503,650,"Seems the #SuperBowl ad for @tide was well-received.
If you think it was because of the #JasonAlexander hoodie, you can get in a drawing for one of them for a modest donation. Shipping's even free. Go to charityhoodie.tide.com",8,2,2021
https://twitter.com/psforbrands/status/1358807277835333643,2021-02-08 15:57:55+00:00,1358807277835333643,"Which #SuperBowl commercials were your favorite this year?  Shout-out to @DoorDash, @indeed, @ChesterCheetah, @tide and @ChipotleTweets, among many others who brought the heat last night. 📺🔥   #SBLV #smsports https://t.co/9x7L4kuogC",1,1,1,psforbrands,PhotoShelter for Brands,2475,3676,"Which #SuperBowl commercials were your favorite this year?

Shout-out to @DoorDash, @indeed, @ChesterCheetah, @tide and @ChipotleTweets, among many others who brought the heat last night. 📺🔥 

#SBLV #smsports stories.photoshelter.com/best-big-game-…",8,2,2021
https://twitter.com/DerekKXLY/status/1358781621265047558,2021-02-08 14:15:58+00:00,1358781621265047558,Which were your favorite #SuperBowl ads? I liked the Will Ferrell GM ad and Jason Alexander hoodie Tide ad. #superbowlads #superbowlcommericals #4NewsNow https://t.co/Uk06rFs5MZ,1,2,2,DerekKXLY,Derek Deis,7502,3437,Which were your favorite #SuperBowl ads? I liked the Will Ferrell GM ad and Jason Alexander hoodie Tide ad. #superbowlads #superbowlcommericals #4NewsNow twitter.com/CNN/status/135…,8,2,2021
https://twitter.com/TheFienPrint/status/1358671723776757767,2021-02-08 06:59:16+00:00,1358671723776757767,"I wrote a bit about #SuperBowl COVID, the commercials and the halftime show and everything other than my controversial Jason Alexander Tide analysis - https://t.co/AwYi1mp3rl",1,1,12,TheFienPrint,Daniel Fienberg,53741,469,"I wrote a bit about #SuperBowl COVID, the commercials and the halftime show and everything other than my controversial Jason Alexander Tide analysis - hollywoodreporter.com/review/critics…",8,2,2021
https://twitter.com/annabrice/status/1358646734193184768,2021-02-08 05:19:58+00:00,1358646734193184768,"@Nat_Handler @SuperBowl I guess I missed a bunch. I thought Dr. Squatch and the Gwen/Adam/Blake commercials were funny (though I am exhausted with hearing about Gwen &amp; Blake...you know they are engaged, right? LOL). I also like Tide! And the Jeep one was great. I need to watch Wayne’s World. Missed it.",1,1,2,annabrice,Anna Brice,1863,2006,"@Nat_Handler @SuperBowl I guess I missed a bunch. I thought Dr. Squatch and the Gwen/Adam/Blake commercials were funny (though I am exhausted with hearing about Gwen &amp; Blake...you know they are engaged, right? LOL). I also like Tide! And the Jeep one was great. I need to watch Wayne’s World. Missed it.",8,2,2021
https://twitter.com/TimothyCalkins/status/1358639441112428546,2021-02-08 04:50:59+00:00,1358639441112428546,"Full results and commentary coming tomorrow, but the headline: @Cheetos wins the #KelloggBowl with top grades to brands including @Tide, @Doritos, @ChipotleTweets and @Budlight  #SuperBowl",5,4,24,TimothyCalkins,Tim Calkins,4753,1618,"Full results and commentary coming tomorrow, but the headline: @Cheetos wins the #KelloggBowl with top grades to brands including @Tide, @Doritos, @ChipotleTweets and @Budlight  #SuperBowl",8,2,2021
https://twitter.com/NFL_Journal/status/1358625135738179584,2021-02-08 03:54:09+00:00,1358625135738179584,same energy  George Costanza in Tide commercial and the Penguin   #SeparatedatBirth  #SuperBowl #SBLV #SuperBowlSunday #SuperBowl55  #Chiefs #ChiefsKingdom #bucsnation #BucsChiefs https://t.co/4kANAZ6SL5,1,0,14,NFL_Journal,ᑭᖇO ᖴOOTᗷᗩᒪᒪ ᒍOᑌᖇᑎᗩᒪ 🏈,14321,695,"same energy

George Costanza in Tide commercial and the Penguin 

#SeparatedatBirth

#SuperBowl #SBLV #SuperBowlSunday #SuperBowl55  #Chiefs #ChiefsKingdom #bucsnation #BucsChiefs https://t.co/4kANAZ6SL5",8,2,2021
https://twitter.com/RyanBehie/status/1358624252656820225,2021-02-08 03:50:38+00:00,1358624252656820225,This was my favourite commercial. #JasonAlexander #TideHoodie #Tide #SuperBowl #SuperBowlCommercials https://t.co/qiTbPBCASc,1,1,10,RyanBehie,Ryan Behie,4650,4963,This was my favourite commercial. #JasonAlexander #TideHoodie #Tide #SuperBowl #SuperBowlCommercials twitter.com/tide/status/13…,8,2,2021
https://twitter.com/Hopesloop/status/1358619102504509441,2021-02-08 03:30:10+00:00,1358619102504509441,"My personal faves of the night? Toyota (I'm not crying, you're crying), Rocket Mortgage, Tide, T-Mobile (Gwen and Blake), UberEats, and Cheetos! #SuperBowl #SuperBowlLV #SuperBowlCommercials",1,0,2,Hopesloop,Hope Sloop,833,1626,"My personal faves of the night? Toyota (I'm not crying, you're crying), Rocket Mortgage, Tide, T-Mobile (Gwen and Blake), UberEats, and Cheetos! #SuperBowl #SuperBowlLV #SuperBowlCommercials",8,2,2021
https://twitter.com/JustinBurkhardt/status/1358618531802341379,2021-02-08 03:27:54+00:00,1358618531802341379,Top 3 commercials tonight:  1. Gwen Stefani/Blake Shelton @TMobile  2. Ashton &amp; Mila @ChesterCheetah   3. Jason Alexander @tide   #SuperBowl #SuperBowlLV #SuperBowlCommercials #Commercials https://t.co/ZNFgjKi8q1,19,0,60,JustinBurkhardt,Justin Burkhardt,556,283,"Top 3 commercials tonight:

1. Gwen Stefani/Blake Shelton @TMobile

2. Ashton &amp; Mila @ChesterCheetah 

3. Jason Alexander @tide 

#SuperBowl #SuperBowlLV #SuperBowlCommercials #Commercials https://t.co/ZNFgjKi8q1",8,2,2021
https://twitter.com/CaraAnneA/status/1358616414152753154,2021-02-08 03:19:29+00:00,1358616414152753154,Favorite #SuperBowl Ads - Tide Ad “it’s dirtier than it looks”  - Budlight Lemonade Seltzer “lemon of a year” and the Christopher Walken reveal  - Micheal B Jordan as Alexa!!  - Klarna (yay Maya Rudolph),2,0,3,CaraAnneA,Cara Anne Anderson,919,779,"Favorite #SuperBowl Ads
- Tide Ad “it’s dirtier than it looks” 
- Budlight Lemonade Seltzer “lemon of a year” and the Christopher Walken reveal 
- Micheal B Jordan as Alexa!! 
- Klarna (yay Maya Rudolph)",8,2,2021
https://twitter.com/NickRhimself/status/1358615475232587777,2021-02-08 03:15:45+00:00,1358615475232587777,FINAL STANDINGS  1) T-Mobile - Gwen &amp; Blake 2) Cheetos - Wasn’t me 3) GMC -EV 4) Fiverr - 4 Seasons 5) Rocket - fine 6) Alexa  7) Bud light - Lemons 8) Paramount+ - amputation  9) Tide  10) Mich ultra  #AdBowl #SuperBowl                   #SuperBowl2020 #NicksSBCommercialRanking,11,0,48,NickRhimself,Ramos,1398,2328,"FINAL STANDINGS

1) T-Mobile - Gwen &amp; Blake
2) Cheetos - Wasn’t me
3) GMC -EV
4) Fiverr - 4 Seasons
5) Rocket - fine
6) Alexa 
7) Bud light - Lemons
8) Paramount+ - amputation 
9) Tide 
10) Mich ultra 
#AdBowl #SuperBowl                   #SuperBowl2020 #NicksSBCommercialRanking",8,2,2021
https://twitter.com/tide/status/1358615257493565443,2021-02-08 03:14:53+00:00,1358615257493565443,Vote for #TheHoodie on #SBLV AdMeter or else he’ll look like this forever. #SuperBowl https://t.co/Q0NEP3GyWQ https://t.co/EtTeaql9UH,7,13,118,tide,Tide,187777,2135,Vote for #TheHoodie on #SBLV AdMeter or else he’ll look like this forever. #SuperBowl admeter.usatoday.com https://t.co/EtTeaql9UH,8,2,2021
https://twitter.com/BenForemanSCC/status/1358605677300645888,2021-02-08 02:36:49+00:00,1358605677300645888,The Jason Alexander Tide Commercial &gt; The Pepsi Halftime Show. #SuperBowl,1,0,7,BenForemanSCC,Ben Foreman,515,450,"The Jason Alexander Tide Commercial &gt; The Pepsi Halftime Show.
#SuperBowl",8,2,2021
https://twitter.com/Galileo908/status/1358598884042432515,2021-02-08 02:09:50+00:00,1358598884042432515,Current winners for best #SuperBowl ad:  -Tide (and it's not even close)  -Anytime Beavis &amp; Butt-Head show up in Paramount+ -Reddit -Into The Bud Light-verse,1,1,3,Galileo908,Not Steve Jortles,1211,883,"Current winners for best #SuperBowl ad:

-Tide (and it's not even close)

-Anytime Beavis &amp; Butt-Head show up in Paramount+
-Reddit
-Into The Bud Light-verse",8,2,2021
https://twitter.com/thehill/status/1358596661476552704,2021-02-08 02:01:00+00:00,1358596661476552704,"WATCH: #SuperBowl commercials including Squarespace, Tide, Cheetos, General Motors and Mountain Dew https://t.co/dgOo60qk8q",12,3,57,thehill,The Hill,4356706,296,"WATCH: #SuperBowl commercials including Squarespace, Tide, Cheetos, General Motors and Mountain Dew https://t.co/dgOo60qk8q",8,2,2021
https://twitter.com/vincenzolandino/status/1358592796433780737,2021-02-08 01:45:38+00:00,1358592796433780737,"Folks, we‘re seeing something here.   @OatlyUS launched a TERRIBLE ad, just to sell a t-shirt and get people talking.  Tide, showed off the #TideHoodie, knowing you’d want one. And it works.  Content first. Merch/commerce next.   #SuperBowl https://t.co/2j8iyVXyzz",6,3,33,vincenzolandino,Vincenzo Landino,38614,1786,"Folks, we‘re seeing something here. 

@OatlyUS launched a TERRIBLE ad, just to sell a t-shirt and get people talking.

Tide, showed off the #TideHoodie, knowing you’d want one. And it works.

Content first. Merch/commerce next. 

#SuperBowl twitter.com/tide/status/13…",8,2,2021
https://twitter.com/ShroomMeister/status/1358592791639646209,2021-02-08 01:45:37+00:00,1358592791639646209,I'll put this here in case the tides turn. #SuperBowl https://t.co/BfILyVqIBf,1,0,1,ShroomMeister,Healer Shroom @ Video Killed the Casual Fan Star,2661,1235,I'll put this here in case the tides turn. #SuperBowl https://t.co/BfILyVqIBf,8,2,2021
https://twitter.com/JuliaAngelenPR/status/1358585049663172608,2021-02-08 01:14:51+00:00,1358585049663172608,Ok I take back my @tide criticism because this is cool:  🏈  #BrandBowl #SuperBowl #AdBowl #SuperBowlAds #SBLV #MarketingTwitter #AdTwitter #3percentsb  🏟 https://t.co/A58SnQJzn5,2,0,7,JuliaAngelenPR,Jules Joy {She•Her},6846,4545,"Ok I take back my @tide criticism because this is cool:

🏈 
#BrandBowl #SuperBowl #AdBowl #SuperBowlAds #SBLV #MarketingTwitter #AdTwitter #3percentsb 
🏟 twitter.com/IJasonAlexande…",8,2,2021
https://twitter.com/Josh_Atwell/status/1358584020079161344,2021-02-08 01:10:46+00:00,1358584020079161344,After the #superbowl Tide is going to have an ad campaign: “So powerful we can even clean up how KC plays” It’s crazy how much KC is getting away with.,1,1,0,Josh_Atwell,Josh Atwell,9005,1649,"After the #superbowl Tide is going to have an ad campaign:
“So powerful we can even clean up how KC plays”
It’s crazy how much KC is getting away with.",8,2,2021
https://twitter.com/RobRiggle/status/1358583445748813825,2021-02-08 01:08:29+00:00,1358583445748813825,"Invisible dirt is not a joke. Unless you’re a Jason Alexander #TideHoodie, that is. Check out @Tide’s hilarious Super Bowl Spot here! #SBLV #SuperBowl #ad https://t.co/7pHeOkvjWY",1,8,66,RobRiggle,Rob Riggle,1476022,486,"Invisible dirt is not a joke. Unless you’re a Jason Alexander #TideHoodie, that is. Check out @Tide’s hilarious Super Bowl Spot here! #SBLV #SuperBowl #ad twitter.com/tide/status/13…",8,2,2021
https://twitter.com/people/status/1358583061290516484,2021-02-08 01:06:57+00:00,1358583061290516484,Jason Alexander Says It's 'Flattering' to Appear in Tide's Hilarious 2021 #SuperBowl Ad — Watch https://t.co/ppcK1jfhJ1,49,12,394,people,People,7728785,1704,Jason Alexander Says It's 'Flattering' to Appear in Tide's Hilarious 2021 #SuperBowl Ad — Watch people.com/tv/super-bowl-…,8,2,2021
https://twitter.com/adage/status/1358582952343588867,2021-02-08 01:06:31+00:00,1358582952343588867,"We gave @tide's #SuperBowl ad 5 stars because its entertaining and convinces us, against all odds, that the world might need yet another variety of laundry detergent. #AdAgeSuperBowl   See our other ad reviews so far here: https://t.co/xU10XNaDEG https://t.co/7SDmMn1cw4",6,2,54,adage,Ad Age,1001959,73298,"We gave @tide's #SuperBowl ad 5 stars because its entertaining and convinces us, against all odds, that the world might need yet another variety of laundry detergent. #AdAgeSuperBowl 

See our other ad reviews so far here: ow.ly/aHOm50DtMP9 https://t.co/7SDmMn1cw4",8,2,2021
https://twitter.com/ClioAwards/status/1358582838011056129,2021-02-08 01:06:04+00:00,1358582838011056129,"Next commercial in the #SuperBowl lineup is Woven Collaborative / @SaatchiNewYork's ""The Jason Alexander Hoodie"" for @tide.  Will it win the 2021 #SuperClio? https://t.co/47xwEZhvUT",2,0,8,ClioAwards,Clio Awards,43605,11500,"Next commercial in the #SuperBowl lineup is Woven Collaborative / @SaatchiNewYork's ""The Jason Alexander Hoodie"" for @tide.

Will it win the 2021 #SuperClio? youtube.com/watch?v=YvjuL6…",8,2,2021
https://twitter.com/LaurelLu/status/1358582743785893889,2021-02-08 01:05:42+00:00,1358582743785893889,That last                      The creative  kick                               team who                                        pitched that                                       @tide spot                         🤝                High &amp; good  #SuperBowl #3PercentSB,1,0,18,LaurelLu,Laurel Stark Akman,5394,3706,"That last                      The creative 
kick                               team who 
                                      pitched that
                                      @tide spot 

                      🤝

              High &amp; good

#SuperBowl #3PercentSB",8,2,2021
https://twitter.com/Deggans/status/1358582337651539969,2021-02-08 01:04:05+00:00,1358582337651539969,"My award for weirdest #SuperBowl commercial so far: Tide's ""Jason Alexander Hoodie."" It leaves open the question: what self-respecting kid would even WEAR a hoodie with a face of a co-star from a sitcom that left TV more than20 years ago? https://t.co/cxwp1bz0Am",3,7,33,Deggans,Eric Deggans at NPR,40475,6796,"My award for weirdest #SuperBowl commercial so far: Tide's ""Jason Alexander Hoodie."" It leaves open the question: what self-respecting kid would even WEAR a hoodie with a face of a co-star from a sitcom that left TV more than20 years ago? youtube.com/watch?v=YvjuL6…",8,2,2021
https://twitter.com/Robyn_leigh11/status/1358582087771705346,2021-02-08 01:03:05+00:00,1358582087771705346,The @tide and #JasonAlexander commercial was cute #SuperBowl #Superbowlads,1,0,1,Robyn_leigh11,Robyn,6856,4956,The @tide and #JasonAlexander commercial was cute #SuperBowl #Superbowlads,8,2,2021
https://twitter.com/TopHatFever/status/1358581961388818432,2021-02-08 01:02:35+00:00,1358581961388818432,WHERE CAN I GET A JASON ALEXANDER HOODIE?!? #superbowl #tide #jasonalexanderhoodie,1,2,0,TopHatFever,sara. 🍅,206,998,WHERE CAN I GET A JASON ALEXANDER HOODIE?!? #superbowl #tide #jasonalexanderhoodie,8,2,2021
https://twitter.com/wallerABC7/status/1358581924651020288,2021-02-08 01:02:26+00:00,1358581924651020288,That Tide commercial with @IJasonAlexander was perfection. Did anyone else catch the Seinfeld reference? #SuperBowl https://t.co/Av9EOJwWXy,2,3,9,wallerABC7,Derick Waller,8534,1779,That Tide commercial with @IJasonAlexander was perfection. Did anyone else catch the Seinfeld reference? #SuperBowl m.youtube.com/watch?v=yg-TqE…,8,2,2021
https://twitter.com/contreciatharpe/status/1358581827393445890,2021-02-08 01:02:03+00:00,1358581827393445890,"I always use @tide when discussing primary audiences &amp; mktg strategies. Theyre a brand that various demographics use, but their ads &amp; content speaks to mothers of children who get stains or dirt from various places. Their content is consistent. #SuperBowl #BrandBowl #AdBowl",1,0,4,contreciatharpe,Dr. Contrecia T. Tharpe,1329,1447,"I always use @tide when discussing primary audiences &amp; mktg strategies. Theyre a brand that various demographics use, but their ads &amp; content speaks to mothers of children who get stains or dirt from various places. Their content is consistent. #SuperBowl #BrandBowl #AdBowl",8,2,2021
https://twitter.com/JonLeeBrody/status/1358581600666189828,2021-02-08 01:01:09+00:00,1358581600666189828,Seeing @IJasonAlexander in a #SuperBowl ad as they play the theme from Greatest American Hero as a nod to Costanza’s answering machine is hands down the winner of everything tonight. @tide just got themselves a new customer.,1,0,2,JonLeeBrody,Jon Lee Brody,11332,895,Seeing @IJasonAlexander in a #SuperBowl ad as they play the theme from Greatest American Hero as a nod to Costanza’s answering machine is hands down the winner of everything tonight. @tide just got themselves a new customer.,8,2,2021
https://twitter.com/Roybq/status/1358581448819658754,2021-02-08 01:00:33+00:00,1358581448819658754,A+ to Tide for reviving the theme from “The Greatest American Hero” #SuperBowlCommercials #SuperBowlWeeknd #superbowl,2,0,3,Roybq,Roy Klementsen,2369,4149,A+ to Tide for reviving the theme from “The Greatest American Hero” #SuperBowlCommercials #SuperBowlWeeknd #superbowl,8,2,2021
https://twitter.com/Adweek/status/1358581422504706048,2021-02-08 01:00:27+00:00,1358581422504706048,"A teenage boy’s sweatshirt gets used and abused in @Tide's #SuperBowl 55 ad—but this is more than a day in the life of a grimy, generic jacket. Believe it or not, it stars Jason Alexander's face. https://t.co/rwJBHTZQlu",4,7,71,Adweek,Adweek,688972,26488,"A teenage boy’s sweatshirt gets used and abused in @Tide's #SuperBowl 55 ad—but this is more than a day in the life of a grimy, generic jacket. Believe it or not, it stars Jason Alexander's face. adweek.it/3pEAReI",8,2,2021
https://twitter.com/Seanlofficial/status/1358581409363951625,2021-02-08 01:00:23+00:00,1358581409363951625,the sweatshirt of Jason Alexander in the @tide commercial WILL give me nightmares tonight #SuperBowl,4,0,10,Seanlofficial,SΞAN,12373,4548,the sweatshirt of Jason Alexander in the @tide commercial WILL give me nightmares tonight #SuperBowl,8,2,2021
https://twitter.com/donnatobin/status/1358581402489528320,2021-02-08 01:00:22+00:00,1358581402489528320,Hahaha @tide #JasonAlexander’s face “dirtier than it looks” 🤣 #SuperBowl #AdBowl,1,0,2,donnatobin,Donna Tobin 🇺🇦 ☮️,1183,3098,Hahaha @tide #JasonAlexander’s face “dirtier than it looks” 🤣 #SuperBowl #AdBowl,8,2,2021
https://twitter.com/adage/status/1358581363402768385,2021-02-08 01:00:12+00:00,1358581363402768385,Those Jason Alexander hoodies would be sold out if Tide made them #SuperBowl,23,12,210,adage,Ad Age,1001959,73298,Those Jason Alexander hoodies would be sold out if Tide made them #SuperBowl,8,2,2021
https://twitter.com/mary_santora/status/1358581357631397891,2021-02-08 01:00:11+00:00,1358581357631397891,"Yo, Tide, you missed a huge opportunity to make this Jason Alexander hoodie commercial to be about shrinkage #SuperBowl",41,23,576,mary_santora,Mary Santora,11906,1428,"Yo, Tide, you missed a huge opportunity to make this Jason Alexander hoodie commercial to be about shrinkage #SuperBowl",8,2,2021
https://twitter.com/JustJared/status/1358581340178817028,2021-02-08 01:00:07+00:00,1358581340178817028,Watch Tide's hilarious #SuperBowl commercial featuring a Jason Alexander hoodie! https://t.co/gCf20L8z4X,2,1,10,JustJared,JustJared.com,729151,2931,Watch Tide's hilarious #SuperBowl commercial featuring a Jason Alexander hoodie! justjared.com/2021/02/07/tid…,8,2,2021
https://twitter.com/TVLine/status/1358581335602962432,2021-02-08 01:00:06+00:00,1358581335602962432,"Catch the reference, #Seinfeld fans? Watch Tide's #SuperBowl commercial here: https://t.co/6zMioLK5nf #JasonAlexanderHoodie https://t.co/KA6mOh0z7b",14,5,75,TVLine,TVLine.com,170311,125,"Catch the reference, #Seinfeld fans? Watch Tide's #SuperBowl commercial here: tvline.com/lists/super-bo… #JasonAlexanderHoodie https://t.co/KA6mOh0z7b",8,2,2021
https://twitter.com/JoelHoover/status/1358581328455860231,2021-02-08 01:00:04+00:00,1358581328455860231,"GREAT Tide commercial. The music, too... 😂 #SuperBowl",2,0,2,JoelHoover,Joel Hoover,1068,779,"GREAT Tide commercial. The music, too... 😂 #SuperBowl",8,2,2021
https://twitter.com/SethFromThe716/status/1358581327654715393,2021-02-08 01:00:04+00:00,1358581327654715393,I think Tide just proved to the world that Jason Alexander is the Greatest American Hero.  #SuperBowl,1,1,2,SethFromThe716,Слава Україні! 🇺🇦 Putin is a war criminal!,9062,5818,"I think Tide just proved to the world that Jason Alexander is the Greatest American Hero.

#SuperBowl",8,2,2021
https://twitter.com/funkydeeeva/status/1358581321422041090,2021-02-08 01:00:02+00:00,1358581321422041090,@tide you make me laugh!! #JasonAlexander #SuperBowl #AdBowl #superbowlAds #Brandbowl,1,0,2,funkydeeeva,Genevieve Cruz,280,291,@tide you make me laugh!! #JasonAlexander #SuperBowl #AdBowl #superbowlAds #Brandbowl,8,2,2021
https://twitter.com/iamdanlevey/status/1358581319094005762,2021-02-08 01:00:02+00:00,1358581319094005762,The Tide commercial was very meta with @IJasonAlexander with “Believe it or Not.” #BelieveItOrNotGeorgeIsntAtHome #SuperBowl,1,0,5,iamdanlevey,Dan Levey,4076,2989,The Tide commercial was very meta with @IJasonAlexander with “Believe it or Not.” #BelieveItOrNotGeorgeIsntAtHome #SuperBowl,8,2,2021
https://twitter.com/KevDGrussing/status/1358581252077543428,2021-02-08 00:59:46+00:00,1358581252077543428,Tide with a full Seinfeld reference complete with Jason Alexander himself. Well done! #SuperBowl,2,2,1,KevDGrussing,Kevin D. Grüssing (pronounced Grew-Sing),3945,4999,"Tide with a full Seinfeld reference complete with Jason Alexander himself.
Well done!
#SuperBowl",8,2,2021
https://twitter.com/itshenrychinea/status/1358581228631425024,2021-02-08 00:59:40+00:00,1358581228631425024,"Oh, Tide, how I’ve missed your always-welcome weirdness. #SBads #Plannerbowl #3percentSB #SuperBowlAds #adbowl #brandbowl #SuperBowl #ads",1,0,2,itshenrychinea,Henry Chinea,333,772,"Oh, Tide, how I’ve missed your always-welcome weirdness. #SBads #Plannerbowl #3percentSB #SuperBowlAds #adbowl #brandbowl #SuperBowl #ads",8,2,2021
https://twitter.com/oneofmanymikes/status/1358581216447000577,2021-02-08 00:59:37+00:00,1358581216447000577,Jason Alexander Tide commercial to the top of the list!  #SuperBowl,1,0,3,oneofmanymikes,Mike Murphy 🇺🇸🍁⚾⛳🌄🦬,1369,5014,Jason Alexander Tide commercial to the top of the list!  #SuperBowl,8,2,2021
https://twitter.com/tide/status/1358581200856653824,2021-02-08 00:59:34+00:00,1358581200856653824,You owe your clothes an apology. We’ll wait. #TideHoodie #SBLV #SuperBowl https://t.co/Z7A4tZJoeU,218,115,1872,tide,Tide,187777,2135,You owe your clothes an apology. We’ll wait. #TideHoodie #SBLV #SuperBowl https://t.co/Z7A4tZJoeU,8,2,2021
https://twitter.com/mharvey816/status/1358581164735418368,2021-02-08 00:59:25+00:00,1358581164735418368,"I couldn't stop laughing at the Tide ad so well done, ad wizards #SuperBowl",1,1,3,mharvey816,m.e.h. 💉 😷 🌻,6104,4716,"I couldn't stop laughing at the Tide ad so well done, ad wizards #SuperBowl",8,2,2021
https://twitter.com/emmaleecreative/status/1358581127859089412,2021-02-08 00:59:16+00:00,1358581127859089412,"I respect the creative execution, Tide. GIVE ME BACK MY FACE. #SuperBowl #Superbowlads",1,0,0,emmaleecreative,Emma Lee Creative,231,267,"I respect the creative execution, Tide. GIVE ME BACK MY FACE. #SuperBowl #Superbowlads",8,2,2021
https://twitter.com/StateFarm/status/1358581111128006656,2021-02-08 00:59:12+00:00,1358581111128006656,"That #SBLV spot was immaculate @tide.✨ Also, where can we get our own #TideHoodie? #TeamStateFarm #SuperBowl",2,1,31,StateFarm,State Farm,108507,8460,"That #SBLV spot was immaculate @tide.✨ Also, where can we get our own #TideHoodie? #TeamStateFarm #SuperBowl",8,2,2021
https://twitter.com/GershOnline/status/1358581068723552258,2021-02-08 00:59:02+00:00,1358581068723552258,When Jason Alexander is at the #SuperBowl in a commercial for Tide. https://t.co/rDiSFBhfhd,2,1,13,GershOnline,Gershon Rabinowitz,2102,939,When Jason Alexander is at the #SuperBowl in a commercial for Tide. https://t.co/rDiSFBhfhd,8,2,2021
https://twitter.com/Justin_EAndrews/status/1358581026583412741,2021-02-08 00:58:52+00:00,1358581026583412741,Hahah! I liked that Tide commercial! #SuperBowl,2,0,13,Justin_EAndrews,Justin Andrews,4714,2653,Hahah! I liked that Tide commercial! #SuperBowl,8,2,2021
https://twitter.com/3headedMNSTR/status/1358580905795796997,2021-02-08 00:58:23+00:00,1358580905795796997,Biggest laughs so far gotta be #TideHoodie @tide Woulda killed to watch that board get presented. #SuperBowl,2,0,2,3headedMNSTR,3Headed Monster,342,663,Biggest laughs so far gotta be #TideHoodie @tide Woulda killed to watch that board get presented. #SuperBowl,8,2,2021
https://twitter.com/DWSchoner/status/1358572825234309122,2021-02-08 00:26:17+00:00,1358572825234309122,"We are @SuperBowl with @IJasonAlexander!   LMAO  Here you go @CedarGroveK12 @CGPANTHERPRIDE @CGHSVP @CGHS_Athletics!     It was so fantastic to help filming of @tide commercial at our high school.  So thrilled they filmed in the cafeteria, gym and athletic complex. https://t.co/HXrilLsHh5",1,0,10,DWSchoner,The Great Mustachio ™ 🤵🏻,1768,147,"We are @SuperBowl with @IJasonAlexander! 

LMAO

Here you go @CedarGroveK12 @CGPANTHERPRIDE @CGHSVP @CGHS_Athletics!   

It was so fantastic to help filming of @tide commercial at our high school.  So thrilled they filmed in the cafeteria, gym and athletic complex. twitter.com/tide/status/13…",8,2,2021
https://twitter.com/AjitPai/status/1358569101409583106,2021-02-08 00:11:29+00:00,1358569101409583106,Crimson tide: a @HarvardFootball alum is currently the leading receiver in @SuperBowl LV. https://t.co/bjbpL0jXRK,1,0,4,AjitPai,Ajit Pai,84434,9014,Crimson tide: a @HarvardFootball alum is currently the leading receiver in @SuperBowl LV. https://t.co/bjbpL0jXRK,8,2,2021
https://twitter.com/PatDuggins/status/1358557302014541825,2021-02-07 23:24:36+00:00,1358557302014541825,The last time I was at @RJStadium was Alabama's 2017 #cfpnationalchampionship game. Tide's Gehrig Dieter (CHIEFS) and O.J. Howard (BUCS) played. #SuperBowl #SuperBowl2021 #BucsVsChiefs #ChiefsvsBuccaneers #PuppyBowlXVII #PepsiHalftime #COVID19 https://t.co/0qLzm5cHcp,1,1,3,PatDuggins,Pat Duggins,1402,3575,The last time I was at @RJStadium was Alabama's 2017 #cfpnationalchampionship game. Tide's Gehrig Dieter (CHIEFS) and O.J. Howard (BUCS) played. #SuperBowl #SuperBowl2021 #BucsVsChiefs #ChiefsvsBuccaneers #PuppyBowlXVII #PepsiHalftime #COVID19 https://t.co/0qLzm5cHcp,7,2,2021
https://twitter.com/Educated_Lyon/status/1358554339678310405,2021-02-07 23:12:49+00:00,1358554339678310405,I'm hoping for @tide to win the game tonight again. They're the true #GOAT   #TideHoodie #Tide #SuperBowl #SuperBowlLV #SuperBowlCommercials #superbowlads,1,0,2,Educated_Lyon,Kelly Renae ♡,639,544,"I'm hoping for @tide to win the game tonight again. They're the true #GOAT 

#TideHoodie #Tide #SuperBowl #SuperBowlLV #SuperBowlCommercials #superbowlads",7,2,2021
https://twitter.com/Scott_G/status/1358553642731773954,2021-02-07 23:10:03+00:00,1358553642731773954,Tide bringing #SuperSpot flavor to their twitter game. Search Tide Hoodie in GIFs for more opitons. #SuperBowl #superbowlads https://t.co/Zd5xOO3fRt,1,0,0,Scott_G,VerbalCraftsman.com,165,284,Tide bringing #SuperSpot flavor to their twitter game. Search Tide Hoodie in GIFs for more opitons. #SuperBowl #superbowlads https://t.co/Zd5xOO3fRt,7,2,2021
https://twitter.com/Gingrich_of_PA/status/1358546914548060168,2021-02-07 22:43:19+00:00,1358546914548060168,"The real Super Bowl MVP is already known before kick off: @GovRonDeSantis   On behalf everyone who’s been fighting just to keep our constitutional rights daily, you’ve led the fight for us. I only hope this American tradition today turns the tide of fear over freedom. #SuperBowl https://t.co/2KZY9Vmaox",39,0,107,Gingrich_of_PA,JohnWickofPolitics,31228,19766,"The real Super Bowl MVP is already known before kick off: @GovRonDeSantis 

On behalf everyone who’s been fighting just to keep our constitutional rights daily, you’ve led the fight for us. I only hope this American tradition today turns the tide of fear over freedom. #SuperBowl https://t.co/2KZY9Vmaox",7,2,2021
https://twitter.com/thehill/status/1358517389076418563,2021-02-07 20:46:00+00:00,1358517389076418563,"WATCH: #SuperBowl commercials including Squarespace, Tide, Cheetos, General Motors and Mountain Dew https://t.co/kwosdSGuo1",15,3,39,thehill,The Hill,4356706,296,"WATCH: #SuperBowl commercials including Squarespace, Tide, Cheetos, General Motors and Mountain Dew https://t.co/kwosdSGuo1",7,2,2021
https://twitter.com/danny_laffin/status/1358444185209221121,2021-02-07 15:55:07+00:00,1358444185209221121,Sadly Canadians miss all the best Superbowl commercials.   Except for this one.   Roll Tide Roll....... https://t.co/h9gtyxXKq7,1,2,6,danny_laffin,Danny Laffin,294,439,"Sadly Canadians miss all the best Superbowl commercials. 

Except for this one. 

Roll Tide Roll....... https://t.co/h9gtyxXKq7",7,2,2021
https://twitter.com/DrSportBusiness/status/1358420627607097348,2021-02-07 14:21:30+00:00,1358420627607097348,"@ThatChristinaG Before we get to discussing the ads from today’s #SuperBowl, I am curious what are #MarketingTwitter’s favorite ads from past ones? Here’s one of my favorites: Tide Montana miracle stain during the SB between 49ers and Ravens.   https://t.co/eKl3Mtmm7O",1,3,4,DrSportBusiness,Dr. Vassilis Dalakas,1664,425,"@ThatChristinaG Before we get to discussing the ads from today’s #SuperBowl, I am curious what are #MarketingTwitter’s favorite ads from past ones?
Here’s one of my favorites: Tide Montana miracle stain during the SB between 49ers and Ravens. 

youtu.be/4dVwAFkCUG4",7,2,2021
https://twitter.com/JDS_25/status/1358412632290648067,2021-02-07 13:49:44+00:00,1358412632290648067,*Super Bowl chatter*  Them: What’s your most memorable #SuperBowl ?  Me: Idk. The Snickers Ads w/ Betty White was hilarious. KIA with their dancing hamsters were funny. The Tide commercial series was strategic.   Them: We mean the game  Me: Oh  #MarketingTwitter #DigitalMarketing,1,0,0,JDS_25,JayDee,67,88,"*Super Bowl chatter*

Them: What’s your most memorable #SuperBowl ?

Me: Idk. The Snickers Ads w/ Betty White was hilarious. KIA with their dancing hamsters were funny. The Tide commercial series was strategic. 

Them: We mean the game

Me: Oh

#MarketingTwitter #DigitalMarketing",7,2,2021
https://twitter.com/StyleOfNattie/status/1358262005430247427,2021-02-07 03:51:12+00:00,1358262005430247427,"@NatbyNature is wearing a Jason Alexander Hoodie which is used in the @tide #SuperBowl ad, they hoodie is not available to purchase however. https://t.co/SubXH2sQrq",1,0,1,StyleOfNattie,Style of Nattie,262,71,"@NatbyNature is wearing a Jason Alexander Hoodie which is used in the @tide #SuperBowl ad, they hoodie is not available to purchase however. https://t.co/SubXH2sQrq",7,2,2021
