url,Datetime,Tweet Id,Text,Retweet Count,Reply Count,Like Count,Username,Display Name,Followers Count,Friends Count,Rendered Content,Day,Month,Year
https://twitter.com/ispottv/status/1358912573240926214,2021-02-08 22:56:19+00:00,1358912573240926214,"While @Buccaneers won the big game, these #SuperBowl ads won the attention of viewers. Based on highest digital activity, us + @adage crowned @MountainDew @amazon @Jeep @Cadillac @StateFarm @Doritos @UberEats @ChesterCheetah @tide @Verizon as our top 10.   https://t.co/1p8dKowpqw",2,1,3,ispottv,iSpot.tv,4178,2878,"While @Buccaneers won the big game, these #SuperBowl ads won the attention of viewers. Based on highest digital activity, us + @adage crowned @MountainDew @amazon @Jeep @Cadillac @StateFarm @Doritos @UberEats @ChesterCheetah @tide @Verizon as our top 10. 

bit.ly/3a195Ur",8,2,2021
https://twitter.com/EmceeSLIM/status/1358794977715908611,2021-02-08 15:09:02+00:00,1358794977715908611,"About Last Night!  Had to add the Oxtail Bowl 💯  #SugarKaneRestaurant #SuperBowl @NFL Sunday!! #WeTheNorth💯 @NASA   https://t.co/PT2Wk5gxMA  Delivery: @SkipTheDishes, @Doordash, @UberEats  #Food #Toronto #GTA #SupportSmallBusiness #takeout #Foodie #TheSix #Nonstop #EatLocal https://t.co/0rmzqTOfpS",1,0,1,EmceeSLIM,SLIM Enterprises,56050,2519,"About Last Night!

Had to add the Oxtail Bowl 💯

#SugarKaneRestaurant #SuperBowl @NFL Sunday!! #WeTheNorth💯 @NASA 

sugarkanerestaurant.ca

Delivery: @SkipTheDishes, @Doordash, @UberEats 
#Food #Toronto #GTA #SupportSmallBusiness #takeout #Foodie #TheSix #Nonstop #EatLocal https://t.co/0rmzqTOfpS",8,2,2021
https://twitter.com/LMG_BeyondTech/status/1358791057002143744,2021-02-08 14:53:27+00:00,1358791057002143744,Party on! Filmed in our Las Vegas studio was the new @UberEats  ad that premiered during the @SuperBowl! Excellent! #LMGTouring #BeyondTechnology https://t.co/p3PpSu0QYz,1,0,4,LMG_BeyondTech,LMG,1079,464,Party on! Filmed in our Las Vegas studio was the new @UberEats  ad that premiered during the @SuperBowl! Excellent! #LMGTouring #BeyondTechnology youtu.be/73u8pED1wFo,8,2,2021
https://twitter.com/jaffer_ali1/status/1358761042134917123,2021-02-08 12:54:11+00:00,1358761042134917123,"D/ The move toward localism is growing fast, even a commercial on the Superbowl encouraged ""Shop Local"" (Uber Eats commercial) This is a cultural trend that shows no sign of abating E/ Rents...rents..and rents.. As they decrease by 70%-80%, economics change significantly.  3/n",2,1,24,jaffer_ali1,Jaffer Ali,11135,341,"D/ The move toward localism is growing fast, even a commercial on the Superbowl encouraged ""Shop Local"" (Uber Eats commercial) This is a cultural trend that shows no sign of abating
E/ Rents...rents..and rents.. As they decrease by 70%-80%, economics change significantly. 
3/n",8,2,2021
https://twitter.com/JohnnyOJr/status/1358759420986064898,2021-02-08 12:47:45+00:00,1358759420986064898,"So @DoorDash and @UberEats have millions of dollars for #SuperBowl commercials, high profile celebs, and  to give cash in support of local restaurants?  Maybe a better way to support local establishments would be to take less in fees from the places they claim to support? 🤷‍♂️",28,10,166,JohnnyOJr,"Johnny Olszewski, Jr.",7090,1259,"So @DoorDash and @UberEats have millions of dollars for #SuperBowl commercials, high profile celebs, and  to give cash in support of local restaurants?

Maybe a better way to support local establishments would be to take less in fees from the places they claim to support? 🤷‍♂️",8,2,2021
https://twitter.com/Kent_Youngblood/status/1358636507339268096,2021-02-08 04:39:20+00:00,1358636507339268096,Best #SuperBowl spots  1) Toyota 2) Jeep 3) M&amp;M Mars 4) Jimmy John’s 5) Uber Eats 6-60) Background noise 61) Paramount Plus,1,0,1,Kent_Youngblood,Kent Youngblood,1120,616,"Best #SuperBowl spots

1) Toyota
2) Jeep
3) M&amp;M Mars
4) Jimmy John’s
5) Uber Eats
6-60) Background noise
61) Paramount Plus",8,2,2021
https://twitter.com/Hopesloop/status/1358619102504509441,2021-02-08 03:30:10+00:00,1358619102504509441,"My personal faves of the night? Toyota (I'm not crying, you're crying), Rocket Mortgage, Tide, T-Mobile (Gwen and Blake), UberEats, and Cheetos! #SuperBowl #SuperBowlLV #SuperBowlCommercials",1,0,2,Hopesloop,Hope Sloop,834,1626,"My personal faves of the night? Toyota (I'm not crying, you're crying), Rocket Mortgage, Tide, T-Mobile (Gwen and Blake), UberEats, and Cheetos! #SuperBowl #SuperBowlLV #SuperBowlCommercials",8,2,2021
https://twitter.com/SkoobyD93/status/1358617189935439873,2021-02-08 03:22:34+00:00,1358617189935439873,"Top 4 commercials:  1. Uber eats w/ Waynes World ft. Cardi B 2. Cheetos with Shaggy, Mila Kunis and Ashton Kutcher 3. Rocket Lawyer with Tracey Morgan 4. Geico (Scoop!)  #SuperBowl #SuperBowlCommercials",1,0,2,SkoobyD93,D. Till,2164,1783,"Top 4 commercials:

1. Uber eats w/ Waynes World ft. Cardi B
2. Cheetos with Shaggy, Mila Kunis and Ashton Kutcher
3. Rocket Lawyer with Tracey Morgan
4. Geico (Scoop!)

#SuperBowl #SuperBowlCommercials",8,2,2021
https://twitter.com/cetetreault/status/1358615185217363968,2021-02-08 03:14:36+00:00,1358615185217363968,Alrighty...anyone else find the @UberEats commercial about supporting local ironic considering how much they charge small businesses?  #SuperBowl,1,1,7,cetetreault,Christina Tetreault,2596,1468,Alrighty...anyone else find the @UberEats commercial about supporting local ironic considering how much they charge small businesses?  #SuperBowl,8,2,2021
https://twitter.com/Colleen2791/status/1358612757520785410,2021-02-08 03:04:57+00:00,1358612757520785410,"A reminder that @UberEats and @DoorDash spent millions on #SuperBowl ads, and they spend millions to defeat policies that support gig workers. If only they could just idk pay workers fairly?",1,0,13,Colleen2791,Colleen Smith,2518,1482,"A reminder that @UberEats and @DoorDash spent millions on #SuperBowl ads, and they spend millions to defeat policies that support gig workers. If only they could just idk pay workers fairly?",8,2,2021
https://twitter.com/monaeatsLA/status/1358611253732646914,2021-02-08 02:58:59+00:00,1358611253732646914,I get emails/texts/IMs regularly from restaurant owners angry with food delivery apps. They say companies like Uber Eats and DoorDash don't follow the rules or overcharge them. Bleed them. But they can afford expensive #SuperBowl commercials w/celebs,34,3,153,monaeatsLA,Mona Holmes,7606,4506,I get emails/texts/IMs regularly from restaurant owners angry with food delivery apps. They say companies like Uber Eats and DoorDash don't follow the rules or overcharge them. Bleed them. But they can afford expensive #SuperBowl commercials w/celebs,8,2,2021
https://twitter.com/JakeStateFarm/status/1358610686222487559,2021-02-08 02:56:44+00:00,1358610686222487559,"@UberEats I can only RT this once, right? #TeamStateFarm #SBLV #SuperBowl",1,0,7,JakeStateFarm,Jake from State Farm,56423,4877,"@UberEats I can only RT this once, right? #TeamStateFarm #SBLV #SuperBowl",8,2,2021
https://twitter.com/kat__writes/status/1358608308001718274,2021-02-08 02:47:17+00:00,1358608308001718274,"Am I more annoyed at Tom Brady for not wearing a mask at the SuperBowl, or Uber Eats for having the AUDACITY to “promote local restaurants” like their entire business model isn’t made to suck them dry?   Restaurant workers LOATHE Uber Eats. Call in your own Togo order. Plz.",3,0,12,kat__writes,Kat Pettibone✌🏻,1725,507,"Am I more annoyed at Tom Brady for not wearing a mask at the SuperBowl, or Uber Eats for having the AUDACITY to “promote local restaurants” like their entire business model isn’t made to suck them dry? 

Restaurant workers LOATHE Uber Eats. Call in your own Togo order. Plz.",8,2,2021
https://twitter.com/peta/status/1358607031444332545,2021-02-08 02:42:12+00:00,1358607031444332545,"The latest trend is being kind. It’s sad to see feathers that came from terrified birds in the #UberEats spot.  Please, support animals, never wear them. https://t.co/VhLgL7fgvm #SuperBowl https://t.co/kKmZJe6QPF",94,36,227,peta,PETA,1075890,1882,"The latest trend is being kind. It’s sad to see feathers that came from terrified birds in the #UberEats spot.

Please, support animals, never wear them. peta.vg/31na #SuperBowl https://t.co/kKmZJe6QPF",8,2,2021
https://twitter.com/karena731/status/1358603880247021568,2021-02-08 02:29:41+00:00,1358603880247021568,I’m calling it: the Wayne’s World Commercial for the win! @UberEats #SuperBowl #SuperBowlCommercials #WaynesWorld #ubereats }#Garth #Wayne #CardiB https://t.co/v1IBUTIRLF,1,0,4,karena731,Karen Epstein,352,381,I’m calling it: the Wayne’s World Commercial for the win! @UberEats #SuperBowl #SuperBowlCommercials #WaynesWorld #ubereats }#Garth #Wayne #CardiB https://t.co/v1IBUTIRLF,8,2,2021
https://twitter.com/CBR/status/1358602618130563073,2021-02-08 02:24:40+00:00,1358602618130563073,"Uber Eats Drafts Waynes World, Cardi B to Get You to #EatLocal in a #SuperBowl Ad https://t.co/moDQ3PVD3f https://t.co/DKCW30C3GT",5,0,49,CBR,Comic Book Resources,312486,764,"Uber Eats Drafts Waynes World, Cardi B to Get You to #EatLocal in a #SuperBowl Ad buff.ly/3aGQ34R https://t.co/DKCW30C3GT",8,2,2021
https://twitter.com/AndruEdwards/status/1358600926328614912,2021-02-08 02:17:57+00:00,1358600926328614912,LMAO @UberEats Crushing struggling local restaurants by keeping 30% of their order total and then releasing a “support local restaurants” #SuperBowl commercial https://t.co/x7PcRh4mT8,12,11,92,AndruEdwards,Andru Edwards,56407,2927,LMAO @UberEats Crushing struggling local restaurants by keeping 30% of their order total and then releasing a “support local restaurants” #SuperBowl commercial https://t.co/x7PcRh4mT8,8,2,2021
https://twitter.com/jbmarie84/status/1358600233110949890,2021-02-08 02:15:11+00:00,1358600233110949890,I loveeed #Garth idk #partytime #excellent #CardiB was too cute and Meyers gives good #Wayne every time 👏🏾👏🏾 #SuperBowl #UberEats so glad I used my app for the game tonight,2,2,6,jbmarie84,#ChefJBMarie,230,377,I loveeed #Garth idk #partytime #excellent #CardiB was too cute and Meyers gives good #Wayne every time 👏🏾👏🏾 #SuperBowl #UberEats so glad I used my app for the game tonight,8,2,2021
https://twitter.com/BardiGangUpdate/status/1358599694423851015,2021-02-08 02:13:03+00:00,1358599694423851015,"“Wayne” is currently trending at #4 in the US after Cardi, Mike Myers, &amp; Dana Carvey’s “Wayne’s World” themed #UberEats commercial aired during the #SuperBowl! https://t.co/pdUbgutYB2",40,2,368,BardiGangUpdate,Cardi B Updates❤️‍🔥,26114,996,"“Wayne” is currently trending at #4 in the US after Cardi, Mike Myers, &amp; Dana Carvey’s “Wayne’s World” themed #UberEats commercial aired during the #SuperBowl! https://t.co/pdUbgutYB2",8,2,2021
https://twitter.com/JrsyGirl87/status/1358598781986627586,2021-02-08 02:09:25+00:00,1358598781986627586,"Fav commercials of the night so far:  - T-mobile with Adam Levine, Blake Shelton, and Gwen Stefani -UberEats Wayne’s World 🌎 #SuperBowl",6,0,19,JrsyGirl87,Addie 🌺,338,700,"Fav commercials of the night so far: 
- T-mobile with Adam Levine, Blake Shelton, and Gwen Stefani
-UberEats Wayne’s World 🌎 #SuperBowl",8,2,2021
https://twitter.com/ispottv/status/1358598253336530945,2021-02-08 02:07:19+00:00,1358598253336530945,"When Wayne's World meets @iamcardib, you get a rad @UberEats #SuperBowl ad! The spot starring Mike Myers &amp; Dana Carvey was well-received among NFL fans, with 2 in 3 reporting positive consideration.  Watch how #EatLocal paired purpose with pop culture: https://t.co/9FLgClwj80 https://t.co/BqLOtXtHBK",1,1,3,ispottv,iSpot.tv,4178,2878,"When Wayne's World meets @iamcardib, you get a rad @UberEats #SuperBowl ad! The spot starring Mike Myers &amp; Dana Carvey was well-received among NFL fans, with 2 in 3 reporting positive consideration.

Watch how #EatLocal paired purpose with pop culture: ispot.tv/a/tJry https://t.co/BqLOtXtHBK",8,2,2021
https://twitter.com/popixiez/status/1358597968484564992,2021-02-08 02:06:11+00:00,1358597968484564992,Wayne’s World and Cardi B?! unexpected but best thing ever! #SuperBowl  #UberEats #UP,1,0,11,popixiez,𝙘𝙖𝙧𝙙𝙞𝙜𝙖𝙣,1229,1200,Wayne’s World and Cardi B?! unexpected but best thing ever! #SuperBowl  #UberEats #UP,8,2,2021
https://twitter.com/dary83/status/1358597753430028290,2021-02-08 02:05:20+00:00,1358597753430028290,Uber Eats reviviendo a #WaynesWorld en el #SuperBowl  Party time! Excellent! 🎸🎸🎸 https://t.co/TCoZWjlx6Z,1,0,1,dary83,𝙳𝙰𝚁𝚈 𝙼𝙰𝙽𝚃𝙴𝙲𝙾𝙽,3449,1499,Uber Eats reviviendo a #WaynesWorld en el #SuperBowl  Party time! Excellent! 🎸🎸🎸 https://t.co/TCoZWjlx6Z,8,2,2021
https://twitter.com/Adweek/status/1358597213199486976,2021-02-08 02:03:11+00:00,1358597213199486976,What did you think of Uber Eats' #SuperBowl ad? (Watch it here: https://t.co/qEoRUn5z9d),1,2,3,Adweek,Adweek,689103,26486,What did you think of Uber Eats' #SuperBowl ad? (Watch it here: adweek.it/39G7Utq),8,2,2021
https://twitter.com/cait_in_kc/status/1358596853932191747,2021-02-08 02:01:46+00:00,1358596853932191747,I’m announcing @UberEats is my favorite super bowl commercial. @iamcardib Thank you❣️ #SuperBowl #drunk,2,0,4,cait_in_kc,Caitlin,43,402,I’m announcing @UberEats is my favorite super bowl commercial. @iamcardib Thank you❣️ #SuperBowl #drunk,8,2,2021
https://twitter.com/K8the8pe/status/1358596832088240131,2021-02-08 02:01:40+00:00,1358596832088240131,@UberEats @iamcardib #Waynesworld #SuperBowl #CardiB #up flipping LOVED THIS COMMERCIAL @UberEats 👏🏻👏🏻👏🏻👏🏻👏🏻👏🏻👏🏻👏🏻👏🏻👏🏻👏🏻👏🏻👏🏻 #partyon #excellent @iamcardib #okurr ❤️❤️❤️ https://t.co/Pj07VaJ1MH,2,0,4,K8the8pe,K8 Ape,1779,3455,@UberEats @iamcardib #Waynesworld #SuperBowl #CardiB #up flipping LOVED THIS COMMERCIAL @UberEats 👏🏻👏🏻👏🏻👏🏻👏🏻👏🏻👏🏻👏🏻👏🏻👏🏻👏🏻👏🏻👏🏻 #partyon #excellent @iamcardib #okurr ❤️❤️❤️ https://t.co/Pj07VaJ1MH,8,2,2021
https://twitter.com/kissanelamaa/status/1358596240540393473,2021-02-08 01:59:19+00:00,1358596240540393473,I saw it 😸  #Waynesworld #UberEats #SuperBowl  Btw my Dad once dressed as Wayne to a costume party. The theme was super hero 😹👍🏼 https://t.co/G901MhHZbS,1,1,33,kissanelamaa,Viiru The Cat & Kismet ☮️🇺🇦,6353,2486,"I saw it 😸 
#Waynesworld #UberEats #SuperBowl 
Btw my Dad once dressed as Wayne to a costume party. The theme was super hero 😹👍🏼 https://t.co/G901MhHZbS",8,2,2021
https://twitter.com/spicybardii/status/1358596230868307973,2021-02-08 01:59:17+00:00,1358596230868307973,Cardi B’s commercial with Mike Myers and Dana Carvey for Uber Eats just aired during the #SuperBowl ! https://t.co/umSaIMXXMJ,11,0,41,spicybardii,FANPAGE | “Shake It” OUT NOW! ❤️‍🔥💎ˣ³,5767,465,Cardi B’s commercial with Mike Myers and Dana Carvey for Uber Eats just aired during the #SuperBowl ! https://t.co/umSaIMXXMJ,8,2,2021
https://twitter.com/itinalouise/status/1358596026681147394,2021-02-08 01:58:28+00:00,1358596026681147394,"Ok, this is my fav #SuperBowl #SuperBowlCommercials  Wayne's World &amp; Cardi B's Shameless Manipulation | Eat Local | Uber Eats https://t.co/SLVu9bJWvn via @YouTube",3,0,3,itinalouise,Tina Clark,535,1325,"Ok, this is my fav #SuperBowl #SuperBowlCommercials  Wayne's World &amp; Cardi B's Shameless Manipulation | Eat Local | Uber Eats youtu.be/D-Q3HNp6dew via @YouTube",8,2,2021
https://twitter.com/deejaysoup/status/1358595991016906757,2021-02-08 01:58:20+00:00,1358595991016906757,Wayne’s World commercial with Cardi B is the best one so far #UberEats  #SuperBowl,34,6,133,deejaysoup,elmo nite,962,4912,Wayne’s World commercial with Cardi B is the best one so far #UberEats  #SuperBowl,8,2,2021
https://twitter.com/__hay_/status/1358595986894057472,2021-02-08 01:58:19+00:00,1358595986894057472,.@iamcardib has been in a #SuperBowl commercial for what? Like three years now?! That’s gotta be a record. LOVE @UberEats ad. Wish they were more available in my area!! https://t.co/wS6coH7Ueo,2,0,0,__hay_,Hay✨,113,143,.@iamcardib has been in a #SuperBowl commercial for what? Like three years now?! That’s gotta be a record. LOVE @UberEats ad. Wish they were more available in my area!! https://t.co/wS6coH7Ueo,8,2,2021
https://twitter.com/UptownRoamer/status/1358595891641397254,2021-02-08 01:57:56+00:00,1358595891641397254,I really liked that Wayne’s World x Cardi B Uber Eats #SuperBowl commercial lol,1,0,4,UptownRoamer,🤖Mr. Robot🫣,6855,3726,I really liked that Wayne’s World x Cardi B Uber Eats #SuperBowl commercial lol,8,2,2021
https://twitter.com/VisitOrlando/status/1358595864701370369,2021-02-08 01:57:50+00:00,1358595864701370369,Sounds like #WaynesWorld and @UberEats support #OrlandotoGo... schwing! #EatLocal #SuperBowl,1,0,13,VisitOrlando,Visit Orlando ☀️,149056,664,Sounds like #WaynesWorld and @UberEats support #OrlandotoGo... schwing! #EatLocal #SuperBowl,8,2,2021
https://twitter.com/gabedorosz/status/1358595802340470784,2021-02-08 01:57:35+00:00,1358595802340470784,"So ready to be let down by the big celebrity cameo #SuperBowl ads, but that Wayne &amp; Garth &amp; Cardi B spot just worked in every possible way. Good fun, good use of talent, got the message in, made sense why they were there &amp; worked for Uber Eats. Good stuff. #PlannerBowl #Brandbowl",1,0,4,gabedorosz,Gabriel Dorosz,661,883,"So ready to be let down by the big celebrity cameo #SuperBowl ads, but that Wayne &amp; Garth &amp; Cardi B spot just worked in every possible way. Good fun, good use of talent, got the message in, made sense why they were there &amp; worked for Uber Eats. Good stuff. #PlannerBowl #Brandbowl",8,2,2021
https://twitter.com/MollyPEllis/status/1358595786477621249,2021-02-08 01:57:31+00:00,1358595786477621249,Genius commercial from @UberEats! #Waynesworld X @iamcardib is just the crossover we didn’t know we needed. Now I want to #EatLocal #SuperBowl #tweet4charlie,5,0,6,MollyPEllis,Molly Ellis (she/her),8,58,Genius commercial from @UberEats! #Waynesworld X @iamcardib is just the crossover we didn’t know we needed. Now I want to #EatLocal #SuperBowl #tweet4charlie,8,2,2021
https://twitter.com/DJPapiTampa/status/1358595773496258565,2021-02-08 01:57:28+00:00,1358595773496258565,So that @UberEats commercial with #WaynesWorld &amp; @iamcardib was probably the best one so far... The commercials are hurting this year. Lol... #SuperBowl,2,0,11,DJPapiTampa,DJ Papi,3353,806,So that @UberEats commercial with #WaynesWorld &amp; @iamcardib was probably the best one so far... The commercials are hurting this year. Lol... #SuperBowl,8,2,2021
https://twitter.com/bettiepagegurl/status/1358595771906617346,2021-02-08 01:57:28+00:00,1358595771906617346,"The @UberEats #Waynesworld @iamcardib commercial BY FAR is the BEST commercial of #SuperBowl No other brand can come close to touching that. It had nostalgia, humor and a good message. Bravo 👏🏻 #EatLocal #partytime #excellent",2,0,4,bettiepagegurl,Lisa Sokol,767,1491,"The @UberEats #Waynesworld @iamcardib commercial BY FAR is the BEST commercial of #SuperBowl No other brand can come close to touching that. It had nostalgia, humor and a good message. Bravo 👏🏻 #EatLocal #partytime #excellent",8,2,2021
https://twitter.com/captainkudzu/status/1358595770002333700,2021-02-08 01:57:27+00:00,1358595770002333700,Okay @UberEats and Wayne’s World wins the night. #SuperBowl,1,0,5,captainkudzu,David Thornton (PilotPundit) 🌻🇺🇦,1630,1415,Okay @UberEats and Wayne’s World wins the night. #SuperBowl,8,2,2021
https://twitter.com/kdmalo/status/1358595746937856000,2021-02-08 01:57:22+00:00,1358595746937856000,Loved ❤ the Wayne's World commercial featuring @iamcardib #UberEats #SuperBowl,2,2,7,kdmalo,Kim Mal,191,877,Loved ❤ the Wayne's World commercial featuring @iamcardib #UberEats #SuperBowl,8,2,2021
https://twitter.com/AskJoshy/status/1358595703115681793,2021-02-08 01:57:11+00:00,1358595703115681793,This year's #SuperBowl ads are just Family Guy cut-aways  Like the time Cardi B was on Wayne's World in that Uber Eats ad  or Patrick Stewart and Beavis and Butthead danced on a mountain  or the time Samuel L. Jackson got eaten by JuJu Smith-Schuster  or the time,2,1,7,AskJoshy,Joshy,16957,1131,"This year's #SuperBowl ads are just Family Guy cut-aways

Like the time Cardi B was on Wayne's World in that Uber Eats ad

or Patrick Stewart and Beavis and Butthead danced on a mountain

or the time Samuel L. Jackson got eaten by JuJu Smith-Schuster

or the time",8,2,2021
https://twitter.com/bmorefrench/status/1358595593795481600,2021-02-08 01:56:45+00:00,1358595593795481600,To pay for their #SuperBowl commercials @UberEats and @DoorDash will now charge an additional $99 fee per order,1,0,2,bmorefrench,Willy 🇺🇦,780,1008,To pay for their #SuperBowl commercials @UberEats and @DoorDash will now charge an additional $99 fee per order,8,2,2021
https://twitter.com/RyanThompson/status/1358595577387356163,2021-02-08 01:56:41+00:00,1358595577387356163,Oh no they didn't! @UberEats #EatLocal #Waynesworld #SuperBowl https://t.co/OgzqD5bFPz,1,1,9,RyanThompson,Ryan Thompson🎙️ ♻️ ✌️,6601,7222,Oh no they didn't! @UberEats #EatLocal #Waynesworld #SuperBowl https://t.co/OgzqD5bFPz,8,2,2021
https://twitter.com/Bardiology_/status/1358595568579145729,2021-02-08 01:56:39+00:00,1358595568579145729,"Cardi is so funny, she added a extra spark to that Uber Eats commercial. #SuperBowl",10,0,33,Bardiology_,BARDIOLOGY 😈,4347,495,"Cardi is so funny, she added a extra spark to that Uber Eats commercial. #SuperBowl",8,2,2021
https://twitter.com/DelawareTourism/status/1358595548908048390,2021-02-08 01:56:35+00:00,1358595548908048390,Hey Wayne &amp; Garth..remember us? Party on with excellent Ubereats locations in Delaware 😎   #SuperBowl #SBLV  #UberEats  #Waynesworld #localeats https://t.co/K0O8JU7UH7,3,0,6,DelawareTourism,Visit Delaware,27828,2932,"Hey Wayne &amp; Garth..remember us? Party on with excellent Ubereats locations in Delaware 😎 

#SuperBowl #SBLV  #UberEats  #Waynesworld #localeats https://t.co/K0O8JU7UH7",8,2,2021
https://twitter.com/people/status/1358595536136372227,2021-02-08 01:56:31+00:00,1358595536136372227,Watch Cardi B Join Wayne's World Stars Mike Myers and Dana Carvey in Uber Eats' #SuperBowl Ad https://t.co/mGL164jDOQ,117,30,763,people,People,7730179,1704,Watch Cardi B Join Wayne's World Stars Mike Myers and Dana Carvey in Uber Eats' #SuperBowl Ad people.com/food/super-bow…,8,2,2021
https://twitter.com/foshnigity/status/1358595535322705920,2021-02-08 01:56:31+00:00,1358595535322705920,Im fucking with @UberEats even more now because of @iamcardib #SuperBowl,2,0,2,foshnigity,🌻Ana,2914,976,Im fucking with @UberEats even more now because of @iamcardib #SuperBowl,8,2,2021
https://twitter.com/KHOU/status/1358595524794998785,2021-02-08 01:56:29+00:00,1358595524794998785,.@iamCardiB and #WaynesWorld got together for this  @UberEats message #PartyOn #SuperBowl #KHOU11  https://t.co/8GA5opFUQk,1,2,18,KHOU,KHOU 11 News Houston,758904,1461,.@iamCardiB and #WaynesWorld got together for this  @UberEats message #PartyOn #SuperBowl #KHOU11  khou.com/article/sports…,8,2,2021
https://twitter.com/djriddler/status/1358595502359670784,2021-02-08 01:56:23+00:00,1358595502359670784,Wayne’s World with @iamcardib @UberEats #Eatalocal #SuperBowl was my favorite commercial of the night https://t.co/qAkaaTNXma,6,0,13,djriddler,djriddler,9457,1232,Wayne’s World with @iamcardib @UberEats #Eatalocal #SuperBowl was my favorite commercial of the night https://t.co/qAkaaTNXma,8,2,2021
https://twitter.com/cbetancourtPR/status/1358595457845518342,2021-02-08 01:56:13+00:00,1358595457845518342,Yes!!! @ubereats commercial with Wayne’s World &amp; @iamcardib was great! #EatLocal #Brandbowl #adbowl #SuperBowl https://t.co/Sl6nWUtI8U,5,0,10,cbetancourtPR,Christian Betancourt,4434,2678,Yes!!! @ubereats commercial with Wayne’s World &amp; @iamcardib was great! #EatLocal #Brandbowl #adbowl #SuperBowl https://t.co/Sl6nWUtI8U,8,2,2021
https://twitter.com/LiMultiEl/status/1358595443282821120,2021-02-08 01:56:09+00:00,1358595443282821120,"The ""Wayne's World"" commercial by @UberEats  featuring @iamcardib is sooooo adorable, ngl. 😂😂😍❤💖❤ #SuperBowl #SuperBowlCommercials #HalfTimeShow #CardiB #SuperBowlSunday",1,0,1,LiMultiEl,uarmyluv⁷,46,832,"The ""Wayne's World"" commercial by @UberEats  featuring @iamcardib is sooooo adorable, ngl. 😂😂😍❤💖❤ #SuperBowl #SuperBowlCommercials #HalfTimeShow #CardiB #SuperBowlSunday",8,2,2021
https://twitter.com/Julia_Jasko/status/1358595386106142722,2021-02-08 01:55:56+00:00,1358595386106142722,"Now we got #waynesworld &amp; @iamcardib! I may not care much about the game, but these commercials = 🔥. #Waynesworld #wayneandgarth #waynecampbell #garthalgar #CardiB #SuperBowl #superbowlsunday #superbowlads #SuperBowlCommercials #SuperBowlLV #ubereats #marketingworks https://t.co/mOoFZJDTYQ",1,0,3,Julia_Jasko,Julia Jasko,1067,1409,"Now we got #waynesworld &amp; @iamcardib! I may not care much about the game, but these commercials = 🔥. #Waynesworld #wayneandgarth #waynecampbell #garthalgar #CardiB #SuperBowl #superbowlsunday #superbowlads #SuperBowlCommercials #SuperBowlLV #ubereats #marketingworks https://t.co/mOoFZJDTYQ",8,2,2021
https://twitter.com/LaurenNegrete/status/1358595381202833408,2021-02-08 01:55:55+00:00,1358595381202833408,"OK the @iamcardib and Wayne’s World @UberEats #commercial may be my favorite. An unexpected, but thoroughly enjoyable pairing! #SuperBowlCommercials #SuperBowl",1,0,2,LaurenNegrete,Lauren Negrete,558,973,"OK the @iamcardib and Wayne’s World @UberEats #commercial may be my favorite. An unexpected, but thoroughly enjoyable pairing! #SuperBowlCommercials #SuperBowl",8,2,2021
https://twitter.com/MsAnnie26/status/1358595365558226944,2021-02-08 01:55:51+00:00,1358595365558226944,I didn't know I needed a #Waynesworld &amp; @iamcardib team up until that #UberEats commercial. #SuperBowl,6,5,14,MsAnnie26,Ana Temblador🌻,1240,2742,I didn't know I needed a #Waynesworld &amp; @iamcardib team up until that #UberEats commercial. #SuperBowl,8,2,2021
https://twitter.com/JakeStateFarm/status/1358595358989967360,2021-02-08 01:55:49+00:00,1358595358989967360,".@UberEats next time you guys need a cameo, hit me up, okurrr? @iamcardib #TeamStateFarm #SuperBowl #SBLV https://t.co/uaNllrx8nT",19,11,210,JakeStateFarm,Jake from State Farm,56423,4877,".@UberEats next time you guys need a cameo, hit me up, okurrr? @iamcardib #TeamStateFarm #SuperBowl #SBLV https://t.co/uaNllrx8nT",8,2,2021
https://twitter.com/SlowmotoMe/status/1358595357555458048,2021-02-08 01:55:49+00:00,1358595357555458048,"Watching #SuperBowl commercials.  Uber Eats. Eat Local. Cool. Got it.  Will do. Already do.   Wait, how do you not eat local?  Distance Eating?",1,2,8,SlowmotoMe,Slowmoto Me,15459,15505,"Watching #SuperBowl commercials.

Uber Eats. Eat Local. Cool. Got it.  Will do. Already do. 

Wait, how do you not eat local?  Distance Eating?",8,2,2021
https://twitter.com/TravelMonk2/status/1358595349955420162,2021-02-08 01:55:47+00:00,1358595349955420162,#SuperBowl Summary: -Too many penalties by KC -Penalties not called on TB -Low energy #halftimeshow  -UberEats clearly has a lot of $$ to have several commercials during Super Bowl game...,2,2,10,TravelMonk2,TM2🐒 🛫🚊🚗,1061,1236,"#SuperBowl Summary:
-Too many penalties by KC
-Penalties not called on TB
-Low energy #halftimeshow 
-UberEats clearly has a lot of $$ to have several commercials during Super Bowl game...",8,2,2021
https://twitter.com/camerasandbeer/status/1358595349615702019,2021-02-08 01:55:47+00:00,1358595349615702019,Ok...the Wayne’s World @UberEats commercial with @iamcardib wins #SuperBowl,1,2,1,camerasandbeer,Andrew Martin,101,441,Ok...the Wayne’s World @UberEats commercial with @iamcardib wins #SuperBowl,8,2,2021
https://twitter.com/USATODAY/status/1358595339041857536,2021-02-08 01:55:44+00:00,1358595339041857536,"Before it was the premise of @UberEats' #SuperBowl spot, ""Wayne's World"" started as a sketch on @nbcsnl almost 32 years ago. The now-iconic sketch featured a 25-year-old Mike Myers and 33-year-old Dana Carvey. They were joined in this spot by 28-year-old rapper @iamcardib. https://t.co/RXUGf3OlJg",31,11,201,USATODAY,USA TODAY,4735418,914,"Before it was the premise of @UberEats' #SuperBowl spot, ""Wayne's World"" started as a sketch on @nbcsnl almost 32 years ago. The now-iconic sketch featured a 25-year-old Mike Myers and 33-year-old Dana Carvey. They were joined in this spot by 28-year-old rapper @iamcardib. https://t.co/RXUGf3OlJg",8,2,2021
https://twitter.com/Big_Red_Rage/status/1358595333278687233,2021-02-08 01:55:43+00:00,1358595333278687233,Okay @UberEats Wayne's World is a good one! #SuperBowl https://t.co/rJBuMLMSzw,1,0,2,Big_Red_Rage,🏆🏀💥The Red Rage💥🏀🏆,1074,624,Okay @UberEats Wayne's World is a good one! #SuperBowl https://t.co/rJBuMLMSzw,8,2,2021
https://twitter.com/ShakariSBriggs/status/1358595333232721926,2021-02-08 01:55:43+00:00,1358595333232721926,Cardi B in a Super Bowl commercial for Uber Eats with Wayne’s World...   You LOVE to see it! #CardiB #SuperBowl #UberEats https://t.co/GdnJ0k9KtQ,28,5,94,ShakariSBriggs,ShakariSBriggs,4727,3637,"Cardi B in a Super Bowl commercial for Uber Eats with Wayne’s World... 

You LOVE to see it! #CardiB #SuperBowl #UberEats https://t.co/GdnJ0k9KtQ",8,2,2021
https://twitter.com/iamtimharris/status/1358595327159369733,2021-02-08 01:55:42+00:00,1358595327159369733,Cardi B. &amp; Wayne's World cameo for Uber Eats commercial. #SuperBowl #funnycommercials https://t.co/8QWojNA0we,3,1,18,iamtimharris,Tim Harris,40,120,Cardi B. &amp; Wayne's World cameo for Uber Eats commercial. #SuperBowl #funnycommercials https://t.co/8QWojNA0we,8,2,2021
https://twitter.com/Kunda_Kentay/status/1358595324248522757,2021-02-08 01:55:41+00:00,1358595324248522757,Hey @DoorDash and @UberEats Instead of trying to push us brokeys to support local business why not idk...push the government to give the owners of local businesses stimulus checks since it’s their job to support us through this pandemic?? #SuperBowl,1,0,4,Kunda_Kentay,Lily Kunda,734,939,Hey @DoorDash and @UberEats Instead of trying to push us brokeys to support local business why not idk...push the government to give the owners of local businesses stimulus checks since it’s their job to support us through this pandemic?? #SuperBowl,8,2,2021
https://twitter.com/ATLboneNbred/status/1358595321513803776,2021-02-08 01:55:40+00:00,1358595321513803776,Put Cardi B in all the commercials! #CardiB #SuperBowlCommercials #UberEats #SuperBowl,10,0,19,ATLboneNbred,Old Atlanna,376,1374,Put Cardi B in all the commercials! #CardiB #SuperBowlCommercials #UberEats #SuperBowl,8,2,2021
https://twitter.com/quick13/status/1358595321329254407,2021-02-08 01:55:40+00:00,1358595321329254407,"There have been at least 3 main #GenX targeted #Nostalgia ads in today's #Superbowl. #WaynesWorld @Ubereats, the @PizzaHut #PacMan ad and @BudLight #Legends one. #3percentSB #BrandBowl",1,1,2,quick13,F. Quick,4828,4828,"There have been at least 3 main #GenX targeted #Nostalgia ads in today's #Superbowl. #WaynesWorld @Ubereats, the @PizzaHut #PacMan ad and @BudLight #Legends one. #3percentSB #BrandBowl",8,2,2021
https://twitter.com/ConstantineM/status/1358595241046142978,2021-02-08 01:55:21+00:00,1358595241046142978,Please MORE WAYNE’S WORLD EVERYWHERE! #Waynesworld #SuperBowl  #UberEats,2,0,16,ConstantineM,Constantine Maroulis,18711,2461,Please MORE WAYNE’S WORLD EVERYWHERE! #Waynesworld #SuperBowl  #UberEats,8,2,2021
https://twitter.com/Drsxyllama/status/1358595216094167043,2021-02-08 01:55:15+00:00,1358595216094167043,Ommmmmg @iamcardib and Wayne’s World #UberEats commercial was everything I needed 😭 #BardiGang #SuperBowl,5,2,7,Drsxyllama,On Baecation ☀️,511,518,Ommmmmg @iamcardib and Wayne’s World #UberEats commercial was everything I needed 😭 #BardiGang #SuperBowl,8,2,2021
https://twitter.com/TheMacMart/status/1358595207214825474,2021-02-08 01:55:13+00:00,1358595207214825474,We all saw @UberEats #SuperBowl commercial with @iamcardib &amp; THE Wayne’s World duo... we think they can afford to give us a month free of commission? Call us crazy!,1,0,4,TheMacMart,Mac Mart,6227,3316,We all saw @UberEats #SuperBowl commercial with @iamcardib &amp; THE Wayne’s World duo... we think they can afford to give us a month free of commission? Call us crazy!,8,2,2021
https://twitter.com/andysignore/status/1358595134733111296,2021-02-08 01:54:56+00:00,1358595134733111296,Did you like that Wayne’s World #SuperBowl  #SBLV Commercial for Uber Eats - here’s more info on the ad: https://t.co/yD3sYwrWb3 https://t.co/cknr7dwe60,4,6,14,andysignore,Andy Signore,44842,4719,Did you like that Wayne’s World #SuperBowl  #SBLV Commercial for Uber Eats - here’s more info on the ad: youtu.be/Fjv7JEM4agM https://t.co/cknr7dwe60,8,2,2021
https://twitter.com/IlanaKeller/status/1358595121894293505,2021-02-08 01:54:53+00:00,1358595121894293505,I would watch the crap out of a reality show about Wayne and Garth and @iamcardib delivering Uber Eats. #SuperBowl #SuperBowlads,2,1,15,IlanaKeller,Ilana Keller,6399,5362,I would watch the crap out of a reality show about Wayne and Garth and @iamcardib delivering Uber Eats. #SuperBowl #SuperBowlads,8,2,2021
https://twitter.com/brodigan/status/1358595111765106688,2021-02-08 01:54:50+00:00,1358595111765106688,"If you’re really eating local or supporting local, you aren’t using UberEats or any of the other apps. #SuperBowl",1,1,12,brodigan,Brodigan,9610,2573,"If you’re really eating local or supporting local, you aren’t using UberEats or any of the other apps. #SuperBowl",8,2,2021
https://twitter.com/ClioAwards/status/1358595092802658307,2021-02-08 01:54:46+00:00,1358595092802658307,"Next commercial in the #SuperBowl lineup is Special Group US/Australia's ""Shameless Manipulation | Eat Local"" for @UberEats.  Will it win the 2021 #SuperClio? https://t.co/I3CLNy20cB",1,0,3,ClioAwards,Clio Awards,43614,11500,"Next commercial in the #SuperBowl lineup is Special Group US/Australia's ""Shameless Manipulation | Eat Local"" for @UberEats.

Will it win the 2021 #SuperClio? youtube.com/watch?v=D-Q3HN…",8,2,2021
https://twitter.com/Bill_Shea19/status/1358595035772682243,2021-02-08 01:54:32+00:00,1358595035772682243,The Uber Eats Wayne and Garth and Cardi B ad made me chuckle. A number of #SuperBowl spots rich with Gen X nostalgia.,1,0,3,Bill_Shea19,Bill Shea,9919,2384,The Uber Eats Wayne and Garth and Cardi B ad made me chuckle. A number of #SuperBowl spots rich with Gen X nostalgia.,8,2,2021
https://twitter.com/HarrisPoll/status/1358595023936307201,2021-02-08 01:54:29+00:00,1358595023936307201,You've decided to order from either @UberEats or @DoorDash after both of their first-ever #SuperBowl commercials.  Which popular football dish do you order?  #EatLocal #BrandBowl,1,0,0,HarrisPoll,The Harris Poll,8711,1005,"You've decided to order from either @UberEats or @DoorDash after both of their first-ever #SuperBowl commercials.

Which popular football dish do you order?

#EatLocal #BrandBowl",8,2,2021
https://twitter.com/ShinoDPhoenix/status/1358595011907096578,2021-02-08 01:54:26+00:00,1358595011907096578,Wayne’s World!!! This Uber Eats commercial with Cardi B was awesome!! I actually jumped for joy when I saw Wayne’s World! #CardiB #Waynesworld #SuperBowl #SBLV https://t.co/rEVCfTOgq9,1,0,5,ShinoDPhoenix,Joshua Cyprian (SDP),1819,2855,Wayne’s World!!! This Uber Eats commercial with Cardi B was awesome!! I actually jumped for joy when I saw Wayne’s World! #CardiB #Waynesworld #SuperBowl #SBLV https://t.co/rEVCfTOgq9,8,2,2021
https://twitter.com/BardiGangUpdate/status/1358594979078234115,2021-02-08 01:54:19+00:00,1358594979078234115,Cardi’s #UberEats commercial just aired during the #SuperBowl ! https://t.co/eMNDihBeLi,41,1,146,BardiGangUpdate,Cardi B Updates❤️‍🔥,26114,996,Cardi’s #UberEats commercial just aired during the #SuperBowl ! https://t.co/eMNDihBeLi,8,2,2021
https://twitter.com/HollywoodLife/status/1358594968269504515,2021-02-08 01:54:16+00:00,1358594968269504515,"""Wayne’s World"" returns for the #SuperBowl with an amazing new cohost -- Cardi B! Watch the epic UberEats ad: https://t.co/m0HXk9oxKs https://t.co/vhM7BwO2ZE",10,3,39,HollywoodLife,HollywoodLife,335015,4320,"""Wayne’s World"" returns for the #SuperBowl with an amazing new cohost -- Cardi B! Watch the epic UberEats ad: hollywood.li/bEgryZX https://t.co/vhM7BwO2ZE",8,2,2021
https://twitter.com/tvvideodownload/status/1358594957402112000,2021-02-08 01:54:13+00:00,1358594957402112000,Love this!! #UberEats #SuperBowl #WaynesWorld https://t.co/F7PmciVR0c,1,0,4,tvvideodownload,TV/Video Download,191,834,Love this!! #UberEats #SuperBowl #WaynesWorld https://t.co/F7PmciVR0c,8,2,2021
https://twitter.com/JRock96/status/1358594929509990401,2021-02-08 01:54:07+00:00,1358594929509990401,Party on Wayne! Party On Garth! @UberEats #SuperBowl #EatLocal https://t.co/r7ehm8wofy,1,0,6,JRock96,Josh Rock,7119,3319,Party on Wayne! Party On Garth! @UberEats #SuperBowl #EatLocal https://t.co/r7ehm8wofy,8,2,2021
https://twitter.com/WFSly/status/1358594928897622023,2021-02-08 01:54:07+00:00,1358594928897622023,Yo that Wayne’s World Uber Eats commercial was great.   #nfl #SuperBowl #worstfanstv,3,0,11,WFSly,SlyHowellTWF,3270,3887,"Yo that Wayne’s World Uber Eats commercial was great. 

#nfl #SuperBowl #worstfanstv",8,2,2021
https://twitter.com/goodsuniteus/status/1358594921553424394,2021-02-08 01:54:05+00:00,1358594921553424394,UberEats #superbowlads #SuperBowl https://t.co/2WCyAN0EO3,1,1,3,goodsuniteus,Goods Unite Us,6799,5382,UberEats #superbowlads #SuperBowl https://t.co/2WCyAN0EO3,8,2,2021
https://twitter.com/xSmootx/status/1358594915710697473,2021-02-08 01:54:04+00:00,1358594915710697473,"#SuperBowl #SB55 If you wanna really support local restaurants, don't rely on Uber Eats.",1,0,4,xSmootx,Jeven W. 🏳️‍🌈🇺🇦👑 | #BLM,916,609,"#SuperBowl #SB55 If you wanna really support local restaurants, don't rely on Uber Eats.",8,2,2021
https://twitter.com/greggagliardi/status/1358594897901740036,2021-02-08 01:53:59+00:00,1358594897901740036,Door Dash and Uber Eats have had the best commercials so far.  Go figure.  #SuperBowl,12,1,51,greggagliardi,Greg Gagliardi,124636,45757,"Door Dash and Uber Eats have had the best commercials so far.

Go figure.

#SuperBowl",8,2,2021
https://twitter.com/REAL_adamf/status/1358594897071194112,2021-02-08 01:53:59+00:00,1358594897071194112,Uber Eats Wayne's World takes the best commercial spot so far #SuperBowl,6,2,55,REAL_adamf,Adam,288,579,Uber Eats Wayne's World takes the best commercial spot so far #SuperBowl,8,2,2021
https://twitter.com/NagataLockII/status/1358594861121888257,2021-02-08 01:53:51+00:00,1358594861121888257,That @UberEats #SuperBowl ad just ensured I'll be ordering through @SkipTheDishes or @DoorDash from now on. Just awful!,1,0,4,NagataLockII,✊🏾🏳️‍🌈Nagata Lock II🏳️‍🌈✊🏾,1578,534,That @UberEats #SuperBowl ad just ensured I'll be ordering through @SkipTheDishes or @DoorDash from now on. Just awful!,8,2,2021
https://twitter.com/penguintruth/status/1358594859683123203,2021-02-08 01:53:50+00:00,1358594859683123203,Wayne’s World Uber Eats commercial was desperate. #SuperBowl,1,0,1,penguintruth,Michael Fitz-Gibbon,348,43,Wayne’s World Uber Eats commercial was desperate. #SuperBowl,8,2,2021
https://twitter.com/prince_petty_/status/1358594859628642304,2021-02-08 01:53:50+00:00,1358594859628642304,Ok that Wayne’s World &amp; Cardi B Uber Eats commercial is my favorite this year #SuperBowl,1,1,8,prince_petty_,Tyler Edwards,1864,917,Ok that Wayne’s World &amp; Cardi B Uber Eats commercial is my favorite this year #SuperBowl,8,2,2021
https://twitter.com/skatefan78/status/1358594852825481220,2021-02-08 01:53:49+00:00,1358594852825481220,I was into that Wayne's World Uber Eats commercial -- until Cardi showed up #SuperBowl #SuperBowlAds,1,0,2,skatefan78,Josh Kennon,1222,1608,I was into that Wayne's World Uber Eats commercial -- until Cardi showed up #SuperBowl #SuperBowlAds,8,2,2021
https://twitter.com/Cmoyer/status/1358594834118946817,2021-02-08 01:53:44+00:00,1358594834118946817,This @UberEats commercial during the #SuperBowl reminds me of @Brett_Phillips8 &amp; Josh Hader. 😏 https://t.co/IF7sK94lBQ,1,3,79,Cmoyer,Caitlin Moyer,8854,4230,This @UberEats commercial during the #SuperBowl reminds me of @Brett_Phillips8 &amp; Josh Hader. 😏 https://t.co/IF7sK94lBQ,8,2,2021
https://twitter.com/RadFinch/status/1358594833355595779,2021-02-08 01:53:44+00:00,1358594833355595779,🏈#SBLV   🏆#SuperBowl   ⁠ ⁠  📺#Commercials  #UberEats Uber Eats! Yummy time! Excellent! 🎸🎸🎸🎸🎸🎸🎸 #Waynesworld https://t.co/Ly3yKLPuKG,1,0,3,RadFinch,Chris🇺🇦Rad🇺🇦Finch 9️⃣,4754,5034,"🏈#SBLV  
🏆#SuperBowl   ⁠ ⁠ 
📺#Commercials

#UberEats Uber Eats! Yummy time! Excellent! 🎸🎸🎸🎸🎸🎸🎸 #Waynesworld https://t.co/Ly3yKLPuKG",8,2,2021
https://twitter.com/ThatChristinaG/status/1358594813545832449,2021-02-08 01:53:39+00:00,1358594813545832449,"Nostalgia is alive and well with the Wayne's World, Uber Eats spot.   Interesting to see the TikTok reference in a few ads.   #SuperBowl",3,8,84,ThatChristinaG,Christina Garnett 🇺🇦,44256,7212,"Nostalgia is alive and well with the Wayne's World, Uber Eats spot. 

Interesting to see the TikTok reference in a few ads. 

#SuperBowl",8,2,2021
https://twitter.com/iamToddyTickles/status/1358594809498394626,2021-02-08 01:53:38+00:00,1358594809498394626,Uber Eats just won the #SuperBowl,1,1,14,iamToddyTickles,Todd Shapiro,41463,1437,Uber Eats just won the #SuperBowl,8,2,2021
https://twitter.com/JimStengel/status/1358594791123132418,2021-02-08 01:53:34+00:00,1358594791123132418,".@UberEats and Wayne's World - This works. Smart purpose, clear call to action, and cute execution.  #SuperBowl",1,2,14,JimStengel,Jim Stengel,13829,1064,".@UberEats and Wayne's World - This works. Smart purpose, clear call to action, and cute execution.  #SuperBowl",8,2,2021
https://twitter.com/adage/status/1358594472431521794,2021-02-08 01:52:18+00:00,1358594472431521794,How many people watching the #SuperBowl right now even know what a local access show is? @ubereats,7,10,113,adage,Ad Age,1002021,73290,How many people watching the #SuperBowl right now even know what a local access show is? @ubereats,8,2,2021
https://twitter.com/danaemoy_a/status/1358589770654486528,2021-02-08 01:33:37+00:00,1358589770654486528,This thread 😂   @TheRealTriscuit @Walgreens and @UberEats casually popping into the convo lol (after getting the green light from legal ofc)  PS. Give your SMMs a raise  #justsaying👋🏼   #SuperBowl https://t.co/Shh1vi2Uuc,1,1,1,danaemoy_a,Danae Moya (she/her),1159,3221,"This thread 😂 

@TheRealTriscuit @Walgreens and @UberEats casually popping into the convo lol (after getting the green light from legal ofc)

PS. Give your SMMs a raise  #justsaying👋🏼 

#SuperBowl twitter.com/CheesyVelveeta…",8,2,2021
https://twitter.com/LBBOnline/status/1358588861341831168,2021-02-08 01:30:00+00:00,1358588861341831168,"We're very much into Uber Eats' Wayne's World revival, so we got the full scoop on how it came to be. https://t.co/foo1sBF3qj #SuperBowl #SuperBowlAds https://t.co/tNuE9G3wx0",1,0,1,LBBOnline,Little Black Book,26334,2000,"We're very much into Uber Eats' Wayne's World revival, so we got the full scoop on how it came to be. bit.ly/36QDLG5 #SuperBowl #SuperBowlAds https://t.co/tNuE9G3wx0",8,2,2021
https://twitter.com/KVUE/status/1358581312995614720,2021-02-08 01:00:00+00:00,1358581312995614720,"Wayne, Garth and @iamcardib team up on @UberEats #SuperBowl ad #SuperBowlLV  https://t.co/jn9D6z8xtw",1,0,3,KVUE,KVUE News,236808,1189,"Wayne, Garth and @iamcardib team up on @UberEats #SuperBowl ad #SuperBowlLV  kvue.com/article/sports…",8,2,2021
https://twitter.com/PopCulture/status/1358569131394691073,2021-02-08 00:11:36+00:00,1358569131394691073,Uber Eats #SuperBowl commercial sees 'Wayne's World' stars Mike Myers and Dana Carvey jam with Cardi B: https://t.co/0CbzYoqDlp https://t.co/p7pJOJFLaE,1,0,2,PopCulture,PopCulture.com,9965,753,Uber Eats #SuperBowl commercial sees 'Wayne's World' stars Mike Myers and Dana Carvey jam with Cardi B: popculture.com/sports/news/ub… https://t.co/p7pJOJFLaE,8,2,2021
https://twitter.com/markjburns88/status/1358566588736241664,2021-02-08 00:01:30+00:00,1358566588736241664,Some of the numerous first time #SuperBowl advertisers:   -DoorDash  -Chipotle -Uber Eats -Robinhood  -Fiverr -DraftKings -Vroom -ScottsMiracle-Gro -Dr. Squatch  -Klarna -Dexcom  -Huggies,3,2,8,markjburns88,Mark J. Burns,18563,1426,"Some of the numerous first time #SuperBowl advertisers: 

-DoorDash 
-Chipotle
-Uber Eats
-Robinhood 
-Fiverr
-DraftKings
-Vroom
-ScottsMiracle-Gro
-Dr. Squatch 
-Klarna
-Dexcom 
-Huggies",8,2,2021
https://twitter.com/CAN_J_mor/status/1358553871837200387,2021-02-07 23:10:58+00:00,1358553871837200387,"Shoutout to all @UberEats @SkipTheDishes drivers who are delivering our food while the rest of us enjoy @SuperBowl LV. Lets show our appreciation, tip them well.",1,0,3,CAN_J_mor,"Joyce M, M.Ed OCT",1340,1294,"Shoutout to all @UberEats @SkipTheDishes drivers who are delivering our food while the rest of us enjoy @SuperBowl LV. Lets show our appreciation, tip them well.",7,2,2021
https://twitter.com/BingoPick6/status/1358552909601009684,2021-02-07 23:07:08+00:00,1358552909601009684,@Uber_Support Anyone else having their superbowl ruined by @UberEats,1,0,0,BingoPick6,Bingo Johnson,0,19,@Uber_Support Anyone else having their superbowl ruined by @UberEats,7,2,2021
https://twitter.com/BingoPick6/status/1358548704521781248,2021-02-07 22:50:26+00:00,1358548704521781248,@Uber_Support Entire @UberEats app and still only 1 place I can order from. What a joke this is. On superbowl night too. Smh,1,0,1,BingoPick6,Bingo Johnson,0,19,@Uber_Support Entire @UberEats app and still only 1 place I can order from. What a joke this is. On superbowl night too. Smh,7,2,2021
https://twitter.com/ChewBoom/status/1358533818089676800,2021-02-07 21:51:17+00:00,1358533818089676800,"Jack In The Box Offers 2 Orders Of Tiny Tacos For $6 With Free Delivery On Orders Of $20 Or More Via Uber Eats On Monday, February 8, 2021: https://t.co/WMu5aOtmMY @JackBox #chewboom #SuperBowlSunday #SuperBowl #SuperBowl2021 #superbowlrecovery https://t.co/AbL019iM2d",2,0,3,ChewBoom,ChewBoom,2131,252,"Jack In The Box Offers 2 Orders Of Tiny Tacos For $6 With Free Delivery On Orders Of $20 Or More Via Uber Eats On Monday, February 8, 2021: chewboom.com/2021/02/07/jac… @JackBox #chewboom #SuperBowlSunday #SuperBowl #SuperBowl2021 #superbowlrecovery https://t.co/AbL019iM2d",7,2,2021
https://twitter.com/wizkhalifa/status/1358533250818314241,2021-02-07 21:49:01+00:00,1358533250818314241,Grab @HotBoxbyWiz for your #SuperBowl eats 🏈  Save 20% using code SMOKERSBOWL on @UberEats &amp; @Grubhub   https://t.co/tI6PzbYL7N https://t.co/1wifpYlB75,69,29,595,wizkhalifa,Wiz Khalifa,36500776,884,"Grab @HotBoxbyWiz for your #SuperBowl eats 🏈

Save 20% using code SMOKERSBOWL on @UberEats &amp; @Grubhub 

order.hotbox.vip https://t.co/1wifpYlB75",7,2,2021
https://twitter.com/Bianca_Okoye96/status/1358527068342870025,2021-02-07 21:24:27+00:00,1358527068342870025,I wonder if @UberEats or @Postmates will sponsor my #SuperBowl meal🥲👀👀@Uber_Support @Postmates_Help,1,0,1,Bianca_Okoye96,Bianca Okoye🇳🇬,659,531,I wonder if @UberEats or @Postmates will sponsor my #SuperBowl meal🥲👀👀@Uber_Support @Postmates_Help,7,2,2021
https://twitter.com/Hep79536290/status/1358501363991400448,2021-02-07 19:42:19+00:00,1358501363991400448,If you're from UK: Get £10 off your first Uber Eats order of £15 or more.  Use my code: eats-bd29b1  *Free delivery options available that refresh every 15 minutes with restaurants near you*   Enjoy your meal! 😉  https://t.co/mLoKBINvDP  #SuperBowl,1,0,1,Hep79536290,Phil Mitchell,34,209,"If you're from UK:
Get £10 off your first Uber Eats order of £15 or more.

Use my code: eats-bd29b1

*Free delivery options available that refresh every 15 minutes with restaurants near you* 

Enjoy your meal! 😉

ubr.to/EatsGiveGet

#SuperBowl",7,2,2021
https://twitter.com/Zackoid/status/1358499843002359810,2021-02-07 19:36:16+00:00,1358499843002359810,YAASSSS! Ordered some Fries ‘N Pies  For the big game! Thanx @UberEats!  #EatLocal #SuperBowl  😎 @friesnpies https://t.co/LxEOdqhrLl,1,1,6,Zackoid,JΞSSI⁷,7914,8650,"YAASSSS! Ordered some Fries ‘N Pies 
For the big game! Thanx @UberEats!  #EatLocal #SuperBowl  😎 @friesnpies https://t.co/LxEOdqhrLl",7,2,2021
https://twitter.com/GreenPapayaRest/status/1358495198272229377,2021-02-07 19:17:49+00:00,1358495198272229377,#Thai this  for #SuperBowl #takeout #thaifood #delivery #pickup GreenPapaya #Merivale &amp; #centertown take-out pickup: https://t.co/9X89y695Qv delivery by area: @ubereats @SkipTheDishes @doordash @Preston_BIA @ottawacity #SupportLocalBusinesses https://t.co/girsquwtct,1,1,6,GreenPapayaRest,Green Papaya,561,155,#Thai this  for #SuperBowl #takeout #thaifood #delivery #pickup GreenPapaya #Merivale &amp; #centertown take-out pickup: greenpapaya.ca delivery by area: @ubereats @SkipTheDishes @doordash @Preston_BIA @ottawacity #SupportLocalBusinesses https://t.co/girsquwtct,7,2,2021
https://twitter.com/thesneakydees/status/1358486046569332740,2021-02-07 18:41:27+00:00,1358486046569332740,STAY AT HOME SUPERBOWL SNACKING...⁣ The Dee’s Appetizer Platter is here for you! ⁣ Available through all our delivery partners ⁣@ubereats @doordash @skipthedishes OR GRAB &amp; GO in person at the bar 🏈🏈🏈⁣ AND don’t for get that extra six pack when you order 🍻⁣ ⁣ https://t.co/9TASwoxrA8,1,1,1,thesneakydees,Sneaky Dees,13882,8710,"STAY AT HOME SUPERBOWL SNACKING...⁣
The Dee’s Appetizer Platter is here for you! ⁣
Available through all our delivery partners ⁣@ubereats @doordash @skipthedishes OR GRAB &amp; GO in person at the bar 🏈🏈🏈⁣
AND don’t for get that extra six pack when you order 🍻⁣
⁣ https://t.co/9TASwoxrA8",7,2,2021
https://twitter.com/torarestaurant/status/1358460671327956995,2021-02-07 17:00:37+00:00,1358460671327956995,"We'll make your #SuperBowlSunday extra ""super"" with a lineup of offers that will have you cheering:   Find us on @ubereats to take advantage of BOGO, free delivery and our limited #SuperBowl Sunday Platter!  #takeoutto #toronto #yyz #northyork https://t.co/FfwsnZvzL4",1,0,1,torarestaurant,TORA,54,12,"We'll make your #SuperBowlSunday extra ""super"" with a lineup of offers that will have you cheering: 

Find us on @ubereats to take advantage of BOGO, free delivery and our limited #SuperBowl Sunday Platter!

#takeoutto #toronto #yyz #northyork https://t.co/FfwsnZvzL4",7,2,2021
https://twitter.com/gibraltarmarket/status/1358456740962992128,2021-02-07 16:45:00+00:00,1358456740962992128,Ed’s Fries at #GibraltarMarket is #open and available on the delivery apps #ldnont  Nothing kicks up a family bubble #SuperBowl event like hot grub from Ed’s frywagon  Order in advance by phone 519-317-3927 or use Skip The Dishes/Uber Eats https://t.co/lotVlNAI80,1,0,0,gibraltarmarket,Gibraltar Market,1285,685,"Ed’s Fries at #GibraltarMarket is #open and available on the delivery apps #ldnont

Nothing kicks up a family bubble #SuperBowl event like hot grub from Ed’s frywagon

Order in advance by phone 519-317-3927 or use Skip The Dishes/Uber Eats https://t.co/lotVlNAI80",7,2,2021
https://twitter.com/dferrari/status/1358446801951617029,2021-02-07 16:05:30+00:00,1358446801951617029,"Saw a teaser for @UberEats last night with Wayne &amp; Garth and opened the app just now to see this - love it (or should I say, excellent) #SuperBowl #brandbowl https://t.co/8lZOtElrpS",1,1,5,dferrari,Deanna Tomaselli,4232,3904,"Saw a teaser for @UberEats last night with Wayne &amp; Garth and opened the app just now to see this - love it (or should I say, excellent) #SuperBowl #brandbowl https://t.co/8lZOtElrpS",7,2,2021
https://twitter.com/BirkinBussy24/status/1358446156292841472,2021-02-07 16:02:57+00:00,1358446156292841472,"My dad saw the superbowl Uber eats commercial with Cardi and Wayne's World and he said Cardi is going to be a mogul in the industry for the rest of her life, no matter what she does (music, fashion, movies, and etc). He also said, ""She's a little Rihanna in the making"" https://t.co/AIEXo3WHf4",16,14,136,BirkinBussy24,Fan Account 💎💎💎,4192,1611,"My dad saw the superbowl Uber eats commercial with Cardi and Wayne's World and he said Cardi is going to be a mogul in the industry for the rest of her life, no matter what she does (music, fashion, movies, and etc). He also said, ""She's a little Rihanna in the making"" https://t.co/AIEXo3WHf4",7,2,2021
https://twitter.com/SmallCakesNDH/status/1358442451418177538,2021-02-07 15:48:13+00:00,1358442451418177538,It’s #SuperBowlSunday! 🏈 We prepared an assortment of #SuperBowl #Cupcakes! Plus our new #Sunday #Cupcake special #PeachesAndCream 🍑 &amp; #ValentinesDay ♥️ cupcakes! Order pickup at 404-621-9634 or https://t.co/MTIy7NEtp6 or #delivery thru @UberEats @Grubhub @DoorDash @Postmates! https://t.co/Zg8jPD3qDV,1,0,3,SmallCakesNDH,SmallCakesDruidHills,110,44,It’s #SuperBowlSunday! 🏈 We prepared an assortment of #SuperBowl #Cupcakes! Plus our new #Sunday #Cupcake special #PeachesAndCream 🍑 &amp; #ValentinesDay ♥️ cupcakes! Order pickup at 404-621-9634 or SmallcakesDruidHills.com/online-store or #delivery thru @UberEats @Grubhub @DoorDash @Postmates! https://t.co/Zg8jPD3qDV,7,2,2021
https://twitter.com/frescosfishchip/status/1358408767919038468,2021-02-07 13:34:22+00:00,1358408767919038468,"4 new poutines just in time for #SuperBowl Sunday, only for takeout or UberEats: Fresco’s Poutine and Wings. Grilled chicken poutine, ‘5 Alarm’ hot and spicy poutine, bacon bbq poutine, &amp; Montreal smoked meat poutine. #kensingtonmarket #bacon #tailgate #freshcutfries #poutine https://t.co/SDVhmsWYd9",5,1,5,frescosfishchip,Fresco's Fish&Chips,389,352,"4 new poutines just in time for #SuperBowl Sunday, only for takeout or UberEats: Fresco’s Poutine and Wings. Grilled chicken poutine, ‘5 Alarm’ hot and spicy poutine, bacon bbq poutine, &amp; Montreal smoked meat poutine. #kensingtonmarket #bacon #tailgate #freshcutfries #poutine https://t.co/SDVhmsWYd9",7,2,2021
https://twitter.com/DlvryDryVR/status/1358401748273094662,2021-02-07 13:06:29+00:00,1358401748273094662,Taking day off for #SuperBowl + snow day. Might work pregame.   If it's snowing and/or you want your food fast for the big game: TIP YOUR DELIVERY DRIVERS 🏈  #DoorDaah #UberEats https://t.co/5zDgGophjU,1,2,6,DlvryDryVR,DlvryDryVR Beta,326,76,"Taking day off for #SuperBowl + snow day. Might work pregame. 

If it's snowing and/or you want your food fast for the big game: TIP YOUR DELIVERY DRIVERS 🏈

#DoorDaah #UberEats https://t.co/5zDgGophjU",7,2,2021
https://twitter.com/rwang0/status/1358321149600440324,2021-02-07 07:46:13+00:00,1358321149600440324,"MyPOV: The @ubereats ""Wayne's World"" ad is pretty funny and self-effacing  https://t.co/CncFrl8KjF  @SuperBowl #AdBowl #SBLV #BrandBowl #LocalEats",1,1,2,rwang0,R.NFT R “Ray” Wang 王瑞光 #1A #Metaverse #Freedom,138746,101590,"MyPOV: The @ubereats ""Wayne's World"" ad is pretty funny and self-effacing

youtu.be/D-Q3HNp6dew

@SuperBowl #AdBowl #SBLV #BrandBowl #LocalEats",7,2,2021
https://twitter.com/RandolphBronson/status/1358258966602657795,2021-02-07 03:39:07+00:00,1358258966602657795,@TSN_Sports @UberEats I likely won't be munching with anyone because I'll be watching the big game while wearing my PSVR headset on my PlayStation 5 #Superbowl #PSVR #Playstation5,1,0,0,RandolphBronson,Joseph Randolph Bronson,8,60,@TSN_Sports @UberEats I likely won't be munching with anyone because I'll be watching the big game while wearing my PSVR headset on my PlayStation 5 #Superbowl #PSVR #Playstation5,7,2,2021
