url,Datetime,Tweet Id,Text,Retweet Count,Reply Count,Like Count,Username,Display Name,Followers Count,Friends Count,Rendered Content,Day,Month,Year
https://twitter.com/theurbanlabz/status/1358913749143404546,2021-02-08 23:00:59+00:00,1358913749143404546,"SUPER BOWL LV ADVERTISERS TACKLE DIVERSITY, INCLUSION WITH MIXED RESULTS  https://t.co/CvOPynLUSP | @adage   #SuperBowl #Diversity #Inclusion #Ion @NFL @amazon @Logitech @squarespace @Klarna  @DoorDash",1,0,0,theurbanlabz,The Urban Labs,828,1809,"SUPER BOWL LV ADVERTISERS TACKLE DIVERSITY, INCLUSION WITH MIXED RESULTS

adage.com/article/specia… | @adage 

#SuperBowl #Diversity #Inclusion #Ion @NFL @amazon @Logitech @squarespace @Klarna  @DoorDash",8,2,2021
https://twitter.com/Konceptlights/status/1358815890410774529,2021-02-08 16:32:08+00:00,1358815890410774529,"We're honored to be a part of an incredible #superbowl commercial! @squarespace teamed up with @DollyParton to create this ""5 to 9"" ad, and our Z-Bar Desk Lamp adorns each desk.  https://t.co/2ADOd2He9t",1,0,2,Konceptlights,Koncept,439,151,"We're honored to be a part of an incredible #superbowl commercial! @squarespace teamed up with @DollyParton to create this ""5 to 9"" ad, and our Z-Bar Desk Lamp adorns each desk. 
youtu.be/y8jF96hoF9M",8,2,2021
https://twitter.com/BroadwayWorld/status/1358750050948636674,2021-02-08 12:10:31+00:00,1358750050948636674,".@DollyParton's '9 to 5' was reworked for a #SuperBowl ad for @SquareSpace, choreographed by Justin Peck, and featuring @robbiefairchild and more! https://t.co/qwIBctX80x",4,0,23,BroadwayWorld,BroadwayWorld,332259,1190,".@DollyParton's '9 to 5' was reworked for a #SuperBowl ad for @SquareSpace, choreographed by Justin Peck, and featuring @robbiefairchild and more!
broadwayworld.com/article/VIDEO-…",8,2,2021
https://twitter.com/ThatChristinaG/status/1358618265409511428,2021-02-08 03:26:51+00:00,1358618265409511428,Favorite spots (fun)  - @sesamestreet/@DoorDash  - @Cadillac - @budlight  - @squarespace - @ChesterCheetah   #SuperBowl,2,0,12,ThatChristinaG,Christina Garnett 🇺🇦,44203,7206,"Favorite spots (fun)

- @sesamestreet/@DoorDash 
- @Cadillac
- @budlight 
- @squarespace
- @ChesterCheetah 

#SuperBowl",8,2,2021
https://twitter.com/psuedofolio/status/1358605961594830851,2021-02-08 02:37:57+00:00,1358605961594830851,Superbowl Ad but it's just a McElroy reading ad copy for Squarespace.,5,5,74,psuedofolio,psudonym,49141,1892,Superbowl Ad but it's just a McElroy reading ad copy for Squarespace.,8,2,2021
https://twitter.com/sandy_carter/status/1358603288938049538,2021-02-08 02:27:20+00:00,1358603288938049538,I never knew what @squarespace was until tonight with the 5 to 9 theme!    Web hosting but helping you with your passion projects   #SuperBowlAd from @squarespace 👏 👊    #startup #Entrepreneurs  #SuperBowl,2,0,11,sandy_carter,Sandy.nft,85726,73504,"I never knew what @squarespace was until tonight with the 5 to 9 theme!  

Web hosting but helping you with your passion projects

 #SuperBowlAd from @squarespace 👏 👊 

 #startup #Entrepreneurs  #SuperBowl",8,2,2021
https://twitter.com/212comms/status/1358603268629356544,2021-02-08 02:27:15+00:00,1358603268629356544,Here 👏🏻 for this remix on @DollyParton’s ‘9 to 5’ for this @squarespace spot. Genius celebration for #sidehustles &amp; passion projects #SuperBowl #freelance https://t.co/g2IRBZvsFd,3,0,2,212comms,212 Communications,112,955,Here 👏🏻 for this remix on @DollyParton’s ‘9 to 5’ for this @squarespace spot. Genius celebration for #sidehustles &amp; passion projects #SuperBowl #freelance https://t.co/g2IRBZvsFd,8,2,2021
https://twitter.com/USATODAY/status/1358602761080885255,2021-02-08 02:25:14+00:00,1358602761080885255,".@DollyParton adds another first to her iconic career by participating in her first #SuperBowl commercial, remixing her hit 1980 hit, “9 to 5,” for @squarespace. Read more here: https://t.co/BhsXC12NOT https://t.co/OS3NrfZDAp",27,4,143,USATODAY,USA TODAY,4731813,914,".@DollyParton adds another first to her iconic career by participating in her first #SuperBowl commercial, remixing her hit 1980 hit, “9 to 5,” for @squarespace. Read more here: bit.ly/2N08DNg https://t.co/OS3NrfZDAp",8,2,2021
https://twitter.com/ralphieaversa/status/1358602663789756418,2021-02-08 02:24:51+00:00,1358602663789756418,"We’ll chat with @DollyParton about the @squarespace ad that aired, her #SuperBowl traditions and more! #AdMeter https://t.co/ZQvJ90Sqof",2,0,11,ralphieaversa,🟣 Ralphie Aversa,8035,1421,"We’ll chat with @DollyParton about the @squarespace ad that aired, her #SuperBowl traditions and more! #AdMeter twitter.com/USATODAY/statu…",8,2,2021
https://twitter.com/ChiefMuse/status/1358602203536257024,2021-02-08 02:23:01+00:00,1358602203536257024,"Love seeing #EnTERPreneurs during the #SuperBowl! @squarespace, founded by @Maryland_Alumni supporting the American dream - #entrepreneurship. @UofMaryland where #InnovationHappensHere https://t.co/6GmYuKC4sD",2,2,7,ChiefMuse,Julie Lenzer,4053,3121,"Love seeing #EnTERPreneurs during the #SuperBowl! @squarespace, founded by @Maryland_Alumni supporting the American dream - #entrepreneurship. @UofMaryland where #InnovationHappensHere twitter.com/squarespace/st…",8,2,2021
https://twitter.com/ClioAwards/status/1358601553821786112,2021-02-08 02:20:26+00:00,1358601553821786112,"Next commercial in the #SuperBowl lineup is @squarespace's ""5 to 9 by Dolly Parton.""  Will it win the 2021 #SuperClio? https://t.co/9tBqhOn8PQ",1,0,4,ClioAwards,Clio Awards,43605,11500,"Next commercial in the #SuperBowl lineup is @squarespace's ""5 to 9 by Dolly Parton.""

Will it win the 2021 #SuperClio? youtube.com/watch?v=v4FYL8…",8,2,2021
https://twitter.com/TimothyCalkins/status/1358601310464057347,2021-02-08 02:19:28+00:00,1358601310464057347,"@squarespace has finished at the bottom of the #KelloggBowl more than any other brand. But not this year! That's a respectable spot. Still room for more linkage, but better. #kelloggbowl #SuperBowl",1,1,2,TimothyCalkins,Tim Calkins,4753,1618,"@squarespace has finished at the bottom of the #KelloggBowl more than any other brand. But not this year! That's a respectable spot. Still room for more linkage, but better. #kelloggbowl #SuperBowl",8,2,2021
https://twitter.com/JimStengel/status/1358600969383276545,2021-02-08 02:18:07+00:00,1358600969383276545,Great use of music and a very clear and well branded celebration of the side hustle for @squarespace. #SuperBowl,1,2,11,JimStengel,Jim Stengel,13828,1065,Great use of music and a very clear and well branded celebration of the side hustle for @squarespace. #SuperBowl,8,2,2021
https://twitter.com/turbotax/status/1358600933849108481,2021-02-08 02:17:58+00:00,1358600933849108481,"Whether you've got a 9 to 5 or a #5to9 (looking at you, @Squarespace side hustlers), our TurboTax Live experts will be there to help you, on demand. 🕑  #SBLV #SuperBowl",2,2,38,turbotax,Intuit TurboTax,63205,927,"Whether you've got a 9 to 5 or a #5to9 (looking at you, @Squarespace side hustlers), our TurboTax Live experts will be there to help you, on demand. 🕑  #SBLV #SuperBowl",8,2,2021
https://twitter.com/JustJared/status/1358600887745187840,2021-02-08 02:17:47+00:00,1358600887745187840,"Dolly Parton put a new spin on ""9 to 5"" for the #SuperBowl commercial from @squarespace - watch now! https://t.co/ICQGmYQuob",7,0,32,JustJared,JustJared.com,729151,2931,"Dolly Parton put a new spin on ""9 to 5"" for the #SuperBowl commercial from @squarespace - watch now! justjared.com/2021/02/07/dol…",8,2,2021
https://twitter.com/StormyClaussen/status/1358600664939696129,2021-02-08 02:16:54+00:00,1358600664939696129,I love @DollyParton’s “5 to 9!” #SuperBowl #countrymusic @SquareSpace,1,2,5,StormyClaussen,Joshua Claussen,1884,518,I love @DollyParton’s “5 to 9!” #SuperBowl #countrymusic @SquareSpace,8,2,2021
https://twitter.com/megvondriska/status/1358600638775590912,2021-02-08 02:16:48+00:00,1358600638775590912,"Given the late 9-to-5 Dolly resurgence, that SquareSpace ad was ON POINT #SuperBowl",1,1,5,megvondriska,meg,1285,722,"Given the late 9-to-5 Dolly resurgence, that SquareSpace ad was ON POINT #SuperBowl",8,2,2021
https://twitter.com/ThatChristinaG/status/1358600586309074947,2021-02-08 02:16:36+00:00,1358600586309074947,Squarespace nailed the story Fiverr should have told.   #SuperBowl,4,16,124,ThatChristinaG,Christina Garnett 🇺🇦,44203,7206,"Squarespace nailed the story Fiverr should have told. 

#SuperBowl",8,2,2021
https://twitter.com/itsmebecca/status/1358600516541042693,2021-02-08 02:16:19+00:00,1358600516541042693,Squarespace just got every Warren staffer watching the #SuperBowl to pay attention to their ad.,1,0,8,itsmebecca,Becca Brubaker,14885,3985,Squarespace just got every Warren staffer watching the #SuperBowl to pay attention to their ad.,8,2,2021
https://twitter.com/adage/status/1358600415051472899,2021-02-08 02:15:55+00:00,1358600415051472899,"First off Squarespace, who is done working at 5pm these days? Second, who is that peppy once they clock out? #SuperBowl",6,19,190,adage,Ad Age,1001959,73298,"First off Squarespace, who is done working at 5pm these days? Second, who is that peppy once they clock out? #SuperBowl",8,2,2021
https://twitter.com/thehill/status/1358596661476552704,2021-02-08 02:01:00+00:00,1358596661476552704,"WATCH: #SuperBowl commercials including Squarespace, Tide, Cheetos, General Motors and Mountain Dew https://t.co/dgOo60qk8q",12,3,57,thehill,The Hill,4356708,296,"WATCH: #SuperBowl commercials including Squarespace, Tide, Cheetos, General Motors and Mountain Dew https://t.co/dgOo60qk8q",8,2,2021
https://twitter.com/NBCNewsTHINK/status/1358545574799290374,2021-02-07 22:38:00+00:00,1358545574799290374,"As much as we all love Dolly Parton, it’s still disappointing to hear her literally sing the praises of “working, working, working,” writes @GrimKim.  Her #SuperBowl ad with @squarespace is a perfect storm of gig economy propaganda:  https://t.co/qPKUYHuE9M",5,18,12,NBCNewsTHINK,NBC News THINK,25230,1131,"As much as we all love Dolly Parton, it’s still disappointing to hear her literally sing the praises of “working, working, working,” writes @GrimKim.

Her #SuperBowl ad with @squarespace is a perfect storm of gig economy propaganda:

nbcnews.com/think/opinion/…",7,2,2021
https://twitter.com/thehill/status/1358517389076418563,2021-02-07 20:46:00+00:00,1358517389076418563,"WATCH: #SuperBowl commercials including Squarespace, Tide, Cheetos, General Motors and Mountain Dew https://t.co/kwosdSGuo1",15,3,39,thehill,The Hill,4356708,296,"WATCH: #SuperBowl commercials including Squarespace, Tide, Cheetos, General Motors and Mountain Dew https://t.co/kwosdSGuo1",7,2,2021
https://twitter.com/nycballet/status/1358460520861294598,2021-02-07 17:00:01+00:00,1358460520861294598,"This @SuperBowl commercial by @squarespace is a fun twist on @DollyParton's hit ""9 to 5,"" with moves by NYCB Resident Choreographer Justin Peck and cameos by Rep. Director Craig Hall and former Principal Robbie Fairchild. Watch the ode to the hustle here: https://t.co/eSXJFRmh1U",2,0,13,nycballet,nycballet,127928,983,"This @SuperBowl commercial by @squarespace is a fun twist on @DollyParton's hit ""9 to 5,"" with moves by NYCB Resident Choreographer Justin Peck and cameos by Rep. Director Craig Hall and former Principal Robbie Fairchild. Watch the ode to the hustle here: youtube.com/watch?v=v4FYL8…",7,2,2021
https://twitter.com/TheNationalNews/status/1358458674918940674,2021-02-07 16:52:41+00:00,1358458674918940674,Business Extra #podcast:  #SuperBowl LV ads play to a resilient American consumer #Robinhood #Chipotle #Squarespace  Listen to the 12 minute episode here: https://t.co/UptIA1t0qJ,1,0,5,TheNationalNews,The National,1111342,219,"Business Extra #podcast:

#SuperBowl LV ads play to a resilient American consumer
#Robinhood #Chipotle #Squarespace

Listen to the 12 minute episode here: thenationalnews.com/podcasts/busin…",7,2,2021
https://twitter.com/SteveHare/status/1358398472291049472,2021-02-07 12:53:28+00:00,1358398472291049472,"Ahead of tonight’s #SuperBowl, I am sharing this fantastic advert from @SquareSpace. @DollyParton’s classic #9to5 is reimagined with motivational lyrics for #SMB owners. A great watch! https://t.co/uJHRvb7Pe8",2,1,16,SteveHare,Steve Hare,7045,1784,"Ahead of tonight’s #SuperBowl, I am sharing this fantastic advert from @SquareSpace. @DollyParton’s classic #9to5 is reimagined with motivational lyrics for #SMB owners. A great watch! youtu.be/v4FYL8twE6Q",7,2,2021
https://twitter.com/rwang0/status/1358320390058037248,2021-02-07 07:43:12+00:00,1358320390058037248,MyPOV: The 5 to 9 @dollyparton ad brings it all home for @squarespace   https://t.co/NZXNnJYRlS  #SBLV @superbowl #AdBowl #BrandBowl,1,0,3,rwang0,R.NFT R “Ray” Wang 王瑞光 #1A #Metaverse #Freedom,138703,101587,"MyPOV: The 5 to 9 @dollyparton ad brings it all home for @squarespace 

youtube.com/watch?v=LWs5eq…

#SBLV @superbowl #AdBowl #BrandBowl",7,2,2021
