url,Datetime,Tweet Id,Text,Retweet Count,Reply Count,Like Count,Username,Display Name,Followers Count,Friends Count,Rendered Content,Day,Month,Year
https://twitter.com/sammy_mars/status/1358916914983038976,2021-02-08 23:13:34+00:00,1358916914983038976,superbowl highlights https://t.co/W2ts3Vibz3,1,4,9,sammy_mars,sammy,76,135,superbowl highlights https://t.co/W2ts3Vibz3,8,2,2021
https://twitter.com/_Dr3wskii_/status/1358881165139202049,2021-02-08 20:51:31+00:00,1358881165139202049,Bruno Mars still holds the top spot for Superbowl performances imo,33,4,217,_Dr3wskii_,Andrew,164,261,Bruno Mars still holds the top spot for Superbowl performances imo,8,2,2021
https://twitter.com/themightyagnot/status/1358864894947332096,2021-02-08 19:46:52+00:00,1358864894947332096,They need to have Bruno Mars play every SuperBowl.,6,0,20,themightyagnot,themightyagnot,1,11,They need to have Bruno Mars play every SuperBowl.,8,2,2021
https://twitter.com/janessaaam/status/1358852669746544640,2021-02-08 18:58:17+00:00,1358852669746544640,nothing could compare to 2016 bruno mars and beyoncé’s superbowl halftime performance,1,0,5,janessaaam,ness$hiesty *:･ﾟ✧*:･ﾟ,71,54,nothing could compare to 2016 bruno mars and beyoncé’s superbowl halftime performance,8,2,2021
https://twitter.com/sportsfreak217/status/1358847381211672576,2021-02-08 18:37:16+00:00,1358847381211672576,After yesterday superbowl halftime debacle the best halftime was Bruno Mars,1,0,2,sportsfreak217,Sportsfreak,383,1522,After yesterday superbowl halftime debacle the best halftime was Bruno Mars,8,2,2021
https://twitter.com/KahneCoop_4/status/1358845824181170181,2021-02-08 18:31:05+00:00,1358845824181170181,This will never be touched   Bruno Mars Superbowl Halftime Show 2014  Ft  Red Hot Chilli Peppers https://t.co/avwWGsP37n via @YouTube,1,0,2,KahneCoop_4,joe_kahne,957,1140,"This will never be touched 

Bruno Mars Superbowl Halftime Show 2014  Ft  Red Hot Chilli Peppers youtu.be/qh0OyvjcJKE via @YouTube",8,2,2021
https://twitter.com/FCoy69/status/1358842153213042693,2021-02-08 18:16:30+00:00,1358842153213042693,Who saw that #SuperBowl #Commercial about public space travel? #SpaceX #dogecoin #Mars   Who’s coming with me?   $SPCE $TSLA,4,2,9,FCoy69,"Dogelas J. Dogenburg, MA EV",1645,1818,"Who saw that #SuperBowl #Commercial about public space travel? #SpaceX #dogecoin #Mars 

Who’s coming with me? 

$SPCE $TSLA",8,2,2021
https://twitter.com/OfficialYkThaDj/status/1358831355111616518,2021-02-08 17:33:35+00:00,1358831355111616518,When you order Bruno Mars Off Wish 😂😂 #SuperBowl #SuperBowlLV #TheWeeknd https://t.co/hwfnZiYaJj,2,0,3,OfficialYkThaDj,Yk ThaDj ✈️🇺🇸🌎,549,935,When you order Bruno Mars Off Wish 😂😂 #SuperBowl #SuperBowlLV #TheWeeknd https://t.co/hwfnZiYaJj,8,2,2021
https://twitter.com/SugarPie4Geo/status/1358829811788095488,2021-02-08 17:27:27+00:00,1358829811788095488,I didn't watch the Superbowl halftime show last night (or the main event!)...I put Bruno Mars' halftime show from 2014 on instead 😊💖,3,0,10,SugarPie4Geo,jacqueline,386,673,I didn't watch the Superbowl halftime show last night (or the main event!)...I put Bruno Mars' halftime show from 2014 on instead 😊💖,8,2,2021
https://twitter.com/jtcharts/status/1358827365938438144,2021-02-08 17:17:44+00:00,1358827365938438144,.@jtimberlake owns the largest solo audience in the #SuperBowl among male artists and along with Bruno Mars were the only men to perform at the event TWO times in the past decade. https://t.co/st6DUDEU0H,14,5,90,jtcharts,Justin Timberlake Charts,3522,384,.@jtimberlake owns the largest solo audience in the #SuperBowl among male artists and along with Bruno Mars were the only men to perform at the event TWO times in the past decade. https://t.co/st6DUDEU0H,8,2,2021
https://twitter.com/engineerjay/status/1358786798114119680,2021-02-08 14:36:32+00:00,1358786798114119680,"Still, Bruno Mars' Superbowl Halftime Show still is my top tier.",6,0,12,engineerjay,Wolf ,792,4974,"Still, Bruno Mars' Superbowl Halftime Show still is my top tier.",8,2,2021
https://twitter.com/jazzypickles/status/1358767845841149958,2021-02-08 13:21:13+00:00,1358767845841149958,Looking for Bruno Mars to save this halftime show. #SuperBowl https://t.co/lxdPLMQOCG,3,1,6,jazzypickles,Mr. Irrelevant,269,1177,Looking for Bruno Mars to save this halftime show. #SuperBowl twitter.com/Skeeter696969/…,8,2,2021
https://twitter.com/PopeChromaticus/status/1358764743465439233,2021-02-08 13:08:54+00:00,1358764743465439233,"In a @YouGovAmerica survey published in January 2020, Americans voted that the ""best #SuperBowl Half Time shows"" were Bruno Mars and the Red Hot Chili Peppers in 2014 tied with Lady Gaga’s performance in 2017. https://t.co/UgExMEHnYN",4,1,14,PopeChromaticus,Pope,1978,1374,"In a @YouGovAmerica survey published in January 2020, Americans voted that the ""best #SuperBowl Half Time shows"" were Bruno Mars and the Red Hot Chili Peppers in 2014 tied with Lady Gaga’s performance in 2017. https://t.co/UgExMEHnYN",8,2,2021
https://twitter.com/datspod/status/1358755374183178247,2021-02-08 12:31:40+00:00,1358755374183178247,So...when is Usher going to do the Superbowl Halftime Show?  It is actually horrendous that the following were granted the chance BEFORE him:  1. Bruno Mars 2. Justin Timberlake 3. Katy Perry 4. Jennifer Lopez &amp; Shakira https://t.co/TGOU8ct0pu,2,4,28,datspod,🚨 Don’t Alert The Stans 🚨,1302,610,"So...when is Usher going to do the Superbowl Halftime Show?

It is actually horrendous that the following were granted the chance BEFORE him:

1. Bruno Mars
2. Justin Timberlake
3. Katy Perry
4. Jennifer Lopez &amp; Shakira https://t.co/TGOU8ct0pu",8,2,2021
https://twitter.com/ajryssss/status/1358742044483538944,2021-02-08 11:38:42+00:00,1358742044483538944,@jazminelevana also the Beyonce Bruno Mars Coldplay superbowl!!💕,1,1,1,ajryssss,𝚊𝚕𝚎𝚢𝚊,165,143,@jazminelevana also the Beyonce Bruno Mars Coldplay superbowl!!💕,8,2,2021
https://twitter.com/THV_KTH4evr/status/1358739431360921600,2021-02-08 11:28:19+00:00,1358739431360921600,"Bruno Mars, Prince and Michael Jackson are my favorite Superbowl halftime performers.",1,0,0,THV_KTH4evr,💙🅰🅽🅽🅰🆅🐻✨KTH1 IS COMING💚| 김태형§ |,596,481,"Bruno Mars, Prince and Michael Jackson are my favorite Superbowl halftime performers.",8,2,2021
https://twitter.com/_rosaLynp/status/1358737600656203777,2021-02-08 11:21:02+00:00,1358737600656203777,"yes, bruno mars #SuperBowl halftime performance pa din 💯",1,0,0,_rosaLynp,nylasor,194,1594,"yes, bruno mars #SuperBowl halftime performance pa din 💯",8,2,2021
https://twitter.com/QuenPVV/status/1358713941149515776,2021-02-08 09:47:01+00:00,1358713941149515776,Most watched Super Bowl Halftime Shows of all times :  1. Katy Perry — 120.7M  2. Lady Gaga — 117.5M 3. Coldplay — 115.5M  4. Bruno Mars — 115.3M  5. Madonna — 114M  The Weeknd — ??? #SuperBowl #PepsiHalftime https://t.co/lndi7zYJr7,51,9,362,QuenPVV,quentin (CLOSED),6815,2803,"Most watched Super Bowl Halftime Shows of all times :

1. Katy Perry — 120.7M 
2. Lady Gaga — 117.5M
3. Coldplay — 115.5M 
4. Bruno Mars — 115.3M 
5. Madonna — 114M

The Weeknd — ???
#SuperBowl
#PepsiHalftime https://t.co/lndi7zYJr7",8,2,2021
https://twitter.com/bianca_cavino17/status/1358706859683684352,2021-02-08 09:18:53+00:00,1358706859683684352,"Ooh. Now I get it.   Well yeah, Bruno Mars' Superbowl half-time show will always be top-tier, topnotch, superior, first-class and all that! 🤘🏼",7,1,24,bianca_cavino17,Bianca 🌸🇵🇭☘ | SBRUNO19,2860,2456,"Ooh. Now I get it. 

Well yeah, Bruno Mars' Superbowl half-time show will always be top-tier, topnotch, superior, first-class and all that! 🤘🏼",8,2,2021
https://twitter.com/wale__awe/status/1358705507779887108,2021-02-08 09:13:31+00:00,1358705507779887108,"Coldplay, Beyoncé and Bruno Mars performance at the #SuperBowl 2016  https://t.co/9q2vvkliwZ",2,2,1,wale__awe,skinny legend?,7413,3116,"Coldplay, Beyoncé and Bruno Mars performance at the #SuperBowl 2016 
twitter.com/findurmeme/sta…",8,2,2021
https://twitter.com/arsenicfrog/status/1358702168862306306,2021-02-08 09:00:15+00:00,1358702168862306306,Bruno Mars and Beyonce had by far the best superbowl half time show,3,0,2,arsenicfrog,🇵🇸❤,548,2473,Bruno Mars and Beyonce had by far the best superbowl half time show,8,2,2021
https://twitter.com/aldwin_ilano/status/1358692261014347776,2021-02-08 08:20:52+00:00,1358692261014347776,"Ya’ll will always remember Bruno Mars every superbowl day, already cemented as hell! 🔥",5,1,8,aldwin_ilano,ALDWIN KYLE,227,233,"Ya’ll will always remember Bruno Mars every superbowl day, already cemented as hell! 🔥",8,2,2021
https://twitter.com/RealinoLucy/status/1358685588262588416,2021-02-08 07:54:22+00:00,1358685588262588416,The superbowl always makes me think of bruno mars. and his trending world wide right now! https://t.co/BXej6Md2gS,5,0,9,RealinoLucy,Lotreal|SILK SONIC STREAM&BUY,159,73,"The superbowl always makes me think of bruno mars.
and his trending world wide right now! https://t.co/BXej6Md2gS",8,2,2021
https://twitter.com/pastaboy_BM/status/1358679418298716160,2021-02-08 07:29:51+00:00,1358679418298716160,My Bruno Mars is trending again because of #SuperBowl https://t.co/FZ0oE6yHeT,9,1,37,pastaboy_BM,Mr. Pasta,433,443,My Bruno Mars is trending again because of #SuperBowl https://t.co/FZ0oE6yHeT,8,2,2021
https://twitter.com/judypchy/status/1358672265726947333,2021-02-08 07:01:25+00:00,1358672265726947333,Bruno Mars is synonymous with SuperBowl https://t.co/lLzb00pe55,13,0,45,judypchy,Judybelle,429,198,Bruno Mars is synonymous with SuperBowl twitter.com/BrunoMarsAcces…,8,2,2021
https://twitter.com/SovernNation/status/1358667364464685058,2021-02-08 06:41:57+00:00,1358667364464685058,"Best #SuperBowl halftime shows ever:  Prince, Michael Jackson, Beyoncé, Bruno Mars, Bruce Springsteen. The Stones were pretty good. So was McCartney, and U2.  The Weeknd made me long for Up With People and Carol Channing.",2,16,43,SovernNation,Doug Sovern,16631,1341,"Best #SuperBowl halftime shows ever:

Prince, Michael Jackson, Beyoncé, Bruno Mars, Bruce Springsteen. The Stones were pretty good. So was McCartney, and U2.

The Weeknd made me long for Up With People and Carol Channing.",8,2,2021
https://twitter.com/esperastra/status/1358666660132106240,2021-02-08 06:39:09+00:00,1358666660132106240,Tom Brady #SuperBowl Mahomes TOM GRAVY Gronk Tampa Bay TB12 Jeep #TheEqualizer #dreamfell Kevin Harlan Antonio Brown Devin White Gatorade Bill Russell taeil Belichick #MTNDEWMAJORMELON Serena Bruno Mars Winfield Wayne Shaggy House of Ballons Prince Pats https://t.co/nu7KD8H0zo,1,2,4,esperastra,jay saw mxmtoon,937,722,"Tom Brady #SuperBowl Mahomes TOM GRAVY Gronk Tampa Bay TB12 Jeep #TheEqualizer #dreamfell Kevin Harlan Antonio Brown Devin White Gatorade Bill Russell taeil Belichick #MTNDEWMAJORMELON Serena Bruno Mars Winfield Wayne Shaggy House of Ballons Prince Pats
https://t.co/nu7KD8H0zo",8,2,2021
https://twitter.com/mikaelspov/status/1358666318937870337,2021-02-08 06:37:47+00:00,1358666318937870337,tbh the last male performer who slayed as a headliner on the superbowl was bruno mars,1,1,2,mikaelspov,tawan is for Leni-Kiko,940,1046,tbh the last male performer who slayed as a headliner on the superbowl was bruno mars,8,2,2021
https://twitter.com/91LYKJD/status/1358656924414169089,2021-02-08 06:00:28+00:00,1358656924414169089,idk but superbowl bruno mars is so iconic,4,1,8,91LYKJD,elysa,1234,1280,idk but superbowl bruno mars is so iconic,8,2,2021
https://twitter.com/CleusioRibeiro/status/1358654665685098496,2021-02-08 05:51:29+00:00,1358654665685098496,"""Make Bruno Mars the default Superbowl performer"" is the wisest thing I read today... https://t.co/VYWZvvUW2r",4,0,7,CleusioRibeiro,PSYCHO 🔥,974,501,"""Make Bruno Mars the default Superbowl performer"" is the wisest thing I read today... twitter.com/HeatherA9/stat…",8,2,2021
https://twitter.com/ronbruts/status/1358653248379318272,2021-02-08 05:45:51+00:00,1358653248379318272,How about we let Bruno Mars and Beyonce perform it every year? #SuperBowl,3,0,4,ronbruts,RON #LetLeniLead2022,41,284,How about we let Bruno Mars and Beyonce perform it every year? #SuperBowl,8,2,2021
https://twitter.com/tipsybardi/status/1358649497946054657,2021-02-08 05:30:57+00:00,1358649497946054657,"Imagine being Coldplay tho, you perform at the Superbowl but nobody remembers cuz your special guests were Bruno Mars and Beyoncé😭😭💀  #SuperBowlLV",2,2,11,tipsybardi,Mink 🦋,1810,2517,"Imagine being Coldplay tho, you perform at the Superbowl but nobody remembers cuz your special guests were Bruno Mars and Beyoncé😭😭💀

#SuperBowlLV",8,2,2021
https://twitter.com/freyafoxtv/status/1358648032263163905,2021-02-08 05:25:08+00:00,1358648032263163905,This was at the Superbowl tonight. #Dogecoin #dogearmy has taken over the world. We're going to Mars tomorrow #DogecoinRise  !! RT this to keep it trending https://t.co/5vmeOBYlaF,10,1,27,freyafoxtv,Freya Fox 🏳️‍🌈🌙🇹🇼 $FLOKI,6411,2583,This was at the Superbowl tonight. #Dogecoin #dogearmy has taken over the world. We're going to Mars tomorrow #DogecoinRise  !! RT this to keep it trending https://t.co/5vmeOBYlaF,8,2,2021
https://twitter.com/coneyisland4eva/status/1358645815518982148,2021-02-08 05:16:19+00:00,1358645815518982148,Ban men from performing at the Superbowl except Bruno Mars,2,0,23,coneyisland4eva,vipin in a sunlit room🧣,4575,3853,Ban men from performing at the Superbowl except Bruno Mars,8,2,2021
https://twitter.com/Vagner_LDN/status/1358642583573037056,2021-02-08 05:03:28+00:00,1358642583573037056,"Man, Bruno Mars halftime performance was just too magical. Love his music so much that I even did a REAL funny dance tutorial to Finesse!!  YT link: https://t.co/awkjRvXcU1  #BrunoMars #SuperBowlWeeknd  #SuperBowl #SuperBowlLV https://t.co/YysPgqcqf5",3,0,3,Vagner_LDN,VagnerLDN,8,11,"Man, Bruno Mars halftime performance was just too magical. Love his music so much that I even did a REAL funny dance tutorial to Finesse!!

YT link: youtube.com/watch?v=DihU2U…

#BrunoMars #SuperBowlWeeknd  #SuperBowl #SuperBowlLV https://t.co/YysPgqcqf5",8,2,2021
https://twitter.com/SilkyGyrl/status/1358641818674618368,2021-02-08 05:00:26+00:00,1358641818674618368,I will never get over when Bruno Mars headlined at the 2014 Superbowl and KILLED IT THEN 2 yrs later KILLED IT again at the Superbowl in 2016 w/ Beyonce. 🐐👑,2,0,8,SilkyGyrl,"Sweet, Sticky, Thick & Pretty",5192,435,I will never get over when Bruno Mars headlined at the 2014 Superbowl and KILLED IT THEN 2 yrs later KILLED IT again at the Superbowl in 2016 w/ Beyonce. 🐐👑,8,2,2021
https://twitter.com/SchreeSR/status/1358641285830164483,2021-02-08 04:58:19+00:00,1358641285830164483,"This is how you do it @theweeknd! This is also the year me and my son’s #Seahawks 💙💚 won the Super Bowl!  #SuperBowl #PepsiHalftime   Super Bowl XLVIII - Bruno Mars Halftime Show (February 2, 2014) https://t.co/8SDszDE9LN via @YouTube",1,0,2,SchreeSR,ᎦᏨHRᏋᏋ,1620,975,"This is how you do it @theweeknd! This is also the year me and my son’s #Seahawks 💙💚 won the Super Bowl! 
#SuperBowl #PepsiHalftime 

Super Bowl XLVIII - Bruno Mars Halftime Show (February 2, 2014) youtu.be/yr0zkh8eVXI via @YouTube",8,2,2021
https://twitter.com/Kent_Youngblood/status/1358636507339268096,2021-02-08 04:39:20+00:00,1358636507339268096,Best #SuperBowl spots  1) Toyota 2) Jeep 3) M&amp;M Mars 4) Jimmy John’s 5) Uber Eats 6-60) Background noise 61) Paramount Plus,1,0,1,Kent_Youngblood,Kent Youngblood,1120,616,"Best #SuperBowl spots

1) Toyota
2) Jeep
3) M&amp;M Mars
4) Jimmy John’s
5) Uber Eats
6-60) Background noise
61) Paramount Plus",8,2,2021
https://twitter.com/jezreylljames/status/1358636094405840896,2021-02-08 04:37:41+00:00,1358636094405840896,"Best Male Superbowl:  Michael Jackson, Prince, Bruno Mars",1,0,5,jezreylljames,Jez (Taylor's Version),670,465,"Best Male Superbowl:

Michael Jackson, Prince, Bruno Mars",8,2,2021
https://twitter.com/jessbelieve/status/1358635262281207808,2021-02-08 04:34:23+00:00,1358635262281207808,No one still hasn’t beat Bruno Mars SB Halftime show. He’s the best!!  Superbowl Halftime Show Ft  Red Hot Chilli Peppers https://t.co/jTrSdOSeJQ,4,4,9,jessbelieve,Jess 💍👫💋✨🌉,3807,3755,"No one still hasn’t beat Bruno Mars SB Halftime show. He’s the best!!

Superbowl Halftime Show Ft  Red Hot Chilli Peppers youtu.be/qh0OyvjcJKE",8,2,2021
https://twitter.com/JeffBelonger/status/1358633297153302528,2021-02-08 04:26:34+00:00,1358633297153302528,"@pepsi That halftime show SUCKED! great shows.. Prince, U2, Paul McCartney, Red Hot Chili Peppers, The Rolling Stones, Aerosmith, Beyonce, Michael Jackson, Bruno Mars. #Halftime #SuperBowlLV #SuperBowl #SuperbowlHalftime",1,0,3,JeffBelonger,Jeff Belonger 🇺🇸 US Army Veteran,4076,3198,"@pepsi That halftime show SUCKED! great shows.. Prince, U2, Paul McCartney, Red Hot Chili Peppers, The Rolling Stones, Aerosmith, Beyonce, Michael Jackson, Bruno Mars. #Halftime #SuperBowlLV #SuperBowl #SuperbowlHalftime",8,2,2021
https://twitter.com/MRKELLYBRAND/status/1358630993670856705,2021-02-08 04:17:25+00:00,1358630993670856705,"The Beyoncé &amp; Bruno Mars #SuperBowl    ""Formation"" was yet another cultural reset by Bey. https://t.co/3C6KEhGHUL",1,0,3,MRKELLYBRAND,Black Is King ♛,408,319,"The Beyoncé &amp; Bruno Mars #SuperBowl  

""Formation"" was yet another cultural reset by Bey. twitter.com/KirkWrites79/s…",8,2,2021
https://twitter.com/baddestbxxxxtch/status/1358629828249980929,2021-02-08 04:12:47+00:00,1358629828249980929,"Bruno Mars singing ""Just The Way You Are"" at Super Bowl XLVIII is my religion 😭❤️ #SuperBowl #BrunoMars https://t.co/AzyEMwByJZ",4,1,10,baddestbxxxxtch,alice wakeshima 🎎,3062,2629,"Bruno Mars singing ""Just The Way You Are"" at Super Bowl XLVIII is my religion 😭❤️ #SuperBowl #BrunoMars https://t.co/AzyEMwByJZ",8,2,2021
https://twitter.com/connerclose_/status/1358627141219450880,2021-02-08 04:02:07+00:00,1358627141219450880,"the weeknd’s halftime show was easily the best since bruno mars, maybe better. awesome performance and i loved the choir more than i thought i would went i saw them at first. camera work was also pretty nice 😎 #SuperBowl #TheWeeknd #HalftimeShow2021 https://t.co/KnyruaoYmw",6,2,98,connerclose_,Conner Close,20,204,"the weeknd’s halftime show was easily the best since bruno mars, maybe better. awesome performance and i loved the choir more than i thought i would went i saw them at first. camera work was also pretty nice 😎 #SuperBowl #TheWeeknd #HalftimeShow2021 https://t.co/KnyruaoYmw",8,2,2021
https://twitter.com/dino_mars/status/1358618960200011777,2021-02-08 03:29:36+00:00,1358618960200011777,Me before and after betting against Tom Brady. #SuperBowl 🐐 https://t.co/IgKPaVWfO1,1,0,5,dino_mars,Dino Maragay,1841,449,Me before and after betting against Tom Brady. #SuperBowl 🐐 https://t.co/IgKPaVWfO1,8,2,2021
https://twitter.com/MJFINESSELOVER/status/1358613385265491973,2021-02-08 03:07:27+00:00,1358613385265491973,"Michael Jackson, Janet Jackson, Prince, Madonna, Beyoncé, Bruno Mars, and Beyoncé and Bruno Mars #SuperBowl Halftime Shows are still the greatest of all-time.",31,0,134,MJFINESSELOVER,𝙱𝚎𝚌𝚌𝚊.,25657,6071,"Michael Jackson, Janet Jackson, Prince, Madonna, Beyoncé, Bruno Mars, and Beyoncé and Bruno Mars #SuperBowl Halftime Shows are still the greatest of all-time.",8,2,2021
https://twitter.com/kevinmgill/status/1358613022701277186,2021-02-08 03:06:01+00:00,1358613022701277186,Tampa Bay's defense is eating Kansas City's passing game like Mars eats spacecraft #SuperBowl,1,0,19,kevinmgill,Kevin M. Gill,27485,1427,Tampa Bay's defense is eating Kansas City's passing game like Mars eats spacecraft #SuperBowl,8,2,2021
https://twitter.com/raulhraz/status/1358612836138684418,2021-02-08 03:05:16+00:00,1358612836138684418,All these male performers and Bruno Mars is still untouchable. gnight y'all! #SuperBowl ￼ https://t.co/eSfMpgB0ky,4,0,11,raulhraz,Tom R.,972,1257,All these male performers and Bruno Mars is still untouchable. gnight y'all! #SuperBowl ￼ https://t.co/eSfMpgB0ky,8,2,2021
https://twitter.com/BTSareHumans/status/1358610672846839811,2021-02-08 02:56:40+00:00,1358610672846839811,Top 5 Superbowl performances  In no particular order: -Beyonce -MJ -Prince -Bruno Mars -Katy Perry,2,2,16,BTSareHumans,Joy⁷🇿🇼💜,5539,377,"Top 5 Superbowl performances

In no particular order:
-Beyonce
-MJ
-Prince
-Bruno Mars
-Katy Perry",8,2,2021
https://twitter.com/Asdof20/status/1358610118217261057,2021-02-08 02:54:28+00:00,1358610118217261057,I swear I just watch Bruno's halftime show twice... Bruno Mars has one of the greatest halftime performances to date 🔥🔥🔥🔥 dude can actually sing live without autotune and PERFORM!! I hate to compare artists but Bruno Mars &gt; the Weeknd #BrunoMars #HalfTimeShow #SuperBowl #NFL https://t.co/2QhOC6Vb5M,5,0,13,Asdof20,Rudest Little Future Doctor 🙃,19,80,"I swear I just watch Bruno's halftime show twice... Bruno Mars has one of the greatest halftime performances to date 🔥🔥🔥🔥 dude can actually sing live without autotune and PERFORM!!
I hate to compare artists but
Bruno Mars &gt; the Weeknd
#BrunoMars #HalfTimeShow #SuperBowl #NFL https://t.co/2QhOC6Vb5M",8,2,2021
https://twitter.com/alaurenofficial/status/1358609836221603842,2021-02-08 02:53:21+00:00,1358609836221603842,"Bruno Mars is a REAL ENTERTAINER. He can actually Sing, Dance, Play Instruments &amp; put on a show all at once!  They should've called him &amp; The Hooligans back for a 3rd Time! Then we would've had a real Superbowl Halftime Show! Stop comparing Bruno to these other mediocre artists.",2,0,4,alaurenofficial,A'LAUREN♡︎,34,97,"Bruno Mars is a REAL ENTERTAINER. He can actually Sing, Dance, Play Instruments &amp; put on a show all at once!  They should've called him &amp; The Hooligans back for a 3rd Time! Then we would've had a real Superbowl Halftime Show! Stop comparing Bruno to these other mediocre artists.",8,2,2021
https://twitter.com/arveesibleglaxy/status/1358609721259741184,2021-02-08 02:52:53+00:00,1358609721259741184,I think we can all agree when I say Bruno Mars has got to make an appearance at superbowl every year! His presence just makes everything more iconic and exciting. Yessir.,3,0,3,arveesibleglaxy,cosmos🌠seeker,318,220,I think we can all agree when I say Bruno Mars has got to make an appearance at superbowl every year! His presence just makes everything more iconic and exciting. Yessir.,8,2,2021
https://twitter.com/RogerConejo_/status/1358609205045952512,2021-02-08 02:50:50+00:00,1358609205045952512,I think the half time show was good but Bruno Mars is still my all time favorite.  #SuperBowl,6,0,14,RogerConejo_,Roger 🇸🇻,46,36,"I think the half time show was good but Bruno Mars is still my all time favorite. 
#SuperBowl",8,2,2021
https://twitter.com/Tee_SowCrazy/status/1358608497470894080,2021-02-08 02:48:02+00:00,1358608497470894080,What was missing from the super bowl... Bruno Mars Superbowl Halftime Show 2014  Ft  Red Hot Chilli Peppers https://t.co/B7AhzKfSZS via @YouTube,2,0,3,Tee_SowCrazy,Talisha Bennett,266,918,What was missing from the super bowl... Bruno Mars Superbowl Halftime Show 2014  Ft  Red Hot Chilli Peppers youtu.be/qh0OyvjcJKE via @YouTube,8,2,2021
https://twitter.com/planet12law/status/1358607907026313219,2021-02-08 02:45:41+00:00,1358607907026313219,"Sorry but I’m from the world of Prince, Michael Jackson, Beyonce, Bruno Mars, Janet Jackson, New Kids On The Block, Diana Ross, Lady Gaga, Bruce Springsteen And J-Lo/Shakira who showed the world what a REAL Super Bowl Halftime show is supposed to look like 🤷🏾‍♂️ #SuperBowl",6,5,31,planet12law,L*A*W,11722,12807,"Sorry but I’m from the world of Prince, Michael Jackson, Beyonce, Bruno Mars, Janet Jackson, New Kids On The Block, Diana Ross, Lady Gaga, Bruce Springsteen And J-Lo/Shakira who showed the world what a REAL Super Bowl Halftime show is supposed to look like 🤷🏾‍♂️ #SuperBowl",8,2,2021
https://twitter.com/BinibiniTammy/status/1358605117340098561,2021-02-08 02:34:36+00:00,1358605117340098561,i told you bruno mars defined the superbowl halftime show,4,0,6,BinibiniTammy,MissT,69,517,i told you bruno mars defined the superbowl halftime show,8,2,2021
https://twitter.com/HeyDaveed/status/1358603573693587456,2021-02-08 02:28:28+00:00,1358603573693587456,My top modern #SuperBowl #HalfTimeShow  performances:  1. Bruno Mars (2014)  2. Shakira &amp; Jlo (2020)  3. Lady Gaga (2017)  4. Beyonce (2013),1,0,9,HeyDaveed,David,11,74,"My top modern #SuperBowl #HalfTimeShow  performances:

1. Bruno Mars (2014) 
2. Shakira &amp; Jlo (2020) 
3. Lady Gaga (2017) 
4. Beyonce (2013)",8,2,2021
https://twitter.com/louis91vibes/status/1358603112483758082,2021-02-08 02:26:38+00:00,1358603112483758082,Ok but Bruno Mars performing at the Halftime Show will forever remain iconic #SuperBowl,3,0,3,louis91vibes,Jasmine 🤎,424,1028,Ok but Bruno Mars performing at the Halftime Show will forever remain iconic #SuperBowl,8,2,2021
https://twitter.com/WrightToLife/status/1358601450637688836,2021-02-08 02:20:02+00:00,1358601450637688836,TBH Bruno Mars and Beyonce are performers and their halftime show will always be one of the best. #SuperBowl,2,0,4,WrightToLife,Casey Wright ☀️,535,771,"TBH Bruno Mars and Beyonce are performers and their halftime show will always be one of the best.
#SuperBowl",8,2,2021
https://twitter.com/eyaBTS_15/status/1358600930799804418,2021-02-08 02:17:58+00:00,1358600930799804418,Bruno Mars will always be my favorite Super Bowl Halftime performer! (2014 &amp; 2016) His performance with Beyonce and Coldplay in 2016 was amazing! We need a repeat of that! 🤩 #SuperBowl https://t.co/0j0fa0Fsc7,62,2,442,eyaBTS_15,Eya⁷ 💜🐳,7,46,Bruno Mars will always be my favorite Super Bowl Halftime performer! (2014 &amp; 2016) His performance with Beyonce and Coldplay in 2016 was amazing! We need a repeat of that! 🤩 #SuperBowl https://t.co/0j0fa0Fsc7,8,2,2021
https://twitter.com/CardiBGlobal/status/1358600483796115459,2021-02-08 02:16:11+00:00,1358600483796115459,#up #SuperBowl Cardi Uber Wayne Garth Abel The Weekend Brady Shakira Kansas City Blinding Lights Bruno Mars Darf Punk Michael Jackson Drake #wayne #Garth #uber #HalfTimeShow   https://t.co/5IHqu4puE9,9,0,32,CardiBGlobal,Cardi B Global 💎💎💎,9942,1445,#up #SuperBowl Cardi Uber Wayne Garth Abel The Weekend Brady Shakira Kansas City Blinding Lights Bruno Mars Darf Punk Michael Jackson Drake #wayne #Garth #uber #HalfTimeShow   https://t.co/5IHqu4puE9,8,2,2021
https://twitter.com/Jemsy14/status/1358599952117735428,2021-02-08 02:14:04+00:00,1358599952117735428,the superbowl never recovered from beyonce and bruno mars’ performance,4,0,50,Jemsy14,auntie jemima,3310,2333,the superbowl never recovered from beyonce and bruno mars’ performance,8,2,2021
https://twitter.com/kmalone_rt/status/1358599811692441600,2021-02-08 02:13:31+00:00,1358599811692441600,"The best Superbowl halftime shows in my lifetime have been Prince, Beyonce, and Bruno Mars.",1,0,3,kmalone_rt,Khaliyah,95,256,"The best Superbowl halftime shows in my lifetime have been Prince, Beyonce, and Bruno Mars.",8,2,2021
https://twitter.com/shadyfavorite/status/1358599341972353024,2021-02-08 02:11:39+00:00,1358599341972353024,Bruno Mars halftime performance was another level #SuperBowl #HalfTimeShow https://t.co/jyG2BLZJFa,8,0,17,shadyfavorite,Maria’s cheekbones🦋,4668,153,Bruno Mars halftime performance was another level #SuperBowl #HalfTimeShow twitter.com/ddrodriguex/st…,8,2,2021
https://twitter.com/38babyAJ/status/1358599322485538816,2021-02-08 02:11:34+00:00,1358599322485538816,Bruno mars still in top 5 best superbowl halftime sorry🤷🏾‍♂️ https://t.co/Xtq8QmYb41,1,0,7,38babyAJ,K,11,300,Bruno mars still in top 5 best superbowl halftime sorry🤷🏾‍♂️ https://t.co/Xtq8QmYb41,8,2,2021
https://twitter.com/TJLawhon/status/1358599286771101696,2021-02-08 02:11:26+00:00,1358599286771101696,It's like the #SuperBowl wanted the @Jif brand Bruno Mars but somehow ended up with Great Value brand Bruno Mars.,1,0,1,TJLawhon,T.J. Lawhon,341,494,It's like the #SuperBowl wanted the @Jif brand Bruno Mars but somehow ended up with Great Value brand Bruno Mars.,8,2,2021
https://twitter.com/nickmontijo/status/1358599143040507905,2021-02-08 02:10:51+00:00,1358599143040507905,"coldplay, bruno mars, and beyoncé will always be my favorite super bowl half time show #HalfTimeShow #SuperBowl https://t.co/E5YIdPmUws",11,4,136,nickmontijo,nickmontijo,194,275,"coldplay, bruno mars, and beyoncé will always be my favorite super bowl half time show #HalfTimeShow #SuperBowl https://t.co/E5YIdPmUws",8,2,2021
https://twitter.com/superstarboss1/status/1358598256138289153,2021-02-08 02:07:20+00:00,1358598256138289153,Bruno Mars &amp; Beyoncé Performances Was LITTT Too In 2016 Period.   🏟🎶🔥🎶✊🏾✊🏾🖤🖤   #PepsiHalftime #SuperBowl,3,0,4,superstarboss1,Koree4Real ✊🏾📸🛩,2626,5003,"Bruno Mars &amp; Beyoncé Performances Was LITTT Too In 2016 Period. 

🏟🎶🔥🎶✊🏾✊🏾🖤🖤 

#PepsiHalftime #SuperBowl",8,2,2021
https://twitter.com/RoknRob121/status/1358598126014238722,2021-02-08 02:06:49+00:00,1358598126014238722,"🙋🏾‍♀️Hol' Up, I'm having an Island Gurl Moment 🤙🏾 Bruno Mars Superbowl Halftime Show 2014  Ft  Red Hot Chilli Peppers https://t.co/8GQGWKANYF via @YouTube",2,0,2,RoknRob121,◊ Robin M. La`a ◊,3826,1177,"🙋🏾‍♀️Hol' Up, I'm having an Island Gurl Moment 🤙🏾
Bruno Mars Superbowl Halftime Show 2014  Ft  Red Hot Chilli Peppers youtu.be/qh0OyvjcJKE via @YouTube",8,2,2021
https://twitter.com/JoshJay990/status/1358597935391506433,2021-02-08 02:06:03+00:00,1358597935391506433,My Top Ten Super Bowl Halftime performances:                                               1. Prince     2. MJ    3. Beyoncé     4.Bruno Mars    5. U2     6. Janet Jackson   7. Cold Play/Beyoncé/Bruno.   8. Lady Gaga   9. The Weekend   10. Diana Ross/Shakira &amp; Jlo     #SuperBowl https://t.co/5vmW4MBB3x,24,22,206,JoshJay990,Josh P. Jackson (he/him/his),733,3806,"My Top Ten Super Bowl Halftime performances:                                              
1. Prince    
2. MJ   
3. Beyoncé    
4.Bruno Mars   
5. U2    
6. Janet Jackson  
7. Cold Play/Beyoncé/Bruno.  
8. Lady Gaga  
9. The Weekend  
10. Diana Ross/Shakira &amp; Jlo   

#SuperBowl https://t.co/5vmW4MBB3x",8,2,2021
https://twitter.com/SparkleConnect/status/1358597902604488704,2021-02-08 02:05:56+00:00,1358597902604488704,THIS IS SUPERBOWL WORTHY ENTERTAINMENT!  #SuperBowl   Beyoncé &amp; Bruno Mars Crash the Pepsi Super Bowl 50 Halftime Show | NFL https://t.co/eInsZk2mYX via @YouTube,1,0,7,SparkleConnect,Karen Clark 🌊🌊🌊,2805,3926,"THIS IS SUPERBOWL WORTHY ENTERTAINMENT!

#SuperBowl 

Beyoncé &amp; Bruno Mars Crash the Pepsi Super Bowl 50 Halftime Show | NFL youtu.be/SDPITj1wlkg via @YouTube",8,2,2021
https://twitter.com/notreallykatie_/status/1358597826616438785,2021-02-08 02:05:38+00:00,1358597826616438785,my favorite superbowl halftime show EVER was bruno mars x the red hot chili peppers. that entire set was fire,5,0,12,notreallykatie_,katie 🌞,252,462,my favorite superbowl halftime show EVER was bruno mars x the red hot chili peppers. that entire set was fire,8,2,2021
https://twitter.com/kevvv_18/status/1358597716729688064,2021-02-08 02:05:11+00:00,1358597716729688064,Bruno Mars still on top for Superbowl halftime shows 🤠🐐,5,0,7,kevvv_18,ɯı̣ɥ,448,327,Bruno Mars still on top for Superbowl halftime shows 🤠🐐,8,2,2021
https://twitter.com/NASA/status/1358597693719871491,2021-02-08 02:05:06+00:00,1358597693719871491,"🏈 TOUCHDOWN PERSEVERANCE!!!  Oh wait, sorry, we got a little carried away there... that's in 11 days. #CountdownToMars with us!  Join in on https://t.co/BoVuItYDNn &amp; watch Feb. 18th to see our @NASAPersevere rover touch down in the #SuperBowl of Mars — Jezero Crater. 🏆 https://t.co/QpaQapLZs6",1083,125,7876,NASA,NASA,56520334,182,"🏈 TOUCHDOWN PERSEVERANCE!!!

Oh wait, sorry, we got a little carried away there... that's in 11 days. #CountdownToMars with us!

Join in on go.nasa.gov/36TVrAK &amp; watch Feb. 18th to see our @NASAPersevere rover touch down in the #SuperBowl of Mars — Jezero Crater. 🏆 https://t.co/QpaQapLZs6",8,2,2021
https://twitter.com/lisamarieLML/status/1358597508495204355,2021-02-08 02:04:22+00:00,1358597508495204355,"Bruno Mars &amp; Prince were easily the 2 greatest #SuperBowl halftime shows, hands down!",1,0,1,lisamarieLML,Lisa,1154,586,"Bruno Mars &amp; Prince were easily the 2 greatest #SuperBowl halftime shows, hands down!",8,2,2021
https://twitter.com/HitDaKwong/status/1358596993921130497,2021-02-08 02:02:19+00:00,1358596993921130497,the solo bruno mars halftime show is still hands down one of the best superbowl performances of all time,8,0,21,HitDaKwong,mk 😷,226,275,the solo bruno mars halftime show is still hands down one of the best superbowl performances of all time,8,2,2021
https://twitter.com/ynk_subunit/status/1358596590508867587,2021-02-08 02:00:43+00:00,1358596590508867587,"Listen, the last time I enjoyed a halftime performance fully was Bruno Mars 😭 #PepsiHalftime #SuperBowl https://t.co/lJDKWejAcL",1,1,4,ynk_subunit,⁷🏴‍☠️,1050,1125,"Listen, the last time I enjoyed a halftime performance fully was Bruno Mars 😭 #PepsiHalftime #SuperBowl https://t.co/lJDKWejAcL",8,2,2021
https://twitter.com/xkennakay/status/1358596588600315913,2021-02-08 02:00:42+00:00,1358596588600315913,hey @SuperBowl can we have bruno mars perform the halftime show every year? 😩😩,2,1,5,xkennakay,kenna⚡️🐆,101,172,hey @SuperBowl can we have bruno mars perform the halftime show every year? 😩😩,8,2,2021
https://twitter.com/oviemughelli34/status/1358595965972799491,2021-02-08 01:58:14+00:00,1358595965972799491,Gimme Janet Gimme MJ Gimme Beyoncé Gimme Bruno Mars even Gimme U2....but please PLEASE do not EVER Gimme the Weekend as my Superbowl Halftime Performance. I kept hoping it would get better.....it didn’t 😐,1,4,12,oviemughelli34,Ovie Mughelli,9052,1572,Gimme Janet Gimme MJ Gimme Beyoncé Gimme Bruno Mars even Gimme U2....but please PLEASE do not EVER Gimme the Weekend as my Superbowl Halftime Performance. I kept hoping it would get better.....it didn’t 😐,8,2,2021
https://twitter.com/TaraKMarron/status/1358595933253042176,2021-02-08 01:58:06+00:00,1358595933253042176,"But I also LOVE that Bruno Mars is trending for having ""one of the best"" halftime performances, because I couldn't agree more. #SuperBowl",51,3,378,TaraKMarron,Tara Marron,162,210,"But I also LOVE that Bruno Mars is trending for having ""one of the best"" halftime performances, because I couldn't agree more. #SuperBowl",8,2,2021
https://twitter.com/blavckrosess/status/1358595857961148416,2021-02-08 01:57:48+00:00,1358595857961148416,I haven't seen i good halftime performance since bruno mars #SuperBowl,1,0,1,blavckrosess,Angeline Anne Bogdanovich,5564,6024,I haven't seen i good halftime performance since bruno mars #SuperBowl,8,2,2021
https://twitter.com/edwincanales714/status/1358595791288418306,2021-02-08 01:57:32+00:00,1358595791288418306,Bruno mars performance set the precedent to how great a halftime show can be.  #SuperBowl,4,0,6,edwincanales714,Edwin,4,58,Bruno mars performance set the precedent to how great a halftime show can be.  #SuperBowl,8,2,2021
https://twitter.com/blavckrosess/status/1358595713530290178,2021-02-08 01:57:14+00:00,1358595713530290178,Bruno mars should do the halftime every year #SuperBowl,1,0,1,blavckrosess,Angeline Anne Bogdanovich,5564,6024,Bruno mars should do the halftime every year #SuperBowl,8,2,2021
https://twitter.com/sssSpankyyy/status/1358595570810703874,2021-02-08 01:56:40+00:00,1358595570810703874,this why Bruno Mars &gt; The Weeknd #SuperBowl,1,0,0,sssSpankyyy,۞🫵🏽🦥YE,159,480,this why Bruno Mars &gt; The Weeknd #SuperBowl,8,2,2021
https://twitter.com/ValeriaBrownEdu/status/1358595555178532868,2021-02-08 01:56:36+00:00,1358595555178532868,We're already close to 100 signees! Let's see if we can top that before the end of #SuperBowl !  Mars: Brown Limbs for M&amp;Ms - Sign the Petition! https://t.co/7FltRcc77c via @Change,7,0,12,ValeriaBrownEdu,Dr. Val Brown (She/Her),32403,3945,"We're already close to 100 signees! Let's see if we can top that before the end of #SuperBowl !

Mars: Brown Limbs for M&amp;Ms - Sign the Petition! chng.it/T4Q2QB9t via @Change",8,2,2021
https://twitter.com/BrianFantanaCH4/status/1358595452514357248,2021-02-08 01:56:12+00:00,1358595452514357248,"Bruno Mars was good, but nobody beats Prince singing Purple Rain in the rain.   The Weeknd was lip syncing with demon angels and guys with jock straps on their heads.   #SuperBowl #SuperBowlLV https://t.co/JuCyxRi7U1",1,0,4,BrianFantanaCH4,Brian Fantana,127,369,"Bruno Mars was good, but nobody beats Prince singing Purple Rain in the rain. 

The Weeknd was lip syncing with demon angels and guys with jock straps on their heads. 

#SuperBowl #SuperBowlLV https://t.co/JuCyxRi7U1",8,2,2021
https://twitter.com/armaonitwin/status/1358595236969279492,2021-02-08 01:55:20+00:00,1358595236969279492,it’s only right I watch Beyoncé and Bruno mars half time show now 🤷🏽‍♀️😭 #PepsiHalftime #SuperBowl,1,0,10,armaonitwin,Ciara🦋,736,592,it’s only right I watch Beyoncé and Bruno mars half time show now 🤷🏽‍♀️😭 #PepsiHalftime #SuperBowl,8,2,2021
https://twitter.com/HeatherA9/status/1358595172448096257,2021-02-08 01:55:05+00:00,1358595172448096257,Would sign a petition to make Bruno Mars the default Superbowl performer for the next 5 years.,100,5,771,HeatherA9,HeatherA9,417,1291,Would sign a petition to make Bruno Mars the default Superbowl performer for the next 5 years.,8,2,2021
https://twitter.com/CestMichaela/status/1358595050142392325,2021-02-08 01:54:36+00:00,1358595050142392325,I’ll forever be upset that Bruno Mars did the superbowl before he released the 24K Magic album🤧,1,0,4,CestMichaela,💎,1352,1069,I’ll forever be upset that Bruno Mars did the superbowl before he released the 24K Magic album🤧,8,2,2021
https://twitter.com/CABar/status/1358594862027784197,2021-02-08 01:53:51+00:00,1358594862027784197,I feel like I tweet this every year. An awesome Halftime Show of recent memory: 👇  Bruno Mars Superbowl Halftime Show 2014 Ft Red Hot Chilli Peppers - YouTube https://t.co/g5SUzYMIyw,5,1,14,CABar,Connelly-Anne Ragley,1565,938,"I feel like I tweet this every year. An awesome Halftime Show of recent memory: 👇

Bruno Mars Superbowl Halftime Show 2014 Ft Red Hot Chilli Peppers - YouTube m.youtube.com/watch?v=qh0Oyv…",8,2,2021
https://twitter.com/SerenityPHL/status/1358594851542032384,2021-02-08 01:53:48+00:00,1358594851542032384,Bruno Mars still my favorite  #Superbowl halftime show in recent years,2,0,6,SerenityPHL,🎀Truth and Light🎀,8510,473,Bruno Mars still my favorite  #Superbowl halftime show in recent years,8,2,2021
https://twitter.com/adrimichellee/status/1358594558540582912,2021-02-08 01:52:38+00:00,1358594558540582912,i’ll never forget the superbowl halftime show with Bruno Mars and Beyonce LITERALLY THE BEST,4,1,22,adrimichellee,adri🍄,64,188,i’ll never forget the superbowl halftime show with Bruno Mars and Beyonce LITERALLY THE BEST,8,2,2021
https://twitter.com/TheBrandon_S/status/1358594489363750918,2021-02-08 01:52:22+00:00,1358594489363750918,I love The Weeknd‘s music but like... I was hoping Shakira or Bruno Mars would come in and save the show. This #SuperBowl halftime show just didn’t seem the same 🤷 https://t.co/8RmIEbEjZA,2,1,9,TheBrandon_S,Brandon Sanchez,86,269,I love The Weeknd‘s music but like... I was hoping Shakira or Bruno Mars would come in and save the show. This #SuperBowl halftime show just didn’t seem the same 🤷 https://t.co/8RmIEbEjZA,8,2,2021
https://twitter.com/carefullylauren/status/1358594454597349387,2021-02-08 01:52:14+00:00,1358594454597349387,no one's touching him.....  Bruno Mars Superbowl Halftime Show 2014  Ft  Red Hot Chilli Peppers https://t.co/6XQG9X7pRG via @YouTube,2,0,2,carefullylauren,aIe,1013,156,"no one's touching him.....

Bruno Mars Superbowl Halftime Show 2014  Ft  Red Hot Chilli Peppers youtu.be/qh0OyvjcJKE via @YouTube",8,2,2021
https://twitter.com/ericjem7/status/1358594210694332419,2021-02-08 01:51:15+00:00,1358594210694332419,"Bruno Mars and Beyonce is still my best #SuperBowlHalftimeShow performance, then Shakira &amp; JLo.  #SuperBowl  #SBLV https://t.co/iI0d1VrFHB",1,0,6,ericjem7,𝐄𝐑𝐈𝐂 𝐉𝐄𝐌 🌊🌊🌊🌊🌊,17213,15373,"Bruno Mars and Beyonce is still my best #SuperBowlHalftimeShow performance, then Shakira &amp; JLo.

#SuperBowl 
#SBLV https://t.co/iI0d1VrFHB",8,2,2021
https://twitter.com/LC_XI/status/1358594127458402304,2021-02-08 01:50:56+00:00,1358594127458402304,Beyonce and Bruno Mars should just do the Superbowl every year..,1,1,3,LC_XI,Boogie,701,452,Beyonce and Bruno Mars should just do the Superbowl every year..,8,2,2021
https://twitter.com/RPRthe2nd/status/1358594001004335110,2021-02-08 01:50:25+00:00,1358594001004335110,Imma let you finish... but I still think Bruno Mars/Red Hot Chili Peppers had the best #SuperBowl halftime show of all time. OF. ALL. TIME! https://t.co/LgRmM2KI2t,5,1,7,RPRthe2nd,Rick Richter,418,460,Imma let you finish... but I still think Bruno Mars/Red Hot Chili Peppers had the best #SuperBowl halftime show of all time. OF. ALL. TIME! https://t.co/LgRmM2KI2t,8,2,2021
https://twitter.com/Scott_MorrisEfc/status/1358593904229175298,2021-02-08 01:50:02+00:00,1358593904229175298,Nothing compares to the year of Bruno Mars &amp; the Red Hot Chili Peppers... #NFL #SuperBowl https://t.co/SwdFSXGNdL,3,0,6,Scott_MorrisEfc,Scott Morris,632,518,Nothing compares to the year of Bruno Mars &amp; the Red Hot Chili Peppers... #NFL #SuperBowl https://t.co/SwdFSXGNdL,8,2,2021
https://twitter.com/BeingOwlsome/status/1358593819755876356,2021-02-08 01:49:42+00:00,1358593819755876356,Super Bowl halftime: 2021: Weeknd / Michael Jackson 2020: Shakira &amp; JLo 2019: Maroon 5 2018: Justin Timberlake 2017: Lady Gaga 2016: Coldplay 2015: Katy Perry 2014: Bruno Mars 2013: Beyoncé 2012: Madonna 2007: Prince 2006: Rolling Stones 2002: U2 1993: Michael Jackson #SuperBowl,2,1,19,BeingOwlsome,Sim Ah,2019,2019,"Super Bowl halftime:
2021: Weeknd / Michael Jackson
2020: Shakira &amp; JLo
2019: Maroon 5
2018: Justin Timberlake
2017: Lady Gaga
2016: Coldplay
2015: Katy Perry
2014: Bruno Mars
2013: Beyoncé
2012: Madonna
2007: Prince
2006: Rolling Stones
2002: U2
1993: Michael Jackson
#SuperBowl",8,2,2021
https://twitter.com/diogenesrq/status/1358593784704073729,2021-02-08 01:49:34+00:00,1358593784704073729,"melhor halftime show desde coldplay, bruno mars e beyonce em 2016 #SuperBowl",1,2,7,diogenesrq,rogerio,579,602,"melhor halftime show desde coldplay, bruno mars e beyonce em 2016 #SuperBowl",8,2,2021
https://twitter.com/goody_scott/status/1358593679817142276,2021-02-08 01:49:09+00:00,1358593679817142276,Michael Jackson + Prince + Bruno Mars = The Weekend @cpix16 #SuperBowl,1,0,5,goody_scott,Scott Goodheart,1139,1162,Michael Jackson + Prince + Bruno Mars = The Weekend @cpix16 #SuperBowl,8,2,2021
https://twitter.com/flutterpolitely/status/1358593589803122690,2021-02-08 01:48:47+00:00,1358593589803122690,I was watching some old half time shows before the game and by far my favourite shows from the past was MJ’s and Bruno Mars. Also how do I still get goosebumps listening to Whitney singing the national anthem? #SuperBowl,1,0,6,flutterpolitely,𝐻𝑒𝓇𝑀𝓊𝓈𝒾𝓃𝑔𝓈 💬,565,64,I was watching some old half time shows before the game and by far my favourite shows from the past was MJ’s and Bruno Mars. Also how do I still get goosebumps listening to Whitney singing the national anthem? #SuperBowl,8,2,2021
https://twitter.com/danaerinxoxo/status/1358593539874185216,2021-02-08 01:48:36+00:00,1358593539874185216,#TheWeeknd killed it but I still have Bruno Mars standards. 😂😂 I said it. #SuperBowl #HalfTimeShow,2,0,2,danaerinxoxo,Dana Erin,130,247,#TheWeeknd killed it but I still have Bruno Mars standards. 😂😂 I said it. #SuperBowl #HalfTimeShow,8,2,2021
https://twitter.com/EazyE_523/status/1358593458412388352,2021-02-08 01:48:16+00:00,1358593458412388352,Bruno Mars had the best halftime show of all time and it’s not even close. #SuperBowl https://t.co/3fL544YWhF,4,1,14,EazyE_523,Eric dela Merced,270,697,Bruno Mars had the best halftime show of all time and it’s not even close. #SuperBowl https://t.co/3fL544YWhF,8,2,2021
https://twitter.com/mg_kip/status/1358593458282315776,2021-02-08 01:48:16+00:00,1358593458282315776,Bruno Mars + Beyonce for The Superbowl Halftime Show 2022 please. https://t.co/d0bobJu7x4,7,0,16,mg_kip,non mg,20,324,Bruno Mars + Beyonce for The Superbowl Halftime Show 2022 please. https://t.co/d0bobJu7x4,8,2,2021
https://twitter.com/HandsumJohnson/status/1358593350052503557,2021-02-08 01:47:50+00:00,1358593350052503557,I wanna see Bruno Mars and Beyonce do the superbowl every year,1,0,2,HandsumJohnson,TJ Snipe,808,552,I wanna see Bruno Mars and Beyonce do the superbowl every year,8,2,2021
https://twitter.com/TheTruthBasket/status/1358593340573446145,2021-02-08 01:47:48+00:00,1358593340573446145,#SuperBowl   That Halftime show was awful!!  Can we just get Bruno Mars every year from now on?? Seriously!! https://t.co/C5T5gZOUYt,1,0,3,TheTruthBasket,The Truth,2024,2454,"#SuperBowl 

That Halftime show was awful!!  Can we just get Bruno Mars every year from now on?? Seriously!! https://t.co/C5T5gZOUYt",8,2,2021
https://twitter.com/raphaelspeaks/status/1358593227377541124,2021-02-08 01:47:21+00:00,1358593227377541124,"As far as half time shows go over the last few years, I rate Katie Perry, Beyoncé and Bruno Mars for their production and performance. (I may have missed a few). But they were exceptional. We may never get back to the Michael Jackson level. #SuperBowl",2,0,10,raphaelspeaks,Raphael Saul,367,107,"As far as half time shows go over the last few years, I rate Katie Perry, Beyoncé and Bruno Mars for their production and performance. (I may have missed a few). But they were exceptional. We may never get back to the Michael Jackson level. #SuperBowl",8,2,2021
https://twitter.com/sylvianutts/status/1358593213158748160,2021-02-08 01:47:18+00:00,1358593213158748160,I need Bruno Mars in my life!!! #SuperBowl,1,0,2,sylvianutts,Sylvia A,7,79,I need Bruno Mars in my life!!! #SuperBowl,8,2,2021
https://twitter.com/NotoriousLLT/status/1358593142598033412,2021-02-08 01:47:01+00:00,1358593142598033412,"So The Weekend is performing, but Bruno Mars is trending? That's cold blooded.  #SuperBowl https://t.co/sD27H8gp8F",3,3,17,NotoriousLLT,The_Notorious_PhD,1791,993,"So The Weekend is performing, but Bruno Mars is trending? That's cold blooded.  #SuperBowl https://t.co/sD27H8gp8F",8,2,2021
https://twitter.com/NEPCA01/status/1358593083529658368,2021-02-08 01:46:47+00:00,1358593083529658368,The Weeknd just did the #SuperBowl halftime show but Bruno Mars is trending /:/,1,0,3,NEPCA01,NE PopCulture Assn,947,1307,The Weeknd just did the #SuperBowl halftime show but Bruno Mars is trending /:/,8,2,2021
https://twitter.com/ariuqa/status/1358593039594377219,2021-02-08 01:46:36+00:00,1358593039594377219,"They already had Beyonce, peak Katy Perry, Lady Gaga, Bruno Mars.  They need to get Drake or somebody because the past couple of years it has been falling off. I was not very impressed with Shakira and JLo last year either #PepsiHalftime #SuperBowl",1,0,3,ariuqa,𓁹 𓁺,12334,1368,"They already had Beyonce, peak Katy Perry, Lady Gaga, Bruno Mars.

They need to get Drake or somebody because the past couple of years it has been falling off. I was not very impressed with Shakira and JLo last year either
#PepsiHalftime #SuperBowl",8,2,2021
https://twitter.com/Greeblehaus/status/1358593020082421761,2021-02-08 01:46:32+00:00,1358593020082421761,"I mean he’s no Prince, Beyoncé, JLo, Shakira, Gaga, U2, Janet Jackson or Bruno Mars - but The Weeknd did pretty well considering. #SuperBowl #HalfTimeShow",3,13,43,Greeblehaus,Aimee Giese,23157,2229,"I mean he’s no Prince, Beyoncé, JLo, Shakira, Gaga, U2, Janet Jackson or Bruno Mars - but The Weeknd did pretty well considering. #SuperBowl #HalfTimeShow",8,2,2021
https://twitter.com/KSolomonReports/status/1358592981801009154,2021-02-08 01:46:22+00:00,1358592981801009154,"That was cool and all, but can we just have Beyoncé and Bruno Mars perform at halftime every year? #SuperBowl",9,4,33,KSolomonReports,Kayla Solomon,6718,4382,"That was cool and all, but can we just have Beyoncé and Bruno Mars perform at halftime every year? #SuperBowl",8,2,2021
https://twitter.com/JustSheku/status/1358592905389211653,2021-02-08 01:46:04+00:00,1358592905389211653,Bruno Mars Superbowl Halftime Show 2014  Ft  Red Hot Chilli Peppers https://t.co/exTZU9hdXh via @YouTube,1,0,0,JustSheku,Sheku™,532,477,Bruno Mars Superbowl Halftime Show 2014  Ft  Red Hot Chilli Peppers youtu.be/qh0OyvjcJKE via @YouTube,8,2,2021
https://twitter.com/SextonDickson/status/1358592845653942272,2021-02-08 01:45:50+00:00,1358592845653942272,Is it just me or does it seem like people are never fucking satisfied🤷🏾‍♀️ The halftime show is great! The weeknd is AWESOME Yes Bruno Mars Beyonce &amp; Red hot chili peppers were great too. I thank &amp; appreciate all of our wonderful entertainers.  Just Be happy your alive. #SuperBowl,3,2,16,SextonDickson,Antoinette❤💞❤,26401,24610,"Is it just me or does it seem like people are never fucking satisfied🤷🏾‍♀️ The halftime show is great! The weeknd is AWESOME Yes Bruno Mars Beyonce &amp; Red hot chili peppers were great too. I thank &amp; appreciate all of our wonderful entertainers.  Just Be happy your alive.
#SuperBowl",8,2,2021
https://twitter.com/ASocialMaestro/status/1358592823877074950,2021-02-08 01:45:45+00:00,1358592823877074950,"#TheWknd seriously left it all on on that field at the #SuperBowl halftime show. Left me reaching for more. Seriously brilliant! Definitely on as incredible as Bruno Mars’. Don’t care what you say. Pure platinum entertainment. You don’t need the Grammy’s mate, you proved that.",1,0,0,ASocialMaestro,Social Maestro,42,258,"#TheWknd seriously left it all on on that field at the #SuperBowl halftime show. Left me reaching for more. Seriously brilliant! Definitely on as incredible as Bruno Mars’. Don’t care what you say. Pure platinum entertainment. You don’t need the Grammy’s mate, you proved that.",8,2,2021
https://twitter.com/SteveLevine1/status/1358592748446756871,2021-02-08 01:45:27+00:00,1358592748446756871,The Weeknd is a poor man’s Bruno Mars #HalfTimeShow #SuperBowl,1,1,5,SteveLevine1,☆ Steve Levine ☆,42703,46828,The Weeknd is a poor man’s Bruno Mars #HalfTimeShow #SuperBowl,8,2,2021
https://twitter.com/TheGinaMiller/status/1358592719556382720,2021-02-08 01:45:20+00:00,1358592719556382720,Great halftime production by CBS.   Top 5 #SuperBowl  halftime performances: 1 Prince 2 U2 3 Beyoncé 4 Bruno Mars 5 Michael Jackson (I feel guilty about that one but it’s still epic). BONUS: Coldplay who had Beyoncé &amp; Bruno Mars.  Here’s Prince’s show: https://t.co/OAfD2A1XwX,8,19,61,TheGinaMiller,Gina Miller 😷,28087,1361,"Great halftime production by CBS. 

Top 5 #SuperBowl  halftime performances:
1 Prince
2 U2
3 Beyoncé
4 Bruno Mars
5 Michael Jackson (I feel guilty about that one but it’s still epic).
BONUS: Coldplay who had Beyoncé &amp; Bruno Mars.

Here’s Prince’s show: m.youtube.com/watch?v=7NN3gs…",8,2,2021
https://twitter.com/KrisheleG/status/1358592664636174339,2021-02-08 01:45:07+00:00,1358592664636174339,When they announced The Weeknd I wasn't sure if he could fill 15minutes on his own...I still don't think he did🤷🏽‍♀️  I'll take Bruno Mars next time please #SuperBowl #PepsiHalftime,1,0,3,KrisheleG,Krishele Guzman,202,453,"When they announced The Weeknd I wasn't sure if he could fill 15minutes on his own...I still don't think he did🤷🏽‍♀️

I'll take Bruno Mars next time please #SuperBowl #PepsiHalftime",8,2,2021
https://twitter.com/FindTroy/status/1358592625490743296,2021-02-08 01:44:58+00:00,1358592625490743296,"I think for those who were wondering  Bruno Mars &gt;  The Weeknd  No debate now, if there was before.  #SuperBowl https://t.co/HuZC3fgdby",8,0,21,FindTroy,T R O Y » Growth Strategist,13070,1929,"I think for those who were wondering

Bruno Mars &gt;  The Weeknd

No debate now, if there was before.

#SuperBowl https://t.co/HuZC3fgdby",8,2,2021
https://twitter.com/jezzerzeus/status/1358592617026441218,2021-02-08 01:44:55+00:00,1358592617026441218,Still my favorite #halftimeshow Bruno Mars Superbowl Halftime Show 2014  Ft  Red Hot Chilli Peppers https://t.co/XLZkOqufWf via @YouTube,1,0,1,jezzerzeus,jezzerzeus,286,295,Still my favorite #halftimeshow Bruno Mars Superbowl Halftime Show 2014  Ft  Red Hot Chilli Peppers youtu.be/qh0OyvjcJKE via @YouTube,8,2,2021
https://twitter.com/trojantweets_/status/1358592398872334338,2021-02-08 01:44:03+00:00,1358592398872334338,Bruno Mars 2014 halftime show still the GOAT. #SuperBowl #BrunoMars @BrunoMars,7,0,18,trojantweets_,Trojan Tweets,99,283,Bruno Mars 2014 halftime show still the GOAT. #SuperBowl #BrunoMars @BrunoMars,8,2,2021
https://twitter.com/Borimakto/status/1358592343344107522,2021-02-08 01:43:50+00:00,1358592343344107522,"i like the Weeknd music but the halftime show was just meh, can we get Bruno Mars performance now that was epic #SuperBowl",1,0,6,Borimakto,Bori 🇵🇷,379,630,"i like the Weeknd music but the halftime show was just meh, can we get Bruno Mars performance now that was epic #SuperBowl",8,2,2021
https://twitter.com/BeyonceDestChld/status/1358592326055116803,2021-02-08 01:43:46+00:00,1358592326055116803,The fact that everyone forgets it was Coldplay's #SuperBowl #HalfTimeShow &amp; not actually Beyonce and Bruno Mars 😅 https://t.co/x35NPXXqlU,1,1,6,BeyonceDestChld,QueenBey,1781,777,The fact that everyone forgets it was Coldplay's #SuperBowl #HalfTimeShow &amp; not actually Beyonce and Bruno Mars 😅 twitter.com/jakharicarroll…,8,2,2021
https://twitter.com/TamsTooChill/status/1358592287144566784,2021-02-08 01:43:37+00:00,1358592287144566784,I've always been a fan of the Weeknd but I'mma start a petition to have Beyoncé or Bruno Mars perform every Superbowl from here on out.,3,0,1,TamsTooChill,Sheila Rae,341,997,I've always been a fan of the Weeknd but I'mma start a petition to have Beyoncé or Bruno Mars perform every Superbowl from here on out.,8,2,2021
https://twitter.com/AdamDoctolero/status/1358592233612664835,2021-02-08 01:43:24+00:00,1358592233612664835,The Weeknd is a slightly more theatrical and slightly less talented Bruno Mars. I don't see what the big deal is. #SuperBowl,1,0,1,AdamDoctolero,Adam Doctolero,307,227,The Weeknd is a slightly more theatrical and slightly less talented Bruno Mars. I don't see what the big deal is. #SuperBowl,8,2,2021
https://twitter.com/ShinoDPhoenix/status/1358592232069226499,2021-02-08 01:43:24+00:00,1358592232069226499,"That #PepsiHalftime by #TheWeeknd was just outstanding. This is on there as one of the greatest #SuperBowl halftime performances of all time. Up there with Prince, Bruno Mars, &amp; Michael Jackson. #SuperBowlHalftimeShow #SuperBowlWeeknd #blindinglights #AfterHours https://t.co/4zwbIvWqxF",1,0,6,ShinoDPhoenix,Joshua Cyprian (SDP),1819,2855,"That #PepsiHalftime by #TheWeeknd was just outstanding. This is on there as one of the greatest #SuperBowl halftime performances of all time. Up there with Prince, Bruno Mars, &amp; Michael Jackson. #SuperBowlHalftimeShow #SuperBowlWeeknd #blindinglights #AfterHours https://t.co/4zwbIvWqxF",8,2,2021
https://twitter.com/KORichardson/status/1358592216051179526,2021-02-08 01:43:20+00:00,1358592216051179526,Now we know what it would have been like if the the Coldplay halftime show 𝗱𝗶𝗱𝗻'𝘁 have Bruno Mars and Beyoncé. #SuperBowl https://t.co/1PNQGEFv0k,1,0,9,KORichardson,uospɹɐɥɔᴉɹ uᴉʌǝʞKᴇᴠɪɴ Rɪᴄʜᴀʀᴅsᴏɴ🇨🇦🇦🇬🏳️‍🌈,1290,4185,Now we know what it would have been like if the the Coldplay halftime show 𝗱𝗶𝗱𝗻'𝘁 have Bruno Mars and Beyoncé. #SuperBowl https://t.co/1PNQGEFv0k,8,2,2021
https://twitter.com/Fertotote/status/1358592024233078786,2021-02-08 01:42:34+00:00,1358592024233078786,Insuperable.  Bruno Mars Superbowl Halftime Show 2014  Ft  Red Hot Chilli Peppers https://t.co/Xo4Zx0xe7p vía @YouTube,3,3,6,Fertotote,Fer Mendoza,5168,1070,"Insuperable.

Bruno Mars Superbowl Halftime Show 2014  Ft  Red Hot Chilli Peppers youtu.be/qh0OyvjcJKE vía @YouTube",8,2,2021
https://twitter.com/Sagan4/status/1358592023733886978,2021-02-08 01:42:34+00:00,1358592023733886978,"Have Bruno Mars do the show every year, he can even choose if he wants to share the stage or not.. @BrunoMars  #SuperBowl #HalfTimeShow",2,0,6,Sagan4,Sagan,99,179,"Have Bruno Mars do the show every year, he can even choose if he wants to share the stage or not..
@BrunoMars

#SuperBowl #HalfTimeShow",8,2,2021
https://twitter.com/DwtsG/status/1358591898357796865,2021-02-08 01:42:04+00:00,1358591898357796865,"CAN WE AGREE THAT THIS HALFTIME WERE BETTER THAN JUSTIN TIMBERLAKE, COLDPLAY AND MAROON 5 BUT NOT BETTER THAN BRUNO MARS  #HalfTimeShow #SuperBowl #TheWeeknd",1,0,1,DwtsG,Giselle,244,355,"CAN WE AGREE THAT THIS HALFTIME WERE BETTER THAN JUSTIN TIMBERLAKE, COLDPLAY AND MAROON 5 BUT NOT BETTER THAN BRUNO MARS

#HalfTimeShow #SuperBowl #TheWeeknd",8,2,2021
https://twitter.com/shleighhhhhhh/status/1358591892129271815,2021-02-08 01:42:03+00:00,1358591892129271815,That was kinda like if you bought a Bruno Mars super bowl halftime show off Wish #SuperBowl,1,1,1,shleighhhhhhh,over-educated ash,1030,793,That was kinda like if you bought a Bruno Mars super bowl halftime show off Wish #SuperBowl,8,2,2021
https://twitter.com/Comixace/status/1358591856825798660,2021-02-08 01:41:54+00:00,1358591856825798660,The Weeknd tried his best and some cool visuals but I 100% understand why Bruno Mars is trending. #SuperBowl #PepsiHalftime,1,2,7,Comixace,Heidi MacDonald,21756,2310,The Weeknd tried his best and some cool visuals but I 100% understand why Bruno Mars is trending. #SuperBowl #PepsiHalftime,8,2,2021
https://twitter.com/KcirdnekC/status/1358591841541775363,2021-02-08 01:41:51+00:00,1358591841541775363,#SuperBowl  The fact that Bruno Mars is trending during #TheWeeknd  halftime show... https://t.co/HV17tpopDN,1,0,2,KcirdnekC,Vampiress - Croquembouche ♈︎ 🎈 🤪 🐾 😷,333,1145,"#SuperBowl 
The fact that Bruno Mars is trending during #TheWeeknd  halftime show... https://t.co/HV17tpopDN",8,2,2021
https://twitter.com/RachTaughtYou/status/1358591811242098688,2021-02-08 01:41:43+00:00,1358591811242098688,Halftime performance haven’t been the same since Beyoncé and Bruno Mars hit that stage   #SuperBowl,1,1,2,RachTaughtYou,Soul Snatcher 🖤,6034,2992,"Halftime performance haven’t been the same since Beyoncé and Bruno Mars hit that stage 

#SuperBowl",8,2,2021
https://twitter.com/Jacnes78/status/1358591807563718656,2021-02-08 01:41:42+00:00,1358591807563718656,Chile where is Bruno Mars #SuperBowl #PepsiHalftime https://t.co/C6Snl0U5o4,2,1,6,Jacnes78,Jacqui The Great,46,55,Chile where is Bruno Mars #SuperBowl #PepsiHalftime https://t.co/C6Snl0U5o4,8,2,2021
https://twitter.com/Joyceeegeee/status/1358591762600775685,2021-02-08 01:41:32+00:00,1358591762600775685,"So, I’ve personally been to 2 #SuperBowl. I thank god the halftime shows were Bruno Mars and Katie Perry and not Mr. Saturday and Sunday.",1,0,1,Joyceeegeee,JoycieG,609,1604,"So, I’ve personally been to 2 #SuperBowl. I thank god the halftime shows were Bruno Mars and Katie Perry and not Mr. Saturday and Sunday.",8,2,2021
https://twitter.com/DuffyOnWCMF/status/1358591756003139586,2021-02-08 01:41:30+00:00,1358591756003139586,The Weekend isn’t enough of a song and dance man to pull that off... and I don’t think it was his fault. Give me Bruno Mars. Give me Mick. Give me Prince. #SuperBowl,2,15,61,DuffyOnWCMF,Duffy on WCMF,12352,3877,"The Weekend isn’t enough of a song and dance man to pull that off... and I don’t think it was his fault.
Give me Bruno Mars.
Give me Mick.
Give me Prince.
#SuperBowl",8,2,2021
https://twitter.com/FreebaseJohnson/status/1358591736067608583,2021-02-08 01:41:25+00:00,1358591736067608583,Bruno Mars set the halftime show bar too high. #PepsiHalftime  #SuperBowl,1,0,2,FreebaseJohnson,Dicken's Cider,2323,2233,"Bruno Mars set the halftime show bar too high.
#PepsiHalftime 
#SuperBowl",8,2,2021
https://twitter.com/SeanSpiceLatte/status/1358591719588175878,2021-02-08 01:41:22+00:00,1358591719588175878,Bruno Mars still tops my favorite list for SuperBowl Halftime Shows #SuperBowl,2,0,4,SeanSpiceLatte,SJComp,848,97,Bruno Mars still tops my favorite list for SuperBowl Halftime Shows #SuperBowl,8,2,2021
https://twitter.com/osanch26/status/1358591718107455490,2021-02-08 01:41:21+00:00,1358591718107455490,Ima let The Weeknd finish but Bruno Mars still has the best Super Bowl halftime performance. #SuperBowl,88,25,679,osanch26,Oiolyka,317,443,Ima let The Weeknd finish but Bruno Mars still has the best Super Bowl halftime performance. #SuperBowl,8,2,2021
https://twitter.com/sojeffro/status/1358591685157076992,2021-02-08 01:41:13+00:00,1358591685157076992,I think Beyonce and Bruno Mars should just do the Superbowl halftime every year! #PepsiHalftime,3,1,11,sojeffro,Louis Jeffrey,74,251,I think Beyonce and Bruno Mars should just do the Superbowl halftime every year! #PepsiHalftime,8,2,2021
https://twitter.com/CavemanGamer/status/1358591683466788864,2021-02-08 01:41:13+00:00,1358591683466788864,This was the worst Bruno Mars  concert I've been to #SuperBowl,1,0,2,CavemanGamer,🏴‍☠️Unfrozen Caveman Gamer🏴‍☠️,589,1162,This was the worst Bruno Mars  concert I've been to #SuperBowl,8,2,2021
https://twitter.com/RAWR_its_aubz/status/1358591658196144128,2021-02-08 01:41:07+00:00,1358591658196144128,"“Mom, can we get Bruno Mars?”  “No, we have Bruno Mars at home.”  The Bruno Mars we have at home: #SuperBowl https://t.co/DI3uAzFE2X",2,1,13,RAWR_its_aubz,Aubrey is Full of Sass 👁👄👁,106,256,"“Mom, can we get Bruno Mars?”

“No, we have Bruno Mars at home.”

The Bruno Mars we have at home:
#SuperBowl https://t.co/DI3uAzFE2X",8,2,2021
https://twitter.com/RISHELE/status/1358591657382469641,2021-02-08 01:41:07+00:00,1358591657382469641,You telling me that the NFL gave The Weeknd an entire Halftime show but BEYONCÉ FREAKING KNOWLES had to share her performance time with Bruno Mars and Coldplay in 2016?!?! Make it make sense. #SuperBowl,1,1,3,RISHELE,"R. E., Esq.",1820,732,You telling me that the NFL gave The Weeknd an entire Halftime show but BEYONCÉ FREAKING KNOWLES had to share her performance time with Bruno Mars and Coldplay in 2016?!?! Make it make sense. #SuperBowl,8,2,2021
https://twitter.com/BronxSaint/status/1358591654735847425,2021-02-08 01:41:06+00:00,1358591654735847425,Bruno Mars Superbowl performance &gt;&gt; The Weeknd’s,1,0,1,BronxSaint,THE $HARPSHOOTER 🇵🇷,541,356,Bruno Mars Superbowl performance &gt;&gt; The Weeknd’s,8,2,2021
https://twitter.com/imkristinblanco/status/1358591563769774086,2021-02-08 01:40:44+00:00,1358591563769774086,I just feel like nobody has topped Bruno Mars’ halftime performance #SuperBowl #PepsiHalftime https://t.co/FVdU4GeUEb,5,0,7,imkristinblanco,KB,13,54,I just feel like nobody has topped Bruno Mars’ halftime performance #SuperBowl #PepsiHalftime https://t.co/FVdU4GeUEb,8,2,2021
https://twitter.com/RWeipz/status/1358591558241509383,2021-02-08 01:40:43+00:00,1358591558241509383,We need Bruno Mars to do another #SuperBowl halftime show.,1,1,12,RWeipz,Ricky Weipz,785,1156,We need Bruno Mars to do another #SuperBowl halftime show.,8,2,2021
https://twitter.com/davidecintron7/status/1358591493544550405,2021-02-08 01:40:28+00:00,1358591493544550405,Love The Weeknd but I haven’t seen a better halftime show than Bruno Mars #SuperBowl,6,1,17,davidecintron7,David 🦁,534,2024,Love The Weeknd but I haven’t seen a better halftime show than Bruno Mars #SuperBowl,8,2,2021
https://twitter.com/NorbertElekes/status/1358591394177286148,2021-02-08 01:40:04+00:00,1358591394177286148,Super Bowl halftime show:  2021: Weeknd 2020: Shakira &amp; J Lo 2019: Maroon 5 2018: Justin Timberlake 2017: Lady Gaga 2016: Coldplay 2015: Katy Perry 2014: Bruno Mars 2013: Beyoncé 2012: Madonna 2007: Prince 2006: Rolling Stones 2002: U2  1993: Michael Jackson  #SuperBowl,134,42,1119,NorbertElekes,Norbert Elekes,293722,1323,"Super Bowl halftime show:

2021: Weeknd
2020: Shakira &amp; J Lo
2019: Maroon 5
2018: Justin Timberlake
2017: Lady Gaga
2016: Coldplay
2015: Katy Perry
2014: Bruno Mars
2013: Beyoncé
2012: Madonna
2007: Prince
2006: Rolling Stones
2002: U2

1993: Michael Jackson

#SuperBowl",8,2,2021
https://twitter.com/flopirocha/status/1358591299264331779,2021-02-08 01:39:41+00:00,1358591299264331779,Bruno Mars &gt; The weeknd #SuperBowl,1,1,7,flopirocha,Lic. Flopa,3313,1026,Bruno Mars &gt; The weeknd #SuperBowl,8,2,2021
https://twitter.com/AveryMcCrury/status/1358591291651719170,2021-02-08 01:39:39+00:00,1358591291651719170,Hot take: The Weeknd is the Walmart brand Bruno Mars #SuperBowl,3,3,9,AveryMcCrury,Avery McCrury,245,209,Hot take: The Weeknd is the Walmart brand Bruno Mars #SuperBowl,8,2,2021
https://twitter.com/TheMagnificenUn/status/1358591200840802305,2021-02-08 01:39:18+00:00,1358591200840802305,#SuperBowl Please bring back Bruno Mars @BrunoMars,5,0,11,TheMagnificenUn,T-MO,20,49,#SuperBowl Please bring back Bruno Mars @BrunoMars,8,2,2021
https://twitter.com/LewisPreston/status/1358591169484230659,2021-02-08 01:39:10+00:00,1358591169484230659,The Weeknd has nothing on Bruno Mars’s #SuperBowl performance btw,2,2,21,LewisPreston,LP,10452,556,The Weeknd has nothing on Bruno Mars’s #SuperBowl performance btw,8,2,2021
https://twitter.com/tonydizinno/status/1358591158360936454,2021-02-08 01:39:08+00:00,1358591158360936454,"On a scale from 1 to Prince, The Weeknd has been Bruno Mars. #SuperBowl #PepsiHalftime",2,4,22,tonydizinno,Tony DiZinno,9285,1290,"On a scale from 1 to Prince, The Weeknd has been Bruno Mars. #SuperBowl #PepsiHalftime",8,2,2021
https://twitter.com/JoelDykxhoorn8/status/1358591083710709763,2021-02-08 01:38:50+00:00,1358591083710709763,"Well this confirms my theory that Bruno Mars, lady Gaga, and Katy perry should just be on a three year rotation for #SuperBowl #PepsiHalftime .   Maybe through in some appearances by Bieber, or Taylor swift if she gets out of her deal with Coca Cola.",1,1,6,JoelDykxhoorn8,Joel Dykxhoorn,304,279,"Well this confirms my theory that Bruno Mars, lady Gaga, and Katy perry should just be on a three year rotation for #SuperBowl #PepsiHalftime . 

Maybe through in some appearances by Bieber, or Taylor swift if she gets out of her deal with Coca Cola.",8,2,2021
https://twitter.com/TuniSharpe/status/1358591061749346305,2021-02-08 01:38:45+00:00,1358591061749346305,I still firmly believe Beyoncé and Bruno Mars should do every Halftime performance from now until forever. #SuperBowl https://t.co/Zq0mt1gQHm,1,0,6,TuniSharpe,Tuni Sharpe,1336,1659,I still firmly believe Beyoncé and Bruno Mars should do every Halftime performance from now until forever. #SuperBowl https://t.co/Zq0mt1gQHm,8,2,2021
https://twitter.com/leah_imperial/status/1358591031244128258,2021-02-08 01:38:37+00:00,1358591031244128258,why did my mom CALL me from the other room talkin abt “wanna see bruno mars perform at the super bowl. It’s on right now.” I was like ??? that’s the weeknd bruh 😭#SuperBowl,1,0,0,leah_imperial,princess leia 🪺,1605,2842,why did my mom CALL me from the other room talkin abt “wanna see bruno mars perform at the super bowl. It’s on right now.” I was like ??? that’s the weeknd bruh 😭#SuperBowl,8,2,2021
https://twitter.com/kentchevalier/status/1358590991465381888,2021-02-08 01:38:28+00:00,1358590991465381888,Bring back Bruno Mars! #SuperBowl #HalfTimeShow,1,2,13,kentchevalier,Kent Chevalier,3173,1294,Bring back Bruno Mars! #SuperBowl #HalfTimeShow,8,2,2021
https://twitter.com/rskghl/status/1358590953326587904,2021-02-08 01:38:19+00:00,1358590953326587904,The Weeknd is very talented but he does not have the song discography for a Super Bowl Halftime Show like Bruno Mars or Prince or Michael Jackson  #TheWeeknd #Weeknd #SuperBowl #SuperBowlLV #Halftime #HalfTimeShow #SuperbowlHalftime #SuperBowlHalftimeShow,1,0,3,rskghl,Random Musings,36,0,"The Weeknd is very talented but he does not have the song discography for a Super Bowl Halftime Show like Bruno Mars or Prince or Michael Jackson

#TheWeeknd #Weeknd #SuperBowl #SuperBowlLV #Halftime #HalfTimeShow #SuperbowlHalftime #SuperBowlHalftimeShow",8,2,2021
https://twitter.com/BigCheeseTC/status/1358590735205892100,2021-02-08 01:37:27+00:00,1358590735205892100,Just have Bruno Mars redo his superbowl performance from now on,15,3,61,BigCheeseTC,⚛ Wíñńïňğ Čúłťůřē ⚛,920,788,Just have Bruno Mars redo his superbowl performance from now on,8,2,2021
https://twitter.com/likeabomb/status/1358590718445510657,2021-02-08 01:37:23+00:00,1358590718445510657,if Bruno Mars and Michael Jackson had a baby who watched Us... #SuperBowl,1,0,1,likeabomb,Katy,442,65,if Bruno Mars and Michael Jackson had a baby who watched Us... #SuperBowl,8,2,2021
https://twitter.com/taniachevalie10/status/1358590704541458433,2021-02-08 01:37:20+00:00,1358590704541458433,I miss Bruno Mars. #SuperBowl,2,0,1,taniachevalie10,Tania Chevalier,2,11,I miss Bruno Mars. #SuperBowl,8,2,2021
https://twitter.com/RdNav03/status/1358590624484765698,2021-02-08 01:37:00+00:00,1358590624484765698,Where's Bruno Mars at? #SuperBowl https://t.co/K0wc1xD7Jg,4,0,7,RdNav03,LigRN3,464,301,Where's Bruno Mars at? #SuperBowl https://t.co/K0wc1xD7Jg,8,2,2021
https://twitter.com/DaKount/status/1358590563382136841,2021-02-08 01:36:46+00:00,1358590563382136841,#SuperBowl #HalfTimeShow #TheWeeknd is no Bruno Mars 😖! Yuk 👎🏾🎼🎙! 😔 @kevincjohnson @KevinStx @davidalangrier @sherylunderwood @AngelaWinbush7 @andybankertv @TheRealDevonA @JC_MCKINNEY @rique472 @QUAIL100 @kimhudsontv @FOX2now @JHudStLouis314 @Nelly_Mo @tiffany12281629,1,0,2,DaKount,Da Kount,270,414,"#SuperBowl #HalfTimeShow #TheWeeknd is no Bruno Mars 😖! Yuk 👎🏾🎼🎙! 😔
@kevincjohnson @KevinStx @davidalangrier @sherylunderwood @AngelaWinbush7 @andybankertv @TheRealDevonA @JC_MCKINNEY @rique472 @QUAIL100 @kimhudsontv @FOX2now @JHudStLouis314 @Nelly_Mo @tiffany12281629",8,2,2021
https://twitter.com/gurucharan1415/status/1358590442917384192,2021-02-08 01:36:17+00:00,1358590442917384192,Elon and me are gonna take doge to Mars #DogecoinRise #dogecoin #SuperBowl #DOGE anyone retweet this will get 1k in doge as token of appreciation https://t.co/pgK6esFDjp,3,0,2,gurucharan1415,gurucharanrao,30,1123,Elon and me are gonna take doge to Mars #DogecoinRise #dogecoin #SuperBowl #DOGE anyone retweet this will get 1k in doge as token of appreciation https://t.co/pgK6esFDjp,8,2,2021
https://twitter.com/darnellwt/status/1358590322893344768,2021-02-08 01:35:49+00:00,1358590322893344768,The #superbowl #halftimeshow I reall enjoyed was with Beyonce and Bruno Mars.... That was  litty Performance. Since then they have been 🙃🙃,2,0,11,darnellwt,Darnell,33,361,The #superbowl #halftimeshow I reall enjoyed was with Beyonce and Bruno Mars.... That was  litty Performance. Since then they have been 🙃🙃,8,2,2021
https://twitter.com/mikeruppz/status/1358590306770432001,2021-02-08 01:35:45+00:00,1358590306770432001,We want Bruno Mars! #SuperBowl https://t.co/1UsydnCuSR,3,1,4,mikeruppz,Mike Ruppel,145,316,We want Bruno Mars! #SuperBowl https://t.co/1UsydnCuSR,8,2,2021
https://twitter.com/18kGoldman/status/1358590282946772996,2021-02-08 01:35:39+00:00,1358590282946772996,So is The Weeknd is just an evil Bruno Mars now? #SuperBowl #SuperBowlLV,3,10,23,18kGoldman,Adam Goldman,2861,674,So is The Weeknd is just an evil Bruno Mars now? #SuperBowl #SuperBowlLV,8,2,2021
https://twitter.com/wasthatcalled4/status/1358590281768124418,2021-02-08 01:35:39+00:00,1358590281768124418,#SuperBowl can Bruno Mars perform again next year?,1,2,0,wasthatcalled4,Jinuwine,1833,1546,#SuperBowl can Bruno Mars perform again next year?,8,2,2021
https://twitter.com/BEautifully_C/status/1358590169570439170,2021-02-08 01:35:12+00:00,1358590169570439170,Was Bruno Mars busy this year or??? #SuperBowl,1,1,4,BEautifully_C,Chels,4354,778,Was Bruno Mars busy this year or??? #SuperBowl,8,2,2021
https://twitter.com/CGWacko/status/1358590130978775040,2021-02-08 01:35:03+00:00,1358590130978775040,"Ugh. Male Halftime performers (excluding Bruno Mars, Prince, and maybe two others) are so boring. Female performers will run the entire length of the field and not miss a gotdamn beat or breath. #SuperBowl",1,0,7,CGWacko,Lem Billings,435,475,"Ugh. Male Halftime performers (excluding Bruno Mars, Prince, and maybe two others) are so boring. Female performers will run the entire length of the field and not miss a gotdamn beat or breath. #SuperBowl",8,2,2021
https://twitter.com/ProdMichelle/status/1358590126247448578,2021-02-08 01:35:02+00:00,1358590126247448578,"I'm sorry but this is the most boring halftime show ever #SuperBowl bring back Bruno Mars, Beyonce, Lady Gaga.... I'll even take JLo and her stripper pole",2,13,62,ProdMichelle,Producer Michelle,6228,1140,"I'm sorry but this is the most boring halftime show ever #SuperBowl bring back Bruno Mars, Beyonce, Lady Gaga.... I'll even take JLo and her stripper pole",8,2,2021
https://twitter.com/nparker24/status/1358590114188959745,2021-02-08 01:34:59+00:00,1358590114188959745,Still stand by having only Beyoncé and/or Bruno Mars as the halftime performers #SuperBowl,2,0,9,nparker24,Natalie Parker,392,165,Still stand by having only Beyoncé and/or Bruno Mars as the halftime performers #SuperBowl,8,2,2021
https://twitter.com/jorr_54/status/1358590112574095369,2021-02-08 01:34:58+00:00,1358590112574095369,Bruno Mars from now until eternity please #SuperBowl,1,0,0,jorr_54,Joe Orr,164,1476,Bruno Mars from now until eternity please #SuperBowl,8,2,2021
https://twitter.com/jgarrison3/status/1358590093917880321,2021-02-08 01:34:54+00:00,1358590093917880321,Best Super Bowl halftime show I’ve ever seen was 2014 when Bruno Mars did it and the Red Hot Chili Peppers came out. They crushed it. #SuperBowl,80,21,665,jgarrison3,Josh Garrison,408,225,Best Super Bowl halftime show I’ve ever seen was 2014 when Bruno Mars did it and the Red Hot Chili Peppers came out. They crushed it. #SuperBowl,8,2,2021
https://twitter.com/thehalfmoonkid/status/1358590057695838210,2021-02-08 01:34:45+00:00,1358590057695838210,"I am not here to bash Abel and I'm gonna let him finish but Bruno Mars, Coldplay, and beyonce had the best halftime show of all time 🤩🤩🤩 #PepsiHalftime #SuperBowlWeeknd #SuperBowlLV #SuperBowl https://t.co/rmW11lglH9",1,1,3,thehalfmoonkid,Sara,461,662,"I am not here to bash Abel and I'm gonna let him finish but Bruno Mars, Coldplay, and beyonce had the best halftime show of all time 🤩🤩🤩 #PepsiHalftime #SuperBowlWeeknd #SuperBowlLV #SuperBowl https://t.co/rmW11lglH9",8,2,2021
https://twitter.com/JBMatthews/status/1358590041329655809,2021-02-08 01:34:41+00:00,1358590041329655809,I would be fine with just letting Bruno Mars do it every year. #SuperBowl,12,3,63,JBMatthews,Jeff Matthews MD,11663,2175,I would be fine with just letting Bruno Mars do it every year. #SuperBowl,8,2,2021
https://twitter.com/JuztZee_/status/1358590003044118531,2021-02-08 01:34:32+00:00,1358590003044118531,We need Bruno Mars to perform in the #SuperBowl  again. 🤦🏽‍♀️,1,0,0,JuztZee_,Z,13,58,We need Bruno Mars to perform in the #SuperBowl  again. 🤦🏽‍♀️,8,2,2021
https://twitter.com/DrTBarton/status/1358589898006134784,2021-02-08 01:34:07+00:00,1358589898006134784,"I might be being unrealistic BUT as long as Beyoncé and Bruno Mars are alive, I don’t think I will enjoy anyone else during the Super Bowl.   No disrespect to The Weeknd but ummmm.... #SuperBowl #SuperBowlLV",2,0,3,DrTBarton,Dr. Barton,157,54,"I might be being unrealistic BUT as long as Beyoncé and Bruno Mars are alive, I don’t think I will enjoy anyone else during the Super Bowl. 

No disrespect to The Weeknd but ummmm.... #SuperBowl #SuperBowlLV",8,2,2021
https://twitter.com/Nick_Karski/status/1358589776522317824,2021-02-08 01:33:38+00:00,1358589776522317824,Dollar Store Bruno Mars. #PepsiHalftime #SuperBowl,4,2,10,Nick_Karski,Nick Karski,1244,981,Dollar Store Bruno Mars. #PepsiHalftime #SuperBowl,8,2,2021
https://twitter.com/LMemetrader/status/1358589602727137281,2021-02-08 01:32:57+00:00,1358589602727137281,The weeknd is cool but Bruno Mars should do every Superbowl halftime show,4,0,9,LMemetrader,BKgigTrader🤠,2,29,The weeknd is cool but Bruno Mars should do every Superbowl halftime show,8,2,2021
https://twitter.com/xSay_Less/status/1358589581201915913,2021-02-08 01:32:52+00:00,1358589581201915913,This like a Bruno Mars and Michael Jackson wanna be wedding singer performance #SuperBowl https://t.co/otLA9o0kYA,2,1,4,xSay_Less,No_Nonsense,118,274,This like a Bruno Mars and Michael Jackson wanna be wedding singer performance #SuperBowl https://t.co/otLA9o0kYA,8,2,2021
https://twitter.com/Qmac80/status/1358589560356294656,2021-02-08 01:32:47+00:00,1358589560356294656,I don’t ever wanna hear someone say The Weeknd is better than bruno mars ever again in my life. #SuperBowl,3,0,3,Qmac80,King Kunta 🤴🏾👑🇳🇬,673,2170,I don’t ever wanna hear someone say The Weeknd is better than bruno mars ever again in my life. #SuperBowl,8,2,2021
https://twitter.com/MaQnificentmaq/status/1358589536922710019,2021-02-08 01:32:41+00:00,1358589536922710019,*sighs loudly in iMiss Bruno Mars* #SuperBowl,1,0,1,MaQnificentmaq,Maquita Sellers,201,263,*sighs loudly in iMiss Bruno Mars* #SuperBowl,8,2,2021
https://twitter.com/NielsenChrissi/status/1358589513036095490,2021-02-08 01:32:35+00:00,1358589513036095490,Someone call BRUNO MARS please.  We need him. Bruno is a legend.  #SuperBowl #SBLV #BrunoMars #TheWeeknd https://t.co/Aq1njULTL5,3,1,4,NielsenChrissi,Chrissi Nielsen,1070,78,"Someone call BRUNO MARS please.

We need him. Bruno is a legend.

#SuperBowl #SBLV #BrunoMars #TheWeeknd https://t.co/Aq1njULTL5",8,2,2021
https://twitter.com/KBDPHD/status/1358589295213371393,2021-02-08 01:31:44+00:00,1358589295213371393,Uhmm. Bring back Beyonce and Bruno Mars #SuperBowl,3,3,21,KBDPHD,DR. BROWN-DEAN,6771,3953,Uhmm. Bring back Beyonce and Bruno Mars #SuperBowl,8,2,2021
https://twitter.com/ColinNagle/status/1358589115927830529,2021-02-08 01:31:01+00:00,1358589115927830529,Bruno Mars should be required to perform at half time until further notice #SuperBowl,1,1,4,ColinNagle,Colin Nagle,135,396,Bruno Mars should be required to perform at half time until further notice #SuperBowl,8,2,2021
https://twitter.com/AmySteigerwald/status/1358588839384743936,2021-02-08 01:29:55+00:00,1358588839384743936,Me waiting for Bruno Mars or Beyoncé to show up #SuperBowl https://t.co/Kud3G0Jzad,9,3,48,AmySteigerwald,Amy Steigerwald,2834,1016,Me waiting for Bruno Mars or Beyoncé to show up #SuperBowl https://t.co/Kud3G0Jzad,8,2,2021
https://twitter.com/gchwood/status/1358588807239634944,2021-02-08 01:29:47+00:00,1358588807239634944,"I don't know who The Weeknd is, but he seems like a wannabe Bruno Mars #SuperBowl #HalfTimeShow",1,0,1,gchwood,Gabriel Wood,338,536,"I don't know who The Weeknd is, but he seems like a wannabe Bruno Mars #SuperBowl #HalfTimeShow",8,2,2021
https://twitter.com/Jager_Main08/status/1358587244064481282,2021-02-08 01:23:34+00:00,1358587244064481282,"Regardless of the flags on chiefs’ defense, chiefs offense is choking. I wanted Brady to win this superbowl but I wanted to see some competition. Also, when Bruno Mars dropping music, wanna see him do a Super Bowl halftime show again.",2,0,5,Jager_Main08,For Your Eyez Only,53,235,"Regardless of the flags on chiefs’ defense, chiefs offense is choking. I wanted Brady to win this superbowl but I wanted to see some competition. Also, when Bruno Mars dropping music, wanna see him do a Super Bowl halftime show again.",8,2,2021
https://twitter.com/CandangoBaiana/status/1358584354155429891,2021-02-08 01:12:05+00:00,1358584354155429891,Beyoncé &amp; Bruno Mars Crash the Pepsi Super Bowl 50 Halftime Show | NFL https://t.co/RkPyXoQ0N2 via @YouTube #SuperBowl,1,0,2,CandangoBaiana,Helô!,1239,854,Beyoncé &amp; Bruno Mars Crash the Pepsi Super Bowl 50 Halftime Show | NFL youtu.be/SDPITj1wlkg via @YouTube #SuperBowl,8,2,2021
https://twitter.com/plsklcz/status/1358582544187482112,2021-02-08 01:04:54+00:00,1358582544187482112,Mon top 3 des #Superbowl halftime shows :  - Michael Jackson  - Beyoncé  - Bruno Mars   ❤️❤️,1,2,9,plsklcz,ᙃɾᥱᥲຕ ᙏᥲƙᥱɾ ✨,173,468,"Mon top 3 des #Superbowl halftime shows : 
- Michael Jackson 
- Beyoncé 
- Bruno Mars 

❤️❤️",8,2,2021
https://twitter.com/neverreaIlyover/status/1358579456177278982,2021-02-08 00:52:38+00:00,1358579456177278982,"remember when Coldplay tweeted this thinking they’ll break Katy’s #Superbowl record, brought beyoncé AND bruno mars &amp; still..... failed 😭 https://t.co/Ng6yxFHvxc",6,3,145,neverreaIlyover,ahmædd,11385,588,"remember when Coldplay tweeted this thinking they’ll break Katy’s #Superbowl record, brought beyoncé AND bruno mars &amp; still..... failed 😭 https://t.co/Ng6yxFHvxc",8,2,2021
https://twitter.com/PlusRating/status/1358579139184320522,2021-02-08 00:51:22+00:00,1358579139184320522,#RATINGS USA 🇺🇲  🏈 SHOWS DE MEDIOTIEMPO DEL #SUPERBOWL:  1. Katy Perry: 118.5M 2. Lady Gaga: 117.5M 3. Coldplay: 115.5M 4. Bruno Mars: 115.3M 5. Madonna: 112.5M 6. Black Eyed Peas: 110.3M 7. Justin Timberlake: 106M 8. Beyoncé: 104M 9. Shakira y JLo: 103M 10. Maroon 5: 98.4M,5,2,13,PlusRating,PLUS RATING,25674,98,"#RATINGS USA 🇺🇲

🏈 SHOWS DE MEDIOTIEMPO DEL #SUPERBOWL:

1. Katy Perry: 118.5M
2. Lady Gaga: 117.5M
3. Coldplay: 115.5M
4. Bruno Mars: 115.3M
5. Madonna: 112.5M
6. Black Eyed Peas: 110.3M
7. Justin Timberlake: 106M
8. Beyoncé: 104M
9. Shakira y JLo: 103M
10. Maroon 5: 98.4M",8,2,2021
https://twitter.com/ValeriaBrownEdu/status/1358578358494363649,2021-02-08 00:48:16+00:00,1358578358494363649,Enough is enough. Please sign my petition and share broadly. #BrownLimbsForMMs #SuperBowl  (That should have been the name of the petition. I am trying to update it.)  Mars: Brown Arms for Chocolate M&amp;Ms - Sign the Petition! https://t.co/GiZoA50EO6 via @Change,7,2,19,ValeriaBrownEdu,Dr. Val Brown (She/Her),32403,3945,"Enough is enough. Please sign my petition and share broadly. #BrownLimbsForMMs #SuperBowl

(That should have been the name of the petition. I am trying to update it.)

Mars: Brown Arms for Chocolate M&amp;Ms - Sign the Petition! chng.it/QDYbsdVj via @Change",8,2,2021
https://twitter.com/cponcharts/status/1358573961202778112,2021-02-08 00:30:48+00:00,1358573961202778112,"5 years ago, @coldplay performed at the #SuperBowl 50 Halftime Show with special guests Beyoncé and Bruno Mars.  — It's the 3rd most watched Halftime Show in history with a audience of 115 MILLION viewers 🇺🇲 https://t.co/zMlttmhkY8",49,1,281,cponcharts,Coldplay Charts,3003,247,"5 years ago, @coldplay performed at the #SuperBowl 50 Halftime Show with special guests Beyoncé and Bruno Mars.

— It's the 3rd most watched Halftime Show in history with a audience of 115 MILLION viewers 🇺🇲 https://t.co/zMlttmhkY8",8,2,2021
https://twitter.com/theideafactory_/status/1358568988901572610,2021-02-08 00:11:02+00:00,1358568988901572610,First five commercials during the game - Google (YouTube) - Comcast (Universal) - Mars (M&amp;Ms) (Private Company) - Logitech (Microsoft) - Paramount (Viacom/CBS)  Large Cap Companies with big advertising in the biggest marketing event of the year #SuperBowl,1,0,0,theideafactory_,The Idea Factory,407,506,"First five commercials during the game
- Google (YouTube)
- Comcast (Universal)
- Mars (M&amp;Ms) (Private Company)
- Logitech (Microsoft)
- Paramount (Viacom/CBS)

Large Cap Companies with big advertising in the biggest marketing event of the year #SuperBowl",8,2,2021
https://twitter.com/batsrogues/status/1358567213775671296,2021-02-08 00:03:59+00:00,1358567213775671296,since its the superbowl im gonna sit and think about bruno mars’ halftime show performance and how much i cried bc i was so proud of him,2,1,3,batsrogues,megs❔🎪,5720,2706,since its the superbowl im gonna sit and think about bruno mars’ halftime show performance and how much i cried bc i was so proud of him,8,2,2021
https://twitter.com/KatoSpace/status/1358564352656220160,2021-02-07 23:52:37+00:00,1358564352656220160,Fuck tha #superbowl YAWN! Gimme gimme gimme #DogeBowl all day to the moon to mars,1,2,2,KatoSpace,KatoSpace,564,2098,Fuck tha #superbowl YAWN! Gimme gimme gimme #DogeBowl all day to the moon to mars,7,2,2021
https://twitter.com/coldplaying/status/1358561513829720067,2021-02-07 23:41:20+00:00,1358561513829720067,"As #SuperBowl kicks off, we look back at Coldplay's breathtaking performance at Super Bowl 50! #BelieveInLove  Coldplay's halftime show was watched by over 115 million people and featured special guests Beyonce and Bruno Mars 🎉❤️ https://t.co/nouIUOFjIY",93,2,563,coldplaying,Coldplaying,89004,240,"As #SuperBowl kicks off, we look back at Coldplay's breathtaking performance at Super Bowl 50! #BelieveInLove

Coldplay's halftime show was watched by over 115 million people and featured special guests Beyonce and Bruno Mars 🎉❤️ https://t.co/nouIUOFjIY",7,2,2021
https://twitter.com/NASAMars/status/1358557506453180418,2021-02-07 23:25:24+00:00,1358557506453180418,"Right now, the spacecraft carrying our @NASAPersevere rover toward its Feb. 18 landing on Mars is moving at more than 48,000 mph. That rate would take you from Kansas City to Tampa...in about 90 seconds. More: https://t.co/f4ypfncz6n #SuperBowl #CountdownToMars 1/3 https://t.co/1vIJIv0ML0",604,56,4178,NASAMars,NASA Mars,1139931,209,"Right now, the spacecraft carrying our @NASAPersevere rover toward its Feb. 18 landing on Mars is moving at more than 48,000 mph. That rate would take you from Kansas City to Tampa...in about 90 seconds. More: mars.nasa.gov/mars2020 #SuperBowl #CountdownToMars 1/3 https://t.co/1vIJIv0ML0",7,2,2021
https://twitter.com/marmarcano_/status/1358555092270649344,2021-02-07 23:15:49+00:00,1358555092270649344,But my fave of all time has to be  Bruno Mars Superbowl Halftime Show 2014  Ft  Red Hot Chilli Peppers https://t.co/R7FDzBRcxi via @YouTube,4,0,5,marmarcano_,Mar,923,890,"But my fave of all time has to be

Bruno Mars Superbowl Halftime Show 2014  Ft  Red Hot Chilli Peppers youtu.be/qh0OyvjcJKE via @YouTube",7,2,2021
https://twitter.com/Jaredbold/status/1358553566701584390,2021-02-07 23:09:45+00:00,1358553566701584390,"Was thinking about Halftime Shows and performances, and.......what the hell happened to Bruno Mars!? Where is that dude? #SuperBowl #FindBruno",1,1,3,Jaredbold,Jared Rojek,150,153,"Was thinking about Halftime Shows and performances, and.......what the hell happened to Bruno Mars!? Where is that dude? #SuperBowl #FindBruno",7,2,2021
https://twitter.com/zettercakes/status/1358552768147910656,2021-02-07 23:06:35+00:00,1358552768147910656,The Best • Bruno Mars Superbowl Halftime Show 2014  Ft  Red Hot Chilli Peppers https://t.co/A3OR22aIyE via @YouTube,3,0,5,zettercakes,rizbot,731,1196,The Best • Bruno Mars Superbowl Halftime Show 2014  Ft  Red Hot Chilli Peppers youtu.be/qh0OyvjcJKE via @YouTube,7,2,2021
https://twitter.com/KBohorquezC/status/1358545995110502401,2021-02-07 22:39:40+00:00,1358545995110502401,Hice mi top de shows de medio tiempo del #SuperBowl  1-. Michael jackson  2-. Shakira y Jlo 3-. The rolling Stones  4-. Prince 5-. coldplay 6-. Bruno Mars   7-. Beyonce  8-. Paul McCartney   9-. Lady Gaga  10-. Katty Perry,2,4,13,KBohorquezC,Karen Bohórquez C.,10818,2187,"Hice mi top de shows de medio tiempo del #SuperBowl

1-. Michael jackson 
2-. Shakira y Jlo
3-. The rolling Stones 
4-. Prince
5-. coldplay
6-. Bruno Mars  
7-. Beyonce 
8-. Paul McCartney  
9-. Lady Gaga 
10-. Katty Perry",7,2,2021
https://twitter.com/RealTimeRating/status/1358528104852058120,2021-02-07 21:28:35+00:00,1358528104852058120,#Rating 🇺🇸 | ESPECIAL #SuperBowl   🏈 SHOWS  #1 Katy Perry: 118.5M #2 Lady Gaga: 117.5M #4 Coldplay: 115.5M #5 Bruno Mars: 115.3M #5 Madonna: 112.5M #6 Black Eyed Peas: 110.3M #7 Justin Timberlake: 106M #8 Beyoncé: 104M #9 Shakira y JLo: 103M #10 Maroon 5: 98.4M https://t.co/aH5JtRyWST,15,1,53,RealTimeRating,Real Time 📈,246939,796,"#Rating 🇺🇸 | ESPECIAL #SuperBowl 

🏈 SHOWS

#1 Katy Perry: 118.5M
#2 Lady Gaga: 117.5M
#4 Coldplay: 115.5M
#5 Bruno Mars: 115.3M
#5 Madonna: 112.5M
#6 Black Eyed Peas: 110.3M
#7 Justin Timberlake: 106M
#8 Beyoncé: 104M
#9 Shakira y JLo: 103M
#10 Maroon 5: 98.4M https://t.co/aH5JtRyWST",7,2,2021
https://twitter.com/Jshjns_/status/1358506122748055552,2021-02-07 20:01:14+00:00,1358506122748055552,I say this every year and I’ll say it again BEYONCÉ AND BRUNO MARS HAD THE GREATEST SUPERBOWL HALFTIME SHOW OF ALL TIME ‼️ change my mind,8,0,23,Jshjns_,Josh,32,34,I say this every year and I’ll say it again BEYONCÉ AND BRUNO MARS HAD THE GREATEST SUPERBOWL HALFTIME SHOW OF ALL TIME ‼️ change my mind,7,2,2021
https://twitter.com/tweetsnaenae/status/1358501461424963584,2021-02-07 19:42:42+00:00,1358501461424963584,I want Bruno Mars to do another Superbowl halftime😌,5,0,9,tweetsnaenae,❄️ 𝓝𝓪𝓮 🌹,172,326,I want Bruno Mars to do another Superbowl halftime😌,7,2,2021
https://twitter.com/_THugNificent/status/1358493024410624002,2021-02-07 19:09:11+00:00,1358493024410624002,Beyoncé and Bruno Mars halftime shows was the greatest halftime time shows besides Micheal Jackson no other artist trumps those three performances. #SuperBowl,2,0,4,_THugNificent,Malik Ross,414,809,Beyoncé and Bruno Mars halftime shows was the greatest halftime time shows besides Micheal Jackson no other artist trumps those three performances. #SuperBowl,7,2,2021
https://twitter.com/Urban_Legend15/status/1358483123323944966,2021-02-07 18:29:50+00:00,1358483123323944966,Bruno Mars had the best #SuperBowl performances to me,4,0,4,Urban_Legend15,Yung Jay,1011,925,Bruno Mars had the best #SuperBowl performances to me,7,2,2021
https://twitter.com/Leizer08/status/1358481751761317892,2021-02-07 18:24:23+00:00,1358481751761317892,Bruno Mars Superbowl Halftime Show 2014  Ft  Red Hot Chilli Peppers https://t.co/Mc1UlgYyRT via @YouTube 👑👑👑Bruno Mars,1,0,2,Leizer08,hershey08,2771,265,Bruno Mars Superbowl Halftime Show 2014  Ft  Red Hot Chilli Peppers youtu.be/qh0OyvjcJKE via @YouTube 👑👑👑Bruno Mars,7,2,2021
https://twitter.com/TencicFred/status/1358481101136797696,2021-02-07 18:21:48+00:00,1358481101136797696,"I guess I am at the stage of life where starting recently (around the Bruno Mars year), and going forward, I will increasingly no longer be able to recognize the performer that stars in the Superbowl halftime show.  Oh, to be young again.....",1,1,10,TencicFred,Fred Tee,19255,19096,"I guess I am at the stage of life where starting recently (around the Bruno Mars year), and going forward, I will increasingly no longer be able to recognize the performer that stars in the Superbowl halftime show.

Oh, to be young again.....",7,2,2021
https://twitter.com/RaveenTheDream/status/1358478787202195461,2021-02-07 18:12:36+00:00,1358478787202195461,Coldplay/Bruno Mars and Beyoncé was one of the best SuperBowl performances I ever seen.  But not a soul is topping Prince performing Purple Rain in the purple rain. I was sitting in the floor crying.,2,1,5,RaveenTheDream,"Girl, No.",10255,404,"Coldplay/Bruno Mars and Beyoncé was one of the best SuperBowl performances I ever seen.

But not a soul is topping Prince performing Purple Rain in the purple rain. I was sitting in the floor crying.",7,2,2021
https://twitter.com/lex_osaurus/status/1358467299217440771,2021-02-07 17:26:57+00:00,1358467299217440771,Favorite halftime performance?  I’ll go first. Bruno Mars. (It’s at least the first one that I can think of that I truly enjoyed all of.)  Your turn!  #SuperBowl #BrunoMars #HalfTimeShow https://t.co/4hF73uYnup,4,9,9,lex_osaurus,Lex,1434,904,"Favorite halftime performance?

I’ll go first. Bruno Mars. (It’s at least the first one that I can think of that I truly enjoyed all of.)

Your turn!

#SuperBowl #BrunoMars #HalfTimeShow https://t.co/4hF73uYnup",7,2,2021
https://twitter.com/usconstoronto/status/1358462776335888384,2021-02-07 17:08:59+00:00,1358462776335888384,"Traditionally superstars such as Beyoncé, Prince, the Rolling Stones, Bruce Springsteen, Justin Timberlake, Michael Jackson &amp; Bruno Mars shine at the #SuperBowl's halftime show. This year is extra special for us with Toronto &amp; Scarborough’s own @TheWeeknd headlining the show! https://t.co/VbXQ4ig7Ku",4,1,16,usconstoronto,US Consulate Toronto🇺🇸🇨🇦,4571,1849,"Traditionally superstars such as Beyoncé, Prince, the Rolling Stones, Bruce Springsteen, Justin Timberlake, Michael Jackson &amp; Bruno Mars shine at the #SuperBowl's halftime show. This year is extra special for us with Toronto &amp; Scarborough’s own @TheWeeknd headlining the show! https://t.co/VbXQ4ig7Ku",7,2,2021
https://twitter.com/Carlyn____/status/1358456192603930628,2021-02-07 16:42:49+00:00,1358456192603930628,Bruno Mars should be doing every half time performance for the rest of time. #SuperBowl,1,0,3,Carlyn____,Carlyn Schrouder,3273,1153,"Bruno Mars should be doing every half time performance for the rest of time.
#SuperBowl",7,2,2021
https://twitter.com/coconutpassionn/status/1358448147148791813,2021-02-07 16:10:51+00:00,1358448147148791813,"today in 2016 Bruno Mars, Beyoncé and Coldplay gave us this iconic #SuperBowl performance. A moment we’ll never forget! 👑 https://t.co/qiu7R1SIcU",96,1,371,coconutpassionn,malena,3913,946,"today in 2016 Bruno Mars, Beyoncé and Coldplay gave us this iconic #SuperBowl performance. A moment we’ll never forget! 👑 twitter.com/beyfobic/statu…",7,2,2021
https://twitter.com/mrcrockpot/status/1358433074132967426,2021-02-07 15:10:57+00:00,1358433074132967426,A gentle reminder that no one has topped Bruno Mars' #HalfTimeShow show since 2014  #SuperBowl #SuperBowlLV #PepsiHalftimeShow #Halftime https://t.co/RZRLIOYC3L,4,1,18,mrcrockpot,MRCROCKPOT TPL,1837,1120,"A gentle reminder that no one has topped Bruno Mars' #HalfTimeShow show since 2014

#SuperBowl #SuperBowlLV #PepsiHalftimeShow #Halftime https://t.co/RZRLIOYC3L",7,2,2021
https://twitter.com/TaylorTwellman/status/1358411607383175168,2021-02-07 13:45:39+00:00,1358411607383175168,Apparently Tampa is on Mars.......who’s plane is this?!  @Broncos or @Colts #SuperBowl https://t.co/Q87NwbmJMH,7,24,289,TaylorTwellman,Taylor Twellman,369630,1020,"Apparently Tampa is on Mars.......who’s plane is this?! 
@Broncos or @Colts #SuperBowl twitter.com/bstokley14/sta…",7,2,2021
https://twitter.com/Xactly_Ashley/status/1358353705662369797,2021-02-07 09:55:35+00:00,1358353705662369797,I forgot the superbowl existed after bruno Mars and beyonce's performance. I tuned out after that.,1,0,3,Xactly_Ashley,keep_DASHING_ashlEy🚘,94,212,I forgot the superbowl existed after bruno Mars and beyonce's performance. I tuned out after that.,7,2,2021
https://twitter.com/ThirtySixNorth/status/1358299404751548418,2021-02-07 06:19:48+00:00,1358299404751548418,"@elonmusk The time has come Elon has said. To talk of many things. Of #space of #cars and even #mars, how #doge coin made us kings.  #doge #dogearmy #SuperBowl #dogecoin #elondoge #dogecoinrevolution",1,0,1,ThirtySixNorth,36 North Consulting,181,1056,"@elonmusk The time has come Elon has said. To talk of many things. Of #space of #cars and even #mars, how #doge coin made us kings.

#doge #dogearmy #SuperBowl #dogecoin #elondoge #dogecoinrevolution",7,2,2021
https://twitter.com/Akibanned/status/1358254023699226626,2021-02-07 03:19:29+00:00,1358254023699226626,"Okay, hear me out, what if Elon Musk advertises for #Dogecoin during the superbowl tomorrow? Would it rocket straight to mars?",1,0,1,Akibanned,Broken Phantasm || Mad Doge of Shimano ||,24,278,"Okay, hear me out, what if Elon Musk advertises for #Dogecoin during the superbowl tomorrow? Would it rocket straight to mars?",7,2,2021
https://twitter.com/sabah786/status/1358246629195673601,2021-02-07 02:50:06+00:00,1358246629195673601,Superbowl might boost #Dogecoin to Mars 🚀,3,0,6,sabah786,S͟a͟b͟a͟h͟ 👨🏻‍💻 ☕️ ⛰,953,2124,Superbowl might boost #Dogecoin to Mars 🚀,7,2,2021
https://twitter.com/JOHNNNYONThSPOT/status/1358227692085260293,2021-02-07 01:34:51+00:00,1358227692085260293,I'd bet on #dogeto1dollar before I'd ever bet on the #SuperBowl. Especially with this crew behind me. Let's go to mars! @elonmusk @genesimmons @SnoopDogg @DogecoinRise https://t.co/BmmRlJlooh,1,0,3,JOHNNNYONThSPOT,Johnny Mac,125,770,I'd bet on #dogeto1dollar before I'd ever bet on the #SuperBowl. Especially with this crew behind me. Let's go to mars! @elonmusk @genesimmons @SnoopDogg @DogecoinRise https://t.co/BmmRlJlooh,7,2,2021
