url,Datetime,Tweet Id,Text,Retweet Count,Reply Count,Like Count,Username,Display Name,Followers Count,Friends Count,Rendered Content,Day,Month,Year
https://twitter.com/Keenyakelly/status/1493366773764161537,2022-02-14 23:29:18+00:00,1493366773764161537,What was your favorite super ad? Me: @clickup and @doritos with @ChesterCheetah - I was sad I didn’t see @MountainDew 😭#SuperBowl,2,1,2,Keenyakelly,Keenya Kelly,1193,328,What was your favorite super ad? Me: @clickup and @doritos with @ChesterCheetah - I was sad I didn’t see @MountainDew 😭#SuperBowl,14,2,2022
https://twitter.com/RaffyInNY/status/1493217900076879872,2022-02-14 13:37:44+00:00,1493217900076879872,"Best #SuperBowl ads? BMW, Jurassic Park, Doritos, Meta, FTX, Amazon, and Lays! #EVs #CryptoCelebAlert #SaltySnacks #AI",1,0,1,RaffyInNY,Rafael Sulit,873,989,"Best #SuperBowl ads?
BMW, Jurassic Park, Doritos, Meta, FTX, Amazon, and Lays! #EVs #CryptoCelebAlert #SaltySnacks #AI",14,2,2022
https://twitter.com/stupidtrashboy/status/1493122221581209600,2022-02-14 07:17:33+00:00,1493122221581209600,Why did everyone leave my Superbowl party?? I gave them all the Doritos and milk they could ask for https://t.co/Gr3zKf13mK,2,0,25,stupidtrashboy,iced pee,1977,4996,Why did everyone leave my Superbowl party?? I gave them all the Doritos and milk they could ask for https://t.co/Gr3zKf13mK,14,2,2022
https://twitter.com/dinahashem_/status/1493109479096922113,2022-02-14 06:26:55+00:00,1493109479096922113,"We live in an eternal Superbowl, rooting for our fave politicians, pundits, media figures, trashing their opponents, all while they make absurd $$ to punt political footballs while we fight against ourselves instead of the real centers of power. But I’m just here for the doritos",13,17,175,dinahashem_,Dina Hashem,29435,943,"We live in an eternal Superbowl, rooting for our fave politicians, pundits, media figures, trashing their opponents, all while they make absurd $$ to punt political footballs while we fight against ourselves instead of the real centers of power. But I’m just here for the doritos",14,2,2022
https://twitter.com/ai6yrham/status/1493070255261831169,2022-02-14 03:51:03+00:00,1493070255261831169,"Doritos ad #geolocation. This bit with Terry Bradshaw probably greenscreened, but that's the corner of St. Louis and 1st Street, Boyle Heights (Los Angeles) - St. Louis Drug Company. #superbowl https://t.co/8jDYkqoKIs",1,1,26,ai6yrham,AI6YR,33637,1781,"Doritos ad #geolocation. This bit with Terry Bradshaw probably greenscreened, but that's the corner of St. Louis and 1st Street, Boyle Heights (Los Angeles) - St. Louis Drug Company. #superbowl https://t.co/8jDYkqoKIs",14,2,2022
https://twitter.com/bludreams11/status/1493067568218845185,2022-02-14 03:40:22+00:00,1493067568218845185,😆 This 2 cute 😭 I fkn 💙 her !!!!!!! Megan Thee Stallion watching her @Doritos commercial tonight at the superbowl https://t.co/xneh3GoniS,2,0,9,bludreams11,$0UTH$IDE4EVER 🕶️✌🏾,1864,1772,😆 This 2 cute 😭 I fkn 💙 her !!!!!!! Megan Thee Stallion watching her @Doritos commercial tonight at the superbowl https://t.co/xneh3GoniS,14,2,2022
https://twitter.com/Neilfan12/status/1493065879751315459,2022-02-14 03:33:40+00:00,1493065879751315459,🏈📺 Here's the 2nd #Superbowl #commercial I liked (by @Doritos): https://t.co/e3M6rlhB3Y. Is funny &amp; cute with a groove! 🦥 Loved the #sloth's fast get away. 😂 Will tweet my top favorite at end of the game... 🔥 #Doritos #FlaminHot #Cheetos #SuperBowlAds 🔥,2,0,3,Neilfan12,Steve 🎤🕺⚙,439,575,"🏈📺 Here's the 2nd #Superbowl #commercial I liked (by @Doritos): youtu.be/YCLPiIAKqZY. Is funny &amp; cute with a groove! 🦥 Loved the #sloth's fast get away. 😂 Will tweet my top favorite at end of the game...
🔥 #Doritos #FlaminHot #Cheetos #SuperBowlAds 🔥",14,2,2022
https://twitter.com/rsalinas3/status/1493053962446069762,2022-02-14 02:46:18+00:00,1493053962446069762,Not too impressed with the Super Bowl ads so far. I've only liked a few like the Zeus BMW ad and the one where the guy gets his hand stuck in the Pringles can. Here is a fun Doritos ad we put together 9 years ago. #SuperBowlCommercials #SuperBowl #doritos https://t.co/rCNmck2SZG,1,0,0,rsalinas3,rsalinas3,581,1470,Not too impressed with the Super Bowl ads so far. I've only liked a few like the Zeus BMW ad and the one where the guy gets his hand stuck in the Pringles can. Here is a fun Doritos ad we put together 9 years ago. #SuperBowlCommercials #SuperBowl #doritos youtu.be/SwUfrwIFQsI,14,2,2022
https://twitter.com/joanncreek_/status/1493053840358354949,2022-02-14 02:45:49+00:00,1493053840358354949,Favorite Q&amp;A for #SuperBowl   Has Dennis Rodman divorced himself yet? Who got the dog?  Who wins commercials Doritos or Pringle? I'm biased to Pringle.   What did everyone eat?                  Pork Sausage for us. https://t.co/AILAaGPqab,1,2,4,joanncreek_,Joann C,1127,914,"Favorite Q&amp;A for #SuperBowl 

Has Dennis Rodman divorced himself yet? Who got the dog?

Who wins commercials Doritos or Pringle? I'm biased to Pringle. 

What did everyone eat?                  Pork Sausage for us. https://t.co/AILAaGPqab",14,2,2022
https://twitter.com/CurtisSChin/status/1493053441681276931,2022-02-14 02:44:14+00:00,1493053441681276931,"When you live in a #VeryAsian American household, the #SuperBowl snacks have an added bit of diversity. #justsaying   Not that we didn’t appreciate that smokin’ hot 🔥🔥🔥🔥🔥 #FlaminHot @chestercheetah @doritos ad. #entry https://t.co/28VwazKzWo",1,0,7,CurtisSChin,🚶🏻Curtis S. Chin,17606,364,"When you live in a #VeryAsian American household, the #SuperBowl snacks have an added bit of diversity. #justsaying 

Not that we didn’t appreciate that smokin’ hot 🔥🔥🔥🔥🔥 #FlaminHot @chestercheetah @doritos ad. #entry https://t.co/28VwazKzWo",14,2,2022
https://twitter.com/champaignband/status/1493050509216813058,2022-02-14 02:32:35+00:00,1493050509216813058,The #coinbasead won the most memorable #superbowlads - But this is not coinbase. #superbowl #superbowllvi #superbowl2022 #superbowlsunday #superbowlweekend #geico #superbowlparty It's an unofficial #fritolay #doritos #cheetos #flaminhot spec ad https://t.co/gtWH25Hlmj,1,0,2,champaignband,CHAMPAIGN Pauli Carman,774,2158,The #coinbasead won the most memorable #superbowlads - But this is not coinbase. #superbowl #superbowllvi #superbowl2022 #superbowlsunday #superbowlweekend #geico #superbowlparty It's an unofficial #fritolay #doritos #cheetos #flaminhot spec ad https://t.co/gtWH25Hlmj,14,2,2022
https://twitter.com/CABar/status/1493048315231059969,2022-02-14 02:23:52+00:00,1493048315231059969,Top #SuperBowl Commercials: 1- Rocket Mortgage with Barbie &amp; He Man 2- Amazon Alexa Reading Your Mind 3- Doritos Sloth 4- Mich Ultra with Serena and Peyton 5- Intuit/MailChimp,1,0,5,CABar,Connelly-Anne Ragley,1564,938,"Top #SuperBowl Commercials:
1- Rocket Mortgage with Barbie &amp; He Man
2- Amazon Alexa Reading Your Mind
3- Doritos Sloth
4- Mich Ultra with Serena and Peyton
5- Intuit/MailChimp",14,2,2022
https://twitter.com/kennethcolereal/status/1493047115907481603,2022-02-14 02:19:06+00:00,1493047115907481603,Recalling a Doritos #SuperBowlCommercials starring Ny’s Gov Mario Cuomo w flamboyant Ann Richards. #SuperBowl https://t.co/szLNFEcUwp via @YouTube,13,8,97,kennethcolereal,Kenneth Cole,197011,702,Recalling a Doritos #SuperBowlCommercials starring Ny’s Gov Mario Cuomo w flamboyant Ann Richards. #SuperBowl youtu.be/DUefOWvuFBU via @YouTube,14,2,2022
https://twitter.com/AnnaLogue75/status/1493041478507053065,2022-02-14 01:56:42+00:00,1493041478507053065,Only #SuperBowl commercial you can make me watch...!! @andrewcuomo @MariaCuomoCole  Doritos Super Bowl Commercial 1995 Mario Cuomo and Ann Richards https://t.co/B9p6h04u5X via @YouTube,6,3,32,AnnaLogue75,Annalogue75 🇺🇦 #4Cuomo22,3260,4933,"Only #SuperBowl commercial you can make me watch...!!
@andrewcuomo @MariaCuomoCole 
Doritos Super Bowl Commercial 1995 Mario Cuomo and Ann Richards youtu.be/DUefOWvuFBU via @YouTube",14,2,2022
https://twitter.com/iamtycole/status/1493040397097914370,2022-02-14 01:52:24+00:00,1493040397097914370,Throwing this back up there in case ya’ll didn’t see my new article where I chatted with @theestallion about her partnership with Frito-Lay’s and her #SuperBowl commercial for Doritos and Cheetos ✨ https://t.co/69e1c5JUWW,2,0,1,iamtycole,Hollywood’s Media Prince,2248,1001,Throwing this back up there in case ya’ll didn’t see my new article where I chatted with @theestallion about her partnership with Frito-Lay’s and her #SuperBowl commercial for Doritos and Cheetos ✨ twitter.com/iamtycole/stat…,14,2,2022
https://twitter.com/deeeesmall/status/1493037288183500804,2022-02-14 01:40:03+00:00,1493037288183500804,I miss the funny SuperBowl commercials from the early 2000s. Doritos always had the best commercials. #SuperBowl,1,0,2,deeeesmall,𝐃𝐄𝐀𝐍𝐍𝐀 𝐒𝐌𝐀𝐋𝐋,1689,506,I miss the funny SuperBowl commercials from the early 2000s. Doritos always had the best commercials. #SuperBowl,14,2,2022
https://twitter.com/membersonlydave/status/1493036419748708359,2022-02-14 01:36:36+00:00,1493036419748708359,Me on the couch attempting to pay attention to the 2nd half after eating three gyros and a half bag of cool ranch doritos #SuperBowl #SBLVI https://t.co/ConfUSSgrS,2,5,22,membersonlydave,DJDave👄,2207,1491,Me on the couch attempting to pay attention to the 2nd half after eating three gyros and a half bag of cool ranch doritos #SuperBowl #SBLVI https://t.co/ConfUSSgrS,14,2,2022
https://twitter.com/brave/status/1493036080219656192,2022-02-14 01:35:15+00:00,1493036080219656192,"You were in a @Doritos &amp; beer fog, and you watched 1 too many crypto ads, and… now you're 10 grand deep.  We won’t judge. Store, swap, and more, with #BraveWallet 💰 #CryptoBowl #SuperBowl https://t.co/5FGAhQ4Scs",21,13,120,brave,Brave Software,224271,84,"You were in a @Doritos &amp; beer fog, and you watched 1 too many crypto ads, and… now you're 10 grand deep.

We won’t judge. Store, swap, and more, with #BraveWallet 💰 #CryptoBowl #SuperBowl https://t.co/5FGAhQ4Scs",14,2,2022
https://twitter.com/llondo/status/1493028108454277122,2022-02-14 01:03:34+00:00,1493028108454277122,3 Best #SuperBowl Commercials of the First Half: 1. @RocketMortgage/@RocketHomes   Barbie/Anna Kendrick 2. @ChevyTrucks Silverado Sopranos  3. @Doritos Sloths,2,4,13,llondo,Luke Londo,1664,395,"3 Best #SuperBowl Commercials of the First Half:
1. @RocketMortgage/@RocketHomes   Barbie/Anna Kendrick
2. @ChevyTrucks Silverado Sopranos 
3. @Doritos Sloths",14,2,2022
https://twitter.com/RayHudson/status/1493028028225626113,2022-02-14 01:03:15+00:00,1493028028225626113,Great game and better commercials at this #Superbowl #NFL #LARams #Bengals for years....but the #doritos ad is leading like Secretariat.,3,6,79,RayHudson,Ray Hudson,159021,26607,Great game and better commercials at this #Superbowl #NFL #LARams #Bengals for years....but the #doritos ad is leading like Secretariat.,14,2,2022
https://twitter.com/mental_floss/status/1493027509117595655,2022-02-14 01:01:11+00:00,1493027509117595655,"In 1992, 25 million #SuperBowl  viewers changed the channel at halftime to tune into a Doritos-sponsored live episode of 'In Living Color.' https://t.co/a1wCM6yrF8",22,3,104,mental_floss,Mental Floss,772389,13145,"In 1992, 25 million #SuperBowl  viewers changed the channel at halftime to tune into a Doritos-sponsored live episode of 'In Living Color.' https://t.co/a1wCM6yrF8",14,2,2022
https://twitter.com/rcurtis/status/1493027169051852801,2022-02-14 00:59:50+00:00,1493027169051852801,"My Favorite @SuperBowl Commercials, at the half: 1: Dolly Parton &amp; Miley Cyrus do it for the 4G phones 2: Doritos Salt-N-Pepa wildlife 3: Anna Kendrick and Barbie for Rocket Mortgage 4: Return of the E*TRADE baby 5: Various stars for Uber Eats 6: Larry David for cryptocurrency",18,2,57,rcurtis,📝 𝐑𝐨𝐝𝐧𝐞𝐲 𝐂𝐮𝐫𝐭𝐢𝐬 📷,393,400,"My Favorite @SuperBowl Commercials, at the half:
1: Dolly Parton &amp; Miley Cyrus do it for the 4G phones
2: Doritos Salt-N-Pepa wildlife
3: Anna Kendrick and Barbie for Rocket Mortgage
4: Return of the E*TRADE baby
5: Various stars for Uber Eats
6: Larry David for cryptocurrency",14,2,2022
https://twitter.com/FaithPlusWorks/status/1493026230320480256,2022-02-14 00:56:07+00:00,1493026230320480256,"It's #SuperBowlSunday 🏈!! I'm just sharing my FAVORITE #SuperBowl commercial of all time. ❤😂 @liqfromthepeake in #ReadySetWhittle... ""Who ate the Doritos?"" 🤔🤣 #YouTube Link ➡️ https://t.co/x6oobYpvQC https://t.co/K6awFS4eHT",2,0,1,FaithPlusWorks,Keisha Hawkins,659,1294,"It's #SuperBowlSunday 🏈!! I'm just sharing my FAVORITE #SuperBowl commercial of all time. ❤😂 @liqfromthepeake in #ReadySetWhittle... ""Who ate the Doritos?"" 🤔🤣 #YouTube Link ➡️ youtu.be/O9tjSgFVlU0 https://t.co/K6awFS4eHT",14,2,2022
https://twitter.com/kykykutie010/status/1493022831596249091,2022-02-14 00:42:36+00:00,1493022831596249091,often i think about the puppymonkeybaby from the doritos superbowl ad like 8 years ago and i kinda think i should be entitled to some sort of financial compensation,1,0,9,kykykutie010,brows n boobs,366,244,often i think about the puppymonkeybaby from the doritos superbowl ad like 8 years ago and i kinda think i should be entitled to some sort of financial compensation,14,2,2022
https://twitter.com/TheSlothClubNFT/status/1493022574560919555,2022-02-14 00:41:35+00:00,1493022574560919555,Today’s fact of the day:  Sloths like @Doritos and @SuperBowl   #TheSlothClub #SaveTheSloths #Doritos #SuperBowl #SuperBowlSunday #NFTs #Web3 #NFT #NFTCommunity https://t.co/xRXcpOqj12,4,3,15,TheSlothClubNFT,The Sloth Club NFT,1101,602,"Today’s fact of the day:

Sloths like @Doritos and @SuperBowl 

#TheSlothClub #SaveTheSloths #Doritos #SuperBowl #SuperBowlSunday #NFTs #Web3 #NFT #NFTCommunity https://t.co/xRXcpOqj12",14,2,2022
https://twitter.com/shariannebrill/status/1493022565815754753,2022-02-14 00:41:33+00:00,1493022565815754753,Who knew that the only thing a #sloth needed to move faster was a bag of .@Doritos #SuperBowl,1,0,1,shariannebrill,shari anne brill media 🌻🌻🌻🌻🌻🇺🇸🇮🇱🇺🇦,1007,1818,Who knew that the only thing a #sloth needed to move faster was a bag of .@Doritos #SuperBowl,14,2,2022
https://twitter.com/JStremer/status/1493021776929906688,2022-02-14 00:38:25+00:00,1493021776929906688,"Any #nf friends watch the doritos #SuperBowl commercial and scream, ""Those animals wouldn't be found in the same biom!""   Just me? 🤣🤣🤣  The sloth was super cute tho.",1,9,33,JStremer,JessicaStremer - GREAT CARRIER REEF Summer '23,2322,2387,"Any #nf friends watch the doritos #SuperBowl commercial and scream, ""Those animals wouldn't be found in the same biom!"" 

Just me? 🤣🤣🤣

The sloth was super cute tho.",14,2,2022
https://twitter.com/MSmule/status/1493021496129863683,2022-02-14 00:37:18+00:00,1493021496129863683,That Doritos commercial with ONLY jungle animals in it was cool! #SuperBowl,1,2,2,MSmule,Mule,427,392,That Doritos commercial with ONLY jungle animals in it was cool! #SuperBowl,14,2,2022
https://twitter.com/TheSlothClubNFT/status/1493019737755893762,2022-02-14 00:30:19+00:00,1493019737755893762,Sloths at Super Bowl…Definitely a sign if you ask me #TheSlothClub #SaveTheSloths #NFT #NFTs #NFTCommumity #nftcollectors #SuperBowl #Sloths #doritos https://t.co/zJ7GlqSd4v,2,2,9,TheSlothClubNFT,The Sloth Club NFT,1101,602,Sloths at Super Bowl…Definitely a sign if you ask me #TheSlothClub #SaveTheSloths #NFT #NFTs #NFTCommumity #nftcollectors #SuperBowl #Sloths #doritos https://t.co/zJ7GlqSd4v,14,2,2022
https://twitter.com/RossanaF/status/1493019421815701507,2022-02-14 00:29:03+00:00,1493019421815701507,FLAMING HOT 😍 🦥🔥 #doritos #sloths #SuperBowl #SuperBowlCommercial #slothlove @PerkySloth @slothville @CostaRica #puravida #GoRams https://t.co/e72BBiNgWp,1,0,2,RossanaF,RossanaF 🌻,272,451,FLAMING HOT 😍 🦥🔥 #doritos #sloths #SuperBowl #SuperBowlCommercial #slothlove @PerkySloth @slothville @CostaRica #puravida #GoRams https://t.co/e72BBiNgWp,14,2,2022
https://twitter.com/myputhgospelm/status/1493018640442089474,2022-02-14 00:25:57+00:00,1493018640442089474,"Hey @charlieputh, that fox is so cool, he reminds me of someone.🦊😎❤️‍🔥  #FlaminHot  #SuperBowl  @ChesterCheetah @Doritos https://t.co/fPm26Qoakb",4,1,26,myputhgospelm,мαятα♯👾 puth fan,2520,622,"Hey @charlieputh, that fox is so cool, he reminds me of someone.🦊😎❤️‍🔥

#FlaminHot  #SuperBowl
 @ChesterCheetah @Doritos https://t.co/fPm26Qoakb",14,2,2022
https://twitter.com/WiLcreatives/status/1493018610800988164,2022-02-14 00:25:50+00:00,1493018610800988164,This Doritos commercial was genius 🔥🔥🔥 #doritos #SuperBowlSunday #superbowl https://t.co/UlqDCZ5DfI,1,1,3,WiLcreatives,cWiL,148,352,This Doritos commercial was genius 🔥🔥🔥 #doritos #SuperBowlSunday #superbowl twitter.com/NerdsSocialClu…,14,2,2022
https://twitter.com/JakeStateFarm/status/1493018459114020866,2022-02-14 00:25:14+00:00,1493018459114020866,@Doritos @ChesterCheetah Me during this whole #flaminhot ad @ChesterCheetah @Doritos #SuperBowl https://t.co/nsgRMKu0Sy,2,2,17,JakeStateFarm,Jake from State Farm,56425,4878,@Doritos @ChesterCheetah Me during this whole #flaminhot ad @ChesterCheetah @Doritos #SuperBowl https://t.co/nsgRMKu0Sy,14,2,2022
https://twitter.com/jglass8/status/1493018205253554181,2022-02-14 00:24:13+00:00,1493018205253554181,Number one so far… #sloth @Doritos #SuperBowl #SuperBowlAd https://t.co/FRorpnfpNT,1,0,3,jglass8,JG,3256,4989,Number one so far… #sloth @Doritos #SuperBowl #SuperBowlAd https://t.co/FRorpnfpNT,14,2,2022
https://twitter.com/HoneyBadgerKate/status/1493018105840386059,2022-02-14 00:23:50+00:00,1493018105840386059,#doritos for the win with the best commercial of #SuperBowl   Animals rock! https://t.co/Ak3EdH8Sxe,1,0,2,HoneyBadgerKate,Kate 🇺🇸 Trump Won,116,794,#doritos for the win with the best commercial of #SuperBowl   Animals rock! https://t.co/Ak3EdH8Sxe,14,2,2022
https://twitter.com/DrRamBio/status/1493018086575939589,2022-02-14 00:23:45+00:00,1493018086575939589,The @Doritos #SuperBowl commercial featured #WomenInSTEM  Here’s 105 more…via @Flipgrid   #1000STEMWomen   https://t.co/I5eLaCbyid,2,0,4,DrRamBio,Ramesh Laungani,2520,1453,"The @Doritos #SuperBowl commercial featured #WomenInSTEM

Here’s 105 more…via @Flipgrid 

#1000STEMWomen 

1000stemwomen.wixsite.com/home",14,2,2022
https://twitter.com/KaysGramma/status/1493017552628424715,2022-02-14 00:21:38+00:00,1493017552628424715,My favorite #SuperBowlCommercial so far!!  #SuperBowl  #FlaminHot #Doritos https://t.co/XyEzGCIj7X,1,0,4,KaysGramma,🇺🇸Jackie S 🇺🇦🙏🏻4️⃣☮️,1795,1750,"My favorite #SuperBowlCommercial so far!!

#SuperBowl 
#FlaminHot #Doritos twitter.com/NerdsSocialClu…",14,2,2022
https://twitter.com/PunchinelloSaid/status/1493017485930647552,2022-02-14 00:21:22+00:00,1493017485930647552,I’m sorry but nothing beats the Doritos superbowl  commercial with that little boy slapping the shit outta his momma new man 😂,4,0,8,PunchinelloSaid,Toph Beifong ™,603,1031,I’m sorry but nothing beats the Doritos superbowl  commercial with that little boy slapping the shit outta his momma new man 😂,14,2,2022
https://twitter.com/DanaHoltzbert/status/1493017183148036102,2022-02-14 00:20:10+00:00,1493017183148036102,"No matter how many ads Doritos does, this will always be their best. I know @WriterComicNYer agrees with me. #SuperBowl  https://t.co/RjbuVryP9X",1,1,1,DanaHoltzbert,Dana Holtzbert,279,219,"No matter how many ads Doritos does, this will always be their best. I know @WriterComicNYer agrees with me. #SuperBowl 
youtube.com/watch?v=XPeX6n…",14,2,2022
https://twitter.com/JasonFrazerTV/status/1493017112893440001,2022-02-14 00:19:53+00:00,1493017112893440001,Thank you @Doritos for the funny commercial. You're becoming the Old and Faithful for great commercials during the #Superbowl    each year. #NFL https://t.co/KSas1nNiTa,2,0,7,JasonFrazerTV,☀️🌦 Jason Frazer ⚡️❄️,5690,1162,Thank you @Doritos for the funny commercial. You're becoming the Old and Faithful for great commercials during the #Superbowl    each year. #NFL https://t.co/KSas1nNiTa,14,2,2022
https://twitter.com/_SanchezSabrina/status/1493017063455080455,2022-02-14 00:19:41+00:00,1493017063455080455,And of course @Doritos and @ChesterCheetah with National Geographic caliber images of the wild. #SuperBowl @CampaignLiveUS @PRWeekUS,1,0,0,_SanchezSabrina,Sabrina Sanchez ☕️,768,1333,And of course @Doritos and @ChesterCheetah with National Geographic caliber images of the wild. #SuperBowl @CampaignLiveUS @PRWeekUS,14,2,2022
https://twitter.com/juliemynette/status/1493017055007690752,2022-02-14 00:19:39+00:00,1493017055007690752,@Doritos 🔥 🦥 and beat-boxing 🦊 for the 🏆 #SuperBowl,1,0,2,juliemynette,Dr. Julie Siebel,114,463,@Doritos 🔥 🦥 and beat-boxing 🦊 for the 🏆 #SuperBowl,14,2,2022
https://twitter.com/Thinkingpowers/status/1493017020148985856,2022-02-14 00:19:31+00:00,1493017020148985856,"The #SuperBowl #Doritos #Commercial is bothering me, not because of the twerking bear or the dancing sloth, but because of the collection of animals they chose wouldn’t live in the same geographic location.  #AnnoyedBiologist",1,1,9,Thinkingpowers,Thinking Is Power,4103,464,"The #SuperBowl #Doritos #Commercial is bothering me, not because of the twerking bear or the dancing sloth, but because of the collection of animals they chose wouldn’t live in the same geographic location.

#AnnoyedBiologist",14,2,2022
https://twitter.com/StudioHouseTeam/status/1493017005825437703,2022-02-14 00:19:27+00:00,1493017005825437703,Favorite commercial from the 1st quarter? We’re leaning towards Doritos and the clever Coinstar spot because that music was amazing! #Superbowl cc @AlexPorter82 @HeyElmer,1,0,1,StudioHouseTeam,StudioHouseCreative,4,21,Favorite commercial from the 1st quarter? We’re leaning towards Doritos and the clever Coinstar spot because that music was amazing! #Superbowl cc @AlexPorter82 @HeyElmer,14,2,2022
https://twitter.com/MrBillSD/status/1493016913730961411,2022-02-14 00:19:05+00:00,1493016913730961411,Mayor of Chicago in a #doritos commercial? #SuperBowl https://t.co/ToP1ZGKlui,1,2,9,MrBillSD,MrBill 💯 🇺🇲 🗽,138,49,"Mayor of Chicago in a #doritos commercial?
#SuperBowl https://t.co/ToP1ZGKlui",14,2,2022
https://twitter.com/RayHudson/status/1493016719329304579,2022-02-14 00:18:19+00:00,1493016719329304579,"stupendously magnificent commercial from #doritos  ....best so far,by a million miles!!!  that would make an onion cry🤣🤣🤣.....magesteeeeerial!  #Superbowl #NFL #LARams",4,8,121,RayHudson,Ray Hudson,159021,26607,"stupendously magnificent commercial from #doritos 
....best so far,by a million miles!!!  that would make an onion cry🤣🤣🤣.....magesteeeeerial!

#Superbowl #NFL #LARams",14,2,2022
https://twitter.com/WHOTheBckstreet/status/1493016661833752581,2022-02-14 00:18:05+00:00,1493016661833752581,Throwing it back to 2019 and our favorite #SuperBowl commercial of all time!   #backstreetboys #doritos #chancetherapper #SuperBowlCommercial @backstreetboys https://t.co/6KZgOZkR9v,52,9,357,WHOTheBckstreet,What Happens On The Backstreet,17125,2509,"Throwing it back to 2019 and our favorite #SuperBowl commercial of all time! 

#backstreetboys #doritos #chancetherapper #SuperBowlCommercial @backstreetboys https://t.co/6KZgOZkR9v",14,2,2022
https://twitter.com/JimmyPatronis/status/1493016631059959809,2022-02-14 00:17:58+00:00,1493016631059959809,.@Doritos AD was the best @SuperBowl commercial yet.,1,6,19,JimmyPatronis,Jimmy Patronis,25787,4444,.@Doritos AD was the best @SuperBowl commercial yet.,14,2,2022
https://twitter.com/wittykitty47/status/1493016622675734537,2022-02-14 00:17:56+00:00,1493016622675734537,Kudos to #Doritos. That ad was hilarious!😂😂#SuperBowl,1,1,12,wittykitty47,Janer Dee 🇺🇦💛🌻💙,1461,3939,Kudos to #Doritos. That ad was hilarious!😂😂#SuperBowl,14,2,2022
https://twitter.com/Aracelv1/status/1493016614836621312,2022-02-14 00:17:54+00:00,1493016614836621312,The sloth running off with the bag of Doritos is so me 😂 #SuperBowl,1,0,2,Aracelv1,Araceli Villanueva,862,1289,The sloth running off with the bag of Doritos is so me 😂 #SuperBowl,14,2,2022
https://twitter.com/HouseCracka/status/1493016569970110464,2022-02-14 00:17:43+00:00,1493016569970110464,So far the @Doritos commercial is our favorite. #SuperBowl,1,1,4,HouseCracka,Oligarch Kabuki 🐻,40879,29059,So far the @Doritos commercial is our favorite. #SuperBowl,14,2,2022
https://twitter.com/senatorjallen/status/1493016530082316290,2022-02-14 00:17:34+00:00,1493016530082316290,Enjoyed the Doritos Ad #SuperBowlSunday #SuperBowlCommercials #superbowl,1,0,2,senatorjallen,Jason Allen,1140,1203,Enjoyed the Doritos Ad #SuperBowlSunday #SuperBowlCommercials #superbowl,14,2,2022
https://twitter.com/davechensky/status/1493016505985814528,2022-02-14 00:17:28+00:00,1493016505985814528,By far the best part of the Doritos #SuperBowl Ad is the disclaimer at the bottom saying “Do Not Feed To Animals.” Even Doritos understands that their “food” is barely non-toxic to most creatures of nature  https://t.co/YasB0gXwfl,1,0,21,davechensky,David Chen,39141,2036,By far the best part of the Doritos #SuperBowl Ad is the disclaimer at the bottom saying “Do Not Feed To Animals.” Even Doritos understands that their “food” is barely non-toxic to most creatures of nature  https://t.co/YasB0gXwfl,14,2,2022
https://twitter.com/HalaAyala/status/1493016464852492290,2022-02-14 00:17:18+00:00,1493016464852492290,@Doritos for the win with Salt-N-Pepa!  #SuperBowl,1,1,2,HalaAyala,Hala Ayala,33413,536,"@Doritos for the win with Salt-N-Pepa! 
#SuperBowl",14,2,2022
https://twitter.com/metalmouthnerd/status/1493016453498511361,2022-02-14 00:17:16+00:00,1493016453498511361,Flamin’ Hot Cheetos/Doritos is now my favorite commercial. #SuperbOwl,1,0,1,metalmouthnerd,dustin the wind (sometimes),1631,950,Flamin’ Hot Cheetos/Doritos is now my favorite commercial. #SuperbOwl,14,2,2022
https://twitter.com/RothsReviews/status/1493016392374882310,2022-02-14 00:17:01+00:00,1493016392374882310,Doritos is one of the 🐐s of #Superbowl ads.,2,0,3,RothsReviews,Andrew Roth+,584,1677,Doritos is one of the 🐐s of #Superbowl ads.,14,2,2022
https://twitter.com/RocioInOC/status/1493016387807178755,2022-02-14 00:17:00+00:00,1493016387807178755,Loved it @Doritos and @ChesterCheetah ! New product debuts with a kick of humor! #SuperBowl #brandbowl #adbowl #marketingtwitter #marketing #advertising #doritos #cheetos #pushit,1,0,4,RocioInOC,Rocio Castrillon,440,1097,Loved it @Doritos and @ChesterCheetah ! New product debuts with a kick of humor! #SuperBowl #brandbowl #adbowl #marketingtwitter #marketing #advertising #doritos #cheetos #pushit,14,2,2022
https://twitter.com/KwikWarren/status/1493016366214963203,2022-02-14 00:16:55+00:00,1493016366214963203,Great commercial with the sloth and other animals eating the Flamin’ Hot Doritos and Cheetos! #SuperBowl,9,11,78,KwikWarren,Kenny BooYah! 🖖🏾,61620,55827,Great commercial with the sloth and other animals eating the Flamin’ Hot Doritos and Cheetos! #SuperBowl,14,2,2022
https://twitter.com/OVeezyy/status/1493016365304885249,2022-02-14 00:16:55+00:00,1493016365304885249,These SuperBowl commercials have been boring.. except the Doritos one though,1,0,0,OVeezyy,Orlando Valentino,729,987,These SuperBowl commercials have been boring.. except the Doritos one though,14,2,2022
https://twitter.com/Grimbers78/status/1493016343527903234,2022-02-14 00:16:49+00:00,1493016343527903234,Doritos ads are always the best in the #SuperBowl,1,1,4,Grimbers78,Vicki Grimbley,925,2793,Doritos ads are always the best in the #SuperBowl,14,2,2022
https://twitter.com/NerdsSocialClub/status/1493016252536786950,2022-02-14 00:16:28+00:00,1493016252536786950,Here’s the #Doritos ad for #SuperBowl    https://t.co/zWMe65dDzs,86,12,488,NerdsSocialClub,Nerds Social Club,3648,3120,"Here’s the #Doritos ad for #SuperBowl 

 https://t.co/zWMe65dDzs",14,2,2022
https://twitter.com/EnriqueSports/status/1493016243590164482,2022-02-14 00:16:26+00:00,1493016243590164482,#ExpressPoll: Which TV commercial was best in the sixth break of the first quarter (end of quarter)?#SuperBowl #Rams #Bengals #NFL #Doritos #MetaQuest #Nope,1,1,3,EnriqueSports,Enrique A. Gutiérrez,2322,917,#ExpressPoll: Which TV commercial was best in the sixth break of the first quarter (end of quarter)?#SuperBowl #Rams #Bengals #NFL #Doritos #MetaQuest #Nope,14,2,2022
https://twitter.com/avinash/status/1493016223394582529,2022-02-14 00:16:21+00:00,1493016223394582529,#SuperBowl #ad #ratings 1/x  McDonalds (Kanye): 7 Turbotax: 8 Toyota: 5 Squarespace: 6 Verizon (Dolly): 5 Rakuten: 5 Etrade: 4: Expedia: 5 Budlight Next: 3 Draftkings: 2 BMW IS: 6 Carvana: 6 Hologic: 3 Coinbase: 1 Peacock (Goal): 4 Doritos: 3 Metaverse: 1  1=0 4=meh 10=PROFITS!,2,5,9,avinash,Avinash Kaushik,186458,88,"#SuperBowl #ad #ratings 1/x

McDonalds (Kanye): 7
Turbotax: 8
Toyota: 5
Squarespace: 6
Verizon (Dolly): 5
Rakuten: 5
Etrade: 4:
Expedia: 5
Budlight Next: 3
Draftkings: 2
BMW IS: 6
Carvana: 6
Hologic: 3
Coinbase: 1
Peacock (Goal): 4
Doritos: 3
Metaverse: 1

1=0 4=meh 10=PROFITS!",14,2,2022
https://twitter.com/CareyOndre/status/1493016211390611456,2022-02-14 00:16:18+00:00,1493016211390611456,Me seeing flaming hot Cheetos and Doritos link up to bring us greatness during this commercial #SuperBowl https://t.co/f9tEkfu81Y,3,1,21,CareyOndre,Carey Ondre Smith Jr,114,112,Me seeing flaming hot Cheetos and Doritos link up to bring us greatness during this commercial #SuperBowl https://t.co/f9tEkfu81Y,14,2,2022
https://twitter.com/tvfan2001/status/1493016196001660929,2022-02-14 00:16:14+00:00,1493016196001660929,Okay that @Doritos / Cheetos commercial with the animals singing along to Salt 'n Peppa is my favorite so far. #SuperBowl,3,0,5,tvfan2001,TV Lover,10,416,Okay that @Doritos / Cheetos commercial with the animals singing along to Salt 'n Peppa is my favorite so far. #SuperBowl,14,2,2022
https://twitter.com/tartecosmetics/status/1493016182256984064,2022-02-14 00:16:11+00:00,1493016182256984064,.@Doritos if you bring back Doritos 3D we’ll bring back cheek stain #superbowl #sblvi,2,3,22,tartecosmetics,tartecosmetics,915055,504,.@Doritos if you bring back Doritos 3D we’ll bring back cheek stain #superbowl #sblvi,14,2,2022
https://twitter.com/RobConnett1/status/1493016178381438981,2022-02-14 00:16:10+00:00,1493016178381438981,"Okay, Doritos animals beatboxing ""Push It"" moves to 1st. 😂👏🏼 #SuperBowl",1,0,2,RobConnett1,Rob Connett,2417,4028,"Okay, Doritos animals beatboxing ""Push It"" moves to 1st. 😂👏🏼 #SuperBowl",14,2,2022
https://twitter.com/_RoyalThighness/status/1493016130012733441,2022-02-14 00:15:58+00:00,1493016130012733441,I thought the Doritos commercial would be better. #SuperBowl,1,0,1,_RoyalThighness,Bailey McKendry,21,79,I thought the Doritos commercial would be better. #SuperBowl,14,2,2022
https://twitter.com/lt4agreements/status/1493016082206142470,2022-02-14 00:15:47+00:00,1493016082206142470,My doggies got all worked up over the Doritos Cheetos ad 😂   #SuperBowl,1,3,17,lt4agreements,Avatar supports Ukraine 🇺🇦🏳️‍🌈🇵🇷🙌🏽,18306,17790,"My doggies got all worked up over the Doritos Cheetos ad 😂 

#SuperBowl",14,2,2022
https://twitter.com/DreadsAndBooze/status/1493016057904312322,2022-02-14 00:15:41+00:00,1493016057904312322,Doritos and Bud Light always show out for the #Superbowl,1,0,0,DreadsAndBooze,🥃I NEVER LIKED YOU🥃,3278,3389,Doritos and Bud Light always show out for the #Superbowl,14,2,2022
https://twitter.com/soundwave803/status/1493016054435622913,2022-02-14 00:15:40+00:00,1493016054435622913,Doritos got the Animals lit to Salt N Pepa #SuperBowl,1,0,2,soundwave803,Metroplex Boomin,680,1467,Doritos got the Animals lit to Salt N Pepa #SuperBowl,14,2,2022
https://twitter.com/chitowninvestor/status/1493016017752231936,2022-02-14 00:15:32+00:00,1493016017752231936,And @Doritos for the win. Always good. Never disappoints. #SuperBowl #SuperBowlCommercial,1,0,0,chitowninvestor,AP,3,114,And @Doritos for the win. Always good. Never disappoints. #SuperBowl #SuperBowlCommercial,14,2,2022
https://twitter.com/DanielleDozier/status/1493015989054849027,2022-02-14 00:15:25+00:00,1493015989054849027,"OK, the @Doritos @ChesterCheetah commercial with the animals is my favorite so far. Did you see how fast that sloth moved? 🤣 #Superbowl",1,2,15,DanielleDozier,Danielle Dozier News 19,15013,587,"OK, the @Doritos @ChesterCheetah commercial with the animals is my favorite so far. Did you see how fast that sloth moved? 🤣 #Superbowl",14,2,2022
https://twitter.com/chim0m/status/1493015975662399488,2022-02-14 00:15:22+00:00,1493015975662399488,Why is Lori Lightfoot in a Doritos #SuperBowl commercial?,2,4,15,chim0m,Nancy Drew,1726,998,Why is Lori Lightfoot in a Doritos #SuperBowl commercial?,14,2,2022
https://twitter.com/DIVEDEEPINSIDE/status/1493015965201833984,2022-02-14 00:15:19+00:00,1493015965201833984,I'm buying more @Doritos now so far best commercial!!!  #SuperBowl Lead,1,0,1,DIVEDEEPINSIDE,Consciousness Awakening,1224,452,"I'm buying more @Doritos now so far best commercial!!!

#SuperBowl Lead",14,2,2022
https://twitter.com/advocaczi/status/1493015938425311232,2022-02-14 00:15:13+00:00,1493015938425311232,Doritos and Flamin hot… boy o boy is 7/11 getting busy later tonight!   Can’t resist a fast sloth too!   #SuperBowl #SuperBowlAd #SuperBowlAds #MarketingTwitter,1,0,1,advocaczi,Alexander Ferenczi,93,166,"Doritos and Flamin hot… boy o boy is 7/11 getting busy later tonight! 

Can’t resist a fast sloth too! 

#SuperBowl #SuperBowlAd #SuperBowlAds
#MarketingTwitter",14,2,2022
https://twitter.com/jbdd1293/status/1493015930384699393,2022-02-14 00:15:11+00:00,1493015930384699393,This doritos commercial is the best so far #SuperBowl #SuperBowlLVI,1,0,0,jbdd1293,Jasmine Black,249,500,"This doritos commercial is the best so far
#SuperBowl #SuperBowlLVI",14,2,2022
https://twitter.com/JustJared/status/1493015913100034050,2022-02-14 00:15:07+00:00,1493015913100034050,Those were some famous voices in the Doritos and Cheetos #SuperBowl commercial! https://t.co/U59TbRphQv,3,0,5,JustJared,JustJared.com,729151,2931,Those were some famous voices in the Doritos and Cheetos #SuperBowl commercial! justjared.com/2022/02/13/dor…,14,2,2022
https://twitter.com/CardinalsMisery/status/1493015900798263302,2022-02-14 00:15:04+00:00,1493015900798263302,Doritos ALWAYS has good super bowl commercials #Superbowl,1,1,0,CardinalsMisery,🫠 Misery 🫤(13-9)💙💛🏒,1421,2540,Doritos ALWAYS has good super bowl commercials #Superbowl,14,2,2022
https://twitter.com/merkfermatoe/status/1493015897535090690,2022-02-14 00:15:03+00:00,1493015897535090690,Didn’t know sloths could be that fast 😂 #Doritos #SuperBowl,1,1,2,merkfermatoe,matt kunselman 🇺🇦,552,3697,Didn’t know sloths could be that fast 😂 #Doritos #SuperBowl,14,2,2022
https://twitter.com/Adweek/status/1493015879772262401,2022-02-14 00:14:59+00:00,1493015879772262401,🎶 Oh baby baby 🎶 We can recognize @theestallion's voice anywhere.   This is the first time in #SuperBowl history that the Flamin’ Hot snack line has its own in-game spot featuring both the Doritos and Cheetos brands. https://t.co/AlqFEBqD6w https://t.co/rb8iuWHIg8,8,0,32,Adweek,Adweek,688971,26488,"🎶 Oh baby baby 🎶 We can recognize @theestallion's voice anywhere. 

This is the first time in #SuperBowl history that the Flamin’ Hot snack line has its own in-game spot featuring both the Doritos and Cheetos brands. adweek.it/3uiNwJy https://t.co/rb8iuWHIg8",14,2,2022
https://twitter.com/Danny_Salamon/status/1493015871471636480,2022-02-14 00:14:57+00:00,1493015871471636480,Doritos always has an awesome Super Bowl commercial #SuperBowl,1,0,0,Danny_Salamon,Danny Salamon,72,230,Doritos always has an awesome Super Bowl commercial #SuperBowl,14,2,2022
https://twitter.com/jtrain56/status/1493015861602361348,2022-02-14 00:14:54+00:00,1493015861602361348,"That Doritos commercial was basically like, “We have cocaine flavored chips now.” #SuperBowl",3,0,69,jtrain56,Jared Freid,48861,1128,"That Doritos commercial was basically like, “We have cocaine flavored chips now.” #SuperBowl",14,2,2022
https://twitter.com/Tedashii/status/1493015853197148162,2022-02-14 00:14:52+00:00,1493015853197148162,"Ok, @Doritos with the best commercial so far.🤣🤣🤣 #superbowl #SuperBowlCommercials",6,5,75,Tedashii,Tedashii,180539,1458,"Ok, @Doritos with the best commercial so far.🤣🤣🤣 #superbowl #SuperBowlCommercials",14,2,2022
https://twitter.com/_RoNior/status/1493015846591021061,2022-02-14 00:14:51+00:00,1493015846591021061,Doritos stay with the best #SuperBowl  commercials 😂,2,0,4,_RoNior,RoRo .,2311,984,Doritos stay with the best #SuperBowl  commercials 😂,14,2,2022
https://twitter.com/KaliBali87/status/1493015840198778880,2022-02-14 00:14:49+00:00,1493015840198778880,Lol the animals in the Doritos/Hot cheats commercial 🤣 #SuperBowl #commercials,1,0,2,KaliBali87,Kali,478,720,Lol the animals in the Doritos/Hot cheats commercial 🤣 #SuperBowl #commercials,14,2,2022
https://twitter.com/ViewsWithLulu/status/1493015820640808964,2022-02-14 00:14:45+00:00,1493015820640808964,"that @Doritos @ChesterCheetah commercial was just like their chips, tasteful and fun #superbowlads #SuperBowl #SuperBowlLVI #doritos @Adweek",1,0,3,ViewsWithLulu,Amie,142,774,"that @Doritos @ChesterCheetah commercial was just like their chips, tasteful and fun #superbowlads #SuperBowl #SuperBowlLVI #doritos @Adweek",14,2,2022
https://twitter.com/ADT/status/1493015808599105537,2022-02-14 00:14:42+00:00,1493015808599105537,"we get it, we want to protect our @Doritos too   #SuperBowl #SuperBowlCommercials https://t.co/eij5si401p",1,2,14,ADT,ADT,49775,217,"we get it, we want to protect our @Doritos too 

#SuperBowl #SuperBowlCommercials https://t.co/eij5si401p",14,2,2022
https://twitter.com/sixpackjax/status/1493015806539616257,2022-02-14 00:14:41+00:00,1493015806539616257,Oh HELL YEAH SLOTHS! Great commercial.   #Doritos  #SuperBowl https://t.co/EOtdVrQdD1,8,4,72,sixpackjax,"Six Pack Jack, Esq. 🍺",1270,632,"Oh HELL YEAH SLOTHS! Great commercial. 

#Doritos 
#SuperBowl https://t.co/EOtdVrQdD1",14,2,2022
https://twitter.com/gletham/status/1493015793629470721,2022-02-14 00:14:38+00:00,1493015793629470721,Ooh baby baby... The Cheetos and Doritos commercial definitely is winning so far!! #SuperBowl,1,0,2,gletham,glenn letham,8124,4093,Ooh baby baby... The Cheetos and Doritos commercial definitely is winning so far!! #SuperBowl,14,2,2022
https://twitter.com/woodwardsports/status/1493015771534004236,2022-02-14 00:14:33+00:00,1493015771534004236,Doritos is the early clubhouse leader for ‘Best Commercial’. #SuperBowl,4,2,28,woodwardsports,Woodward Sports Network,26834,1406,Doritos is the early clubhouse leader for ‘Best Commercial’. #SuperBowl,14,2,2022
https://twitter.com/JimStengel/status/1493015763862568963,2022-02-14 00:14:31+00:00,1493015763862568963,"You can’t beat singing animals for engagement, but by incorporating two brands, both got a little lost in the jungle. @ChesterCheetah @Doritos   #superbowl",1,3,7,JimStengel,Jim Stengel,13828,1065,"You can’t beat singing animals for engagement, but by incorporating two brands, both got a little lost in the jungle. @ChesterCheetah @Doritos 

#superbowl",14,2,2022
https://twitter.com/caotk/status/1493015743893495815,2022-02-14 00:14:26+00:00,1493015743893495815,That was fucking awesome. Salt-N-Pepa with that Doritos commercial. #SuperBowl #SBLVI  #RamsHouse #RuleTheJungle #RuleItAll,1,0,0,caotk,K-Twizzle 🇺🇦,1962,3009,That was fucking awesome. Salt-N-Pepa with that Doritos commercial. #SuperBowl #SBLVI  #RamsHouse #RuleTheJungle #RuleItAll,14,2,2022
https://twitter.com/infamousblu5/status/1493015670350618628,2022-02-14 00:14:09+00:00,1493015670350618628,Doritos never disappoints SuperBowl time,1,0,2,infamousblu5,The Nigma Agenda #5,753,746,Doritos never disappoints SuperBowl time,14,2,2022
https://twitter.com/turbotax/status/1493015663912304643,2022-02-14 00:14:07+00:00,1493015663912304643,"Things we learned today from @Doritos @ChesterCheetah:  🦥 or 🦌 or 🐻 + Flamin' Hot = perfect match  To keep your screens 🔥-paw-print-free, get matched with one of our TurboTax Live experts &amp; let them do your taxes for you. #SBLVI #SuperBowl",13,7,39,turbotax,Intuit TurboTax,63204,927,"Things we learned today from @Doritos @ChesterCheetah: 
🦥 or 🦌 or 🐻 + Flamin' Hot = perfect match

To keep your screens 🔥-paw-print-free, get matched with one of our TurboTax Live experts &amp; let them do your taxes for you. #SBLVI #SuperBowl",14,2,2022
https://twitter.com/adage/status/1493015643335106562,2022-02-14 00:14:02+00:00,1493015643335106562,Frito-Lay’s Cheetos/Doritos #SuperBowl ad is one of those instances where the teaser turns out to be better than the commercial itself.,7,3,49,adage,Ad Age,1001959,73298,Frito-Lay’s Cheetos/Doritos #SuperBowl ad is one of those instances where the teaser turns out to be better than the commercial itself.,14,2,2022
https://twitter.com/partnardy/status/1493012112809107461,2022-02-14 00:00:01+00:00,1493012112809107461,"I hope the ad agency that did the @Doritos ad for the #SuperBowl wins an award, this is incredible work https://t.co/nf8uy3IUJl",1,0,5,partnardy,john r. buckle,358,1286,"I hope the ad agency that did the @Doritos ad for the #SuperBowl wins an award, this is incredible work https://t.co/nf8uy3IUJl",14,2,2022
https://twitter.com/itsbizkit/status/1493010728718114817,2022-02-13 23:54:31+00:00,1493010728718114817,My #superbowl commercial didn’t end well 🥲😩 @Doritos https://t.co/ZNqcEfyOEV,1,1,4,itsbizkit,ITSBIZKIT,35263,1618,My #superbowl commercial didn’t end well 🥲😩 @Doritos https://t.co/ZNqcEfyOEV,13,2,2022
https://twitter.com/theabbeyscott/status/1493007560311382016,2022-02-13 23:41:55+00:00,1493007560311382016,My SuperBowl Commercial for @Doritos and @JLo 🔥 #SuperBowl https://t.co/uDn0jDKfi5,1,0,7,theabbeyscott,Abbey Scott,5435,1662,My SuperBowl Commercial for @Doritos and @JLo 🔥 #SuperBowl https://t.co/uDn0jDKfi5,13,2,2022
https://twitter.com/kvdenkohai/status/1493007047117316096,2022-02-13 23:39:53+00:00,1493007047117316096,Forgive me. @TheRock @Doritos #SuperBowl https://t.co/lJEJdCh9cL,1,0,2,kvdenkohai,𝔎𝔞𝔱𝔥𝔢𝔯𝔦𝔫𝔢⁷,218,230,Forgive me. @TheRock @Doritos #SuperBowl https://t.co/lJEJdCh9cL,13,2,2022
https://twitter.com/Juicysteak117/status/1493005560697929728,2022-02-13 23:33:59+00:00,1493005560697929728,"i don't think i've watched a superbowl since i was a kid. i forgot that every single minute is like ""And now, we welcome the Doritos NBC T-Mobile American Excellency US Military Woman of the Year Sponsored By Disney and Presented By Ford Automobile Alongside Kanye West""",1,0,27,Juicysteak117,Katie Tightpussy,5996,433,"i don't think i've watched a superbowl since i was a kid. i forgot that every single minute is like ""And now, we welcome the Doritos NBC T-Mobile American Excellency US Military Woman of the Year Sponsored By Disney and Presented By Ford Automobile Alongside Kanye West""",13,2,2022
https://twitter.com/KatBoydRocks/status/1493004166263889923,2022-02-13 23:28:26+00:00,1493004166263889923,Bring it on! Super Bowl 56. #SuperBowl #doritos https://t.co/Q96wcWD9Pe,1,6,71,KatBoydRocks,Katherine Boyd,7633,592,Bring it on! Super Bowl 56. #SuperBowl #doritos https://t.co/Q96wcWD9Pe,13,2,2022
https://twitter.com/twodadstweeting/status/1493002758319796226,2022-02-13 23:22:50+00:00,1493002758319796226,This almost one pound #Doritos extra flavor block was found as we dumped into in our #SuperBowl bowl. Hey @Doritos Do we win a prize? https://t.co/cZJkP7opHz,1,1,0,twodadstweeting,Steve & Steve,12,12,This almost one pound #Doritos extra flavor block was found as we dumped into in our #SuperBowl bowl. Hey @Doritos Do we win a prize? https://t.co/cZJkP7opHz,13,2,2022
https://twitter.com/Just_in_time_17/status/1492997240675344394,2022-02-13 23:00:55+00:00,1492997240675344394,"Someone might want to ""check-in"" too with @Doritos and the way [THEY] do advertising? #HUMAnTrafficing is popular around @SuperBowl. [WHO] CONTROLS the #SuperbOWL The DEVIL wears [P]rada. [Y]'all ain't ready for this. #FlaminHot exposure. Enjoy the Half ""TIME"" SHOW. It's WICKED. https://t.co/EjSkTDZkZ3 https://t.co/exuf51LMgD",7,2,20,Just_in_time_17,Justin Time 🍊👀,9181,60,"Someone might want to ""check-in"" too with @Doritos and the way [THEY] do advertising?
#HUMAnTrafficing is popular around @SuperBowl.
[WHO] CONTROLS the #SuperbOWL
The DEVIL wears [P]rada.
[Y]'all ain't ready for this.
#FlaminHot exposure.
Enjoy the Half ""TIME"" SHOW.
It's WICKED. twitter.com/Doritos/status… https://t.co/exuf51LMgD",13,2,2022
https://twitter.com/wydhenal/status/1492985117739999232,2022-02-13 22:12:45+00:00,1492985117739999232,idk who needs to hear this but ur superbowl party is incomplete without purple bag doritos,1,0,3,wydhenal,hana ♡,1061,671,idk who needs to hear this but ur superbowl party is incomplete without purple bag doritos,13,2,2022
https://twitter.com/BluegrassRabbi/status/1492982899737513985,2022-02-13 22:03:56+00:00,1492982899737513985,"Some of you never convinced a Makolet on the Midrachov to stay open till 5 am, contingent on you and your friends spending 1000 shekel on Doritos, XL, eagle beer and goldshlagger so you could watch #brady get cheated in the #SuperBowl live with a local leading rabbi and it shows.",1,4,9,BluegrassRabbi,Rabbi S Litvin,3873,770,"Some of you never convinced a Makolet on the Midrachov to stay open till 5 am, contingent on you and your friends spending 1000 shekel on Doritos, XL, eagle beer and goldshlagger so you could watch #brady get cheated in the #SuperBowl live with a local leading rabbi and it shows.",13,2,2022
https://twitter.com/safegrenade/status/1492952359890300931,2022-02-13 20:02:34+00:00,1492952359890300931,"superbowl ads being a spectacle in and of themselves is fuckin ghoulish im sorry. the fact that ""only watching for the commercials"" is an established practice? hello? it's a doritos ad what's wrong with you",1,0,3,safegrenade,alice! (batteries not included),70,543,"superbowl ads being a spectacle in and of themselves is fuckin ghoulish im sorry. the fact that ""only watching for the commercials"" is an established practice? hello? it's a doritos ad what's wrong with you",13,2,2022
https://twitter.com/NikkiPittack/status/1492931299392331776,2022-02-13 18:38:53+00:00,1492931299392331776,I couldn’t wait until tonight to eat them🙊 @Doritos @ChesterCheetah @charlieputh @theestallion #FlaminHot  btw my mouth is on FIRE😂🔥 #SuperBowl https://t.co/h9jdSSX4QB,7,2,78,NikkiPittack,Nikki Pittack,134,193,I couldn’t wait until tonight to eat them🙊 @Doritos @ChesterCheetah @charlieputh @theestallion #FlaminHot  btw my mouth is on FIRE😂🔥 #SuperBowl https://t.co/h9jdSSX4QB,13,2,2022
https://twitter.com/JONDIMAKOPOULOS/status/1492903797613551621,2022-02-13 16:49:36+00:00,1492903797613551621,"i love superbowl commercials and i love @Doritos, so i made my own doritos superbowl commercial. https://t.co/AJcbl1f3aT",1,2,18,JONDIMAKOPOULOS,"❝𝕪𝕠𝕦𝕣𝕤 𝕥𝕣𝕦𝕝𝕪, 𝕕𝕚𝕞𝕠 ❞",751,749,"i love superbowl commercials and i love @Doritos, so i made my own doritos superbowl commercial. https://t.co/AJcbl1f3aT",13,2,2022
https://twitter.com/JonHuck/status/1492872679505862656,2022-02-13 14:45:57+00:00,1492872679505862656,"The Diet Coke ad from the 90’s where women watched a shirtless hunk dig a hole while they sipped sodas. Except it’s me, pantsless, eating chips while ladies pass by and dry heave. So, is it too late to submit a Doritos commercial for the Super Bowl? #SuperBowl",1,0,6,JonHuck,Jon Huck,4147,2250,"The Diet Coke ad from the 90’s where women watched a shirtless hunk dig a hole while they sipped sodas. Except it’s me, pantsless, eating chips while ladies pass by and dry heave. So, is it too late to submit a Doritos commercial for the Super Bowl? #SuperBowl",13,2,2022
https://twitter.com/videodang/status/1492867887857606660,2022-02-13 14:26:55+00:00,1492867887857606660,doritos super bowl commercial just leaked!!! #SuperBowl https://t.co/QIuKJldedX,6,1,20,videodang,DANG!,2455,17,doritos super bowl commercial just leaked!!! #SuperBowl https://t.co/QIuKJldedX,13,2,2022
https://twitter.com/TheOBR/status/1492859867018764293,2022-02-13 13:55:02+00:00,1492859867018764293,"Cleveland Browns: Kyler Murray? Christian Kirk? Free Agent Tampering? Cool Ranch Doritos? All Here, In This Week's Journey Without A Destination. #Browns #NFL #NFLDraft #SuperBowl #Cleveland #LarryKing https://t.co/DySKpAGSqG https://t.co/M98kpKljWx",2,0,1,TheOBR,Orange and Brown Rpt,31768,1684,"Cleveland Browns: Kyler Murray? Christian Kirk? Free Agent Tampering? Cool Ranch Doritos? All Here, In This Week's Journey Without A Destination. #Browns #NFL #NFLDraft #SuperBowl #Cleveland #LarryKing buff.ly/3Bgcw5Q https://t.co/M98kpKljWx",13,2,2022
