url,Datetime,Tweet Id,Text,Retweet Count,Reply Count,Like Count,Username,Display Name,Followers Count,Friends Count,Rendered Content,Day,Month,Year
https://twitter.com/billboard/status/1493310196743122944,2022-02-14 19:44:29+00:00,1493310196743122944,"From Megan’s ad for Flamin’ Hot Cheetos, to Miley Cyrus’ “charity” single for T-Mobile, which #SuperBowl commercial was your favorite?  https://t.co/OdoDGZbuZq",25,11,186,billboard,billboard,13603805,3444,"From Megan’s ad for Flamin’ Hot Cheetos, to Miley Cyrus’ “charity” single for T-Mobile, which #SuperBowl commercial was your favorite?  blbrd.cm/16DanyA",14,2,2022
https://twitter.com/DaddyWarpig/status/1493062093699903492,2022-02-14 03:18:37+00:00,1493062093699903492,"#SuperBowl  Ad Trends:  • Weak ads • Ads from nobody companies • About 20 T-Mobile ads • Celebrities Hollywood loves, but everybody else hates • Electric vehicles  The WTH:  • 30 seconds of a QR code? Really? • Eugene Levy kicking ass in an “action movie”",1,6,16,DaddyWarpig,Daddy Warpig,6458,1763,"#SuperBowl  Ad Trends:

• Weak ads
• Ads from nobody companies
• About 20 T-Mobile ads
• Celebrities Hollywood loves, but everybody else hates
• Electric vehicles

The WTH:

• 30 seconds of a QR code? Really?
• Eugene Levy kicking ass in an “action movie”",14,2,2022
https://twitter.com/Techlife32/status/1493060884947615744,2022-02-14 03:13:49+00:00,1493060884947615744,PSA !!! The 50% off that was shown in T-Mobile’s ad is 50% of the national average not 50% off you’re current internet bill.  #TMobile #SuperBowl #tmobilehomeinternet @TMobile,1,3,14,Techlife32,Tech life Channel,2229,448,PSA !!! The 50% off that was shown in T-Mobile’s ad is 50% of the national average not 50% off you’re current internet bill.  #TMobile #SuperBowl #tmobilehomeinternet @TMobile,14,2,2022
https://twitter.com/adage/status/1493044738559205379,2022-02-14 02:09:39+00:00,1493044738559205379,"Ad Age gives T-Mobile's ""Scrubs"" #SuperBowl ad 2.5/5 stars: ""It’s T-Mobile’s way of hyping its 5G home internet service and it’s, well, fun in a low-key, unmemorable way. And that’s about it. If you’re a “Scrubs” fan, maybe that’s enough?""",1,3,15,adage,Ad Age,1001960,73298,"Ad Age gives T-Mobile's ""Scrubs"" #SuperBowl ad 2.5/5 stars: ""It’s T-Mobile’s way of hyping its 5G home internet service and it’s, well, fun in a low-key, unmemorable way. And that’s about it. If you’re a “Scrubs” fan, maybe that’s enough?""",14,2,2022
https://twitter.com/people/status/1493044542387462144,2022-02-14 02:08:52+00:00,1493044542387462144,Zach Braff and Donald Faison Have a Musical Scrubs Reunion in T-Mobile's #SuperBowl Ad https://t.co/NgKGTg24qb,41,11,609,people,People,7728783,1704,Zach Braff and Donald Faison Have a Musical Scrubs Reunion in T-Mobile's #SuperBowl Ad people.com/tv/zach-braff-…,14,2,2022
https://twitter.com/TVLine/status/1493044277802422277,2022-02-14 02:07:49+00:00,1493044277802422277,"The guy love is palpable in T-Mobile's #SuperBowl commercial, which doubles as a #Scrubs reunion between Zach Braff and Donald Faison: https://t.co/3NTmJgl9oB https://t.co/srQJkUSXNJ",4,1,44,TVLine,TVLine.com,170311,125,"The guy love is palpable in T-Mobile's #SuperBowl commercial, which doubles as a #Scrubs reunion between Zach Braff and Donald Faison: tvline.com/lists/super-bo… https://t.co/srQJkUSXNJ",14,2,2022
https://twitter.com/thetechxtremist/status/1493039726898470913,2022-02-14 01:49:44+00:00,1493039726898470913,T-MOBILE HOME INTERNET holding up very well during the Super Bowl!  #SuperBowl #TMobile https://t.co/QL8qjN4icm,2,2,21,thetechxtremist,The Techxtremist,812,227,"T-MOBILE HOME INTERNET holding up very well during the Super Bowl!

#SuperBowl #TMobile https://t.co/QL8qjN4icm",14,2,2022
https://twitter.com/MJdowntheshore/status/1493034082887950343,2022-02-14 01:27:19+00:00,1493034082887950343,Dolly and Miley for T-Mobile . I just kissed my T-Mobile free phone to celebrate.  #SuperBowl  #SuperBowlLVI,1,0,1,MJdowntheshore,MJdowntheshore,12891,14167,"Dolly and Miley for T-Mobile . I just kissed my T-Mobile free phone to celebrate.

#SuperBowl 
#SuperBowlLVI",14,2,2022
https://twitter.com/Network_Martha/status/1493025802123759616,2022-02-14 00:54:24+00:00,1493025802123759616,@thayesnet @SuperBowl @TMobile @Verizon Who's house is it? Can you say T-Mobile!!,1,0,6,Network_Martha,Martha Ventura,272,122,@thayesnet @SuperBowl @TMobile @Verizon Who's house is it? Can you say T-Mobile!!,14,2,2022
https://twitter.com/people/status/1493025198739709953,2022-02-14 00:52:01+00:00,1493025198739709953,"Dolly Parton, Miley Cyrus Say 'Do It for the Phones' in Two New T-Mobile #SuperBowl Commercials https://t.co/7sy0nX7Uq6",55,3,262,people,People,7728783,1704,"Dolly Parton, Miley Cyrus Say 'Do It for the Phones' in Two New T-Mobile #SuperBowl Commercials people.com/music/super-bo…",14,2,2022
https://twitter.com/MenoxMusic/status/1493023795795218432,2022-02-14 00:46:26+00:00,1493023795795218432,"Very funny “We Are The World”-inspired “Let’s do it for the phones” spot from T-Mobile, Dolly Parton and Miley Cyrus. #adspots #SuperBowl #SuperBowlLVI",2,0,5,MenoxMusic,♫ Menox ♫,2196,4479,"Very funny “We Are The World”-inspired “Let’s do it for the phones” spot from T-Mobile, Dolly Parton and Miley Cyrus. #adspots #SuperBowl #SuperBowlLVI",14,2,2022
https://twitter.com/rhenz17/status/1493023143987847169,2022-02-14 00:43:51+00:00,1493023143987847169,Miley Cyrus #SuperBowl T-Mobile commercial #SuperBowlLVI #DoItForThePhones https://t.co/NsreGu6EDp,1,0,0,rhenz17,RHENZ,507,120,Miley Cyrus #SuperBowl T-Mobile commercial #SuperBowlLVI #DoItForThePhones https://t.co/NsreGu6EDp,14,2,2022
https://twitter.com/hqlrzk/status/1493023088233320448,2022-02-14 00:43:37+00:00,1493023088233320448,Miley’s t-mobile spot at the superbowl was an epitome of throwing shade 😂😂😂,2,0,1,hqlrzk,Haiqal Razak,103,124,Miley’s t-mobile spot at the superbowl was an epitome of throwing shade 😂😂😂,14,2,2022
https://twitter.com/JoseMorga9/status/1493022979026001923,2022-02-14 00:43:11+00:00,1493022979026001923,No wonder my T-mobile bill went up last month! They paid two #SuperBowl commercials 🤣,1,0,3,JoseMorga9,Jose Morga,70,203,No wonder my T-mobile bill went up last month! They paid two #SuperBowl commercials 🤣,14,2,2022
https://twitter.com/GHalv/status/1493022432785059845,2022-02-14 00:41:01+00:00,1493022432785059845,Shame on @DollyParton -- that T-mobile ad was PATHETIC.  #SuperbowlSunday #SuperBowl #SuperBowlLVI #superbowlads,1,0,1,GHalv,God Bless Texas,1481,810,"Shame on @DollyParton -- that T-mobile ad was PATHETIC.

#SuperbowlSunday #SuperBowl #SuperBowlLVI #superbowlads",14,2,2022
https://twitter.com/heyitsanika/status/1493022432214630401,2022-02-14 00:41:01+00:00,1493022432214630401,"Dolly Parton and Miley Cyrus for T-Mobile was a great pairing, as was Jennifer Coolidge and co. for Uber Eats #SuperBowl",2,1,1,heyitsanika,Anika Reed,4153,1596,"Dolly Parton and Miley Cyrus for T-Mobile was a great pairing, as was Jennifer Coolidge and co. for Uber Eats #SuperBowl",14,2,2022
https://twitter.com/iMajorWish/status/1493022365462183946,2022-02-14 00:40:45+00:00,1493022365462183946,Ain’t no way in the world I’m getting T-Mobile as my mobile provider lol #SuperBowl,1,0,6,iMajorWish,Rev. James “Major” Woodall,11629,7745,Ain’t no way in the world I’m getting T-Mobile as my mobile provider lol #SuperBowl,14,2,2022
https://twitter.com/ohmyskylar/status/1493022313477980164,2022-02-14 00:40:33+00:00,1493022313477980164,There’s no way Miley Cyrus has T-Mobile #SuperBowl,1,0,7,ohmyskylar,Skylar Cleveland,491,244,There’s no way Miley Cyrus has T-Mobile #SuperBowl,14,2,2022
https://twitter.com/PirateCoop/status/1493022224017764358,2022-02-14 00:40:11+00:00,1493022224017764358,T-Mobile paying for a #SuperBowl commercial slot when they need to be putting more towers up.,3,0,15,PirateCoop,Chris Cooper,2959,3415,T-Mobile paying for a #SuperBowl commercial slot when they need to be putting more towers up.,14,2,2022
https://twitter.com/HollywoodLife/status/1493012133902172166,2022-02-14 00:00:06+00:00,1493012133902172166,Two queens! Dolly Parton &amp; Miley Cyrus unite for T-Mobile's #SuperBowl commercial https://t.co/4c3EoETS8E https://t.co/uP4OBLSHn6,3,1,36,HollywoodLife,HollywoodLife,334934,4320,Two queens! Dolly Parton &amp; Miley Cyrus unite for T-Mobile's #SuperBowl commercial hollywood.li/5XkINwW https://t.co/uP4OBLSHn6,14,2,2022
https://twitter.com/CmFdMy/status/1493010665208004609,2022-02-13 23:54:16+00:00,1493010665208004609,"That it just showing the potential that T-Mobile can do nationwide...  Comon' @TMobile you've the possibility to do that everywhere, not only at the @SuperBowl https://t.co/rFsDZDbnp8",5,2,15,CmFdMy,ChaimFdMy,84,127,"That it just showing the potential that T-Mobile can do nationwide...

Comon' @TMobile you've the possibility to do that everywhere, not only at the @SuperBowl twitter.com/thayesnet/stat…",13,2,2022
https://twitter.com/Adweek/status/1493009968919891972,2022-02-13 23:51:30+00:00,1493009968919891972,"T-MOBILE ""PSA"": It's OK to love Dolly Parton and not love this muddled ad. (Great delivery of ""I have my own theme park,"" though.) #BigGameReviews #SuperBowl https://t.co/vchzbbBA60",1,2,23,Adweek,Adweek,688972,26488,"T-MOBILE ""PSA"": It's OK to love Dolly Parton and not love this muddled ad. (Great delivery of ""I have my own theme park,"" though.) #BigGameReviews #SuperBowl https://t.co/vchzbbBA60",13,2,2022
https://twitter.com/TVLine/status/1493008375914893317,2022-02-13 23:45:10+00:00,1493008375914893317,Dolly Parton and Miley Cyrus team on T-Mobile #SuperBowl ad: https://t.co/s8fTEarL4h https://t.co/bLrnt10t3U,5,1,45,TVLine,TVLine.com,170311,125,Dolly Parton and Miley Cyrus team on T-Mobile #SuperBowl ad: tvline.com/lists/super-bo… https://t.co/bLrnt10t3U,13,2,2022
https://twitter.com/KRADeC/status/1493008046557126657,2022-02-13 23:43:51+00:00,1493008046557126657,Dolly Parton is sufficiently great and noble that I don't care that she did a dumb T-Mobile commercial..........  #SuperBowl,1,1,11,KRADeC,Keith R.A. DeCandido,3759,682,"Dolly Parton is sufficiently great and noble that I don't care that she did a dumb T-Mobile commercial..........

#SuperBowl",13,2,2022
https://twitter.com/MaxPrestonTV/status/1493007759473840133,2022-02-13 23:42:43+00:00,1493007759473840133,This Dolly Parton and Miley Cyrus T-Mobile set of commercials is about to be wild I’m sure. 😂 #SuperBowl,1,1,9,MaxPrestonTV,Max Preston,1458,769,This Dolly Parton and Miley Cyrus T-Mobile set of commercials is about to be wild I’m sure. 😂 #SuperBowl,13,2,2022
https://twitter.com/AdamBlickstein/status/1493007734719094787,2022-02-13 23:42:37+00:00,1493007734719094787,"How did they not make a ""working 9 to 5G"" joke on that Dolly Parton T-Mobile ad? #SuperBowl",2,0,13,AdamBlickstein,Adam Blickstein,14421,2831,"How did they not make a ""working 9 to 5G"" joke on that Dolly Parton T-Mobile ad? #SuperBowl",13,2,2022
https://twitter.com/Juicysteak117/status/1493005560697929728,2022-02-13 23:33:59+00:00,1493005560697929728,"i don't think i've watched a superbowl since i was a kid. i forgot that every single minute is like ""And now, we welcome the Doritos NBC T-Mobile American Excellency US Military Woman of the Year Sponsored By Disney and Presented By Ford Automobile Alongside Kanye West""",1,0,27,Juicysteak117,Katie Tightpussy,5996,433,"i don't think i've watched a superbowl since i was a kid. i forgot that every single minute is like ""And now, we welcome the Doritos NBC T-Mobile American Excellency US Military Woman of the Year Sponsored By Disney and Presented By Ford Automobile Alongside Kanye West""",13,2,2022
https://twitter.com/PlmpChickWrites/status/1492866907740979202,2022-02-13 14:23:01+00:00,1492866907740979202,"All the way resurrected! 🔥💀🤣❤️🔥 #DollyParton #GodMother #MileyCyrus I’ve watched this like, 5 times! 😂🤣🙌🏾 #SuperBowl  Miley Cyrus Sings a Song for 5G Phones | T-Mobile https://t.co/GHegPN827W via @YouTube",1,0,2,PlmpChickWrites,PlumpChickWrites,830,1711,"All the way resurrected! 🔥💀🤣❤️🔥 #DollyParton #GodMother #MileyCyrus I’ve watched this like, 5 times! 😂🤣🙌🏾 #SuperBowl 
Miley Cyrus Sings a Song for 5G Phones | T-Mobile youtu.be/nHR33K02_vo via @YouTube",13,2,2022
https://twitter.com/TVG_Sammi/status/1492706230422450177,2022-02-13 03:44:33+00:00,1492706230422450177,T-Mobile Unveils Third Super Bowl Ad https://t.co/cHFLJsOFYz     #donaldfaison #SuperBowl #superbowlcommercials #superbowllvi #tmobile #TMobileUnveilsThirdSuperBowlAd #zachbraff  https://t.co/6QjNLk1llv https://t.co/OAYveoymqM,2,0,0,TVG_Sammi,Samantha (Sammi) Turano,2010,3317,"T-Mobile Unveils Third Super Bowl Ad
youtube.com/watch?v=6Pr_Td…

   #donaldfaison #SuperBowl #superbowlcommercials #superbowllvi #tmobile #TMobileUnveilsThirdSuperBowlAd #zachbraff

tvgrapevine.com/2022/02/t-mobi… https://t.co/OAYveoymqM",13,2,2022
